ISO-10303-21;
HEADER;
/* Generated by software containing ST-Developer
 * from STEP Tools, Inc. (www.steptools.com) 
 */

FILE_DESCRIPTION(
/* description */ (''),
/* implementation_level */ '2;1');

FILE_NAME(
/* name */ 'chassis-top-revB.step',
/* time_stamp */ '2025-04-03T20:18:26-07:00',
/* author */ (''),
/* organization */ (''),
/* preprocessor_version */ 'ST-DEVELOPER v20.1',
/* originating_system */ 'Autodesk Translation Framework v14.4.0.0',
/* authorisation */ '');

FILE_SCHEMA (('AUTOMOTIVE_DESIGN { 1 0 10303 214 3 1 1 }'));
ENDSEC;

DATA;
#10=MECHANICAL_DESIGN_GEOMETRIC_PRESENTATION_REPRESENTATION('',(#17),#10561);
#11=ITEM_DEFINED_TRANSFORMATION($,$,#5701,#6322);
#12=(
REPRESENTATION_RELATIONSHIP($,$,#10572,#10571)
REPRESENTATION_RELATIONSHIP_WITH_TRANSFORMATION(#11)
SHAPE_REPRESENTATION_RELATIONSHIP()
);
#13=CONTEXT_DEPENDENT_SHAPE_REPRESENTATION(#12,#10570);
#14=NEXT_ASSEMBLY_USAGE_OCCURRENCE('chassis-top:1','chassis-top:1',
'chassis-top:1',#10574,#10575,'chassis-top:1');
#15=SHAPE_REPRESENTATION_RELATIONSHIP('SRR','None',#10572,#16);
#16=ADVANCED_BREP_SHAPE_REPRESENTATION('',(#18),#10560);
#17=STYLED_ITEM('',(#10585),#18);
#18=MANIFOLD_SOLID_BREP('Body9',#5687);
#19=ELLIPSE('',#6313,3.19999999999997,0.8);
#20=ELLIPSE('',#6314,3.19999999999997,0.8);
#21=ELLIPSE('',#6316,3.20000000000008,0.8);
#22=ELLIPSE('',#6317,3.20000000000008,0.8);
#23=TOROIDAL_SURFACE('',#6285,1.8,0.8);
#24=TOROIDAL_SURFACE('',#6287,1.8,0.8);
#25=TOROIDAL_SURFACE('',#6296,5.20000000000001,0.8);
#26=TOROIDAL_SURFACE('',#6301,5.20000000000005,0.8);
#27=TOROIDAL_SURFACE('',#6304,5.20000000000005,0.8);
#28=TOROIDAL_SURFACE('',#6310,5.2,0.8);
#29=(
BOUNDED_SURFACE()
B_SPLINE_SURFACE(2,2,((#10345,#10346,#10347),(#10348,#10349,#10350),(#10351,
#10352,#10353)),.UNSPECIFIED.,.F.,.F.,.F.)
B_SPLINE_SURFACE_WITH_KNOTS((3,3),(3,3),(-1.5707963267949,0.),(0.,1.5707963267949),
 .UNSPECIFIED.)
GEOMETRIC_REPRESENTATION_ITEM()
RATIONAL_B_SPLINE_SURFACE(((1.,0.707106781186548,1.),(0.707106781186554,
0.500000000000005,0.707106781186554),(1.,0.707106781186548,1.)))
REPRESENTATION_ITEM('')
SURFACE()
);
#30=(
BOUNDED_SURFACE()
B_SPLINE_SURFACE(2,2,((#10371,#10372,#10373),(#10374,#10375,#10376),(#10377,
#10378,#10379)),.UNSPECIFIED.,.F.,.F.,.F.)
B_SPLINE_SURFACE_WITH_KNOTS((3,3),(3,3),(-1.5707963267949,0.),(1.5707963267949,
3.14159265358979),.UNSPECIFIED.)
GEOMETRIC_REPRESENTATION_ITEM()
RATIONAL_B_SPLINE_SURFACE(((1.,0.707106781186548,1.),(0.707106781186554,
0.500000000000005,0.707106781186554),(1.,0.707106781186548,1.)))
REPRESENTATION_ITEM('')
SURFACE()
);
#31=B_SPLINE_SURFACE_WITH_KNOTS('',3,3,((#9363,#9364,#9365,#9366),(#9367,
#9368,#9369,#9370),(#9371,#9372,#9373,#9374),(#9375,#9376,#9377,#9378),
(#9379,#9380,#9381,#9382),(#9383,#9384,#9385,#9386),(#9387,#9388,#9389,
#9390),(#9391,#9392,#9393,#9394),(#9395,#9396,#9397,#9398),(#9399,#9400,
#9401,#9402),(#9403,#9404,#9405,#9406),(#9407,#9408,#9409,#9410),(#9411,
#9412,#9413,#9414),(#9415,#9416,#9417,#9418),(#9419,#9420,#9421,#9422),
(#9423,#9424,#9425,#9426),(#9427,#9428,#9429,#9430),(#9431,#9432,#9433,
#9434),(#9435,#9436,#9437,#9438),(#9439,#9440,#9441,#9442),(#9443,#9444,
#9445,#9446),(#9447,#9448,#9449,#9450),(#9451,#9452,#9453,#9454),(#9455,
#9456,#9457,#9458),(#9459,#9460,#9461,#9462),(#9463,#9464,#9465,#9466),
(#9467,#9468,#9469,#9470),(#9471,#9472,#9473,#9474),(#9475,#9476,#9477,
#9478),(#9479,#9480,#9481,#9482),(#9483,#9484,#9485,#9486),(#9487,#9488,
#9489,#9490),(#9491,#9492,#9493,#9494),(#9495,#9496,#9497,#9498),(#9499,
#9500,#9501,#9502),(#9503,#9504,#9505,#9506),(#9507,#9508,#9509,#9510),
(#9511,#9512,#9513,#9514),(#9515,#9516,#9517,#9518),(#9519,#9520,#9521,
#9522),(#9523,#9524,#9525,#9526),(#9527,#9528,#9529,#9530),(#9531,#9532,
#9533,#9534),(#9535,#9536,#9537,#9538),(#9539,#9540,#9541,#9542),(#9543,
#9544,#9545,#9546),(#9547,#9548,#9549,#9550),(#9551,#9552,#9553,#9554),
(#9555,#9556,#9557,#9558),(#9559,#9560,#9561,#9562),(#9563,#9564,#9565,
#9566),(#9567,#9568,#9569,#9570),(#9571,#9572,#9573,#9574),(#9575,#9576,
#9577,#9578),(#9579,#9580,#9581,#9582),(#9583,#9584,#9585,#9586),(#9587,
#9588,#9589,#9590),(#9591,#9592,#9593,#9594),(#9595,#9596,#9597,#9598),
(#9599,#9600,#9601,#9602),(#9603,#9604,#9605,#9606),(#9607,#9608,#9609,
#9610),(#9611,#9612,#9613,#9614),(#9615,#9616,#9617,#9618),(#9619,#9620,
#9621,#9622),(#9623,#9624,#9625,#9626),(#9627,#9628,#9629,#9630),(#9631,
#9632,#9633,#9634),(#9635,#9636,#9637,#9638),(#9639,#9640,#9641,#9642),
(#9643,#9644,#9645,#9646),(#9647,#9648,#9649,#9650),(#9651,#9652,#9653,
#9654),(#9655,#9656,#9657,#9658),(#9659,#9660,#9661,#9662),(#9663,#9664,
#9665,#9666),(#9667,#9668,#9669,#9670),(#9671,#9672,#9673,#9674),(#9675,
#9676,#9677,#9678),(#9679,#9680,#9681,#9682),(#9683,#9684,#9685,#9686),
(#9687,#9688,#9689,#9690),(#9691,#9692,#9693,#9694),(#9695,#9696,#9697,
#9698)),.UNSPECIFIED.,.T.,.F.,.F.,(4,1,1,1,1,1,2,1,2,1,1,1,1,1,1,1,1,1,
2,1,2,1,1,1,2,1,2,1,1,1,2,1,1,2,1,1,2,1,1,2,1,1,1,1,1,1,1,1,1,1,2,1,1,1,
2,1,2,1,1,1,2,1,1,2,1,1,4),(4,4),(0.,0.048606704192039,0.0729100562880585,
0.0850617323360683,0.0911375703600732,0.0941754893720756,0.097213408384078,
0.098297976181494,0.09938254397891,0.122892428936696,0.146402313894483,
0.193422083810055,0.240441853725628,0.287461623641201,0.381501163472346,
0.428520933387919,0.452030818345705,0.463785760824598,0.475540703303492,
0.476625271100908,0.477709838898324,0.502013190994343,0.526316543090362,
0.550619895186382,0.574923247282402,0.576007815079818,0.577092382877234,
0.621626879005111,0.629049295026424,0.63276050303708,0.636471711047737,
0.637285136895799,0.638098562743861,0.638640846642569,0.64381927642488,
0.648997706207191,0.659354565771814,0.659896849670522,0.660710275518584,
0.661523701366646,0.665944739229817,0.670365777092989,0.679207852819332,
0.696892004272018,0.73226030717739,0.767628610082763,0.802996912988135,
0.873733518798879,0.909101821704251,0.926785973156938,0.944470124609624,
0.945012408508332,0.94555469240704,0.946368118255102,0.946639260204456,
0.956996119769078,0.967352979333701,0.967895263232409,0.968437547131117,
0.969250972979179,0.969522114928533,0.990753677036009,0.994292270720589,
0.997830864405168,0.998915432202584,0.999457716101292,1.),(0.,1.),
 .UNSPECIFIED.);
#32=B_SPLINE_SURFACE_WITH_KNOTS('',3,1,((#9957,#9958),(#9959,#9960),(#9961,
#9962),(#9963,#9964),(#9965,#9966),(#9967,#9968),(#9969,#9970),(#9971,#9972),
(#9973,#9974),(#9975,#9976),(#9977,#9978),(#9979,#9980),(#9981,#9982),(#9983,
#9984),(#9985,#9986),(#9987,#9988),(#9989,#9990),(#9991,#9992),(#9993,#9994),
(#9995,#9996),(#9997,#9998),(#9999,#10000),(#10001,#10002),(#10003,#10004),
(#10005,#10006),(#10007,#10008),(#10009,#10010),(#10011,#10012),(#10013,
#10014),(#10015,#10016),(#10017,#10018),(#10019,#10020),(#10021,#10022),
(#10023,#10024),(#10025,#10026),(#10027,#10028),(#10029,#10030),(#10031,
#10032),(#10033,#10034),(#10035,#10036),(#10037,#10038),(#10039,#10040),
(#10041,#10042),(#10043,#10044),(#10045,#10046),(#10047,#10048),(#10049,
#10050),(#10051,#10052),(#10053,#10054),(#10055,#10056),(#10057,#10058),
(#10059,#10060),(#10061,#10062),(#10063,#10064),(#10065,#10066),(#10067,
#10068),(#10069,#10070),(#10071,#10072),(#10073,#10074),(#10075,#10076),
(#10077,#10078),(#10079,#10080),(#10081,#10082),(#10083,#10084),(#10085,
#10086),(#10087,#10088),(#10089,#10090),(#10091,#10092),(#10093,#10094),
(#10095,#10096),(#10097,#10098),(#10099,#10100),(#10101,#10102)),
 .UNSPECIFIED.,.T.,.F.,.F.,(4,3,3,3,3,3,3,3,3,3,3,3,3,3,3,3,3,3,3,3,3,3,
3,3,4),(2,2),(-1.,-0.998928679531592,-0.997830864405168,-0.969522114928533,
-0.968450794460125,-0.967352979333701,-0.946639260204456,-0.945567939736047,
-0.944470124609624,-0.661523701366646,-0.660452380898238,-0.659354565771814,
-0.638640846642569,-0.637569526174161,-0.636471711047737,-0.577092382877234,
-0.576021062408825,-0.574923247282402,-0.477709838898324,-0.476638518429915,
-0.475540703303492,-0.09938254397891,-0.0983112235105019,-0.097213408384078,
0.),(0.,0.08),.UNSPECIFIED.);
#33=B_SPLINE_SURFACE_WITH_KNOTS('',3,3,((#10473,#10474,#10475,#10476),(#10477,
#10478,#10479,#10480),(#10481,#10482,#10483,#10484),(#10485,#10486,#10487,
#10488)),.UNSPECIFIED.,.F.,.F.,.F.,(4,4),(4,4),(-0.0715243006729979,-0.00291378814137219),
(-0.523598775598296,-0.47886583618017),.UNSPECIFIED.);
#34=B_SPLINE_SURFACE_WITH_KNOTS('',3,3,((#10496,#10497,#10498,#10499),(#10500,
#10501,#10502,#10503),(#10504,#10505,#10506,#10507),(#10508,#10509,#10510,
#10511)),.UNSPECIFIED.,.F.,.F.,.F.,(4,4),(4,4),(-0.0715243006730258,-0.00291378814136656),
(-0.0447124184254328,0.),.UNSPECIFIED.);
#35=B_SPLINE_SURFACE_WITH_KNOTS('',3,3,((#10512,#10513,#10514,#10515),(#10516,
#10517,#10518,#10519),(#10520,#10521,#10522,#10523),(#10524,#10525,#10526,
#10527)),.UNSPECIFIED.,.F.,.F.,.F.,(4,4),(4,4),(-0.461880215351706,0.),
(0.,0.523598775598299),.UNSPECIFIED.);
#36=B_SPLINE_SURFACE_WITH_KNOTS('',3,3,((#10534,#10535,#10536,#10537),(#10538,
#10539,#10540,#10541),(#10542,#10543,#10544,#10545),(#10546,#10547,#10548,
#10549)),.UNSPECIFIED.,.F.,.F.,.F.,(4,4),(4,4),(-0.461880215351699,0.),
(0.,0.523598775598297),.UNSPECIFIED.);
#37=B_SPLINE_CURVE_WITH_KNOTS('',3,(#9298,#9299,#9300,#9301,#9302,#9303),
 .UNSPECIFIED.,.F.,.F.,(4,2,4),(0.,0.0270497355285272,0.0588492088540676),
 .UNSPECIFIED.);
#38=B_SPLINE_CURVE_WITH_KNOTS('',3,(#9306,#9307,#9308,#9309,#9310,#9311),
 .UNSPECIFIED.,.F.,.F.,(4,2,4),(0.,0.0315312401881185,0.0586068828454732),
 .UNSPECIFIED.);
#39=B_SPLINE_CURVE_WITH_KNOTS('',3,(#9700,#9701,#9702,#9703,#9704,#9705,
#9706,#9707,#9708,#9709,#9710,#9711,#9712,#9713,#9714,#9715,#9716,#9717,
#9718,#9719,#9720,#9721,#9722,#9723,#9724,#9725,#9726,#9727,#9728,#9729,
#9730,#9731,#9732,#9733,#9734,#9735,#9736,#9737,#9738,#9739,#9740,#9741,
#9742,#9743,#9744,#9745,#9746,#9747,#9748,#9749,#9750,#9751,#9752,#9753,
#9754,#9755,#9756,#9757,#9758,#9759,#9760,#9761,#9762,#9763,#9764,#9765,
#9766,#9767,#9768,#9769,#9770,#9771,#9772,#9773,#9774,#9775,#9776,#9777,
#9778,#9779,#9780,#9781,#9782,#9783),.UNSPECIFIED.,.T.,.F.,(4,1,1,2,1,1,
2,1,1,1,2,1,2,1,1,1,2,1,1,1,1,1,1,1,1,1,1,2,1,1,2,1,1,2,1,1,2,1,1,1,2,1,
2,1,1,1,2,1,2,1,1,1,1,1,1,1,1,1,2,1,2,1,1,1,1,1,4),(-1.,-0.999457716101292,
-0.998915432202584,-0.997830864405168,-0.994292270720589,-0.990753677036009,
-0.969522114928533,-0.969250972979179,-0.968437547131117,-0.967895263232409,
-0.967352979333701,-0.956996119769078,-0.946639260204456,-0.946368118255102,
-0.94555469240704,-0.945012408508332,-0.944470124609624,-0.926785973156938,
-0.909101821704251,-0.873733518798879,-0.802996912988135,-0.767628610082763,
-0.73226030717739,-0.696892004272018,-0.679207852819332,-0.670365777092989,
-0.665944739229817,-0.661523701366646,-0.660710275518584,-0.659896849670522,
-0.659354565771814,-0.648997706207191,-0.64381927642488,-0.638640846642569,
-0.638098562743861,-0.637285136895799,-0.636471711047737,-0.63276050303708,
-0.629049295026424,-0.621626879005111,-0.577092382877234,-0.576007815079818,
-0.574923247282402,-0.550619895186382,-0.526316543090362,-0.502013190994343,
-0.477709838898324,-0.476625271100908,-0.475540703303492,-0.463785760824598,
-0.452030818345705,-0.428520933387919,-0.381501163472346,-0.287461623641201,
-0.240441853725628,-0.193422083810055,-0.146402313894483,-0.122892428936696,
-0.09938254397891,-0.098297976181494,-0.097213408384078,-0.0941754893720756,
-0.0911375703600732,-0.0850617323360683,-0.0729100562880585,-0.048606704192039,
0.),.UNSPECIFIED.);
#40=B_SPLINE_CURVE_WITH_KNOTS('',3,(#9786,#9787,#9788,#9789,#9790,#9791,
#9792,#9793,#9794,#9795,#9796,#9797,#9798,#9799,#9800,#9801,#9802,#9803,
#9804,#9805,#9806,#9807,#9808,#9809,#9810,#9811,#9812,#9813,#9814,#9815,
#9816,#9817,#9818,#9819,#9820,#9821,#9822,#9823,#9824,#9825,#9826,#9827,
#9828,#9829,#9830,#9831,#9832,#9833,#9834,#9835,#9836,#9837,#9838,#9839,
#9840,#9841,#9842,#9843,#9844,#9845,#9846,#9847,#9848,#9849,#9850,#9851,
#9852,#9853,#9854,#9855,#9856,#9857,#9858,#9859,#9860,#9861,#9862,#9863,
#9864,#9865,#9866,#9867,#9868,#9869),.UNSPECIFIED.,.T.,.F.,(4,1,1,1,1,1,
2,1,2,1,1,1,1,1,1,1,1,1,2,1,2,1,1,1,2,1,2,1,1,1,2,1,1,2,1,1,2,1,1,2,1,1,
1,1,1,1,1,1,1,1,2,1,1,1,2,1,2,1,1,1,2,1,1,2,1,1,4),(0.,0.048606704192039,
0.0729100562880585,0.0850617323360683,0.0911375703600732,0.0941754893720756,
0.097213408384078,0.098297976181494,0.09938254397891,0.122892428936696,
0.146402313894483,0.193422083810055,0.240441853725628,0.287461623641201,
0.381501163472346,0.428520933387919,0.452030818345705,0.463785760824598,
0.475540703303492,0.476625271100908,0.477709838898324,0.502013190994343,
0.526316543090362,0.550619895186382,0.574923247282402,0.576007815079818,
0.577092382877234,0.621626879005111,0.629049295026424,0.63276050303708,
0.636471711047737,0.637285136895799,0.638098562743861,0.638640846642569,
0.64381927642488,0.648997706207191,0.659354565771814,0.659896849670522,
0.660710275518584,0.661523701366646,0.665944739229817,0.670365777092989,
0.679207852819332,0.696892004272018,0.73226030717739,0.767628610082763,
0.802996912988135,0.873733518798879,0.909101821704251,0.926785973156938,
0.944470124609624,0.945012408508332,0.94555469240704,0.946368118255102,
0.946639260204456,0.956996119769078,0.967352979333701,0.967895263232409,
0.968437547131117,0.969250972979179,0.969522114928533,0.990753677036009,
0.994292270720589,0.997830864405168,0.998915432202584,0.999457716101292,
1.),.UNSPECIFIED.);
#41=B_SPLINE_CURVE_WITH_KNOTS('',3,(#9884,#9885,#9886,#9887,#9888,#9889,
#9890,#9891,#9892,#9893,#9894,#9895,#9896,#9897,#9898,#9899,#9900,#9901,
#9902,#9903,#9904,#9905,#9906,#9907,#9908,#9909,#9910,#9911,#9912,#9913,
#9914,#9915,#9916,#9917,#9918,#9919,#9920,#9921,#9922,#9923,#9924,#9925,
#9926,#9927,#9928,#9929,#9930,#9931,#9932,#9933,#9934,#9935,#9936,#9937,
#9938,#9939,#9940,#9941,#9942,#9943,#9944,#9945,#9946,#9947,#9948,#9949,
#9950,#9951,#9952,#9953,#9954,#9955,#9956),.UNSPECIFIED.,.T.,.F.,(4,3,3,
3,3,3,3,3,3,3,3,3,3,3,3,3,3,3,3,3,3,3,3,3,4),(-1.,-0.998928679531592,-0.997830864405168,
-0.969522114928533,-0.968450794460125,-0.967352979333701,-0.946639260204456,
-0.945567939736047,-0.944470124609624,-0.661523701366646,-0.660452380898238,
-0.659354565771814,-0.638640846642569,-0.637569526174161,-0.636471711047737,
-0.577092382877234,-0.576021062408825,-0.574923247282402,-0.477709838898324,
-0.476638518429915,-0.475540703303492,-0.09938254397891,-0.0983112235105019,
-0.097213408384078,0.),.UNSPECIFIED.);
#42=B_SPLINE_CURVE_WITH_KNOTS('',3,(#10415,#10416,#10417,#10418,#10419,
#10420,#10421,#10422,#10423,#10424,#10425,#10426,#10427,#10428,#10429,#10430),
 .UNSPECIFIED.,.F.,.F.,(4,2,2,2,2,2,2,4),(0.,0.0143017648388412,0.0235074348816732,
0.0291326581259115,0.0338830114465291,0.0399524260565702,0.0533869203354769,
0.0856905738759093),.UNSPECIFIED.);
#43=B_SPLINE_CURVE_WITH_KNOTS('',3,(#10441,#10442,#10443,#10444,#10445,
#10446,#10447,#10448,#10449,#10450,#10451,#10452,#10453,#10454,#10455,#10456),
 .UNSPECIFIED.,.F.,.F.,(4,2,2,2,2,2,2,4),(0.,0.0442772296789774,0.0552793026474048,
0.0617825022465396,0.0678267951953227,0.0765264624660428,0.0864601154560965,
0.10169597397177),.UNSPECIFIED.);
#44=B_SPLINE_CURVE_WITH_KNOTS('',3,(#10461,#10462,#10463,#10464),
 .UNSPECIFIED.,.F.,.F.,(4,4),(0.,0.523598775598297),.UNSPECIFIED.);
#45=B_SPLINE_CURVE_WITH_KNOTS('',3,(#10468,#10469,#10470,#10471),
 .UNSPECIFIED.,.F.,.F.,(4,4),(0.,0.523598775598299),.UNSPECIFIED.);
#46=B_SPLINE_CURVE_WITH_KNOTS('',3,(#10491,#10492,#10493,#10494),
 .UNSPECIFIED.,.F.,.F.,(4,4),(-0.0715243006730258,-0.00291378814136656),
 .UNSPECIFIED.);
#47=B_SPLINE_CURVE_WITH_KNOTS('',3,(#10528,#10529,#10530,#10531),
 .UNSPECIFIED.,.F.,.F.,(4,4),(-0.461880215351706,0.),.UNSPECIFIED.);
#48=B_SPLINE_CURVE_WITH_KNOTS('',3,(#10550,#10551,#10552,#10553),
 .UNSPECIFIED.,.F.,.F.,(4,4),(-0.444016935856292,0.),.UNSPECIFIED.);
#49=FACE_BOUND('',#644,.T.);
#50=FACE_BOUND('',#677,.T.);
#51=FACE_BOUND('',#678,.T.);
#52=FACE_BOUND('',#679,.T.);
#53=FACE_BOUND('',#680,.T.);
#54=FACE_BOUND('',#681,.T.);
#55=FACE_BOUND('',#682,.T.);
#56=FACE_BOUND('',#683,.T.);
#57=FACE_BOUND('',#684,.T.);
#58=FACE_BOUND('',#685,.T.);
#59=FACE_BOUND('',#686,.T.);
#60=FACE_BOUND('',#687,.T.);
#61=FACE_BOUND('',#688,.T.);
#62=FACE_BOUND('',#689,.T.);
#63=FACE_BOUND('',#690,.T.);
#64=FACE_BOUND('',#691,.T.);
#65=FACE_BOUND('',#692,.T.);
#66=FACE_BOUND('',#693,.T.);
#67=FACE_BOUND('',#694,.T.);
#68=FACE_BOUND('',#695,.T.);
#69=FACE_BOUND('',#696,.T.);
#70=FACE_BOUND('',#697,.T.);
#71=FACE_BOUND('',#698,.T.);
#72=FACE_BOUND('',#699,.T.);
#73=FACE_BOUND('',#700,.T.);
#74=FACE_BOUND('',#701,.T.);
#75=FACE_BOUND('',#702,.T.);
#76=FACE_BOUND('',#703,.T.);
#77=FACE_BOUND('',#704,.T.);
#78=FACE_BOUND('',#730,.T.);
#79=FACE_BOUND('',#731,.T.);
#80=FACE_BOUND('',#732,.T.);
#81=FACE_BOUND('',#733,.T.);
#82=FACE_BOUND('',#734,.T.);
#83=FACE_BOUND('',#751,.T.);
#84=FACE_BOUND('',#753,.T.);
#85=FACE_BOUND('',#775,.T.);
#86=FACE_BOUND('',#779,.T.);
#87=FACE_BOUND('',#783,.T.);
#88=FACE_BOUND('',#787,.T.);
#89=FACE_BOUND('',#794,.T.);
#90=FACE_BOUND('',#798,.T.);
#91=FACE_BOUND('',#802,.T.);
#92=FACE_BOUND('',#812,.T.);
#93=FACE_BOUND('',#816,.T.);
#94=FACE_BOUND('',#824,.T.);
#95=FACE_BOUND('',#833,.T.);
#96=FACE_BOUND('',#845,.T.);
#97=FACE_BOUND('',#846,.T.);
#98=FACE_BOUND('',#856,.T.);
#99=FACE_BOUND('',#857,.T.);
#100=FACE_BOUND('',#872,.T.);
#101=FACE_BOUND('',#879,.T.);
#102=FACE_BOUND('',#883,.T.);
#103=FACE_BOUND('',#887,.T.);
#104=FACE_BOUND('',#891,.T.);
#105=FACE_BOUND('',#895,.T.);
#106=FACE_BOUND('',#899,.T.);
#107=FACE_BOUND('',#905,.T.);
#108=FACE_BOUND('',#907,.T.);
#109=FACE_BOUND('',#909,.T.);
#110=FACE_BOUND('',#919,.T.);
#111=FACE_BOUND('',#923,.T.);
#112=FACE_BOUND('',#927,.T.);
#113=FACE_BOUND('',#931,.T.);
#114=FACE_BOUND('',#935,.T.);
#115=FACE_BOUND('',#939,.T.);
#116=FACE_BOUND('',#943,.T.);
#117=FACE_BOUND('',#966,.T.);
#118=FACE_BOUND('',#1015,.T.);
#119=FACE_BOUND('',#1041,.T.);
#120=FACE_BOUND('',#1042,.T.);
#121=FACE_BOUND('',#1043,.T.);
#122=FACE_BOUND('',#1044,.T.);
#123=FACE_BOUND('',#1045,.T.);
#124=FACE_BOUND('',#1046,.T.);
#125=PLANE('',#5705);
#126=PLANE('',#5717);
#127=PLANE('',#5722);
#128=PLANE('',#5725);
#129=PLANE('',#5729);
#130=PLANE('',#5733);
#131=PLANE('',#5737);
#132=PLANE('',#5749);
#133=PLANE('',#5753);
#134=PLANE('',#5757);
#135=PLANE('',#5762);
#136=PLANE('',#5765);
#137=PLANE('',#5768);
#138=PLANE('',#5772);
#139=PLANE('',#5776);
#140=PLANE('',#5780);
#141=PLANE('',#5784);
#142=PLANE('',#5830);
#143=PLANE('',#5833);
#144=PLANE('',#5837);
#145=PLANE('',#5840);
#146=PLANE('',#5847);
#147=PLANE('',#5851);
#148=PLANE('',#5856);
#149=PLANE('',#5861);
#150=PLANE('',#5864);
#151=PLANE('',#5867);
#152=PLANE('',#5870);
#153=PLANE('',#5871);
#154=PLANE('',#5879);
#155=PLANE('',#5881);
#156=PLANE('',#5883);
#157=PLANE('',#5885);
#158=PLANE('',#5890);
#159=PLANE('',#5893);
#160=PLANE('',#5897);
#161=PLANE('',#5900);
#162=PLANE('',#5901);
#163=PLANE('',#5902);
#164=PLANE('',#5903);
#165=PLANE('',#5904);
#166=PLANE('',#5906);
#167=PLANE('',#5908);
#168=PLANE('',#5913);
#169=PLANE('',#5914);
#170=PLANE('',#5915);
#171=PLANE('',#5916);
#172=PLANE('',#5917);
#173=PLANE('',#5918);
#174=PLANE('',#5921);
#175=PLANE('',#5924);
#176=PLANE('',#5927);
#177=PLANE('',#5930);
#178=PLANE('',#5938);
#179=PLANE('',#5944);
#180=PLANE('',#5950);
#181=PLANE('',#5956);
#182=PLANE('',#5957);
#183=PLANE('',#5958);
#184=PLANE('',#5959);
#185=PLANE('',#5965);
#186=PLANE('',#5971);
#187=PLANE('',#5977);
#188=PLANE('',#5978);
#189=PLANE('',#5979);
#190=PLANE('',#5980);
#191=PLANE('',#5981);
#192=PLANE('',#5982);
#193=PLANE('',#5983);
#194=PLANE('',#5989);
#195=PLANE('',#5995);
#196=PLANE('',#5996);
#197=PLANE('',#5997);
#198=PLANE('',#5998);
#199=PLANE('',#5999);
#200=PLANE('',#6002);
#201=PLANE('',#6003);
#202=PLANE('',#6006);
#203=PLANE('',#6007);
#204=PLANE('',#6008);
#205=PLANE('',#6009);
#206=PLANE('',#6012);
#207=PLANE('',#6013);
#208=PLANE('',#6017);
#209=PLANE('',#6018);
#210=PLANE('',#6020);
#211=PLANE('',#6021);
#212=PLANE('',#6024);
#213=PLANE('',#6025);
#214=PLANE('',#6026);
#215=PLANE('',#6030);
#216=PLANE('',#6032);
#217=PLANE('',#6033);
#218=PLANE('',#6036);
#219=PLANE('',#6037);
#220=PLANE('',#6038);
#221=PLANE('',#6041);
#222=PLANE('',#6044);
#223=PLANE('',#6046);
#224=PLANE('',#6048);
#225=PLANE('',#6049);
#226=PLANE('',#6050);
#227=PLANE('',#6051);
#228=PLANE('',#6057);
#229=PLANE('',#6058);
#230=PLANE('',#6059);
#231=PLANE('',#6060);
#232=PLANE('',#6066);
#233=PLANE('',#6072);
#234=PLANE('',#6078);
#235=PLANE('',#6084);
#236=PLANE('',#6090);
#237=PLANE('',#6096);
#238=PLANE('',#6103);
#239=PLANE('',#6104);
#240=PLANE('',#6106);
#241=PLANE('',#6108);
#242=PLANE('',#6110);
#243=PLANE('',#6111);
#244=PLANE('',#6112);
#245=PLANE('',#6113);
#246=PLANE('',#6114);
#247=PLANE('',#6115);
#248=PLANE('',#6121);
#249=PLANE('',#6127);
#250=PLANE('',#6133);
#251=PLANE('',#6139);
#252=PLANE('',#6145);
#253=PLANE('',#6151);
#254=PLANE('',#6157);
#255=PLANE('',#6158);
#256=PLANE('',#6159);
#257=PLANE('',#6160);
#258=PLANE('',#6161);
#259=PLANE('',#6162);
#260=PLANE('',#6163);
#261=PLANE('',#6164);
#262=PLANE('',#6165);
#263=PLANE('',#6169);
#264=PLANE('',#6173);
#265=PLANE('',#6177);
#266=PLANE('',#6181);
#267=PLANE('',#6185);
#268=PLANE('',#6189);
#269=PLANE('',#6190);
#270=PLANE('',#6198);
#271=PLANE('',#6202);
#272=PLANE('',#6203);
#273=PLANE('',#6208);
#274=PLANE('',#6211);
#275=PLANE('',#6212);
#276=PLANE('',#6213);
#277=PLANE('',#6214);
#278=PLANE('',#6216);
#279=PLANE('',#6218);
#280=PLANE('',#6221);
#281=PLANE('',#6222);
#282=PLANE('',#6223);
#283=PLANE('',#6228);
#284=PLANE('',#6231);
#285=PLANE('',#6232);
#286=PLANE('',#6233);
#287=PLANE('',#6234);
#288=PLANE('',#6237);
#289=PLANE('',#6240);
#290=PLANE('',#6243);
#291=PLANE('',#6244);
#292=PLANE('',#6247);
#293=PLANE('',#6250);
#294=PLANE('',#6253);
#295=PLANE('',#6256);
#296=PLANE('',#6263);
#297=PLANE('',#6264);
#298=PLANE('',#6269);
#299=PLANE('',#6270);
#300=PLANE('',#6271);
#301=PLANE('',#6274);
#302=PLANE('',#6318);
#303=PLANE('',#6319);
#304=PLANE('',#6320);
#305=PLANE('',#6321);
#306=FACE_OUTER_BOUND('',#642,.T.);
#307=FACE_OUTER_BOUND('',#643,.T.);
#308=FACE_OUTER_BOUND('',#645,.T.);
#309=FACE_OUTER_BOUND('',#646,.T.);
#310=FACE_OUTER_BOUND('',#647,.T.);
#311=FACE_OUTER_BOUND('',#648,.T.);
#312=FACE_OUTER_BOUND('',#649,.T.);
#313=FACE_OUTER_BOUND('',#650,.T.);
#314=FACE_OUTER_BOUND('',#651,.T.);
#315=FACE_OUTER_BOUND('',#652,.T.);
#316=FACE_OUTER_BOUND('',#653,.T.);
#317=FACE_OUTER_BOUND('',#654,.T.);
#318=FACE_OUTER_BOUND('',#655,.T.);
#319=FACE_OUTER_BOUND('',#656,.T.);
#320=FACE_OUTER_BOUND('',#657,.T.);
#321=FACE_OUTER_BOUND('',#658,.T.);
#322=FACE_OUTER_BOUND('',#659,.T.);
#323=FACE_OUTER_BOUND('',#660,.T.);
#324=FACE_OUTER_BOUND('',#661,.T.);
#325=FACE_OUTER_BOUND('',#662,.T.);
#326=FACE_OUTER_BOUND('',#663,.T.);
#327=FACE_OUTER_BOUND('',#664,.T.);
#328=FACE_OUTER_BOUND('',#665,.T.);
#329=FACE_OUTER_BOUND('',#666,.T.);
#330=FACE_OUTER_BOUND('',#667,.T.);
#331=FACE_OUTER_BOUND('',#668,.T.);
#332=FACE_OUTER_BOUND('',#669,.T.);
#333=FACE_OUTER_BOUND('',#670,.T.);
#334=FACE_OUTER_BOUND('',#671,.T.);
#335=FACE_OUTER_BOUND('',#672,.T.);
#336=FACE_OUTER_BOUND('',#673,.T.);
#337=FACE_OUTER_BOUND('',#674,.T.);
#338=FACE_OUTER_BOUND('',#675,.T.);
#339=FACE_OUTER_BOUND('',#676,.T.);
#340=FACE_OUTER_BOUND('',#705,.T.);
#341=FACE_OUTER_BOUND('',#706,.T.);
#342=FACE_OUTER_BOUND('',#707,.T.);
#343=FACE_OUTER_BOUND('',#708,.T.);
#344=FACE_OUTER_BOUND('',#709,.T.);
#345=FACE_OUTER_BOUND('',#710,.T.);
#346=FACE_OUTER_BOUND('',#711,.T.);
#347=FACE_OUTER_BOUND('',#712,.T.);
#348=FACE_OUTER_BOUND('',#713,.T.);
#349=FACE_OUTER_BOUND('',#714,.T.);
#350=FACE_OUTER_BOUND('',#715,.T.);
#351=FACE_OUTER_BOUND('',#716,.T.);
#352=FACE_OUTER_BOUND('',#717,.T.);
#353=FACE_OUTER_BOUND('',#718,.T.);
#354=FACE_OUTER_BOUND('',#719,.T.);
#355=FACE_OUTER_BOUND('',#720,.T.);
#356=FACE_OUTER_BOUND('',#721,.T.);
#357=FACE_OUTER_BOUND('',#722,.T.);
#358=FACE_OUTER_BOUND('',#723,.T.);
#359=FACE_OUTER_BOUND('',#724,.T.);
#360=FACE_OUTER_BOUND('',#725,.T.);
#361=FACE_OUTER_BOUND('',#726,.T.);
#362=FACE_OUTER_BOUND('',#727,.T.);
#363=FACE_OUTER_BOUND('',#728,.T.);
#364=FACE_OUTER_BOUND('',#729,.T.);
#365=FACE_OUTER_BOUND('',#735,.T.);
#366=FACE_OUTER_BOUND('',#736,.T.);
#367=FACE_OUTER_BOUND('',#737,.T.);
#368=FACE_OUTER_BOUND('',#738,.T.);
#369=FACE_OUTER_BOUND('',#739,.T.);
#370=FACE_OUTER_BOUND('',#740,.T.);
#371=FACE_OUTER_BOUND('',#741,.T.);
#372=FACE_OUTER_BOUND('',#742,.T.);
#373=FACE_OUTER_BOUND('',#743,.T.);
#374=FACE_OUTER_BOUND('',#744,.T.);
#375=FACE_OUTER_BOUND('',#745,.T.);
#376=FACE_OUTER_BOUND('',#746,.T.);
#377=FACE_OUTER_BOUND('',#747,.T.);
#378=FACE_OUTER_BOUND('',#748,.T.);
#379=FACE_OUTER_BOUND('',#749,.T.);
#380=FACE_OUTER_BOUND('',#750,.T.);
#381=FACE_OUTER_BOUND('',#752,.T.);
#382=FACE_OUTER_BOUND('',#754,.T.);
#383=FACE_OUTER_BOUND('',#755,.T.);
#384=FACE_OUTER_BOUND('',#756,.T.);
#385=FACE_OUTER_BOUND('',#757,.T.);
#386=FACE_OUTER_BOUND('',#758,.T.);
#387=FACE_OUTER_BOUND('',#759,.T.);
#388=FACE_OUTER_BOUND('',#760,.T.);
#389=FACE_OUTER_BOUND('',#761,.T.);
#390=FACE_OUTER_BOUND('',#762,.T.);
#391=FACE_OUTER_BOUND('',#763,.T.);
#392=FACE_OUTER_BOUND('',#764,.T.);
#393=FACE_OUTER_BOUND('',#765,.T.);
#394=FACE_OUTER_BOUND('',#766,.T.);
#395=FACE_OUTER_BOUND('',#767,.T.);
#396=FACE_OUTER_BOUND('',#768,.T.);
#397=FACE_OUTER_BOUND('',#769,.T.);
#398=FACE_OUTER_BOUND('',#770,.T.);
#399=FACE_OUTER_BOUND('',#771,.T.);
#400=FACE_OUTER_BOUND('',#772,.T.);
#401=FACE_OUTER_BOUND('',#773,.T.);
#402=FACE_OUTER_BOUND('',#774,.T.);
#403=FACE_OUTER_BOUND('',#776,.T.);
#404=FACE_OUTER_BOUND('',#777,.T.);
#405=FACE_OUTER_BOUND('',#778,.T.);
#406=FACE_OUTER_BOUND('',#780,.T.);
#407=FACE_OUTER_BOUND('',#781,.T.);
#408=FACE_OUTER_BOUND('',#782,.T.);
#409=FACE_OUTER_BOUND('',#784,.T.);
#410=FACE_OUTER_BOUND('',#785,.T.);
#411=FACE_OUTER_BOUND('',#786,.T.);
#412=FACE_OUTER_BOUND('',#788,.T.);
#413=FACE_OUTER_BOUND('',#789,.T.);
#414=FACE_OUTER_BOUND('',#790,.T.);
#415=FACE_OUTER_BOUND('',#791,.T.);
#416=FACE_OUTER_BOUND('',#792,.T.);
#417=FACE_OUTER_BOUND('',#793,.T.);
#418=FACE_OUTER_BOUND('',#795,.T.);
#419=FACE_OUTER_BOUND('',#796,.T.);
#420=FACE_OUTER_BOUND('',#797,.T.);
#421=FACE_OUTER_BOUND('',#799,.T.);
#422=FACE_OUTER_BOUND('',#800,.T.);
#423=FACE_OUTER_BOUND('',#801,.T.);
#424=FACE_OUTER_BOUND('',#803,.T.);
#425=FACE_OUTER_BOUND('',#804,.T.);
#426=FACE_OUTER_BOUND('',#805,.T.);
#427=FACE_OUTER_BOUND('',#806,.T.);
#428=FACE_OUTER_BOUND('',#807,.T.);
#429=FACE_OUTER_BOUND('',#808,.T.);
#430=FACE_OUTER_BOUND('',#809,.T.);
#431=FACE_OUTER_BOUND('',#810,.T.);
#432=FACE_OUTER_BOUND('',#811,.T.);
#433=FACE_OUTER_BOUND('',#813,.T.);
#434=FACE_OUTER_BOUND('',#814,.T.);
#435=FACE_OUTER_BOUND('',#815,.T.);
#436=FACE_OUTER_BOUND('',#817,.T.);
#437=FACE_OUTER_BOUND('',#818,.T.);
#438=FACE_OUTER_BOUND('',#819,.T.);
#439=FACE_OUTER_BOUND('',#820,.T.);
#440=FACE_OUTER_BOUND('',#821,.T.);
#441=FACE_OUTER_BOUND('',#822,.T.);
#442=FACE_OUTER_BOUND('',#823,.T.);
#443=FACE_OUTER_BOUND('',#825,.T.);
#444=FACE_OUTER_BOUND('',#826,.T.);
#445=FACE_OUTER_BOUND('',#827,.T.);
#446=FACE_OUTER_BOUND('',#828,.T.);
#447=FACE_OUTER_BOUND('',#829,.T.);
#448=FACE_OUTER_BOUND('',#830,.T.);
#449=FACE_OUTER_BOUND('',#831,.T.);
#450=FACE_OUTER_BOUND('',#832,.T.);
#451=FACE_OUTER_BOUND('',#834,.T.);
#452=FACE_OUTER_BOUND('',#835,.T.);
#453=FACE_OUTER_BOUND('',#836,.T.);
#454=FACE_OUTER_BOUND('',#837,.T.);
#455=FACE_OUTER_BOUND('',#838,.T.);
#456=FACE_OUTER_BOUND('',#839,.T.);
#457=FACE_OUTER_BOUND('',#840,.T.);
#458=FACE_OUTER_BOUND('',#841,.T.);
#459=FACE_OUTER_BOUND('',#842,.T.);
#460=FACE_OUTER_BOUND('',#843,.T.);
#461=FACE_OUTER_BOUND('',#844,.T.);
#462=FACE_OUTER_BOUND('',#847,.T.);
#463=FACE_OUTER_BOUND('',#848,.T.);
#464=FACE_OUTER_BOUND('',#849,.T.);
#465=FACE_OUTER_BOUND('',#850,.T.);
#466=FACE_OUTER_BOUND('',#851,.T.);
#467=FACE_OUTER_BOUND('',#852,.T.);
#468=FACE_OUTER_BOUND('',#853,.T.);
#469=FACE_OUTER_BOUND('',#854,.T.);
#470=FACE_OUTER_BOUND('',#855,.T.);
#471=FACE_OUTER_BOUND('',#858,.T.);
#472=FACE_OUTER_BOUND('',#859,.T.);
#473=FACE_OUTER_BOUND('',#860,.T.);
#474=FACE_OUTER_BOUND('',#861,.T.);
#475=FACE_OUTER_BOUND('',#862,.T.);
#476=FACE_OUTER_BOUND('',#863,.T.);
#477=FACE_OUTER_BOUND('',#864,.T.);
#478=FACE_OUTER_BOUND('',#865,.T.);
#479=FACE_OUTER_BOUND('',#866,.T.);
#480=FACE_OUTER_BOUND('',#867,.T.);
#481=FACE_OUTER_BOUND('',#868,.T.);
#482=FACE_OUTER_BOUND('',#869,.T.);
#483=FACE_OUTER_BOUND('',#870,.T.);
#484=FACE_OUTER_BOUND('',#871,.T.);
#485=FACE_OUTER_BOUND('',#873,.T.);
#486=FACE_OUTER_BOUND('',#874,.T.);
#487=FACE_OUTER_BOUND('',#875,.T.);
#488=FACE_OUTER_BOUND('',#876,.T.);
#489=FACE_OUTER_BOUND('',#877,.T.);
#490=FACE_OUTER_BOUND('',#878,.T.);
#491=FACE_OUTER_BOUND('',#880,.T.);
#492=FACE_OUTER_BOUND('',#881,.T.);
#493=FACE_OUTER_BOUND('',#882,.T.);
#494=FACE_OUTER_BOUND('',#884,.T.);
#495=FACE_OUTER_BOUND('',#885,.T.);
#496=FACE_OUTER_BOUND('',#886,.T.);
#497=FACE_OUTER_BOUND('',#888,.T.);
#498=FACE_OUTER_BOUND('',#889,.T.);
#499=FACE_OUTER_BOUND('',#890,.T.);
#500=FACE_OUTER_BOUND('',#892,.T.);
#501=FACE_OUTER_BOUND('',#893,.T.);
#502=FACE_OUTER_BOUND('',#894,.T.);
#503=FACE_OUTER_BOUND('',#896,.T.);
#504=FACE_OUTER_BOUND('',#897,.T.);
#505=FACE_OUTER_BOUND('',#898,.T.);
#506=FACE_OUTER_BOUND('',#900,.T.);
#507=FACE_OUTER_BOUND('',#901,.T.);
#508=FACE_OUTER_BOUND('',#902,.T.);
#509=FACE_OUTER_BOUND('',#903,.T.);
#510=FACE_OUTER_BOUND('',#904,.T.);
#511=FACE_OUTER_BOUND('',#906,.T.);
#512=FACE_OUTER_BOUND('',#908,.T.);
#513=FACE_OUTER_BOUND('',#910,.T.);
#514=FACE_OUTER_BOUND('',#911,.T.);
#515=FACE_OUTER_BOUND('',#912,.T.);
#516=FACE_OUTER_BOUND('',#913,.T.);
#517=FACE_OUTER_BOUND('',#914,.T.);
#518=FACE_OUTER_BOUND('',#915,.T.);
#519=FACE_OUTER_BOUND('',#916,.T.);
#520=FACE_OUTER_BOUND('',#917,.T.);
#521=FACE_OUTER_BOUND('',#918,.T.);
#522=FACE_OUTER_BOUND('',#920,.T.);
#523=FACE_OUTER_BOUND('',#921,.T.);
#524=FACE_OUTER_BOUND('',#922,.T.);
#525=FACE_OUTER_BOUND('',#924,.T.);
#526=FACE_OUTER_BOUND('',#925,.T.);
#527=FACE_OUTER_BOUND('',#926,.T.);
#528=FACE_OUTER_BOUND('',#928,.T.);
#529=FACE_OUTER_BOUND('',#929,.T.);
#530=FACE_OUTER_BOUND('',#930,.T.);
#531=FACE_OUTER_BOUND('',#932,.T.);
#532=FACE_OUTER_BOUND('',#933,.T.);
#533=FACE_OUTER_BOUND('',#934,.T.);
#534=FACE_OUTER_BOUND('',#936,.T.);
#535=FACE_OUTER_BOUND('',#937,.T.);
#536=FACE_OUTER_BOUND('',#938,.T.);
#537=FACE_OUTER_BOUND('',#940,.T.);
#538=FACE_OUTER_BOUND('',#941,.T.);
#539=FACE_OUTER_BOUND('',#942,.T.);
#540=FACE_OUTER_BOUND('',#944,.T.);
#541=FACE_OUTER_BOUND('',#945,.T.);
#542=FACE_OUTER_BOUND('',#946,.T.);
#543=FACE_OUTER_BOUND('',#947,.T.);
#544=FACE_OUTER_BOUND('',#948,.T.);
#545=FACE_OUTER_BOUND('',#949,.T.);
#546=FACE_OUTER_BOUND('',#950,.T.);
#547=FACE_OUTER_BOUND('',#951,.T.);
#548=FACE_OUTER_BOUND('',#952,.T.);
#549=FACE_OUTER_BOUND('',#953,.T.);
#550=FACE_OUTER_BOUND('',#954,.T.);
#551=FACE_OUTER_BOUND('',#955,.T.);
#552=FACE_OUTER_BOUND('',#956,.T.);
#553=FACE_OUTER_BOUND('',#957,.T.);
#554=FACE_OUTER_BOUND('',#958,.T.);
#555=FACE_OUTER_BOUND('',#959,.T.);
#556=FACE_OUTER_BOUND('',#960,.T.);
#557=FACE_OUTER_BOUND('',#961,.T.);
#558=FACE_OUTER_BOUND('',#962,.T.);
#559=FACE_OUTER_BOUND('',#963,.T.);
#560=FACE_OUTER_BOUND('',#964,.T.);
#561=FACE_OUTER_BOUND('',#965,.T.);
#562=FACE_OUTER_BOUND('',#967,.T.);
#563=FACE_OUTER_BOUND('',#968,.T.);
#564=FACE_OUTER_BOUND('',#969,.T.);
#565=FACE_OUTER_BOUND('',#970,.T.);
#566=FACE_OUTER_BOUND('',#971,.T.);
#567=FACE_OUTER_BOUND('',#972,.T.);
#568=FACE_OUTER_BOUND('',#973,.T.);
#569=FACE_OUTER_BOUND('',#974,.T.);
#570=FACE_OUTER_BOUND('',#975,.T.);
#571=FACE_OUTER_BOUND('',#976,.T.);
#572=FACE_OUTER_BOUND('',#977,.T.);
#573=FACE_OUTER_BOUND('',#978,.T.);
#574=FACE_OUTER_BOUND('',#979,.T.);
#575=FACE_OUTER_BOUND('',#980,.T.);
#576=FACE_OUTER_BOUND('',#981,.T.);
#577=FACE_OUTER_BOUND('',#982,.T.);
#578=FACE_OUTER_BOUND('',#983,.T.);
#579=FACE_OUTER_BOUND('',#984,.T.);
#580=FACE_OUTER_BOUND('',#985,.T.);
#581=FACE_OUTER_BOUND('',#986,.T.);
#582=FACE_OUTER_BOUND('',#987,.T.);
#583=FACE_OUTER_BOUND('',#988,.T.);
#584=FACE_OUTER_BOUND('',#989,.T.);
#585=FACE_OUTER_BOUND('',#990,.T.);
#586=FACE_OUTER_BOUND('',#991,.T.);
#587=FACE_OUTER_BOUND('',#992,.T.);
#588=FACE_OUTER_BOUND('',#993,.T.);
#589=FACE_OUTER_BOUND('',#994,.T.);
#590=FACE_OUTER_BOUND('',#995,.T.);
#591=FACE_OUTER_BOUND('',#996,.T.);
#592=FACE_OUTER_BOUND('',#997,.T.);
#593=FACE_OUTER_BOUND('',#998,.T.);
#594=FACE_OUTER_BOUND('',#999,.T.);
#595=FACE_OUTER_BOUND('',#1000,.T.);
#596=FACE_OUTER_BOUND('',#1001,.T.);
#597=FACE_OUTER_BOUND('',#1002,.T.);
#598=FACE_OUTER_BOUND('',#1003,.T.);
#599=FACE_OUTER_BOUND('',#1004,.T.);
#600=FACE_OUTER_BOUND('',#1005,.T.);
#601=FACE_OUTER_BOUND('',#1006,.T.);
#602=FACE_OUTER_BOUND('',#1007,.T.);
#603=FACE_OUTER_BOUND('',#1008,.T.);
#604=FACE_OUTER_BOUND('',#1009,.T.);
#605=FACE_OUTER_BOUND('',#1010,.T.);
#606=FACE_OUTER_BOUND('',#1011,.T.);
#607=FACE_OUTER_BOUND('',#1012,.T.);
#608=FACE_OUTER_BOUND('',#1013,.T.);
#609=FACE_OUTER_BOUND('',#1014,.T.);
#610=FACE_OUTER_BOUND('',#1016,.T.);
#611=FACE_OUTER_BOUND('',#1017,.T.);
#612=FACE_OUTER_BOUND('',#1018,.T.);
#613=FACE_OUTER_BOUND('',#1019,.T.);
#614=FACE_OUTER_BOUND('',#1020,.T.);
#615=FACE_OUTER_BOUND('',#1021,.T.);
#616=FACE_OUTER_BOUND('',#1022,.T.);
#617=FACE_OUTER_BOUND('',#1023,.T.);
#618=FACE_OUTER_BOUND('',#1024,.T.);
#619=FACE_OUTER_BOUND('',#1025,.T.);
#620=FACE_OUTER_BOUND('',#1026,.T.);
#621=FACE_OUTER_BOUND('',#1027,.T.);
#622=FACE_OUTER_BOUND('',#1028,.T.);
#623=FACE_OUTER_BOUND('',#1029,.T.);
#624=FACE_OUTER_BOUND('',#1030,.T.);
#625=FACE_OUTER_BOUND('',#1031,.T.);
#626=FACE_OUTER_BOUND('',#1032,.T.);
#627=FACE_OUTER_BOUND('',#1033,.T.);
#628=FACE_OUTER_BOUND('',#1034,.T.);
#629=FACE_OUTER_BOUND('',#1035,.T.);
#630=FACE_OUTER_BOUND('',#1036,.T.);
#631=FACE_OUTER_BOUND('',#1037,.T.);
#632=FACE_OUTER_BOUND('',#1038,.T.);
#633=FACE_OUTER_BOUND('',#1039,.T.);
#634=FACE_OUTER_BOUND('',#1040,.T.);
#635=FACE_OUTER_BOUND('',#1047,.T.);
#636=FACE_OUTER_BOUND('',#1048,.T.);
#637=FACE_OUTER_BOUND('',#1049,.T.);
#638=FACE_OUTER_BOUND('',#1050,.T.);
#639=FACE_OUTER_BOUND('',#1051,.T.);
#640=FACE_OUTER_BOUND('',#1052,.T.);
#641=FACE_OUTER_BOUND('',#1053,.T.);
#642=EDGE_LOOP('',(#3628,#3629,#3630,#3631));
#643=EDGE_LOOP('',(#3632,#3633,#3634,#3635,#3636,#3637,#3638,#3639,#3640,
#3641,#3642,#3643,#3644,#3645,#3646,#3647,#3648,#3649,#3650,#3651));
#644=EDGE_LOOP('',(#3652,#3653,#3654,#3655,#3656,#3657,#3658,#3659));
#645=EDGE_LOOP('',(#3660,#3661,#3662,#3663));
#646=EDGE_LOOP('',(#3664,#3665,#3666,#3667));
#647=EDGE_LOOP('',(#3668,#3669,#3670,#3671));
#648=EDGE_LOOP('',(#3672,#3673,#3674,#3675));
#649=EDGE_LOOP('',(#3676,#3677,#3678,#3679));
#650=EDGE_LOOP('',(#3680,#3681,#3682,#3683));
#651=EDGE_LOOP('',(#3684,#3685,#3686,#3687));
#652=EDGE_LOOP('',(#3688,#3689,#3690,#3691,#3692,#3693,#3694,#3695));
#653=EDGE_LOOP('',(#3696,#3697,#3698,#3699));
#654=EDGE_LOOP('',(#3700,#3701,#3702,#3703,#3704,#3705));
#655=EDGE_LOOP('',(#3706,#3707,#3708,#3709));
#656=EDGE_LOOP('',(#3710,#3711,#3712,#3713,#3714,#3715,#3716,#3717,#3718,
#3719,#3720,#3721,#3722,#3723,#3724,#3725,#3726,#3727,#3728,#3729,#3730,
#3731,#3732,#3733,#3734,#3735,#3736,#3737,#3738,#3739,#3740,#3741,#3742,
#3743,#3744,#3745,#3746,#3747,#3748,#3749,#3750));
#657=EDGE_LOOP('',(#3751,#3752,#3753,#3754,#3755,#3756,#3757,#3758));
#658=EDGE_LOOP('',(#3759,#3760,#3761,#3762));
#659=EDGE_LOOP('',(#3763,#3764,#3765,#3766,#3767,#3768));
#660=EDGE_LOOP('',(#3769,#3770,#3771,#3772));
#661=EDGE_LOOP('',(#3773,#3774,#3775,#3776,#3777,#3778));
#662=EDGE_LOOP('',(#3779,#3780,#3781,#3782));
#663=EDGE_LOOP('',(#3783,#3784,#3785,#3786));
#664=EDGE_LOOP('',(#3787,#3788,#3789,#3790));
#665=EDGE_LOOP('',(#3791,#3792,#3793,#3794));
#666=EDGE_LOOP('',(#3795,#3796,#3797,#3798,#3799,#3800,#3801,#3802));
#667=EDGE_LOOP('',(#3803,#3804,#3805,#3806));
#668=EDGE_LOOP('',(#3807,#3808,#3809,#3810));
#669=EDGE_LOOP('',(#3811,#3812,#3813,#3814));
#670=EDGE_LOOP('',(#3815,#3816,#3817,#3818,#3819,#3820));
#671=EDGE_LOOP('',(#3821,#3822,#3823,#3824));
#672=EDGE_LOOP('',(#3825,#3826,#3827,#3828,#3829,#3830));
#673=EDGE_LOOP('',(#3831,#3832,#3833,#3834));
#674=EDGE_LOOP('',(#3835,#3836,#3837,#3838,#3839,#3840));
#675=EDGE_LOOP('',(#3841,#3842,#3843,#3844));
#676=EDGE_LOOP('',(#3845,#3846,#3847,#3848,#3849,#3850,#3851,#3852,#3853,
#3854,#3855,#3856,#3857,#3858,#3859,#3860,#3861,#3862,#3863,#3864,#3865,
#3866,#3867,#3868,#3869,#3870,#3871,#3872,#3873,#3874,#3875,#3876,#3877,
#3878,#3879,#3880,#3881,#3882,#3883,#3884,#3885,#3886,#3887,#3888,#3889,
#3890,#3891,#3892,#3893,#3894,#3895,#3896,#3897,#3898,#3899,#3900,#3901));
#677=EDGE_LOOP('',(#3902));
#678=EDGE_LOOP('',(#3903));
#679=EDGE_LOOP('',(#3904));
#680=EDGE_LOOP('',(#3905));
#681=EDGE_LOOP('',(#3906));
#682=EDGE_LOOP('',(#3907));
#683=EDGE_LOOP('',(#3908));
#684=EDGE_LOOP('',(#3909));
#685=EDGE_LOOP('',(#3910));
#686=EDGE_LOOP('',(#3911));
#687=EDGE_LOOP('',(#3912));
#688=EDGE_LOOP('',(#3913,#3914,#3915,#3916,#3917,#3918,#3919,#3920));
#689=EDGE_LOOP('',(#3921));
#690=EDGE_LOOP('',(#3922));
#691=EDGE_LOOP('',(#3923));
#692=EDGE_LOOP('',(#3924));
#693=EDGE_LOOP('',(#3925,#3926,#3927,#3928));
#694=EDGE_LOOP('',(#3929));
#695=EDGE_LOOP('',(#3930));
#696=EDGE_LOOP('',(#3931));
#697=EDGE_LOOP('',(#3932));
#698=EDGE_LOOP('',(#3933));
#699=EDGE_LOOP('',(#3934));
#700=EDGE_LOOP('',(#3935));
#701=EDGE_LOOP('',(#3936));
#702=EDGE_LOOP('',(#3937));
#703=EDGE_LOOP('',(#3938));
#704=EDGE_LOOP('',(#3939,#3940,#3941,#3942));
#705=EDGE_LOOP('',(#3943,#3944,#3945,#3946,#3947,#3948,#3949,#3950,#3951,
#3952,#3953,#3954,#3955,#3956,#3957,#3958));
#706=EDGE_LOOP('',(#3959,#3960,#3961,#3962));
#707=EDGE_LOOP('',(#3963,#3964,#3965,#3966,#3967,#3968));
#708=EDGE_LOOP('',(#3969,#3970,#3971,#3972));
#709=EDGE_LOOP('',(#3973,#3974,#3975,#3976,#3977,#3978,#3979,#3980));
#710=EDGE_LOOP('',(#3981,#3982,#3983,#3984));
#711=EDGE_LOOP('',(#3985,#3986,#3987,#3988));
#712=EDGE_LOOP('',(#3989,#3990,#3991,#3992));
#713=EDGE_LOOP('',(#3993,#3994,#3995,#3996));
#714=EDGE_LOOP('',(#3997,#3998,#3999,#4000,#4001,#4002,#4003,#4004));
#715=EDGE_LOOP('',(#4005,#4006,#4007,#4008,#4009,#4010));
#716=EDGE_LOOP('',(#4011,#4012,#4013,#4014));
#717=EDGE_LOOP('',(#4015,#4016,#4017,#4018));
#718=EDGE_LOOP('',(#4019,#4020,#4021,#4022));
#719=EDGE_LOOP('',(#4023,#4024,#4025,#4026));
#720=EDGE_LOOP('',(#4027,#4028,#4029,#4030));
#721=EDGE_LOOP('',(#4031,#4032,#4033,#4034));
#722=EDGE_LOOP('',(#4035,#4036,#4037,#4038));
#723=EDGE_LOOP('',(#4039,#4040,#4041,#4042));
#724=EDGE_LOOP('',(#4043,#4044,#4045,#4046));
#725=EDGE_LOOP('',(#4047,#4048,#4049,#4050));
#726=EDGE_LOOP('',(#4051,#4052,#4053,#4054));
#727=EDGE_LOOP('',(#4055,#4056,#4057,#4058));
#728=EDGE_LOOP('',(#4059,#4060,#4061,#4062));
#729=EDGE_LOOP('',(#4063,#4064,#4065,#4066,#4067,#4068,#4069,#4070,#4071,
#4072,#4073,#4074));
#730=EDGE_LOOP('',(#4075));
#731=EDGE_LOOP('',(#4076));
#732=EDGE_LOOP('',(#4077));
#733=EDGE_LOOP('',(#4078));
#734=EDGE_LOOP('',(#4079));
#735=EDGE_LOOP('',(#4080));
#736=EDGE_LOOP('',(#4081));
#737=EDGE_LOOP('',(#4082));
#738=EDGE_LOOP('',(#4083));
#739=EDGE_LOOP('',(#4084,#4085,#4086,#4087));
#740=EDGE_LOOP('',(#4088));
#741=EDGE_LOOP('',(#4089,#4090,#4091,#4092));
#742=EDGE_LOOP('',(#4093));
#743=EDGE_LOOP('',(#4094,#4095,#4096,#4097));
#744=EDGE_LOOP('',(#4098));
#745=EDGE_LOOP('',(#4099,#4100,#4101,#4102));
#746=EDGE_LOOP('',(#4103));
#747=EDGE_LOOP('',(#4104,#4105,#4106,#4107,#4108,#4109));
#748=EDGE_LOOP('',(#4110,#4111,#4112,#4113));
#749=EDGE_LOOP('',(#4114,#4115,#4116,#4117));
#750=EDGE_LOOP('',(#4118,#4119,#4120,#4121,#4122,#4123,#4124,#4125,#4126));
#751=EDGE_LOOP('',(#4127));
#752=EDGE_LOOP('',(#4128,#4129,#4130,#4131,#4132,#4133,#4134,#4135,#4136));
#753=EDGE_LOOP('',(#4137));
#754=EDGE_LOOP('',(#4138,#4139,#4140,#4141));
#755=EDGE_LOOP('',(#4142,#4143,#4144,#4145));
#756=EDGE_LOOP('',(#4146,#4147,#4148,#4149));
#757=EDGE_LOOP('',(#4150,#4151,#4152,#4153));
#758=EDGE_LOOP('',(#4154,#4155,#4156,#4157));
#759=EDGE_LOOP('',(#4158,#4159,#4160,#4161));
#760=EDGE_LOOP('',(#4162,#4163,#4164,#4165));
#761=EDGE_LOOP('',(#4166,#4167,#4168,#4169));
#762=EDGE_LOOP('',(#4170,#4171,#4172,#4173));
#763=EDGE_LOOP('',(#4174,#4175,#4176,#4177));
#764=EDGE_LOOP('',(#4178,#4179,#4180,#4181));
#765=EDGE_LOOP('',(#4182,#4183,#4184,#4185));
#766=EDGE_LOOP('',(#4186,#4187,#4188,#4189));
#767=EDGE_LOOP('',(#4190,#4191,#4192,#4193));
#768=EDGE_LOOP('',(#4194,#4195,#4196,#4197));
#769=EDGE_LOOP('',(#4198,#4199,#4200,#4201));
#770=EDGE_LOOP('',(#4202,#4203,#4204,#4205));
#771=EDGE_LOOP('',(#4206,#4207,#4208,#4209));
#772=EDGE_LOOP('',(#4210,#4211,#4212,#4213));
#773=EDGE_LOOP('',(#4214,#4215,#4216,#4217));
#774=EDGE_LOOP('',(#4218));
#775=EDGE_LOOP('',(#4219));
#776=EDGE_LOOP('',(#4220,#4221,#4222,#4223));
#777=EDGE_LOOP('',(#4224,#4225,#4226,#4227));
#778=EDGE_LOOP('',(#4228));
#779=EDGE_LOOP('',(#4229));
#780=EDGE_LOOP('',(#4230,#4231,#4232,#4233));
#781=EDGE_LOOP('',(#4234,#4235,#4236,#4237));
#782=EDGE_LOOP('',(#4238));
#783=EDGE_LOOP('',(#4239));
#784=EDGE_LOOP('',(#4240,#4241,#4242,#4243));
#785=EDGE_LOOP('',(#4244,#4245,#4246,#4247));
#786=EDGE_LOOP('',(#4248));
#787=EDGE_LOOP('',(#4249));
#788=EDGE_LOOP('',(#4250));
#789=EDGE_LOOP('',(#4251));
#790=EDGE_LOOP('',(#4252));
#791=EDGE_LOOP('',(#4253,#4254,#4255,#4256));
#792=EDGE_LOOP('',(#4257,#4258,#4259,#4260));
#793=EDGE_LOOP('',(#4261));
#794=EDGE_LOOP('',(#4262));
#795=EDGE_LOOP('',(#4263,#4264,#4265,#4266));
#796=EDGE_LOOP('',(#4267,#4268,#4269,#4270));
#797=EDGE_LOOP('',(#4271));
#798=EDGE_LOOP('',(#4272));
#799=EDGE_LOOP('',(#4273,#4274,#4275,#4276));
#800=EDGE_LOOP('',(#4277,#4278,#4279,#4280));
#801=EDGE_LOOP('',(#4281));
#802=EDGE_LOOP('',(#4282));
#803=EDGE_LOOP('',(#4283,#4284,#4285,#4286));
#804=EDGE_LOOP('',(#4287,#4288,#4289,#4290));
#805=EDGE_LOOP('',(#4291,#4292,#4293,#4294));
#806=EDGE_LOOP('',(#4295));
#807=EDGE_LOOP('',(#4296));
#808=EDGE_LOOP('',(#4297));
#809=EDGE_LOOP('',(#4298,#4299,#4300,#4301));
#810=EDGE_LOOP('',(#4302,#4303,#4304,#4305));
#811=EDGE_LOOP('',(#4306));
#812=EDGE_LOOP('',(#4307));
#813=EDGE_LOOP('',(#4308,#4309,#4310,#4311));
#814=EDGE_LOOP('',(#4312,#4313,#4314,#4315));
#815=EDGE_LOOP('',(#4316));
#816=EDGE_LOOP('',(#4317));
#817=EDGE_LOOP('',(#4318,#4319,#4320,#4321));
#818=EDGE_LOOP('',(#4322,#4323,#4324,#4325,#4326,#4327));
#819=EDGE_LOOP('',(#4328,#4329,#4330,#4331));
#820=EDGE_LOOP('',(#4332,#4333,#4334,#4335));
#821=EDGE_LOOP('',(#4336,#4337,#4338,#4339));
#822=EDGE_LOOP('',(#4340,#4341,#4342,#4343));
#823=EDGE_LOOP('',(#4344,#4345,#4346,#4347,#4348,#4349,#4350));
#824=EDGE_LOOP('',(#4351));
#825=EDGE_LOOP('',(#4352,#4353,#4354,#4355));
#826=EDGE_LOOP('',(#4356,#4357,#4358,#4359));
#827=EDGE_LOOP('',(#4360,#4361,#4362,#4363));
#828=EDGE_LOOP('',(#4364,#4365,#4366,#4367));
#829=EDGE_LOOP('',(#4368,#4369,#4370,#4371));
#830=EDGE_LOOP('',(#4372,#4373,#4374,#4375));
#831=EDGE_LOOP('',(#4376,#4377,#4378,#4379));
#832=EDGE_LOOP('',(#4380,#4381,#4382,#4383,#4384,#4385,#4386));
#833=EDGE_LOOP('',(#4387));
#834=EDGE_LOOP('',(#4388,#4389,#4390,#4391));
#835=EDGE_LOOP('',(#4392,#4393,#4394,#4395));
#836=EDGE_LOOP('',(#4396));
#837=EDGE_LOOP('',(#4397,#4398,#4399,#4400));
#838=EDGE_LOOP('',(#4401,#4402,#4403,#4404));
#839=EDGE_LOOP('',(#4405,#4406,#4407,#4408));
#840=EDGE_LOOP('',(#4409,#4410,#4411,#4412));
#841=EDGE_LOOP('',(#4413,#4414,#4415,#4416));
#842=EDGE_LOOP('',(#4417,#4418,#4419,#4420));
#843=EDGE_LOOP('',(#4421,#4422,#4423,#4424,#4425,#4426,#4427,#4428,#4429,
#4430,#4431));
#844=EDGE_LOOP('',(#4432,#4433,#4434,#4435,#4436,#4437,#4438,#4439,#4440));
#845=EDGE_LOOP('',(#4441));
#846=EDGE_LOOP('',(#4442));
#847=EDGE_LOOP('',(#4443,#4444,#4445,#4446));
#848=EDGE_LOOP('',(#4447));
#849=EDGE_LOOP('',(#4448,#4449,#4450,#4451));
#850=EDGE_LOOP('',(#4452,#4453,#4454,#4455));
#851=EDGE_LOOP('',(#4456,#4457,#4458,#4459));
#852=EDGE_LOOP('',(#4460,#4461,#4462,#4463));
#853=EDGE_LOOP('',(#4464,#4465,#4466,#4467));
#854=EDGE_LOOP('',(#4468,#4469,#4470,#4471));
#855=EDGE_LOOP('',(#4472,#4473,#4474,#4475,#4476,#4477,#4478,#4479,#4480));
#856=EDGE_LOOP('',(#4481));
#857=EDGE_LOOP('',(#4482));
#858=EDGE_LOOP('',(#4483,#4484,#4485,#4486));
#859=EDGE_LOOP('',(#4487));
#860=EDGE_LOOP('',(#4488,#4489,#4490,#4491));
#861=EDGE_LOOP('',(#4492));
#862=EDGE_LOOP('',(#4493,#4494,#4495,#4496));
#863=EDGE_LOOP('',(#4497,#4498,#4499,#4500));
#864=EDGE_LOOP('',(#4501,#4502,#4503,#4504));
#865=EDGE_LOOP('',(#4505,#4506,#4507,#4508,#4509,#4510,#4511,#4512,#4513,
#4514,#4515));
#866=EDGE_LOOP('',(#4516,#4517,#4518,#4519));
#867=EDGE_LOOP('',(#4520));
#868=EDGE_LOOP('',(#4521));
#869=EDGE_LOOP('',(#4522,#4523,#4524,#4525));
#870=EDGE_LOOP('',(#4526,#4527,#4528,#4529));
#871=EDGE_LOOP('',(#4530));
#872=EDGE_LOOP('',(#4531));
#873=EDGE_LOOP('',(#4532,#4533,#4534,#4535));
#874=EDGE_LOOP('',(#4536,#4537,#4538,#4539));
#875=EDGE_LOOP('',(#4540,#4541,#4542,#4543));
#876=EDGE_LOOP('',(#4544,#4545,#4546,#4547));
#877=EDGE_LOOP('',(#4548,#4549,#4550,#4551));
#878=EDGE_LOOP('',(#4552));
#879=EDGE_LOOP('',(#4553));
#880=EDGE_LOOP('',(#4554,#4555,#4556,#4557));
#881=EDGE_LOOP('',(#4558,#4559,#4560,#4561));
#882=EDGE_LOOP('',(#4562));
#883=EDGE_LOOP('',(#4563));
#884=EDGE_LOOP('',(#4564,#4565,#4566,#4567));
#885=EDGE_LOOP('',(#4568,#4569,#4570,#4571));
#886=EDGE_LOOP('',(#4572));
#887=EDGE_LOOP('',(#4573));
#888=EDGE_LOOP('',(#4574,#4575,#4576,#4577));
#889=EDGE_LOOP('',(#4578,#4579,#4580,#4581));
#890=EDGE_LOOP('',(#4582));
#891=EDGE_LOOP('',(#4583));
#892=EDGE_LOOP('',(#4584,#4585,#4586,#4587));
#893=EDGE_LOOP('',(#4588,#4589,#4590,#4591));
#894=EDGE_LOOP('',(#4592));
#895=EDGE_LOOP('',(#4593));
#896=EDGE_LOOP('',(#4594,#4595,#4596,#4597));
#897=EDGE_LOOP('',(#4598,#4599,#4600,#4601));
#898=EDGE_LOOP('',(#4602));
#899=EDGE_LOOP('',(#4603));
#900=EDGE_LOOP('',(#4604,#4605,#4606,#4607));
#901=EDGE_LOOP('',(#4608,#4609,#4610,#4611));
#902=EDGE_LOOP('',(#4612,#4613,#4614,#4615));
#903=EDGE_LOOP('',(#4616));
#904=EDGE_LOOP('',(#4617));
#905=EDGE_LOOP('',(#4618));
#906=EDGE_LOOP('',(#4619));
#907=EDGE_LOOP('',(#4620));
#908=EDGE_LOOP('',(#4621));
#909=EDGE_LOOP('',(#4622));
#910=EDGE_LOOP('',(#4623));
#911=EDGE_LOOP('',(#4624));
#912=EDGE_LOOP('',(#4625));
#913=EDGE_LOOP('',(#4626));
#914=EDGE_LOOP('',(#4627));
#915=EDGE_LOOP('',(#4628));
#916=EDGE_LOOP('',(#4629,#4630,#4631,#4632));
#917=EDGE_LOOP('',(#4633,#4634,#4635,#4636));
#918=EDGE_LOOP('',(#4637));
#919=EDGE_LOOP('',(#4638));
#920=EDGE_LOOP('',(#4639,#4640,#4641,#4642));
#921=EDGE_LOOP('',(#4643,#4644,#4645,#4646));
#922=EDGE_LOOP('',(#4647));
#923=EDGE_LOOP('',(#4648));
#924=EDGE_LOOP('',(#4649,#4650,#4651,#4652));
#925=EDGE_LOOP('',(#4653,#4654,#4655,#4656));
#926=EDGE_LOOP('',(#4657));
#927=EDGE_LOOP('',(#4658));
#928=EDGE_LOOP('',(#4659,#4660,#4661,#4662));
#929=EDGE_LOOP('',(#4663,#4664,#4665,#4666));
#930=EDGE_LOOP('',(#4667));
#931=EDGE_LOOP('',(#4668));
#932=EDGE_LOOP('',(#4669,#4670,#4671,#4672));
#933=EDGE_LOOP('',(#4673,#4674,#4675,#4676));
#934=EDGE_LOOP('',(#4677));
#935=EDGE_LOOP('',(#4678));
#936=EDGE_LOOP('',(#4679,#4680,#4681,#4682));
#937=EDGE_LOOP('',(#4683,#4684,#4685,#4686));
#938=EDGE_LOOP('',(#4687));
#939=EDGE_LOOP('',(#4688));
#940=EDGE_LOOP('',(#4689,#4690,#4691,#4692));
#941=EDGE_LOOP('',(#4693,#4694,#4695,#4696));
#942=EDGE_LOOP('',(#4697));
#943=EDGE_LOOP('',(#4698));
#944=EDGE_LOOP('',(#4699));
#945=EDGE_LOOP('',(#4700));
#946=EDGE_LOOP('',(#4701));
#947=EDGE_LOOP('',(#4702));
#948=EDGE_LOOP('',(#4703));
#949=EDGE_LOOP('',(#4704));
#950=EDGE_LOOP('',(#4705));
#951=EDGE_LOOP('',(#4706));
#952=EDGE_LOOP('',(#4707,#4708,#4709,#4710));
#953=EDGE_LOOP('',(#4711,#4712,#4713,#4714));
#954=EDGE_LOOP('',(#4715,#4716,#4717,#4718));
#955=EDGE_LOOP('',(#4719,#4720,#4721,#4722,#4723,#4724,#4725,#4726,#4727,
#4728));
#956=EDGE_LOOP('',(#4729,#4730,#4731,#4732));
#957=EDGE_LOOP('',(#4733,#4734,#4735,#4736));
#958=EDGE_LOOP('',(#4737,#4738,#4739,#4740));
#959=EDGE_LOOP('',(#4741,#4742,#4743,#4744));
#960=EDGE_LOOP('',(#4745,#4746,#4747,#4748));
#961=EDGE_LOOP('',(#4749,#4750,#4751,#4752));
#962=EDGE_LOOP('',(#4753,#4754,#4755,#4756));
#963=EDGE_LOOP('',(#4757,#4758,#4759,#4760));
#964=EDGE_LOOP('',(#4761,#4762,#4763,#4764));
#965=EDGE_LOOP('',(#4765,#4766,#4767,#4768,#4769,#4770,#4771,#4772,#4773,
#4774,#4775,#4776,#4777,#4778,#4779,#4780));
#966=EDGE_LOOP('',(#4781));
#967=EDGE_LOOP('',(#4782,#4783,#4784,#4785));
#968=EDGE_LOOP('',(#4786,#4787,#4788,#4789));
#969=EDGE_LOOP('',(#4790,#4791,#4792,#4793));
#970=EDGE_LOOP('',(#4794,#4795,#4796,#4797));
#971=EDGE_LOOP('',(#4798,#4799,#4800,#4801));
#972=EDGE_LOOP('',(#4802,#4803,#4804,#4805,#4806,#4807));
#973=EDGE_LOOP('',(#4808,#4809,#4810,#4811));
#974=EDGE_LOOP('',(#4812,#4813,#4814,#4815));
#975=EDGE_LOOP('',(#4816,#4817,#4818,#4819));
#976=EDGE_LOOP('',(#4820,#4821,#4822,#4823));
#977=EDGE_LOOP('',(#4824,#4825,#4826,#4827,#4828,#4829));
#978=EDGE_LOOP('',(#4830,#4831,#4832,#4833));
#979=EDGE_LOOP('',(#4834,#4835,#4836,#4837,#4838,#4839));
#980=EDGE_LOOP('',(#4840,#4841,#4842,#4843));
#981=EDGE_LOOP('',(#4844,#4845,#4846,#4847));
#982=EDGE_LOOP('',(#4848,#4849,#4850,#4851));
#983=EDGE_LOOP('',(#4852,#4853,#4854,#4855));
#984=EDGE_LOOP('',(#4856,#4857,#4858,#4859));
#985=EDGE_LOOP('',(#4860,#4861,#4862,#4863));
#986=EDGE_LOOP('',(#4864,#4865,#4866,#4867));
#987=EDGE_LOOP('',(#4868,#4869,#4870,#4871,#4872,#4873));
#988=EDGE_LOOP('',(#4874,#4875,#4876,#4877));
#989=EDGE_LOOP('',(#4878,#4879,#4880,#4881,#4882,#4883,#4884,#4885,#4886,
#4887,#4888,#4889,#4890,#4891,#4892,#4893,#4894,#4895,#4896,#4897));
#990=EDGE_LOOP('',(#4898,#4899,#4900,#4901));
#991=EDGE_LOOP('',(#4902,#4903,#4904,#4905));
#992=EDGE_LOOP('',(#4906,#4907,#4908,#4909));
#993=EDGE_LOOP('',(#4910,#4911,#4912,#4913));
#994=EDGE_LOOP('',(#4914,#4915,#4916,#4917));
#995=EDGE_LOOP('',(#4918,#4919,#4920,#4921));
#996=EDGE_LOOP('',(#4922,#4923,#4924,#4925));
#997=EDGE_LOOP('',(#4926,#4927,#4928,#4929));
#998=EDGE_LOOP('',(#4930,#4931,#4932,#4933));
#999=EDGE_LOOP('',(#4934,#4935,#4936,#4937));
#1000=EDGE_LOOP('',(#4938,#4939,#4940,#4941));
#1001=EDGE_LOOP('',(#4942,#4943,#4944,#4945));
#1002=EDGE_LOOP('',(#4946,#4947,#4948,#4949));
#1003=EDGE_LOOP('',(#4950,#4951,#4952,#4953));
#1004=EDGE_LOOP('',(#4954,#4955,#4956,#4957));
#1005=EDGE_LOOP('',(#4958,#4959,#4960,#4961));
#1006=EDGE_LOOP('',(#4962,#4963,#4964,#4965));
#1007=EDGE_LOOP('',(#4966,#4967,#4968,#4969));
#1008=EDGE_LOOP('',(#4970,#4971,#4972,#4973));
#1009=EDGE_LOOP('',(#4974,#4975,#4976,#4977));
#1010=EDGE_LOOP('',(#4978,#4979,#4980,#4981));
#1011=EDGE_LOOP('',(#4982,#4983,#4984,#4985));
#1012=EDGE_LOOP('',(#4986,#4987,#4988,#4989));
#1013=EDGE_LOOP('',(#4990,#4991,#4992,#4993));
#1014=EDGE_LOOP('',(#4994,#4995,#4996,#4997,#4998,#4999,#5000,#5001));
#1015=EDGE_LOOP('',(#5002,#5003,#5004,#5005,#5006,#5007,#5008,#5009));
#1016=EDGE_LOOP('',(#5010,#5011,#5012,#5013,#5014,#5015,#5016,#5017,#5018,
#5019,#5020,#5021,#5022,#5023,#5024,#5025,#5026,#5027,#5028,#5029,#5030,
#5031,#5032,#5033,#5034,#5035));
#1017=EDGE_LOOP('',(#5036,#5037,#5038,#5039));
#1018=EDGE_LOOP('',(#5040,#5041,#5042,#5043,#5044,#5045));
#1019=EDGE_LOOP('',(#5046,#5047,#5048,#5049,#5050,#5051,#5052,#5053));
#1020=EDGE_LOOP('',(#5054,#5055,#5056,#5057,#5058,#5059));
#1021=EDGE_LOOP('',(#5060,#5061,#5062,#5063));
#1022=EDGE_LOOP('',(#5064,#5065,#5066,#5067));
#1023=EDGE_LOOP('',(#5068,#5069,#5070,#5071));
#1024=EDGE_LOOP('',(#5072,#5073,#5074,#5075));
#1025=EDGE_LOOP('',(#5076,#5077,#5078,#5079));
#1026=EDGE_LOOP('',(#5080,#5081,#5082,#5083));
#1027=EDGE_LOOP('',(#5084,#5085,#5086,#5087));
#1028=EDGE_LOOP('',(#5088,#5089,#5090,#5091));
#1029=EDGE_LOOP('',(#5092,#5093,#5094,#5095));
#1030=EDGE_LOOP('',(#5096,#5097,#5098,#5099));
#1031=EDGE_LOOP('',(#5100,#5101,#5102,#5103));
#1032=EDGE_LOOP('',(#5104,#5105,#5106,#5107));
#1033=EDGE_LOOP('',(#5108,#5109,#5110,#5111));
#1034=EDGE_LOOP('',(#5112,#5113,#5114,#5115));
#1035=EDGE_LOOP('',(#5116,#5117,#5118,#5119));
#1036=EDGE_LOOP('',(#5120,#5121,#5122,#5123));
#1037=EDGE_LOOP('',(#5124,#5125,#5126,#5127));
#1038=EDGE_LOOP('',(#5128,#5129,#5130,#5131,#5132,#5133));
#1039=EDGE_LOOP('',(#5134,#5135,#5136,#5137,#5138,#5139));
#1040=EDGE_LOOP('',(#5140,#5141,#5142,#5143,#5144,#5145,#5146,#5147,#5148,
#5149,#5150,#5151,#5152,#5153,#5154,#5155,#5156,#5157,#5158,#5159,#5160,
#5161));
#1041=EDGE_LOOP('',(#5162));
#1042=EDGE_LOOP('',(#5163));
#1043=EDGE_LOOP('',(#5164));
#1044=EDGE_LOOP('',(#5165,#5166,#5167,#5168,#5169,#5170,#5171,#5172));
#1045=EDGE_LOOP('',(#5173));
#1046=EDGE_LOOP('',(#5174,#5175,#5176,#5177,#5178,#5179,#5180,#5181));
#1047=EDGE_LOOP('',(#5182,#5183));
#1048=EDGE_LOOP('',(#5184,#5185,#5186,#5187,#5188,#5189));
#1049=EDGE_LOOP('',(#5190,#5191));
#1050=EDGE_LOOP('',(#5192,#5193,#5194,#5195));
#1051=EDGE_LOOP('',(#5196,#5197,#5198,#5199));
#1052=EDGE_LOOP('',(#5200,#5201,#5202,#5203));
#1053=EDGE_LOOP('',(#5204,#5205,#5206,#5207,#5208,#5209));
#1054=LINE('',#8063,#1541);
#1055=LINE('',#8066,#1542);
#1056=LINE('',#8069,#1543);
#1057=LINE('',#8073,#1544);
#1058=LINE('',#8075,#1545);
#1059=LINE('',#8077,#1546);
#1060=LINE('',#8081,#1547);
#1061=LINE('',#8085,#1548);
#1062=LINE('',#8087,#1549);
#1063=LINE('',#8091,#1550);
#1064=LINE('',#8095,#1551);
#1065=LINE('',#8099,#1552);
#1066=LINE('',#8103,#1553);
#1067=LINE('',#8104,#1554);
#1068=LINE('',#8107,#1555);
#1069=LINE('',#8111,#1556);
#1070=LINE('',#8115,#1557);
#1071=LINE('',#8119,#1558);
#1072=LINE('',#8123,#1559);
#1073=LINE('',#8124,#1560);
#1074=LINE('',#8128,#1561);
#1075=LINE('',#8131,#1562);
#1076=LINE('',#8134,#1563);
#1077=LINE('',#8137,#1564);
#1078=LINE('',#8138,#1565);
#1079=LINE('',#8141,#1566);
#1080=LINE('',#8144,#1567);
#1081=LINE('',#8147,#1568);
#1082=LINE('',#8148,#1569);
#1083=LINE('',#8154,#1570);
#1084=LINE('',#8157,#1571);
#1085=LINE('',#8160,#1572);
#1086=LINE('',#8162,#1573);
#1087=LINE('',#8164,#1574);
#1088=LINE('',#8166,#1575);
#1089=LINE('',#8168,#1576);
#1090=LINE('',#8170,#1577);
#1091=LINE('',#8171,#1578);
#1092=LINE('',#8177,#1579);
#1093=LINE('',#8180,#1580);
#1094=LINE('',#8183,#1581);
#1095=LINE('',#8185,#1582);
#1096=LINE('',#8187,#1583);
#1097=LINE('',#8189,#1584);
#1098=LINE('',#8190,#1585);
#1099=LINE('',#8196,#1586);
#1100=LINE('',#8199,#1587);
#1101=LINE('',#8201,#1588);
#1102=LINE('',#8203,#1589);
#1103=LINE('',#8207,#1590);
#1104=LINE('',#8211,#1591);
#1105=LINE('',#8214,#1592);
#1106=LINE('',#8215,#1593);
#1107=LINE('',#8217,#1594);
#1108=LINE('',#8218,#1595);
#1109=LINE('',#8220,#1596);
#1110=LINE('',#8222,#1597);
#1111=LINE('',#8226,#1598);
#1112=LINE('',#8230,#1599);
#1113=LINE('',#8234,#1600);
#1114=LINE('',#8238,#1601);
#1115=LINE('',#8242,#1602);
#1116=LINE('',#8244,#1603);
#1117=LINE('',#8248,#1604);
#1118=LINE('',#8252,#1605);
#1119=LINE('',#8256,#1606);
#1120=LINE('',#8257,#1607);
#1121=LINE('',#8260,#1608);
#1122=LINE('',#8262,#1609);
#1123=LINE('',#8264,#1610);
#1124=LINE('',#8266,#1611);
#1125=LINE('',#8268,#1612);
#1126=LINE('',#8269,#1613);
#1127=LINE('',#8275,#1614);
#1128=LINE('',#8278,#1615);
#1129=LINE('',#8281,#1616);
#1130=LINE('',#8283,#1617);
#1131=LINE('',#8284,#1618);
#1132=LINE('',#8285,#1619);
#1133=LINE('',#8290,#1620);
#1134=LINE('',#8294,#1621);
#1135=LINE('',#8296,#1622);
#1136=LINE('',#8297,#1623);
#1137=LINE('',#8301,#1624);
#1138=LINE('',#8304,#1625);
#1139=LINE('',#8307,#1626);
#1140=LINE('',#8310,#1627);
#1141=LINE('',#8311,#1628);
#1142=LINE('',#8314,#1629);
#1143=LINE('',#8318,#1630);
#1144=LINE('',#8320,#1631);
#1145=LINE('',#8322,#1632);
#1146=LINE('',#8324,#1633);
#1147=LINE('',#8326,#1634);
#1148=LINE('',#8327,#1635);
#1149=LINE('',#8330,#1636);
#1150=LINE('',#8334,#1637);
#1151=LINE('',#8335,#1638);
#1152=LINE('',#8341,#1639);
#1153=LINE('',#8344,#1640);
#1154=LINE('',#8346,#1641);
#1155=LINE('',#8348,#1642);
#1156=LINE('',#8350,#1643);
#1157=LINE('',#8351,#1644);
#1158=LINE('',#8356,#1645);
#1159=LINE('',#8360,#1646);
#1160=LINE('',#8362,#1647);
#1161=LINE('',#8363,#1648);
#1162=LINE('',#8368,#1649);
#1163=LINE('',#8371,#1650);
#1164=LINE('',#8373,#1651);
#1165=LINE('',#8375,#1652);
#1166=LINE('',#8376,#1653);
#1167=LINE('',#8382,#1654);
#1168=LINE('',#8385,#1655);
#1169=LINE('',#8387,#1656);
#1170=LINE('',#8388,#1657);
#1171=LINE('',#8389,#1658);
#1172=LINE('',#8391,#1659);
#1173=LINE('',#8395,#1660);
#1174=LINE('',#8399,#1661);
#1175=LINE('',#8401,#1662);
#1176=LINE('',#8405,#1663);
#1177=LINE('',#8407,#1664);
#1178=LINE('',#8409,#1665);
#1179=LINE('',#8411,#1666);
#1180=LINE('',#8413,#1667);
#1181=LINE('',#8417,#1668);
#1182=LINE('',#8419,#1669);
#1183=LINE('',#8423,#1670);
#1184=LINE('',#8427,#1671);
#1185=LINE('',#8431,#1672);
#1186=LINE('',#8435,#1673);
#1187=LINE('',#8437,#1674);
#1188=LINE('',#8438,#1675);
#1189=LINE('',#8442,#1676);
#1190=LINE('',#8446,#1677);
#1191=LINE('',#8450,#1678);
#1192=LINE('',#8454,#1679);
#1193=LINE('',#8458,#1680);
#1194=LINE('',#8462,#1681);
#1195=LINE('',#8466,#1682);
#1196=LINE('',#8494,#1683);
#1197=LINE('',#8498,#1684);
#1198=LINE('',#8502,#1685);
#1199=LINE('',#8505,#1686);
#1200=LINE('',#8516,#1687);
#1201=LINE('',#8518,#1688);
#1202=LINE('',#8520,#1689);
#1203=LINE('',#8521,#1690);
#1204=LINE('',#8544,#1691);
#1205=LINE('',#8546,#1692);
#1206=LINE('',#8548,#1693);
#1207=LINE('',#8549,#1694);
#1208=LINE('',#8552,#1695);
#1209=LINE('',#8554,#1696);
#1210=LINE('',#8556,#1697);
#1211=LINE('',#8557,#1698);
#1212=LINE('',#8559,#1699);
#1213=LINE('',#8561,#1700);
#1214=LINE('',#8563,#1701);
#1215=LINE('',#8565,#1702);
#1216=LINE('',#8566,#1703);
#1217=LINE('',#8568,#1704);
#1218=LINE('',#8570,#1705);
#1219=LINE('',#8571,#1706);
#1220=LINE('',#8576,#1707);
#1221=LINE('',#8577,#1708);
#1222=LINE('',#8580,#1709);
#1223=LINE('',#8582,#1710);
#1224=LINE('',#8584,#1711);
#1225=LINE('',#8585,#1712);
#1226=LINE('',#8591,#1713);
#1227=LINE('',#8594,#1714);
#1228=LINE('',#8597,#1715);
#1229=LINE('',#8601,#1716);
#1230=LINE('',#8602,#1717);
#1231=LINE('',#8606,#1718);
#1232=LINE('',#8612,#1719);
#1233=LINE('',#8615,#1720);
#1234=LINE('',#8618,#1721);
#1235=LINE('',#8622,#1722);
#1236=LINE('',#8626,#1723);
#1237=LINE('',#8629,#1724);
#1238=LINE('',#8630,#1725);
#1239=LINE('',#8631,#1726);
#1240=LINE('',#8633,#1727);
#1241=LINE('',#8635,#1728);
#1242=LINE('',#8639,#1729);
#1243=LINE('',#8641,#1730);
#1244=LINE('',#8644,#1731);
#1245=LINE('',#8650,#1732);
#1246=LINE('',#8651,#1733);
#1247=LINE('',#8654,#1734);
#1248=LINE('',#8655,#1735);
#1249=LINE('',#8660,#1736);
#1250=LINE('',#8661,#1737);
#1251=LINE('',#8663,#1738);
#1252=LINE('',#8668,#1739);
#1253=LINE('',#8669,#1740);
#1254=LINE('',#8671,#1741);
#1255=LINE('',#8675,#1742);
#1256=LINE('',#8677,#1743);
#1257=LINE('',#8680,#1744);
#1258=LINE('',#8682,#1745);
#1259=LINE('',#8686,#1746);
#1260=LINE('',#8690,#1747);
#1261=LINE('',#8692,#1748);
#1262=LINE('',#8693,#1749);
#1263=LINE('',#8720,#1750);
#1264=LINE('',#8725,#1751);
#1265=LINE('',#8732,#1752);
#1266=LINE('',#8737,#1753);
#1267=LINE('',#8742,#1754);
#1268=LINE('',#8743,#1755);
#1269=LINE('',#8745,#1756);
#1270=LINE('',#8748,#1757);
#1271=LINE('',#8749,#1758);
#1272=LINE('',#8751,#1759);
#1273=LINE('',#8756,#1760);
#1274=LINE('',#8757,#1761);
#1275=LINE('',#8765,#1762);
#1276=LINE('',#8766,#1763);
#1277=LINE('',#8771,#1764);
#1278=LINE('',#8772,#1765);
#1279=LINE('',#8776,#1766);
#1280=LINE('',#8778,#1767);
#1281=LINE('',#8779,#1768);
#1282=LINE('',#8782,#1769);
#1283=LINE('',#8783,#1770);
#1284=LINE('',#8786,#1771);
#1285=LINE('',#8788,#1772);
#1286=LINE('',#8789,#1773);
#1287=LINE('',#8792,#1774);
#1288=LINE('',#8793,#1775);
#1289=LINE('',#8796,#1776);
#1290=LINE('',#8798,#1777);
#1291=LINE('',#8799,#1778);
#1292=LINE('',#8802,#1779);
#1293=LINE('',#8806,#1780);
#1294=LINE('',#8807,#1781);
#1295=LINE('',#8810,#1782);
#1296=LINE('',#8814,#1783);
#1297=LINE('',#8815,#1784);
#1298=LINE('',#8818,#1785);
#1299=LINE('',#8822,#1786);
#1300=LINE('',#8823,#1787);
#1301=LINE('',#8826,#1788);
#1302=LINE('',#8830,#1789);
#1303=LINE('',#8832,#1790);
#1304=LINE('',#8833,#1791);
#1305=LINE('',#8839,#1792);
#1306=LINE('',#8844,#1793);
#1307=LINE('',#8850,#1794);
#1308=LINE('',#8855,#1795);
#1309=LINE('',#8861,#1796);
#1310=LINE('',#8866,#1797);
#1311=LINE('',#8872,#1798);
#1312=LINE('',#8877,#1799);
#1313=LINE('',#8886,#1800);
#1314=LINE('',#8891,#1801);
#1315=LINE('',#8897,#1802);
#1316=LINE('',#8902,#1803);
#1317=LINE('',#8908,#1804);
#1318=LINE('',#8913,#1805);
#1319=LINE('',#8918,#1806);
#1320=LINE('',#8919,#1807);
#1321=LINE('',#8921,#1808);
#1322=LINE('',#8929,#1809);
#1323=LINE('',#8934,#1810);
#1324=LINE('',#8940,#1811);
#1325=LINE('',#8945,#1812);
#1326=LINE('',#8949,#1813);
#1327=LINE('',#8951,#1814);
#1328=LINE('',#8954,#1815);
#1329=LINE('',#8955,#1816);
#1330=LINE('',#8958,#1817);
#1331=LINE('',#8959,#1818);
#1332=LINE('',#8963,#1819);
#1333=LINE('',#8966,#1820);
#1334=LINE('',#8967,#1821);
#1335=LINE('',#8969,#1822);
#1336=LINE('',#8971,#1823);
#1337=LINE('',#8973,#1824);
#1338=LINE('',#8979,#1825);
#1339=LINE('',#8980,#1826);
#1340=LINE('',#8984,#1827);
#1341=LINE('',#8986,#1828);
#1342=LINE('',#8989,#1829);
#1343=LINE('',#8990,#1830);
#1344=LINE('',#8995,#1831);
#1345=LINE('',#8999,#1832);
#1346=LINE('',#9001,#1833);
#1347=LINE('',#9005,#1834);
#1348=LINE('',#9007,#1835);
#1349=LINE('',#9008,#1836);
#1350=LINE('',#9011,#1837);
#1351=LINE('',#9014,#1838);
#1352=LINE('',#9016,#1839);
#1353=LINE('',#9017,#1840);
#1354=LINE('',#9023,#1841);
#1355=LINE('',#9027,#1842);
#1356=LINE('',#9028,#1843);
#1357=LINE('',#9030,#1844);
#1358=LINE('',#9034,#1845);
#1359=LINE('',#9038,#1846);
#1360=LINE('',#9039,#1847);
#1361=LINE('',#9042,#1848);
#1362=LINE('',#9043,#1849);
#1363=LINE('',#9045,#1850);
#1364=LINE('',#9049,#1851);
#1365=LINE('',#9054,#1852);
#1366=LINE('',#9057,#1853);
#1367=LINE('',#9059,#1854);
#1368=LINE('',#9061,#1855);
#1369=LINE('',#9069,#1856);
#1370=LINE('',#9074,#1857);
#1371=LINE('',#9079,#1858);
#1372=LINE('',#9080,#1859);
#1373=LINE('',#9082,#1860);
#1374=LINE('',#9087,#1861);
#1375=LINE('',#9092,#1862);
#1376=LINE('',#9098,#1863);
#1377=LINE('',#9103,#1864);
#1378=LINE('',#9109,#1865);
#1379=LINE('',#9114,#1866);
#1380=LINE('',#9120,#1867);
#1381=LINE('',#9125,#1868);
#1382=LINE('',#9131,#1869);
#1383=LINE('',#9136,#1870);
#1384=LINE('',#9142,#1871);
#1385=LINE('',#9147,#1872);
#1386=LINE('',#9152,#1873);
#1387=LINE('',#9156,#1874);
#1388=LINE('',#9160,#1875);
#1389=LINE('',#9181,#1876);
#1390=LINE('',#9186,#1877);
#1391=LINE('',#9192,#1878);
#1392=LINE('',#9197,#1879);
#1393=LINE('',#9203,#1880);
#1394=LINE('',#9208,#1881);
#1395=LINE('',#9214,#1882);
#1396=LINE('',#9219,#1883);
#1397=LINE('',#9225,#1884);
#1398=LINE('',#9230,#1885);
#1399=LINE('',#9236,#1886);
#1400=LINE('',#9241,#1887);
#1401=LINE('',#9247,#1888);
#1402=LINE('',#9252,#1889);
#1403=LINE('',#9268,#1890);
#1404=LINE('',#9271,#1891);
#1405=LINE('',#9274,#1892);
#1406=LINE('',#9276,#1893);
#1407=LINE('',#9277,#1894);
#1408=LINE('',#9282,#1895);
#1409=LINE('',#9287,#1896);
#1410=LINE('',#9289,#1897);
#1411=LINE('',#9291,#1898);
#1412=LINE('',#9292,#1899);
#1413=LINE('',#9294,#1900);
#1414=LINE('',#9296,#1901);
#1415=LINE('',#9305,#1902);
#1416=LINE('',#9316,#1903);
#1417=LINE('',#9320,#1904);
#1418=LINE('',#9322,#1905);
#1419=LINE('',#9323,#1906);
#1420=LINE('',#9328,#1907);
#1421=LINE('',#9332,#1908);
#1422=LINE('',#9334,#1909);
#1423=LINE('',#9335,#1910);
#1424=LINE('',#9341,#1911);
#1425=LINE('',#9344,#1912);
#1426=LINE('',#9347,#1913);
#1427=LINE('',#9349,#1914);
#1428=LINE('',#9350,#1915);
#1429=LINE('',#9356,#1916);
#1430=LINE('',#9359,#1917);
#1431=LINE('',#9361,#1918);
#1432=LINE('',#9362,#1919);
#1433=LINE('',#9785,#1920);
#1434=LINE('',#9872,#1921);
#1435=LINE('',#9876,#1922);
#1436=LINE('',#9880,#1923);
#1437=LINE('',#10103,#1924);
#1438=LINE('',#10109,#1925);
#1439=LINE('',#10112,#1926);
#1440=LINE('',#10114,#1927);
#1441=LINE('',#10115,#1928);
#1442=LINE('',#10121,#1929);
#1443=LINE('',#10123,#1930);
#1444=LINE('',#10124,#1931);
#1445=LINE('',#10127,#1932);
#1446=LINE('',#10129,#1933);
#1447=LINE('',#10131,#1934);
#1448=LINE('',#10133,#1935);
#1449=LINE('',#10134,#1936);
#1450=LINE('',#10139,#1937);
#1451=LINE('',#10143,#1938);
#1452=LINE('',#10144,#1939);
#1453=LINE('',#10147,#1940);
#1454=LINE('',#10151,#1941);
#1455=LINE('',#10153,#1942);
#1456=LINE('',#10155,#1943);
#1457=LINE('',#10156,#1944);
#1458=LINE('',#10159,#1945);
#1459=LINE('',#10161,#1946);
#1460=LINE('',#10162,#1947);
#1461=LINE('',#10165,#1948);
#1462=LINE('',#10167,#1949);
#1463=LINE('',#10169,#1950);
#1464=LINE('',#10170,#1951);
#1465=LINE('',#10172,#1952);
#1466=LINE('',#10174,#1953);
#1467=LINE('',#10176,#1954);
#1468=LINE('',#10178,#1955);
#1469=LINE('',#10180,#1956);
#1470=LINE('',#10185,#1957);
#1471=LINE('',#10187,#1958);
#1472=LINE('',#10189,#1959);
#1473=LINE('',#10190,#1960);
#1474=LINE('',#10192,#1961);
#1475=LINE('',#10193,#1962);
#1476=LINE('',#10197,#1963);
#1477=LINE('',#10201,#1964);
#1478=LINE('',#10202,#1965);
#1479=LINE('',#10204,#1966);
#1480=LINE('',#10206,#1967);
#1481=LINE('',#10210,#1968);
#1482=LINE('',#10214,#1969);
#1483=LINE('',#10219,#1970);
#1484=LINE('',#10220,#1971);
#1485=LINE('',#10221,#1972);
#1486=LINE('',#10225,#1973);
#1487=LINE('',#10228,#1974);
#1488=LINE('',#10229,#1975);
#1489=LINE('',#10231,#1976);
#1490=LINE('',#10234,#1977);
#1491=LINE('',#10235,#1978);
#1492=LINE('',#10238,#1979);
#1493=LINE('',#10239,#1980);
#1494=LINE('',#10243,#1981);
#1495=LINE('',#10246,#1982);
#1496=LINE('',#10247,#1983);
#1497=LINE('',#10251,#1984);
#1498=LINE('',#10254,#1985);
#1499=LINE('',#10255,#1986);
#1500=LINE('',#10259,#1987);
#1501=LINE('',#10263,#1988);
#1502=LINE('',#10266,#1989);
#1503=LINE('',#10269,#1990);
#1504=LINE('',#10270,#1991);
#1505=LINE('',#10273,#1992);
#1506=LINE('',#10277,#1993);
#1507=LINE('',#10278,#1994);
#1508=LINE('',#10281,#1995);
#1509=LINE('',#10285,#1996);
#1510=LINE('',#10286,#1997);
#1511=LINE('',#10289,#1998);
#1512=LINE('',#10292,#1999);
#1513=LINE('',#10296,#2000);
#1514=LINE('',#10300,#2001);
#1515=LINE('',#10304,#2002);
#1516=LINE('',#10310,#2003);
#1517=LINE('',#10313,#2004);
#1518=LINE('',#10314,#2005);
#1519=LINE('',#10318,#2006);
#1520=LINE('',#10320,#2007);
#1521=LINE('',#10322,#2008);
#1522=LINE('',#10325,#2009);
#1523=LINE('',#10326,#2010);
#1524=LINE('',#10330,#2011);
#1525=LINE('',#10332,#2012);
#1526=LINE('',#10337,#2013);
#1527=LINE('',#10343,#2014);
#1528=LINE('',#10360,#2015);
#1529=LINE('',#10370,#2016);
#1530=LINE('',#10386,#2017);
#1531=LINE('',#10394,#2018);
#1532=LINE('',#10408,#2019);
#1533=LINE('',#10433,#2020);
#1534=LINE('',#10438,#2021);
#1535=LINE('',#10459,#2022);
#1536=LINE('',#10466,#2023);
#1537=LINE('',#10472,#2024);
#1538=LINE('',#10489,#2025);
#1539=LINE('',#10495,#2026);
#1540=LINE('',#10533,#2027);
#1541=VECTOR('',#6331,10.);
#1542=VECTOR('',#6334,10.);
#1543=VECTOR('',#6337,10.);
#1544=VECTOR('',#6340,10.);
#1545=VECTOR('',#6341,10.);
#1546=VECTOR('',#6342,10.);
#1547=VECTOR('',#6345,10.);
#1548=VECTOR('',#6348,10.);
#1549=VECTOR('',#6349,10.);
#1550=VECTOR('',#6352,10.);
#1551=VECTOR('',#6355,10.);
#1552=VECTOR('',#6358,10.);
#1553=VECTOR('',#6361,10.);
#1554=VECTOR('',#6362,10.);
#1555=VECTOR('',#6363,10.);
#1556=VECTOR('',#6366,10.);
#1557=VECTOR('',#6369,10.);
#1558=VECTOR('',#6372,10.);
#1559=VECTOR('',#6377,10.);
#1560=VECTOR('',#6378,10.);
#1561=VECTOR('',#6383,10.);
#1562=VECTOR('',#6386,10.);
#1563=VECTOR('',#6389,10.);
#1564=VECTOR('',#6392,10.);
#1565=VECTOR('',#6393,10.);
#1566=VECTOR('',#6396,10.);
#1567=VECTOR('',#6399,10.);
#1568=VECTOR('',#6402,10.);
#1569=VECTOR('',#6403,10.);
#1570=VECTOR('',#6408,10.);
#1571=VECTOR('',#6411,10.);
#1572=VECTOR('',#6414,10.);
#1573=VECTOR('',#6415,10.);
#1574=VECTOR('',#6416,10.);
#1575=VECTOR('',#6417,10.);
#1576=VECTOR('',#6418,10.);
#1577=VECTOR('',#6419,10.);
#1578=VECTOR('',#6420,10.);
#1579=VECTOR('',#6425,10.);
#1580=VECTOR('',#6428,10.);
#1581=VECTOR('',#6431,10.);
#1582=VECTOR('',#6432,10.);
#1583=VECTOR('',#6433,10.);
#1584=VECTOR('',#6434,10.);
#1585=VECTOR('',#6435,10.);
#1586=VECTOR('',#6440,10.);
#1587=VECTOR('',#6443,10.);
#1588=VECTOR('',#6446,10.);
#1589=VECTOR('',#6447,10.);
#1590=VECTOR('',#6450,10.);
#1591=VECTOR('',#6453,10.);
#1592=VECTOR('',#6456,10.);
#1593=VECTOR('',#6457,10.);
#1594=VECTOR('',#6458,10.);
#1595=VECTOR('',#6459,10.);
#1596=VECTOR('',#6460,10.);
#1597=VECTOR('',#6461,10.);
#1598=VECTOR('',#6464,10.);
#1599=VECTOR('',#6467,10.);
#1600=VECTOR('',#6470,10.);
#1601=VECTOR('',#6473,10.);
#1602=VECTOR('',#6476,10.);
#1603=VECTOR('',#6477,10.);
#1604=VECTOR('',#6480,10.);
#1605=VECTOR('',#6483,10.);
#1606=VECTOR('',#6486,10.);
#1607=VECTOR('',#6487,10.);
#1608=VECTOR('',#6490,10.);
#1609=VECTOR('',#6491,10.);
#1610=VECTOR('',#6492,10.);
#1611=VECTOR('',#6493,10.);
#1612=VECTOR('',#6494,10.);
#1613=VECTOR('',#6495,10.);
#1614=VECTOR('',#6500,10.);
#1615=VECTOR('',#6503,10.);
#1616=VECTOR('',#6506,10.);
#1617=VECTOR('',#6507,10.);
#1618=VECTOR('',#6508,10.);
#1619=VECTOR('',#6509,10.);
#1620=VECTOR('',#6514,10.);
#1621=VECTOR('',#6519,10.);
#1622=VECTOR('',#6520,10.);
#1623=VECTOR('',#6521,10.);
#1624=VECTOR('',#6526,10.);
#1625=VECTOR('',#6529,10.);
#1626=VECTOR('',#6532,10.);
#1627=VECTOR('',#6535,10.);
#1628=VECTOR('',#6536,10.);
#1629=VECTOR('',#6539,10.);
#1630=VECTOR('',#6544,10.);
#1631=VECTOR('',#6545,10.);
#1632=VECTOR('',#6546,10.);
#1633=VECTOR('',#6547,10.);
#1634=VECTOR('',#6548,10.);
#1635=VECTOR('',#6549,10.);
#1636=VECTOR('',#6552,10.);
#1637=VECTOR('',#6557,10.);
#1638=VECTOR('',#6558,10.);
#1639=VECTOR('',#6563,10.);
#1640=VECTOR('',#6566,10.);
#1641=VECTOR('',#6569,10.);
#1642=VECTOR('',#6570,10.);
#1643=VECTOR('',#6571,10.);
#1644=VECTOR('',#6572,10.);
#1645=VECTOR('',#6577,10.);
#1646=VECTOR('',#6582,10.);
#1647=VECTOR('',#6583,10.);
#1648=VECTOR('',#6584,10.);
#1649=VECTOR('',#6589,10.);
#1650=VECTOR('',#6594,10.);
#1651=VECTOR('',#6595,10.);
#1652=VECTOR('',#6596,10.);
#1653=VECTOR('',#6597,10.);
#1654=VECTOR('',#6602,10.);
#1655=VECTOR('',#6605,10.);
#1656=VECTOR('',#6608,10.);
#1657=VECTOR('',#6609,10.);
#1658=VECTOR('',#6610,10.);
#1659=VECTOR('',#6611,10.);
#1660=VECTOR('',#6614,10.);
#1661=VECTOR('',#6617,10.);
#1662=VECTOR('',#6618,10.);
#1663=VECTOR('',#6621,10.);
#1664=VECTOR('',#6622,10.);
#1665=VECTOR('',#6623,10.);
#1666=VECTOR('',#6624,10.);
#1667=VECTOR('',#6625,10.);
#1668=VECTOR('',#6628,10.);
#1669=VECTOR('',#6629,10.);
#1670=VECTOR('',#6632,10.);
#1671=VECTOR('',#6635,10.);
#1672=VECTOR('',#6638,10.);
#1673=VECTOR('',#6641,10.);
#1674=VECTOR('',#6642,10.);
#1675=VECTOR('',#6643,10.);
#1676=VECTOR('',#6646,10.);
#1677=VECTOR('',#6649,10.);
#1678=VECTOR('',#6652,10.);
#1679=VECTOR('',#6655,10.);
#1680=VECTOR('',#6658,10.);
#1681=VECTOR('',#6661,10.);
#1682=VECTOR('',#6664,10.);
#1683=VECTOR('',#6691,10.);
#1684=VECTOR('',#6694,10.);
#1685=VECTOR('',#6697,10.);
#1686=VECTOR('',#6700,10.);
#1687=VECTOR('',#6709,10.);
#1688=VECTOR('',#6710,10.);
#1689=VECTOR('',#6711,10.);
#1690=VECTOR('',#6712,10.);
#1691=VECTOR('',#6733,10.);
#1692=VECTOR('',#6734,10.);
#1693=VECTOR('',#6735,10.);
#1694=VECTOR('',#6736,10.);
#1695=VECTOR('',#6739,10.);
#1696=VECTOR('',#6740,10.);
#1697=VECTOR('',#6741,10.);
#1698=VECTOR('',#6742,10.);
#1699=VECTOR('',#6743,10.);
#1700=VECTOR('',#6744,10.);
#1701=VECTOR('',#6745,10.);
#1702=VECTOR('',#6746,10.);
#1703=VECTOR('',#6747,10.);
#1704=VECTOR('',#6748,10.);
#1705=VECTOR('',#6749,10.);
#1706=VECTOR('',#6750,10.);
#1707=VECTOR('',#6755,10.);
#1708=VECTOR('',#6756,10.);
#1709=VECTOR('',#6759,10.);
#1710=VECTOR('',#6760,10.);
#1711=VECTOR('',#6761,10.);
#1712=VECTOR('',#6762,10.);
#1713=VECTOR('',#6769,10.);
#1714=VECTOR('',#6772,10.);
#1715=VECTOR('',#6775,10.);
#1716=VECTOR('',#6780,10.);
#1717=VECTOR('',#6781,10.);
#1718=VECTOR('',#6788,10.);
#1719=VECTOR('',#6793,10.);
#1720=VECTOR('',#6796,10.);
#1721=VECTOR('',#6799,10.);
#1722=VECTOR('',#6802,10.);
#1723=VECTOR('',#6807,10.);
#1724=VECTOR('',#6810,10.);
#1725=VECTOR('',#6811,10.);
#1726=VECTOR('',#6812,10.);
#1727=VECTOR('',#6815,10.);
#1728=VECTOR('',#6818,10.);
#1729=VECTOR('',#6823,10.);
#1730=VECTOR('',#6826,10.);
#1731=VECTOR('',#6829,10.);
#1732=VECTOR('',#6836,10.);
#1733=VECTOR('',#6837,10.);
#1734=VECTOR('',#6840,10.);
#1735=VECTOR('',#6841,10.);
#1736=VECTOR('',#6846,10.);
#1737=VECTOR('',#6847,10.);
#1738=VECTOR('',#6850,10.);
#1739=VECTOR('',#6855,10.);
#1740=VECTOR('',#6856,10.);
#1741=VECTOR('',#6859,10.);
#1742=VECTOR('',#6864,10.);
#1743=VECTOR('',#6867,10.);
#1744=VECTOR('',#6870,10.);
#1745=VECTOR('',#6871,10.);
#1746=VECTOR('',#6874,10.);
#1747=VECTOR('',#6877,10.);
#1748=VECTOR('',#6878,10.);
#1749=VECTOR('',#6879,10.);
#1750=VECTOR('',#6910,0.549999999999997);
#1751=VECTOR('',#6917,0.549999999999997);
#1752=VECTOR('',#6926,0.549999999999997);
#1753=VECTOR('',#6933,0.549999999999997);
#1754=VECTOR('',#6940,10.);
#1755=VECTOR('',#6941,10.);
#1756=VECTOR('',#6944,10.);
#1757=VECTOR('',#6947,10.);
#1758=VECTOR('',#6948,10.);
#1759=VECTOR('',#6951,10.);
#1760=VECTOR('',#6956,10.);
#1761=VECTOR('',#6957,10.);
#1762=VECTOR('',#6966,10.);
#1763=VECTOR('',#6967,10.);
#1764=VECTOR('',#6972,10.);
#1765=VECTOR('',#6973,10.);
#1766=VECTOR('',#6978,10.);
#1767=VECTOR('',#6979,10.);
#1768=VECTOR('',#6980,10.);
#1769=VECTOR('',#6983,10.);
#1770=VECTOR('',#6984,10.);
#1771=VECTOR('',#6987,10.);
#1772=VECTOR('',#6988,10.);
#1773=VECTOR('',#6989,10.);
#1774=VECTOR('',#6992,10.);
#1775=VECTOR('',#6993,10.);
#1776=VECTOR('',#6996,10.);
#1777=VECTOR('',#6997,10.);
#1778=VECTOR('',#6998,10.);
#1779=VECTOR('',#7001,10.);
#1780=VECTOR('',#7006,10.);
#1781=VECTOR('',#7007,10.);
#1782=VECTOR('',#7010,10.);
#1783=VECTOR('',#7015,10.);
#1784=VECTOR('',#7016,10.);
#1785=VECTOR('',#7019,10.);
#1786=VECTOR('',#7024,10.);
#1787=VECTOR('',#7025,10.);
#1788=VECTOR('',#7028,10.);
#1789=VECTOR('',#7033,10.);
#1790=VECTOR('',#7034,10.);
#1791=VECTOR('',#7035,10.);
#1792=VECTOR('',#7044,2.);
#1793=VECTOR('',#7049,0.8);
#1794=VECTOR('',#7058,1.99999999999999);
#1795=VECTOR('',#7063,0.800000000000001);
#1796=VECTOR('',#7072,1.99999999999999);
#1797=VECTOR('',#7077,0.800000000000001);
#1798=VECTOR('',#7086,2.);
#1799=VECTOR('',#7091,0.800000000000001);
#1800=VECTOR('',#7106,1.99999999999999);
#1801=VECTOR('',#7111,0.800000000000001);
#1802=VECTOR('',#7120,3.80000000000001);
#1803=VECTOR('',#7125,1.40000000000001);
#1804=VECTOR('',#7134,1.99999999999999);
#1805=VECTOR('',#7139,0.800000000000001);
#1806=VECTOR('',#7146,10.);
#1807=VECTOR('',#7147,10.);
#1808=VECTOR('',#7150,10.);
#1809=VECTOR('',#7163,2.);
#1810=VECTOR('',#7168,0.800000000000001);
#1811=VECTOR('',#7177,2.);
#1812=VECTOR('',#7182,0.800000000000001);
#1813=VECTOR('',#7189,10.);
#1814=VECTOR('',#7192,10.);
#1815=VECTOR('',#7195,10.);
#1816=VECTOR('',#7196,10.);
#1817=VECTOR('',#7199,10.);
#1818=VECTOR('',#7200,10.);
#1819=VECTOR('',#7205,0.800000000000001);
#1820=VECTOR('',#7208,10.);
#1821=VECTOR('',#7209,10.);
#1822=VECTOR('',#7212,10.);
#1823=VECTOR('',#7215,0.800000000000001);
#1824=VECTOR('',#7218,0.800000000000001);
#1825=VECTOR('',#7227,10.);
#1826=VECTOR('',#7228,10.);
#1827=VECTOR('',#7233,0.800000000000001);
#1828=VECTOR('',#7236,10.);
#1829=VECTOR('',#7239,10.);
#1830=VECTOR('',#7240,10.);
#1831=VECTOR('',#7245,0.999999999999996);
#1832=VECTOR('',#7252,10.);
#1833=VECTOR('',#7255,10.);
#1834=VECTOR('',#7260,10.);
#1835=VECTOR('',#7261,10.);
#1836=VECTOR('',#7262,10.);
#1837=VECTOR('',#7265,10.);
#1838=VECTOR('',#7270,10.);
#1839=VECTOR('',#7273,10.);
#1840=VECTOR('',#7274,10.);
#1841=VECTOR('',#7281,0.999999999999996);
#1842=VECTOR('',#7288,10.);
#1843=VECTOR('',#7289,10.);
#1844=VECTOR('',#7292,10.);
#1845=VECTOR('',#7297,10.);
#1846=VECTOR('',#7302,10.);
#1847=VECTOR('',#7303,10.);
#1848=VECTOR('',#7306,10.);
#1849=VECTOR('',#7307,10.);
#1850=VECTOR('',#7310,10.);
#1851=VECTOR('',#7315,0.999999999999996);
#1852=VECTOR('',#7322,0.999999999999996);
#1853=VECTOR('',#7327,10.);
#1854=VECTOR('',#7330,10.);
#1855=VECTOR('',#7333,10.);
#1856=VECTOR('',#7346,1.99999999999999);
#1857=VECTOR('',#7351,0.800000000000001);
#1858=VECTOR('',#7358,10.);
#1859=VECTOR('',#7359,10.);
#1860=VECTOR('',#7362,10.);
#1861=VECTOR('',#7369,3.80000000000001);
#1862=VECTOR('',#7374,1.40000000000001);
#1863=VECTOR('',#7383,1.99999999999999);
#1864=VECTOR('',#7388,0.800000000000001);
#1865=VECTOR('',#7397,1.99999999999999);
#1866=VECTOR('',#7402,0.800000000000001);
#1867=VECTOR('',#7411,1.99999999999999);
#1868=VECTOR('',#7416,0.800000000000001);
#1869=VECTOR('',#7425,1.99999999999999);
#1870=VECTOR('',#7430,0.800000000000001);
#1871=VECTOR('',#7439,1.99999999999999);
#1872=VECTOR('',#7444,0.800000000000001);
#1873=VECTOR('',#7451,11.95);
#1874=VECTOR('',#7456,11.95);
#1875=VECTOR('',#7461,11.95);
#1876=VECTOR('',#7494,2.);
#1877=VECTOR('',#7499,0.800000000000001);
#1878=VECTOR('',#7508,1.99999999999999);
#1879=VECTOR('',#7513,0.800000000000001);
#1880=VECTOR('',#7522,1.99999999999999);
#1881=VECTOR('',#7527,0.800000000000001);
#1882=VECTOR('',#7536,1.35);
#1883=VECTOR('',#7541,0.549999999999997);
#1884=VECTOR('',#7550,1.35);
#1885=VECTOR('',#7555,0.549999999999997);
#1886=VECTOR('',#7564,1.35);
#1887=VECTOR('',#7569,0.549999999999997);
#1888=VECTOR('',#7578,1.35);
#1889=VECTOR('',#7583,0.549999999999997);
#1890=VECTOR('',#7608,10.);
#1891=VECTOR('',#7611,10.);
#1892=VECTOR('',#7614,10.);
#1893=VECTOR('',#7615,10.);
#1894=VECTOR('',#7616,10.);
#1895=VECTOR('',#7621,10.);
#1896=VECTOR('',#7626,10.);
#1897=VECTOR('',#7627,10.);
#1898=VECTOR('',#7628,10.);
#1899=VECTOR('',#7629,10.);
#1900=VECTOR('',#7630,10.);
#1901=VECTOR('',#7631,10.);
#1902=VECTOR('',#7632,10.);
#1903=VECTOR('',#7637,10.);
#1904=VECTOR('',#7642,10.);
#1905=VECTOR('',#7643,10.);
#1906=VECTOR('',#7644,10.);
#1907=VECTOR('',#7649,10.);
#1908=VECTOR('',#7654,10.);
#1909=VECTOR('',#7655,10.);
#1910=VECTOR('',#7656,10.);
#1911=VECTOR('',#7661,10.);
#1912=VECTOR('',#7664,10.);
#1913=VECTOR('',#7667,10.);
#1914=VECTOR('',#7668,10.);
#1915=VECTOR('',#7669,10.);
#1916=VECTOR('',#7676,10.);
#1917=VECTOR('',#7679,10.);
#1918=VECTOR('',#7680,10.);
#1919=VECTOR('',#7681,10.);
#1920=VECTOR('',#7682,5.29150262212924);
#1921=VECTOR('',#7685,10.);
#1922=VECTOR('',#7688,10.);
#1923=VECTOR('',#7691,10.);
#1924=VECTOR('',#7696,10.);
#1925=VECTOR('',#7703,10.);
#1926=VECTOR('',#7706,10.);
#1927=VECTOR('',#7707,10.);
#1928=VECTOR('',#7708,10.);
#1929=VECTOR('',#7715,10.);
#1930=VECTOR('',#7718,10.);
#1931=VECTOR('',#7719,10.);
#1932=VECTOR('',#7722,10.);
#1933=VECTOR('',#7723,10.);
#1934=VECTOR('',#7724,10.);
#1935=VECTOR('',#7725,10.);
#1936=VECTOR('',#7726,10.);
#1937=VECTOR('',#7733,10.);
#1938=VECTOR('',#7738,10.);
#1939=VECTOR('',#7739,10.);
#1940=VECTOR('',#7742,10.);
#1941=VECTOR('',#7747,10.);
#1942=VECTOR('',#7748,10.);
#1943=VECTOR('',#7749,10.);
#1944=VECTOR('',#7750,10.);
#1945=VECTOR('',#7753,10.);
#1946=VECTOR('',#7754,10.);
#1947=VECTOR('',#7755,10.);
#1948=VECTOR('',#7758,10.);
#1949=VECTOR('',#7759,10.);
#1950=VECTOR('',#7760,10.);
#1951=VECTOR('',#7761,10.);
#1952=VECTOR('',#7764,10.);
#1953=VECTOR('',#7767,10.);
#1954=VECTOR('',#7770,10.);
#1955=VECTOR('',#7773,10.);
#1956=VECTOR('',#7776,10.);
#1957=VECTOR('',#7783,10.);
#1958=VECTOR('',#7784,10.);
#1959=VECTOR('',#7785,10.);
#1960=VECTOR('',#7786,10.);
#1961=VECTOR('',#7789,10.);
#1962=VECTOR('',#7790,10.);
#1963=VECTOR('',#7793,10.);
#1964=VECTOR('',#7796,10.);
#1965=VECTOR('',#7797,10.);
#1966=VECTOR('',#7798,10.);
#1967=VECTOR('',#7799,10.);
#1968=VECTOR('',#7802,10.);
#1969=VECTOR('',#7805,10.);
#1970=VECTOR('',#7810,10.);
#1971=VECTOR('',#7811,10.);
#1972=VECTOR('',#7812,10.);
#1973=VECTOR('',#7817,10.);
#1974=VECTOR('',#7820,10.);
#1975=VECTOR('',#7821,10.);
#1976=VECTOR('',#7824,10.);
#1977=VECTOR('',#7827,10.);
#1978=VECTOR('',#7828,10.);
#1979=VECTOR('',#7831,10.);
#1980=VECTOR('',#7832,10.);
#1981=VECTOR('',#7837,10.);
#1982=VECTOR('',#7840,10.);
#1983=VECTOR('',#7841,10.);
#1984=VECTOR('',#7846,10.);
#1985=VECTOR('',#7849,10.);
#1986=VECTOR('',#7850,10.);
#1987=VECTOR('',#7857,10.);
#1988=VECTOR('',#7862,10.);
#1989=VECTOR('',#7865,10.);
#1990=VECTOR('',#7868,10.);
#1991=VECTOR('',#7869,10.);
#1992=VECTOR('',#7872,10.);
#1993=VECTOR('',#7877,10.);
#1994=VECTOR('',#7878,10.);
#1995=VECTOR('',#7881,10.);
#1996=VECTOR('',#7886,10.);
#1997=VECTOR('',#7887,10.);
#1998=VECTOR('',#7890,10.);
#1999=VECTOR('',#7895,10.);
#2000=VECTOR('',#7900,11.25);
#2001=VECTOR('',#7905,11.25);
#2002=VECTOR('',#7910,11.25);
#2003=VECTOR('',#7917,10.);
#2004=VECTOR('',#7920,10.);
#2005=VECTOR('',#7921,10.);
#2006=VECTOR('',#7926,10.);
#2007=VECTOR('',#7929,10.);
#2008=VECTOR('',#7932,10.);
#2009=VECTOR('',#7935,10.);
#2010=VECTOR('',#7936,10.);
#2011=VECTOR('',#7941,10.);
#2012=VECTOR('',#7944,10.);
#2013=VECTOR('',#7949,10.);
#2014=VECTOR('',#7956,10.);
#2015=VECTOR('',#7967,10.);
#2016=VECTOR('',#7982,10.);
#2017=VECTOR('',#7991,10.);
#2018=VECTOR('',#8002,10.);
#2019=VECTOR('',#8021,10.);
#2020=VECTOR('',#8032,10.);
#2021=VECTOR('',#8037,10.);
#2022=VECTOR('',#8042,10.);
#2023=VECTOR('',#8043,10.);
#2024=VECTOR('',#8044,10.);
#2025=VECTOR('',#8045,10.);
#2026=VECTOR('',#8048,10.);
#2027=VECTOR('',#8051,10.);
#2028=CIRCLE('',#5703,1.);
#2029=CIRCLE('',#5704,1.);
#2030=CIRCLE('',#5706,1.);
#2031=CIRCLE('',#5707,1.);
#2032=CIRCLE('',#5708,1.);
#2033=CIRCLE('',#5709,3.89999999979685);
#2034=CIRCLE('',#5710,3.90000000002619);
#2035=CIRCLE('',#5711,3.90000000107063);
#2036=CIRCLE('',#5712,3.89999999956364);
#2037=CIRCLE('',#5713,3.20000000033122);
#2038=CIRCLE('',#5714,3.20000000018484);
#2039=CIRCLE('',#5715,3.19999999999441);
#2040=CIRCLE('',#5716,3.19999999976443);
#2041=CIRCLE('',#5719,1.);
#2042=CIRCLE('',#5721,1.);
#2043=CIRCLE('',#5724,1.);
#2044=CIRCLE('',#5727,1.);
#2045=CIRCLE('',#5728,1.);
#2046=CIRCLE('',#5731,1.);
#2047=CIRCLE('',#5732,1.);
#2048=CIRCLE('',#5735,1.);
#2049=CIRCLE('',#5736,1.);
#2050=CIRCLE('',#5738,1.);
#2051=CIRCLE('',#5739,2.99999999999816);
#2052=CIRCLE('',#5740,3.89999999979685);
#2053=CIRCLE('',#5741,3.89999999956364);
#2054=CIRCLE('',#5742,3.);
#2055=CIRCLE('',#5743,1.);
#2056=CIRCLE('',#5744,1.);
#2057=CIRCLE('',#5745,1.);
#2058=CIRCLE('',#5746,1.);
#2059=CIRCLE('',#5747,1.);
#2060=CIRCLE('',#5748,1.);
#2061=CIRCLE('',#5751,1.);
#2062=CIRCLE('',#5752,1.);
#2063=CIRCLE('',#5755,1.);
#2064=CIRCLE('',#5756,1.);
#2065=CIRCLE('',#5759,1.);
#2066=CIRCLE('',#5761,1.);
#2067=CIRCLE('',#5764,1.);
#2068=CIRCLE('',#5767,1.);
#2069=CIRCLE('',#5770,1.);
#2070=CIRCLE('',#5771,1.);
#2071=CIRCLE('',#5774,1.);
#2072=CIRCLE('',#5775,1.);
#2073=CIRCLE('',#5778,1.);
#2074=CIRCLE('',#5779,1.);
#2075=CIRCLE('',#5782,1.);
#2076=CIRCLE('',#5783,1.);
#2077=CIRCLE('',#5785,4.20000000000005);
#2078=CIRCLE('',#5786,4.20000000000002);
#2079=CIRCLE('',#5787,1.);
#2080=CIRCLE('',#5788,0.999999999999996);
#2081=CIRCLE('',#5789,4.2);
#2082=CIRCLE('',#5790,4.20000000000005);
#2083=CIRCLE('',#5791,1.);
#2084=CIRCLE('',#5792,1.);
#2085=CIRCLE('',#5793,0.999999999999979);
#2086=CIRCLE('',#5794,1.00000000000001);
#2087=CIRCLE('',#5795,0.999999999999996);
#2088=CIRCLE('',#5796,1.);
#2089=CIRCLE('',#5797,0.999999999999996);
#2090=CIRCLE('',#5798,0.999999999999996);
#2091=CIRCLE('',#5799,0.999999999999996);
#2092=CIRCLE('',#5800,0.999999999999996);
#2093=CIRCLE('',#5801,2.);
#2094=CIRCLE('',#5802,3.80000000000001);
#2095=CIRCLE('',#5803,1.99999999999999);
#2096=CIRCLE('',#5804,1.99999999999999);
#2097=CIRCLE('',#5805,2.);
#2098=CIRCLE('',#5806,2.);
#2099=CIRCLE('',#5807,1.99999999999999);
#2100=CIRCLE('',#5808,1.99999999999999);
#2101=CIRCLE('',#5809,1.35);
#2102=CIRCLE('',#5810,1.35);
#2103=CIRCLE('',#5811,1.99999999999999);
#2104=CIRCLE('',#5812,1.);
#2105=CIRCLE('',#5813,1.);
#2106=CIRCLE('',#5814,1.);
#2107=CIRCLE('',#5815,1.);
#2108=CIRCLE('',#5816,2.);
#2109=CIRCLE('',#5817,1.99999999999999);
#2110=CIRCLE('',#5818,1.35);
#2111=CIRCLE('',#5819,1.35);
#2112=CIRCLE('',#5820,1.99999999999999);
#2113=CIRCLE('',#5821,1.99999999999999);
#2114=CIRCLE('',#5822,11.95);
#2115=CIRCLE('',#5823,1.99999999999999);
#2116=CIRCLE('',#5824,3.80000000000001);
#2117=CIRCLE('',#5825,1.99999999999999);
#2118=CIRCLE('',#5826,11.95);
#2119=CIRCLE('',#5827,1.99999999999999);
#2120=CIRCLE('',#5828,1.99999999999999);
#2121=CIRCLE('',#5829,11.95);
#2122=CIRCLE('',#5832,1.);
#2123=CIRCLE('',#5835,1.);
#2124=CIRCLE('',#5836,1.);
#2125=CIRCLE('',#5838,1.);
#2126=CIRCLE('',#5839,1.);
#2127=CIRCLE('',#5842,1.);
#2128=CIRCLE('',#5845,1.);
#2129=CIRCLE('',#5846,1.);
#2130=CIRCLE('',#5848,1.);
#2131=CIRCLE('',#5849,1.);
#2132=CIRCLE('',#5850,1.);
#2133=CIRCLE('',#5855,1.);
#2134=CIRCLE('',#5858,1.);
#2135=CIRCLE('',#5860,1.);
#2136=CIRCLE('',#5863,1.);
#2137=CIRCLE('',#5866,1.);
#2138=CIRCLE('',#5869,1.);
#2139=CIRCLE('',#5872,3.90000000107063);
#2140=CIRCLE('',#5873,3.90000000002619);
#2141=CIRCLE('',#5874,0.999999999999996);
#2142=CIRCLE('',#5875,0.549999999999997);
#2143=CIRCLE('',#5876,0.999999999999996);
#2144=CIRCLE('',#5877,0.549999999999997);
#2145=CIRCLE('',#5878,2.);
#2146=CIRCLE('',#5880,0.800000000000001);
#2147=CIRCLE('',#5882,0.800000000000001);
#2148=CIRCLE('',#5884,0.800000000000001);
#2149=CIRCLE('',#5886,0.800000000000001);
#2150=CIRCLE('',#5888,0.549999999999997);
#2151=CIRCLE('',#5889,0.549999999999997);
#2152=CIRCLE('',#5892,0.549999999999997);
#2153=CIRCLE('',#5895,0.549999999999997);
#2154=CIRCLE('',#5896,0.549999999999997);
#2155=CIRCLE('',#5899,0.549999999999997);
#2156=CIRCLE('',#5905,0.800000000000001);
#2157=CIRCLE('',#5907,0.800000000000001);
#2158=CIRCLE('',#5910,1.);
#2159=CIRCLE('',#5912,1.);
#2160=CIRCLE('',#5920,0.999999999999996);
#2161=CIRCLE('',#5923,0.999999999999996);
#2162=CIRCLE('',#5926,0.999999999999996);
#2163=CIRCLE('',#5929,1.);
#2164=CIRCLE('',#5932,4.20000000000005);
#2165=CIRCLE('',#5934,2.);
#2166=CIRCLE('',#5936,0.8);
#2167=CIRCLE('',#5937,0.8);
#2168=CIRCLE('',#5940,1.99999999999999);
#2169=CIRCLE('',#5942,0.800000000000001);
#2170=CIRCLE('',#5943,0.800000000000001);
#2171=CIRCLE('',#5946,1.99999999999999);
#2172=CIRCLE('',#5948,0.800000000000001);
#2173=CIRCLE('',#5949,0.800000000000001);
#2174=CIRCLE('',#5952,2.);
#2175=CIRCLE('',#5954,0.800000000000001);
#2176=CIRCLE('',#5955,0.800000000000001);
#2177=CIRCLE('',#5961,1.99999999999999);
#2178=CIRCLE('',#5963,0.800000000000001);
#2179=CIRCLE('',#5964,0.800000000000001);
#2180=CIRCLE('',#5967,3.80000000000001);
#2181=CIRCLE('',#5969,1.40000000000001);
#2182=CIRCLE('',#5970,1.40000000000001);
#2183=CIRCLE('',#5973,1.99999999999999);
#2184=CIRCLE('',#5975,0.800000000000001);
#2185=CIRCLE('',#5976,0.800000000000001);
#2186=CIRCLE('',#5985,2.);
#2187=CIRCLE('',#5987,0.800000000000001);
#2188=CIRCLE('',#5988,0.800000000000001);
#2189=CIRCLE('',#5991,2.);
#2190=CIRCLE('',#5993,0.800000000000001);
#2191=CIRCLE('',#5994,0.800000000000001);
#2192=CIRCLE('',#6001,0.800000000000001);
#2193=CIRCLE('',#6011,0.800000000000001);
#2194=CIRCLE('',#6015,0.999999999999996);
#2195=CIRCLE('',#6016,0.999999999999996);
#2196=CIRCLE('',#6023,2.99999999999816);
#2197=CIRCLE('',#6028,0.999999999999996);
#2198=CIRCLE('',#6029,0.999999999999996);
#2199=CIRCLE('',#6035,3.);
#2200=CIRCLE('',#6040,0.999999999999996);
#2201=CIRCLE('',#6043,0.999999999999996);
#2202=CIRCLE('',#6053,1.99999999999999);
#2203=CIRCLE('',#6055,0.800000000000001);
#2204=CIRCLE('',#6056,0.800000000000001);
#2205=CIRCLE('',#6062,3.80000000000001);
#2206=CIRCLE('',#6064,1.40000000000001);
#2207=CIRCLE('',#6065,1.40000000000001);
#2208=CIRCLE('',#6068,1.99999999999999);
#2209=CIRCLE('',#6070,0.800000000000001);
#2210=CIRCLE('',#6071,0.800000000000001);
#2211=CIRCLE('',#6074,1.99999999999999);
#2212=CIRCLE('',#6076,0.800000000000001);
#2213=CIRCLE('',#6077,0.800000000000001);
#2214=CIRCLE('',#6080,1.99999999999999);
#2215=CIRCLE('',#6082,0.800000000000001);
#2216=CIRCLE('',#6083,0.800000000000001);
#2217=CIRCLE('',#6086,1.99999999999999);
#2218=CIRCLE('',#6088,0.800000000000001);
#2219=CIRCLE('',#6089,0.800000000000001);
#2220=CIRCLE('',#6092,1.99999999999999);
#2221=CIRCLE('',#6094,0.800000000000001);
#2222=CIRCLE('',#6095,0.800000000000001);
#2223=CIRCLE('',#6098,11.95);
#2224=CIRCLE('',#6100,11.95);
#2225=CIRCLE('',#6102,11.95);
#2226=CIRCLE('',#6105,11.25);
#2227=CIRCLE('',#6107,11.25);
#2228=CIRCLE('',#6109,11.25);
#2229=CIRCLE('',#6117,2.);
#2230=CIRCLE('',#6119,0.800000000000001);
#2231=CIRCLE('',#6120,0.800000000000001);
#2232=CIRCLE('',#6123,1.99999999999999);
#2233=CIRCLE('',#6125,0.800000000000001);
#2234=CIRCLE('',#6126,0.800000000000001);
#2235=CIRCLE('',#6129,1.99999999999999);
#2236=CIRCLE('',#6131,0.800000000000001);
#2237=CIRCLE('',#6132,0.800000000000001);
#2238=CIRCLE('',#6135,1.35);
#2239=CIRCLE('',#6137,0.549999999999997);
#2240=CIRCLE('',#6138,0.549999999999997);
#2241=CIRCLE('',#6141,1.35);
#2242=CIRCLE('',#6143,0.549999999999997);
#2243=CIRCLE('',#6144,0.549999999999997);
#2244=CIRCLE('',#6147,1.35);
#2245=CIRCLE('',#6149,0.549999999999997);
#2246=CIRCLE('',#6150,0.549999999999997);
#2247=CIRCLE('',#6153,1.35);
#2248=CIRCLE('',#6155,0.549999999999997);
#2249=CIRCLE('',#6156,0.549999999999997);
#2250=CIRCLE('',#6167,6.);
#2251=CIRCLE('',#6168,6.);
#2252=CIRCLE('',#6171,6.00000000000005);
#2253=CIRCLE('',#6172,6.00000000000005);
#2254=CIRCLE('',#6175,6.00000000000005);
#2255=CIRCLE('',#6176,6.00000000000005);
#2256=CIRCLE('',#6179,6.00000000000002);
#2257=CIRCLE('',#6180,6.00000000000001);
#2258=CIRCLE('',#6183,0.500000000000025);
#2259=CIRCLE('',#6184,0.500000000000025);
#2260=CIRCLE('',#6187,0.500000000000025);
#2261=CIRCLE('',#6188,0.500000000000025);
#2262=CIRCLE('',#6191,0.999999999999996);
#2263=CIRCLE('',#6192,1.00000000000001);
#2264=CIRCLE('',#6193,0.999999999999979);
#2265=CIRCLE('',#6194,0.999999999999996);
#2266=CIRCLE('',#6196,0.500000000000025);
#2267=CIRCLE('',#6197,0.500000000000025);
#2268=CIRCLE('',#6200,0.500000000000029);
#2269=CIRCLE('',#6201,0.500000000000029);
#2270=CIRCLE('',#6205,4.20000000000002);
#2271=CIRCLE('',#6207,4.20000000000005);
#2272=CIRCLE('',#6210,4.2);
#2273=CIRCLE('',#6224,5.00000000000002);
#2274=CIRCLE('',#6225,5.);
#2275=CIRCLE('',#6226,5.00000000000005);
#2276=CIRCLE('',#6227,5.00000000000004);
#2277=CIRCLE('',#6230,5.00000000000002);
#2278=CIRCLE('',#6236,5.);
#2279=CIRCLE('',#6239,5.00000000000005);
#2280=CIRCLE('',#6242,5.00000000000004);
#2281=CIRCLE('',#6246,3.19999999976443);
#2282=CIRCLE('',#6249,3.19999999999441);
#2283=CIRCLE('',#6252,3.20000000018484);
#2284=CIRCLE('',#6255,3.20000000033122);
#2285=CIRCLE('',#6258,11.25);
#2286=CIRCLE('',#6260,11.25);
#2287=CIRCLE('',#6262,11.25);
#2288=CIRCLE('',#6265,1.);
#2289=CIRCLE('',#6266,1.);
#2290=CIRCLE('',#6268,1.);
#2291=CIRCLE('',#6273,1.);
#2292=CIRCLE('',#6276,0.8);
#2293=CIRCLE('',#6277,0.800000000000001);
#2294=CIRCLE('',#6279,0.8);
#2295=CIRCLE('',#6280,0.800000000000001);
#2296=CIRCLE('',#6281,0.8);
#2297=CIRCLE('',#6282,0.2);
#2298=CIRCLE('',#6284,0.8);
#2299=CIRCLE('',#6286,1.8);
#2300=CIRCLE('',#6288,0.8);
#2301=CIRCLE('',#6289,1.8);
#2302=CIRCLE('',#6291,0.8);
#2303=CIRCLE('',#6292,0.8);
#2304=CIRCLE('',#6293,0.2);
#2305=CIRCLE('',#6295,0.8);
#2306=CIRCLE('',#6297,0.8);
#2307=CIRCLE('',#6298,5.20000000000001);
#2308=CIRCLE('',#6300,0.8);
#2309=CIRCLE('',#6302,0.8);
#2310=CIRCLE('',#6303,5.20000000000005);
#2311=CIRCLE('',#6305,0.8);
#2312=CIRCLE('',#6306,0.8);
#2313=CIRCLE('',#6307,5.20000000000005);
#2314=CIRCLE('',#6309,0.8);
#2315=CIRCLE('',#6311,5.2);
#2316=VERTEX_POINT('',#8059);
#2317=VERTEX_POINT('',#8060);
#2318=VERTEX_POINT('',#8062);
#2319=VERTEX_POINT('',#8064);
#2320=VERTEX_POINT('',#8068);
#2321=VERTEX_POINT('',#8070);
#2322=VERTEX_POINT('',#8072);
#2323=VERTEX_POINT('',#8074);
#2324=VERTEX_POINT('',#8076);
#2325=VERTEX_POINT('',#8078);
#2326=VERTEX_POINT('',#8080);
#2327=VERTEX_POINT('',#8082);
#2328=VERTEX_POINT('',#8084);
#2329=VERTEX_POINT('',#8086);
#2330=VERTEX_POINT('',#8088);
#2331=VERTEX_POINT('',#8090);
#2332=VERTEX_POINT('',#8092);
#2333=VERTEX_POINT('',#8094);
#2334=VERTEX_POINT('',#8096);
#2335=VERTEX_POINT('',#8098);
#2336=VERTEX_POINT('',#8100);
#2337=VERTEX_POINT('',#8102);
#2338=VERTEX_POINT('',#8105);
#2339=VERTEX_POINT('',#8106);
#2340=VERTEX_POINT('',#8108);
#2341=VERTEX_POINT('',#8110);
#2342=VERTEX_POINT('',#8112);
#2343=VERTEX_POINT('',#8114);
#2344=VERTEX_POINT('',#8116);
#2345=VERTEX_POINT('',#8118);
#2346=VERTEX_POINT('',#8122);
#2347=VERTEX_POINT('',#8126);
#2348=VERTEX_POINT('',#8130);
#2349=VERTEX_POINT('',#8132);
#2350=VERTEX_POINT('',#8136);
#2351=VERTEX_POINT('',#8140);
#2352=VERTEX_POINT('',#8142);
#2353=VERTEX_POINT('',#8146);
#2354=VERTEX_POINT('',#8150);
#2355=VERTEX_POINT('',#8151);
#2356=VERTEX_POINT('',#8153);
#2357=VERTEX_POINT('',#8155);
#2358=VERTEX_POINT('',#8159);
#2359=VERTEX_POINT('',#8161);
#2360=VERTEX_POINT('',#8163);
#2361=VERTEX_POINT('',#8165);
#2362=VERTEX_POINT('',#8167);
#2363=VERTEX_POINT('',#8169);
#2364=VERTEX_POINT('',#8173);
#2365=VERTEX_POINT('',#8174);
#2366=VERTEX_POINT('',#8176);
#2367=VERTEX_POINT('',#8178);
#2368=VERTEX_POINT('',#8182);
#2369=VERTEX_POINT('',#8184);
#2370=VERTEX_POINT('',#8186);
#2371=VERTEX_POINT('',#8188);
#2372=VERTEX_POINT('',#8192);
#2373=VERTEX_POINT('',#8193);
#2374=VERTEX_POINT('',#8195);
#2375=VERTEX_POINT('',#8197);
#2376=VERTEX_POINT('',#8202);
#2377=VERTEX_POINT('',#8204);
#2378=VERTEX_POINT('',#8206);
#2379=VERTEX_POINT('',#8208);
#2380=VERTEX_POINT('',#8210);
#2381=VERTEX_POINT('',#8212);
#2382=VERTEX_POINT('',#8216);
#2383=VERTEX_POINT('',#8219);
#2384=VERTEX_POINT('',#8221);
#2385=VERTEX_POINT('',#8223);
#2386=VERTEX_POINT('',#8225);
#2387=VERTEX_POINT('',#8227);
#2388=VERTEX_POINT('',#8229);
#2389=VERTEX_POINT('',#8231);
#2390=VERTEX_POINT('',#8233);
#2391=VERTEX_POINT('',#8235);
#2392=VERTEX_POINT('',#8237);
#2393=VERTEX_POINT('',#8239);
#2394=VERTEX_POINT('',#8241);
#2395=VERTEX_POINT('',#8243);
#2396=VERTEX_POINT('',#8245);
#2397=VERTEX_POINT('',#8247);
#2398=VERTEX_POINT('',#8249);
#2399=VERTEX_POINT('',#8251);
#2400=VERTEX_POINT('',#8253);
#2401=VERTEX_POINT('',#8255);
#2402=VERTEX_POINT('',#8259);
#2403=VERTEX_POINT('',#8261);
#2404=VERTEX_POINT('',#8263);
#2405=VERTEX_POINT('',#8265);
#2406=VERTEX_POINT('',#8267);
#2407=VERTEX_POINT('',#8271);
#2408=VERTEX_POINT('',#8272);
#2409=VERTEX_POINT('',#8274);
#2410=VERTEX_POINT('',#8276);
#2411=VERTEX_POINT('',#8280);
#2412=VERTEX_POINT('',#8282);
#2413=VERTEX_POINT('',#8287);
#2414=VERTEX_POINT('',#8289);
#2415=VERTEX_POINT('',#8293);
#2416=VERTEX_POINT('',#8295);
#2417=VERTEX_POINT('',#8299);
#2418=VERTEX_POINT('',#8303);
#2419=VERTEX_POINT('',#8305);
#2420=VERTEX_POINT('',#8309);
#2421=VERTEX_POINT('',#8313);
#2422=VERTEX_POINT('',#8317);
#2423=VERTEX_POINT('',#8319);
#2424=VERTEX_POINT('',#8321);
#2425=VERTEX_POINT('',#8323);
#2426=VERTEX_POINT('',#8325);
#2427=VERTEX_POINT('',#8329);
#2428=VERTEX_POINT('',#8333);
#2429=VERTEX_POINT('',#8337);
#2430=VERTEX_POINT('',#8338);
#2431=VERTEX_POINT('',#8340);
#2432=VERTEX_POINT('',#8342);
#2433=VERTEX_POINT('',#8347);
#2434=VERTEX_POINT('',#8349);
#2435=VERTEX_POINT('',#8353);
#2436=VERTEX_POINT('',#8355);
#2437=VERTEX_POINT('',#8359);
#2438=VERTEX_POINT('',#8361);
#2439=VERTEX_POINT('',#8365);
#2440=VERTEX_POINT('',#8367);
#2441=VERTEX_POINT('',#8372);
#2442=VERTEX_POINT('',#8374);
#2443=VERTEX_POINT('',#8378);
#2444=VERTEX_POINT('',#8379);
#2445=VERTEX_POINT('',#8381);
#2446=VERTEX_POINT('',#8383);
#2447=VERTEX_POINT('',#8390);
#2448=VERTEX_POINT('',#8392);
#2449=VERTEX_POINT('',#8394);
#2450=VERTEX_POINT('',#8396);
#2451=VERTEX_POINT('',#8398);
#2452=VERTEX_POINT('',#8400);
#2453=VERTEX_POINT('',#8402);
#2454=VERTEX_POINT('',#8404);
#2455=VERTEX_POINT('',#8406);
#2456=VERTEX_POINT('',#8408);
#2457=VERTEX_POINT('',#8410);
#2458=VERTEX_POINT('',#8412);
#2459=VERTEX_POINT('',#8414);
#2460=VERTEX_POINT('',#8416);
#2461=VERTEX_POINT('',#8418);
#2462=VERTEX_POINT('',#8420);
#2463=VERTEX_POINT('',#8422);
#2464=VERTEX_POINT('',#8424);
#2465=VERTEX_POINT('',#8426);
#2466=VERTEX_POINT('',#8428);
#2467=VERTEX_POINT('',#8430);
#2468=VERTEX_POINT('',#8432);
#2469=VERTEX_POINT('',#8434);
#2470=VERTEX_POINT('',#8436);
#2471=VERTEX_POINT('',#8439);
#2472=VERTEX_POINT('',#8441);
#2473=VERTEX_POINT('',#8443);
#2474=VERTEX_POINT('',#8445);
#2475=VERTEX_POINT('',#8447);
#2476=VERTEX_POINT('',#8449);
#2477=VERTEX_POINT('',#8451);
#2478=VERTEX_POINT('',#8453);
#2479=VERTEX_POINT('',#8455);
#2480=VERTEX_POINT('',#8457);
#2481=VERTEX_POINT('',#8459);
#2482=VERTEX_POINT('',#8461);
#2483=VERTEX_POINT('',#8463);
#2484=VERTEX_POINT('',#8465);
#2485=VERTEX_POINT('',#8468);
#2486=VERTEX_POINT('',#8470);
#2487=VERTEX_POINT('',#8472);
#2488=VERTEX_POINT('',#8474);
#2489=VERTEX_POINT('',#8476);
#2490=VERTEX_POINT('',#8478);
#2491=VERTEX_POINT('',#8480);
#2492=VERTEX_POINT('',#8482);
#2493=VERTEX_POINT('',#8484);
#2494=VERTEX_POINT('',#8486);
#2495=VERTEX_POINT('',#8488);
#2496=VERTEX_POINT('',#8490);
#2497=VERTEX_POINT('',#8491);
#2498=VERTEX_POINT('',#8493);
#2499=VERTEX_POINT('',#8495);
#2500=VERTEX_POINT('',#8497);
#2501=VERTEX_POINT('',#8499);
#2502=VERTEX_POINT('',#8501);
#2503=VERTEX_POINT('',#8503);
#2504=VERTEX_POINT('',#8506);
#2505=VERTEX_POINT('',#8508);
#2506=VERTEX_POINT('',#8510);
#2507=VERTEX_POINT('',#8512);
#2508=VERTEX_POINT('',#8514);
#2509=VERTEX_POINT('',#8515);
#2510=VERTEX_POINT('',#8517);
#2511=VERTEX_POINT('',#8519);
#2512=VERTEX_POINT('',#8522);
#2513=VERTEX_POINT('',#8524);
#2514=VERTEX_POINT('',#8526);
#2515=VERTEX_POINT('',#8528);
#2516=VERTEX_POINT('',#8530);
#2517=VERTEX_POINT('',#8532);
#2518=VERTEX_POINT('',#8534);
#2519=VERTEX_POINT('',#8536);
#2520=VERTEX_POINT('',#8538);
#2521=VERTEX_POINT('',#8540);
#2522=VERTEX_POINT('',#8542);
#2523=VERTEX_POINT('',#8543);
#2524=VERTEX_POINT('',#8545);
#2525=VERTEX_POINT('',#8547);
#2526=VERTEX_POINT('',#8551);
#2527=VERTEX_POINT('',#8553);
#2528=VERTEX_POINT('',#8555);
#2529=VERTEX_POINT('',#8558);
#2530=VERTEX_POINT('',#8560);
#2531=VERTEX_POINT('',#8562);
#2532=VERTEX_POINT('',#8564);
#2533=VERTEX_POINT('',#8567);
#2534=VERTEX_POINT('',#8569);
#2535=VERTEX_POINT('',#8573);
#2536=VERTEX_POINT('',#8574);
#2537=VERTEX_POINT('',#8579);
#2538=VERTEX_POINT('',#8581);
#2539=VERTEX_POINT('',#8583);
#2540=VERTEX_POINT('',#8587);
#2541=VERTEX_POINT('',#8589);
#2542=VERTEX_POINT('',#8593);
#2543=VERTEX_POINT('',#8596);
#2544=VERTEX_POINT('',#8600);
#2545=VERTEX_POINT('',#8608);
#2546=VERTEX_POINT('',#8609);
#2547=VERTEX_POINT('',#8611);
#2548=VERTEX_POINT('',#8613);
#2549=VERTEX_POINT('',#8617);
#2550=VERTEX_POINT('',#8619);
#2551=VERTEX_POINT('',#8621);
#2552=VERTEX_POINT('',#8624);
#2553=VERTEX_POINT('',#8628);
#2554=VERTEX_POINT('',#8637);
#2555=VERTEX_POINT('',#8643);
#2556=VERTEX_POINT('',#8647);
#2557=VERTEX_POINT('',#8648);
#2558=VERTEX_POINT('',#8653);
#2559=VERTEX_POINT('',#8657);
#2560=VERTEX_POINT('',#8658);
#2561=VERTEX_POINT('',#8665);
#2562=VERTEX_POINT('',#8666);
#2563=VERTEX_POINT('',#8673);
#2564=VERTEX_POINT('',#8679);
#2565=VERTEX_POINT('',#8681);
#2566=VERTEX_POINT('',#8683);
#2567=VERTEX_POINT('',#8685);
#2568=VERTEX_POINT('',#8687);
#2569=VERTEX_POINT('',#8689);
#2570=VERTEX_POINT('',#8691);
#2571=VERTEX_POINT('',#8694);
#2572=VERTEX_POINT('',#8696);
#2573=VERTEX_POINT('',#8698);
#2574=VERTEX_POINT('',#8700);
#2575=VERTEX_POINT('',#8702);
#2576=VERTEX_POINT('',#8705);
#2577=VERTEX_POINT('',#8708);
#2578=VERTEX_POINT('',#8711);
#2579=VERTEX_POINT('',#8714);
#2580=VERTEX_POINT('',#8717);
#2581=VERTEX_POINT('',#8719);
#2582=VERTEX_POINT('',#8724);
#2583=VERTEX_POINT('',#8729);
#2584=VERTEX_POINT('',#8731);
#2585=VERTEX_POINT('',#8736);
#2586=VERTEX_POINT('',#8741);
#2587=VERTEX_POINT('',#8747);
#2588=VERTEX_POINT('',#8752);
#2589=VERTEX_POINT('',#8755);
#2590=VERTEX_POINT('',#8758);
#2591=VERTEX_POINT('',#8762);
#2592=VERTEX_POINT('',#8763);
#2593=VERTEX_POINT('',#8768);
#2594=VERTEX_POINT('',#8769);
#2595=VERTEX_POINT('',#8775);
#2596=VERTEX_POINT('',#8777);
#2597=VERTEX_POINT('',#8781);
#2598=VERTEX_POINT('',#8785);
#2599=VERTEX_POINT('',#8787);
#2600=VERTEX_POINT('',#8791);
#2601=VERTEX_POINT('',#8795);
#2602=VERTEX_POINT('',#8797);
#2603=VERTEX_POINT('',#8801);
#2604=VERTEX_POINT('',#8805);
#2605=VERTEX_POINT('',#8809);
#2606=VERTEX_POINT('',#8813);
#2607=VERTEX_POINT('',#8817);
#2608=VERTEX_POINT('',#8821);
#2609=VERTEX_POINT('',#8825);
#2610=VERTEX_POINT('',#8829);
#2611=VERTEX_POINT('',#8831);
#2612=VERTEX_POINT('',#8837);
#2613=VERTEX_POINT('',#8841);
#2614=VERTEX_POINT('',#8843);
#2615=VERTEX_POINT('',#8848);
#2616=VERTEX_POINT('',#8852);
#2617=VERTEX_POINT('',#8854);
#2618=VERTEX_POINT('',#8859);
#2619=VERTEX_POINT('',#8863);
#2620=VERTEX_POINT('',#8865);
#2621=VERTEX_POINT('',#8870);
#2622=VERTEX_POINT('',#8874);
#2623=VERTEX_POINT('',#8876);
#2624=VERTEX_POINT('',#8884);
#2625=VERTEX_POINT('',#8888);
#2626=VERTEX_POINT('',#8890);
#2627=VERTEX_POINT('',#8895);
#2628=VERTEX_POINT('',#8899);
#2629=VERTEX_POINT('',#8901);
#2630=VERTEX_POINT('',#8906);
#2631=VERTEX_POINT('',#8910);
#2632=VERTEX_POINT('',#8912);
#2633=VERTEX_POINT('',#8917);
#2634=VERTEX_POINT('',#8927);
#2635=VERTEX_POINT('',#8931);
#2636=VERTEX_POINT('',#8933);
#2637=VERTEX_POINT('',#8938);
#2638=VERTEX_POINT('',#8942);
#2639=VERTEX_POINT('',#8944);
#2640=VERTEX_POINT('',#8953);
#2641=VERTEX_POINT('',#8957);
#2642=VERTEX_POINT('',#8961);
#2643=VERTEX_POINT('',#8965);
#2644=VERTEX_POINT('',#8978);
#2645=VERTEX_POINT('',#8982);
#2646=VERTEX_POINT('',#8988);
#2647=VERTEX_POINT('',#8992);
#2648=VERTEX_POINT('',#8994);
#2649=VERTEX_POINT('',#9004);
#2650=VERTEX_POINT('',#9006);
#2651=VERTEX_POINT('',#9010);
#2652=VERTEX_POINT('',#9020);
#2653=VERTEX_POINT('',#9022);
#2654=VERTEX_POINT('',#9033);
#2655=VERTEX_POINT('',#9037);
#2656=VERTEX_POINT('',#9041);
#2657=VERTEX_POINT('',#9047);
#2658=VERTEX_POINT('',#9052);
#2659=VERTEX_POINT('',#9067);
#2660=VERTEX_POINT('',#9071);
#2661=VERTEX_POINT('',#9073);
#2662=VERTEX_POINT('',#9078);
#2663=VERTEX_POINT('',#9085);
#2664=VERTEX_POINT('',#9089);
#2665=VERTEX_POINT('',#9091);
#2666=VERTEX_POINT('',#9096);
#2667=VERTEX_POINT('',#9100);
#2668=VERTEX_POINT('',#9102);
#2669=VERTEX_POINT('',#9107);
#2670=VERTEX_POINT('',#9111);
#2671=VERTEX_POINT('',#9113);
#2672=VERTEX_POINT('',#9118);
#2673=VERTEX_POINT('',#9122);
#2674=VERTEX_POINT('',#9124);
#2675=VERTEX_POINT('',#9129);
#2676=VERTEX_POINT('',#9133);
#2677=VERTEX_POINT('',#9135);
#2678=VERTEX_POINT('',#9140);
#2679=VERTEX_POINT('',#9144);
#2680=VERTEX_POINT('',#9146);
#2681=VERTEX_POINT('',#9151);
#2682=VERTEX_POINT('',#9155);
#2683=VERTEX_POINT('',#9159);
#2684=VERTEX_POINT('',#9164);
#2685=VERTEX_POINT('',#9167);
#2686=VERTEX_POINT('',#9170);
#2687=VERTEX_POINT('',#9179);
#2688=VERTEX_POINT('',#9183);
#2689=VERTEX_POINT('',#9185);
#2690=VERTEX_POINT('',#9190);
#2691=VERTEX_POINT('',#9194);
#2692=VERTEX_POINT('',#9196);
#2693=VERTEX_POINT('',#9201);
#2694=VERTEX_POINT('',#9205);
#2695=VERTEX_POINT('',#9207);
#2696=VERTEX_POINT('',#9212);
#2697=VERTEX_POINT('',#9216);
#2698=VERTEX_POINT('',#9218);
#2699=VERTEX_POINT('',#9223);
#2700=VERTEX_POINT('',#9227);
#2701=VERTEX_POINT('',#9229);
#2702=VERTEX_POINT('',#9234);
#2703=VERTEX_POINT('',#9238);
#2704=VERTEX_POINT('',#9240);
#2705=VERTEX_POINT('',#9245);
#2706=VERTEX_POINT('',#9249);
#2707=VERTEX_POINT('',#9251);
#2708=VERTEX_POINT('',#9264);
#2709=VERTEX_POINT('',#9265);
#2710=VERTEX_POINT('',#9267);
#2711=VERTEX_POINT('',#9269);
#2712=VERTEX_POINT('',#9273);
#2713=VERTEX_POINT('',#9275);
#2714=VERTEX_POINT('',#9279);
#2715=VERTEX_POINT('',#9281);
#2716=VERTEX_POINT('',#9285);
#2717=VERTEX_POINT('',#9286);
#2718=VERTEX_POINT('',#9288);
#2719=VERTEX_POINT('',#9290);
#2720=VERTEX_POINT('',#9293);
#2721=VERTEX_POINT('',#9295);
#2722=VERTEX_POINT('',#9297);
#2723=VERTEX_POINT('',#9304);
#2724=VERTEX_POINT('',#9313);
#2725=VERTEX_POINT('',#9315);
#2726=VERTEX_POINT('',#9319);
#2727=VERTEX_POINT('',#9321);
#2728=VERTEX_POINT('',#9325);
#2729=VERTEX_POINT('',#9327);
#2730=VERTEX_POINT('',#9331);
#2731=VERTEX_POINT('',#9333);
#2732=VERTEX_POINT('',#9337);
#2733=VERTEX_POINT('',#9338);
#2734=VERTEX_POINT('',#9340);
#2735=VERTEX_POINT('',#9342);
#2736=VERTEX_POINT('',#9346);
#2737=VERTEX_POINT('',#9348);
#2738=VERTEX_POINT('',#9352);
#2739=VERTEX_POINT('',#9354);
#2740=VERTEX_POINT('',#9358);
#2741=VERTEX_POINT('',#9360);
#2742=VERTEX_POINT('',#9699);
#2743=VERTEX_POINT('',#9784);
#2744=VERTEX_POINT('',#9871);
#2745=VERTEX_POINT('',#9873);
#2746=VERTEX_POINT('',#9875);
#2747=VERTEX_POINT('',#9877);
#2748=VERTEX_POINT('',#9879);
#2749=VERTEX_POINT('',#9883);
#2750=VERTEX_POINT('',#10105);
#2751=VERTEX_POINT('',#10107);
#2752=VERTEX_POINT('',#10111);
#2753=VERTEX_POINT('',#10113);
#2754=VERTEX_POINT('',#10117);
#2755=VERTEX_POINT('',#10119);
#2756=VERTEX_POINT('',#10126);
#2757=VERTEX_POINT('',#10128);
#2758=VERTEX_POINT('',#10130);
#2759=VERTEX_POINT('',#10132);
#2760=VERTEX_POINT('',#10138);
#2761=VERTEX_POINT('',#10142);
#2762=VERTEX_POINT('',#10146);
#2763=VERTEX_POINT('',#10150);
#2764=VERTEX_POINT('',#10152);
#2765=VERTEX_POINT('',#10154);
#2766=VERTEX_POINT('',#10158);
#2767=VERTEX_POINT('',#10160);
#2768=VERTEX_POINT('',#10164);
#2769=VERTEX_POINT('',#10166);
#2770=VERTEX_POINT('',#10168);
#2771=VERTEX_POINT('',#10184);
#2772=VERTEX_POINT('',#10186);
#2773=VERTEX_POINT('',#10188);
#2774=VERTEX_POINT('',#10195);
#2775=VERTEX_POINT('',#10196);
#2776=VERTEX_POINT('',#10198);
#2777=VERTEX_POINT('',#10200);
#2778=VERTEX_POINT('',#10203);
#2779=VERTEX_POINT('',#10205);
#2780=VERTEX_POINT('',#10207);
#2781=VERTEX_POINT('',#10209);
#2782=VERTEX_POINT('',#10211);
#2783=VERTEX_POINT('',#10213);
#2784=VERTEX_POINT('',#10217);
#2785=VERTEX_POINT('',#10218);
#2786=VERTEX_POINT('',#10223);
#2787=VERTEX_POINT('',#10227);
#2788=VERTEX_POINT('',#10233);
#2789=VERTEX_POINT('',#10237);
#2790=VERTEX_POINT('',#10241);
#2791=VERTEX_POINT('',#10245);
#2792=VERTEX_POINT('',#10249);
#2793=VERTEX_POINT('',#10253);
#2794=VERTEX_POINT('',#10262);
#2795=VERTEX_POINT('',#10264);
#2796=VERTEX_POINT('',#10268);
#2797=VERTEX_POINT('',#10272);
#2798=VERTEX_POINT('',#10276);
#2799=VERTEX_POINT('',#10280);
#2800=VERTEX_POINT('',#10284);
#2801=VERTEX_POINT('',#10288);
#2802=VERTEX_POINT('',#10294);
#2803=VERTEX_POINT('',#10298);
#2804=VERTEX_POINT('',#10302);
#2805=VERTEX_POINT('',#10307);
#2806=VERTEX_POINT('',#10309);
#2807=VERTEX_POINT('',#10311);
#2808=VERTEX_POINT('',#10316);
#2809=VERTEX_POINT('',#10324);
#2810=VERTEX_POINT('',#10328);
#2811=VERTEX_POINT('',#10334);
#2812=VERTEX_POINT('',#10336);
#2813=VERTEX_POINT('',#10340);
#2814=VERTEX_POINT('',#10342);
#2815=VERTEX_POINT('',#10354);
#2816=VERTEX_POINT('',#10358);
#2817=VERTEX_POINT('',#10364);
#2818=VERTEX_POINT('',#10368);
#2819=VERTEX_POINT('',#10380);
#2820=VERTEX_POINT('',#10384);
#2821=VERTEX_POINT('',#10388);
#2822=VERTEX_POINT('',#10392);
#2823=VERTEX_POINT('',#10396);
#2824=VERTEX_POINT('',#10400);
#2825=VERTEX_POINT('',#10402);
#2826=VERTEX_POINT('',#10406);
#2827=VERTEX_POINT('',#10412);
#2828=VERTEX_POINT('',#10414);
#2829=VERTEX_POINT('',#10431);
#2830=VERTEX_POINT('',#10435);
#2831=VERTEX_POINT('',#10437);
#2832=VERTEX_POINT('',#10439);
#2833=VERTEX_POINT('',#10458);
#2834=VERTEX_POINT('',#10460);
#2835=VERTEX_POINT('',#10465);
#2836=VERTEX_POINT('',#10467);
#2837=EDGE_CURVE('',#2316,#2317,#2028,.T.);
#2838=EDGE_CURVE('',#2316,#2318,#1054,.T.);
#2839=EDGE_CURVE('',#2318,#2319,#2029,.T.);
#2840=EDGE_CURVE('',#2319,#2317,#1055,.T.);
#2841=EDGE_CURVE('',#2317,#2320,#1056,.T.);
#2842=EDGE_CURVE('',#2320,#2321,#2030,.T.);
#2843=EDGE_CURVE('',#2321,#2322,#1057,.T.);
#2844=EDGE_CURVE('',#2322,#2323,#1058,.T.);
#2845=EDGE_CURVE('',#2323,#2324,#1059,.T.);
#2846=EDGE_CURVE('',#2324,#2325,#2031,.T.);
#2847=EDGE_CURVE('',#2325,#2326,#1060,.T.);
#2848=EDGE_CURVE('',#2326,#2327,#2032,.T.);
#2849=EDGE_CURVE('',#2327,#2328,#1061,.T.);
#2850=EDGE_CURVE('',#2328,#2329,#1062,.T.);
#2851=EDGE_CURVE('',#2329,#2330,#2033,.T.);
#2852=EDGE_CURVE('',#2330,#2331,#1063,.T.);
#2853=EDGE_CURVE('',#2331,#2332,#2034,.T.);
#2854=EDGE_CURVE('',#2332,#2333,#1064,.T.);
#2855=EDGE_CURVE('',#2333,#2334,#2035,.T.);
#2856=EDGE_CURVE('',#2334,#2335,#1065,.T.);
#2857=EDGE_CURVE('',#2335,#2336,#2036,.T.);
#2858=EDGE_CURVE('',#2336,#2337,#1066,.T.);
#2859=EDGE_CURVE('',#2337,#2316,#1067,.T.);
#2860=EDGE_CURVE('',#2338,#2339,#1068,.T.);
#2861=EDGE_CURVE('',#2339,#2340,#2037,.T.);
#2862=EDGE_CURVE('',#2340,#2341,#1069,.T.);
#2863=EDGE_CURVE('',#2341,#2342,#2038,.T.);
#2864=EDGE_CURVE('',#2342,#2343,#1070,.T.);
#2865=EDGE_CURVE('',#2343,#2344,#2039,.T.);
#2866=EDGE_CURVE('',#2344,#2345,#1071,.T.);
#2867=EDGE_CURVE('',#2345,#2338,#2040,.T.);
#2868=EDGE_CURVE('',#2319,#2346,#1072,.T.);
#2869=EDGE_CURVE('',#2320,#2346,#1073,.T.);
#2870=EDGE_CURVE('',#2346,#2347,#2041,.T.);
#2871=EDGE_CURVE('',#2347,#2321,#1074,.T.);
#2872=EDGE_CURVE('',#2324,#2348,#1075,.T.);
#2873=EDGE_CURVE('',#2348,#2349,#2042,.T.);
#2874=EDGE_CURVE('',#2349,#2325,#1076,.T.);
#2875=EDGE_CURVE('',#2323,#2350,#1077,.T.);
#2876=EDGE_CURVE('',#2348,#2350,#1078,.T.);
#2877=EDGE_CURVE('',#2326,#2351,#1079,.T.);
#2878=EDGE_CURVE('',#2351,#2352,#2043,.T.);
#2879=EDGE_CURVE('',#2352,#2327,#1080,.T.);
#2880=EDGE_CURVE('',#2353,#2352,#1081,.T.);
#2881=EDGE_CURVE('',#2328,#2353,#1082,.T.);
#2882=EDGE_CURVE('',#2354,#2355,#2044,.T.);
#2883=EDGE_CURVE('',#2354,#2356,#1083,.T.);
#2884=EDGE_CURVE('',#2356,#2357,#2045,.T.);
#2885=EDGE_CURVE('',#2357,#2355,#1084,.T.);
#2886=EDGE_CURVE('',#2358,#2356,#1085,.T.);
#2887=EDGE_CURVE('',#2354,#2359,#1086,.T.);
#2888=EDGE_CURVE('',#2360,#2359,#1087,.T.);
#2889=EDGE_CURVE('',#2361,#2360,#1088,.T.);
#2890=EDGE_CURVE('',#2361,#2362,#1089,.T.);
#2891=EDGE_CURVE('',#2362,#2363,#1090,.T.);
#2892=EDGE_CURVE('',#2358,#2363,#1091,.T.);
#2893=EDGE_CURVE('',#2364,#2365,#2046,.T.);
#2894=EDGE_CURVE('',#2364,#2366,#1092,.T.);
#2895=EDGE_CURVE('',#2366,#2367,#2047,.T.);
#2896=EDGE_CURVE('',#2367,#2365,#1093,.T.);
#2897=EDGE_CURVE('',#2368,#2366,#1094,.T.);
#2898=EDGE_CURVE('',#2369,#2364,#1095,.T.);
#2899=EDGE_CURVE('',#2369,#2370,#1096,.T.);
#2900=EDGE_CURVE('',#2371,#2370,#1097,.T.);
#2901=EDGE_CURVE('',#2368,#2371,#1098,.T.);
#2902=EDGE_CURVE('',#2372,#2373,#2048,.T.);
#2903=EDGE_CURVE('',#2372,#2374,#1099,.T.);
#2904=EDGE_CURVE('',#2375,#2374,#2049,.F.);
#2905=EDGE_CURVE('',#2375,#2373,#1100,.T.);
#2906=EDGE_CURVE('',#2365,#2372,#1101,.T.);
#2907=EDGE_CURVE('',#2373,#2376,#1102,.T.);
#2908=EDGE_CURVE('',#2376,#2377,#2050,.T.);
#2909=EDGE_CURVE('',#2378,#2377,#1103,.T.);
#2910=EDGE_CURVE('',#2379,#2378,#2051,.T.);
#2911=EDGE_CURVE('',#2380,#2379,#1104,.T.);
#2912=EDGE_CURVE('',#2380,#2381,#2052,.T.);
#2913=EDGE_CURVE('',#2381,#2353,#1105,.T.);
#2914=EDGE_CURVE('',#2349,#2351,#1106,.T.);
#2915=EDGE_CURVE('',#2350,#2382,#1107,.T.);
#2916=EDGE_CURVE('',#2382,#2347,#1108,.T.);
#2917=EDGE_CURVE('',#2318,#2383,#1109,.T.);
#2918=EDGE_CURVE('',#2383,#2384,#1110,.T.);
#2919=EDGE_CURVE('',#2384,#2385,#2053,.T.);
#2920=EDGE_CURVE('',#2386,#2385,#1111,.T.);
#2921=EDGE_CURVE('',#2387,#2386,#2054,.T.);
#2922=EDGE_CURVE('',#2388,#2387,#1112,.T.);
#2923=EDGE_CURVE('',#2388,#2389,#2055,.T.);
#2924=EDGE_CURVE('',#2389,#2390,#1113,.T.);
#2925=EDGE_CURVE('',#2390,#2391,#2056,.T.);
#2926=EDGE_CURVE('',#2391,#2392,#1114,.T.);
#2927=EDGE_CURVE('',#2392,#2393,#2057,.T.);
#2928=EDGE_CURVE('',#2393,#2394,#1115,.T.);
#2929=EDGE_CURVE('',#2395,#2394,#1116,.T.);
#2930=EDGE_CURVE('',#2395,#2396,#2058,.T.);
#2931=EDGE_CURVE('',#2397,#2396,#1117,.T.);
#2932=EDGE_CURVE('',#2398,#2397,#2059,.T.);
#2933=EDGE_CURVE('',#2399,#2398,#1118,.T.);
#2934=EDGE_CURVE('',#2400,#2399,#2060,.T.);
#2935=EDGE_CURVE('',#2401,#2400,#1119,.T.);
#2936=EDGE_CURVE('',#2369,#2401,#1120,.T.);
#2937=EDGE_CURVE('',#2375,#2402,#1121,.T.);
#2938=EDGE_CURVE('',#2402,#2403,#1122,.T.);
#2939=EDGE_CURVE('',#2404,#2403,#1123,.T.);
#2940=EDGE_CURVE('',#2405,#2404,#1124,.T.);
#2941=EDGE_CURVE('',#2406,#2405,#1125,.T.);
#2942=EDGE_CURVE('',#2376,#2406,#1126,.T.);
#2943=EDGE_CURVE('',#2407,#2408,#2061,.T.);
#2944=EDGE_CURVE('',#2407,#2409,#1127,.T.);
#2945=EDGE_CURVE('',#2409,#2410,#2062,.T.);
#2946=EDGE_CURVE('',#2410,#2408,#1128,.T.);
#2947=EDGE_CURVE('',#2411,#2407,#1129,.T.);
#2948=EDGE_CURVE('',#2412,#2411,#1130,.T.);
#2949=EDGE_CURVE('',#2412,#2405,#1131,.T.);
#2950=EDGE_CURVE('',#2409,#2404,#1132,.T.);
#2951=EDGE_CURVE('',#2413,#2411,#2063,.T.);
#2952=EDGE_CURVE('',#2413,#2414,#1133,.T.);
#2953=EDGE_CURVE('',#2412,#2414,#2064,.F.);
#2954=EDGE_CURVE('',#2408,#2415,#1134,.T.);
#2955=EDGE_CURVE('',#2415,#2416,#1135,.T.);
#2956=EDGE_CURVE('',#2413,#2416,#1136,.T.);
#2957=EDGE_CURVE('',#2406,#2417,#2065,.T.);
#2958=EDGE_CURVE('',#2417,#2377,#1137,.T.);
#2959=EDGE_CURVE('',#2392,#2418,#1138,.T.);
#2960=EDGE_CURVE('',#2419,#2418,#2066,.F.);
#2961=EDGE_CURVE('',#2419,#2393,#1139,.T.);
#2962=EDGE_CURVE('',#2420,#2391,#1140,.T.);
#2963=EDGE_CURVE('',#2418,#2420,#1141,.T.);
#2964=EDGE_CURVE('',#2390,#2421,#1142,.T.);
#2965=EDGE_CURVE('',#2421,#2420,#2067,.T.);
#2966=EDGE_CURVE('',#2422,#2421,#1143,.T.);
#2967=EDGE_CURVE('',#2423,#2389,#1144,.T.);
#2968=EDGE_CURVE('',#2424,#2423,#1145,.T.);
#2969=EDGE_CURVE('',#2424,#2425,#1146,.T.);
#2970=EDGE_CURVE('',#2426,#2425,#1147,.T.);
#2971=EDGE_CURVE('',#2422,#2426,#1148,.T.);
#2972=EDGE_CURVE('',#2388,#2427,#1149,.T.);
#2973=EDGE_CURVE('',#2427,#2423,#2068,.T.);
#2974=EDGE_CURVE('',#2387,#2428,#1150,.T.);
#2975=EDGE_CURVE('',#2427,#2428,#1151,.T.);
#2976=EDGE_CURVE('',#2429,#2430,#2069,.T.);
#2977=EDGE_CURVE('',#2429,#2431,#1152,.T.);
#2978=EDGE_CURVE('',#2431,#2432,#2070,.T.);
#2979=EDGE_CURVE('',#2432,#2430,#1153,.T.);
#2980=EDGE_CURVE('',#2424,#2431,#1154,.T.);
#2981=EDGE_CURVE('',#2433,#2429,#1155,.T.);
#2982=EDGE_CURVE('',#2434,#2433,#1156,.T.);
#2983=EDGE_CURVE('',#2425,#2434,#1157,.T.);
#2984=EDGE_CURVE('',#2435,#2433,#2071,.T.);
#2985=EDGE_CURVE('',#2435,#2436,#1158,.T.);
#2986=EDGE_CURVE('',#2436,#2434,#2072,.T.);
#2987=EDGE_CURVE('',#2437,#2430,#1159,.T.);
#2988=EDGE_CURVE('',#2437,#2438,#1160,.T.);
#2989=EDGE_CURVE('',#2438,#2435,#1161,.T.);
#2990=EDGE_CURVE('',#2439,#2363,#2073,.T.);
#2991=EDGE_CURVE('',#2439,#2440,#1162,.T.);
#2992=EDGE_CURVE('',#2440,#2358,#2074,.T.);
#2993=EDGE_CURVE('',#2422,#2439,#1163,.T.);
#2994=EDGE_CURVE('',#2441,#2426,#1164,.T.);
#2995=EDGE_CURVE('',#2442,#2441,#1165,.T.);
#2996=EDGE_CURVE('',#2440,#2442,#1166,.T.);
#2997=EDGE_CURVE('',#2443,#2444,#2075,.T.);
#2998=EDGE_CURVE('',#2443,#2445,#1167,.T.);
#2999=EDGE_CURVE('',#2445,#2446,#2076,.T.);
#3000=EDGE_CURVE('',#2446,#2444,#1168,.T.);
#3001=EDGE_CURVE('',#2355,#2402,#1169,.T.);
#3002=EDGE_CURVE('',#2374,#2367,#1170,.T.);
#3003=EDGE_CURVE('',#2443,#2368,#1171,.T.);
#3004=EDGE_CURVE('',#2447,#2444,#1172,.T.);
#3005=EDGE_CURVE('',#2448,#2447,#2077,.T.);
#3006=EDGE_CURVE('',#2449,#2448,#1173,.T.);
#3007=EDGE_CURVE('',#2450,#2449,#2078,.T.);
#3008=EDGE_CURVE('',#2451,#2450,#1174,.T.);
#3009=EDGE_CURVE('',#2451,#2452,#1175,.T.);
#3010=EDGE_CURVE('',#2452,#2453,#2079,.T.);
#3011=EDGE_CURVE('',#2454,#2453,#1176,.T.);
#3012=EDGE_CURVE('',#2455,#2454,#1177,.T.);
#3013=EDGE_CURVE('',#2456,#2455,#1178,.T.);
#3014=EDGE_CURVE('',#2457,#2456,#1179,.T.);
#3015=EDGE_CURVE('',#2458,#2457,#1180,.T.);
#3016=EDGE_CURVE('',#2458,#2459,#2080,.T.);
#3017=EDGE_CURVE('',#2459,#2460,#1181,.T.);
#3018=EDGE_CURVE('',#2461,#2460,#1182,.T.);
#3019=EDGE_CURVE('',#2462,#2461,#2081,.T.);
#3020=EDGE_CURVE('',#2463,#2462,#1183,.T.);
#3021=EDGE_CURVE('',#2464,#2463,#2082,.T.);
#3022=EDGE_CURVE('',#2465,#2464,#1184,.T.);
#3023=EDGE_CURVE('',#2466,#2465,#2083,.T.);
#3024=EDGE_CURVE('',#2466,#2467,#1185,.T.);
#3025=EDGE_CURVE('',#2468,#2467,#2084,.T.);
#3026=EDGE_CURVE('',#2468,#2469,#1186,.T.);
#3027=EDGE_CURVE('',#2470,#2469,#1187,.T.);
#3028=EDGE_CURVE('',#2419,#2470,#1188,.T.);
#3029=EDGE_CURVE('',#2471,#2362,#2085,.T.);
#3030=EDGE_CURVE('',#2472,#2471,#1189,.T.);
#3031=EDGE_CURVE('',#2473,#2472,#2086,.T.);
#3032=EDGE_CURVE('',#2474,#2473,#1190,.T.);
#3033=EDGE_CURVE('',#2475,#2474,#2087,.T.);
#3034=EDGE_CURVE('',#2476,#2475,#1191,.T.);
#3035=EDGE_CURVE('',#2477,#2476,#2088,.T.);
#3036=EDGE_CURVE('',#2478,#2477,#1192,.T.);
#3037=EDGE_CURVE('',#2479,#2478,#2089,.T.);
#3038=EDGE_CURVE('',#2480,#2479,#1193,.T.);
#3039=EDGE_CURVE('',#2481,#2480,#2090,.T.);
#3040=EDGE_CURVE('',#2482,#2481,#1194,.T.);
#3041=EDGE_CURVE('',#2483,#2482,#2091,.T.);
#3042=EDGE_CURVE('',#2484,#2483,#1195,.T.);
#3043=EDGE_CURVE('',#2359,#2484,#2092,.T.);
#3044=EDGE_CURVE('',#2485,#2485,#2093,.T.);
#3045=EDGE_CURVE('',#2486,#2486,#2094,.T.);
#3046=EDGE_CURVE('',#2487,#2487,#2095,.T.);
#3047=EDGE_CURVE('',#2488,#2488,#2096,.T.);
#3048=EDGE_CURVE('',#2489,#2489,#2097,.T.);
#3049=EDGE_CURVE('',#2490,#2490,#2098,.T.);
#3050=EDGE_CURVE('',#2491,#2491,#2099,.T.);
#3051=EDGE_CURVE('',#2492,#2492,#2100,.T.);
#3052=EDGE_CURVE('',#2493,#2493,#2101,.T.);
#3053=EDGE_CURVE('',#2494,#2494,#2102,.T.);
#3054=EDGE_CURVE('',#2495,#2495,#2103,.T.);
#3055=EDGE_CURVE('',#2496,#2497,#2104,.T.);
#3056=EDGE_CURVE('',#2498,#2496,#1196,.T.);
#3057=EDGE_CURVE('',#2499,#2498,#2105,.T.);
#3058=EDGE_CURVE('',#2500,#2499,#1197,.T.);
#3059=EDGE_CURVE('',#2501,#2500,#2106,.T.);
#3060=EDGE_CURVE('',#2502,#2501,#1198,.T.);
#3061=EDGE_CURVE('',#2503,#2502,#2107,.T.);
#3062=EDGE_CURVE('',#2497,#2503,#1199,.T.);
#3063=EDGE_CURVE('',#2504,#2504,#2108,.T.);
#3064=EDGE_CURVE('',#2505,#2505,#2109,.T.);
#3065=EDGE_CURVE('',#2506,#2506,#2110,.T.);
#3066=EDGE_CURVE('',#2507,#2507,#2111,.T.);
#3067=EDGE_CURVE('',#2508,#2509,#1200,.T.);
#3068=EDGE_CURVE('',#2509,#2510,#1201,.T.);
#3069=EDGE_CURVE('',#2511,#2510,#1202,.T.);
#3070=EDGE_CURVE('',#2508,#2511,#1203,.T.);
#3071=EDGE_CURVE('',#2512,#2512,#2112,.T.);
#3072=EDGE_CURVE('',#2513,#2513,#2113,.T.);
#3073=EDGE_CURVE('',#2514,#2514,#2114,.T.);
#3074=EDGE_CURVE('',#2515,#2515,#2115,.T.);
#3075=EDGE_CURVE('',#2516,#2516,#2116,.T.);
#3076=EDGE_CURVE('',#2517,#2517,#2117,.T.);
#3077=EDGE_CURVE('',#2518,#2518,#2118,.T.);
#3078=EDGE_CURVE('',#2519,#2519,#2119,.T.);
#3079=EDGE_CURVE('',#2520,#2520,#2120,.T.);
#3080=EDGE_CURVE('',#2521,#2521,#2121,.T.);
#3081=EDGE_CURVE('',#2522,#2523,#1204,.T.);
#3082=EDGE_CURVE('',#2524,#2522,#1205,.T.);
#3083=EDGE_CURVE('',#2524,#2525,#1206,.T.);
#3084=EDGE_CURVE('',#2525,#2523,#1207,.T.);
#3085=EDGE_CURVE('',#2446,#2526,#1208,.T.);
#3086=EDGE_CURVE('',#2527,#2526,#1209,.T.);
#3087=EDGE_CURVE('',#2527,#2528,#1210,.T.);
#3088=EDGE_CURVE('',#2397,#2528,#1211,.T.);
#3089=EDGE_CURVE('',#2529,#2396,#1212,.T.);
#3090=EDGE_CURVE('',#2529,#2530,#1213,.T.);
#3091=EDGE_CURVE('',#2531,#2530,#1214,.T.);
#3092=EDGE_CURVE('',#2531,#2532,#1215,.T.);
#3093=EDGE_CURVE('',#2465,#2532,#1216,.T.);
#3094=EDGE_CURVE('',#2533,#2464,#1217,.T.);
#3095=EDGE_CURVE('',#2534,#2533,#1218,.T.);
#3096=EDGE_CURVE('',#2534,#2447,#1219,.T.);
#3097=EDGE_CURVE('',#2535,#2536,#2122,.T.);
#3098=EDGE_CURVE('',#2535,#2400,#1220,.T.);
#3099=EDGE_CURVE('',#2399,#2536,#1221,.T.);
#3100=EDGE_CURVE('',#2537,#2535,#1222,.T.);
#3101=EDGE_CURVE('',#2538,#2537,#1223,.T.);
#3102=EDGE_CURVE('',#2539,#2538,#1224,.T.);
#3103=EDGE_CURVE('',#2539,#2401,#1225,.T.);
#3104=EDGE_CURVE('',#2527,#2540,#2123,.T.);
#3105=EDGE_CURVE('',#2526,#2541,#2124,.T.);
#3106=EDGE_CURVE('',#2541,#2540,#1226,.T.);
#3107=EDGE_CURVE('',#2536,#2542,#1227,.T.);
#3108=EDGE_CURVE('',#2542,#2528,#2125,.T.);
#3109=EDGE_CURVE('',#2540,#2543,#1228,.T.);
#3110=EDGE_CURVE('',#2543,#2537,#2126,.T.);
#3111=EDGE_CURVE('',#2544,#2541,#1229,.T.);
#3112=EDGE_CURVE('',#2543,#2544,#1230,.T.);
#3113=EDGE_CURVE('',#2544,#2538,#2127,.T.);
#3114=EDGE_CURVE('',#2542,#2398,#1231,.T.);
#3115=EDGE_CURVE('',#2545,#2546,#2128,.T.);
#3116=EDGE_CURVE('',#2545,#2547,#1232,.T.);
#3117=EDGE_CURVE('',#2547,#2548,#2129,.T.);
#3118=EDGE_CURVE('',#2548,#2546,#1233,.T.);
#3119=EDGE_CURVE('',#2546,#2549,#1234,.T.);
#3120=EDGE_CURVE('',#2549,#2550,#2130,.T.);
#3121=EDGE_CURVE('',#2550,#2551,#1235,.T.);
#3122=EDGE_CURVE('',#2551,#2532,#2131,.T.);
#3123=EDGE_CURVE('',#2531,#2552,#2132,.T.);
#3124=EDGE_CURVE('',#2552,#2545,#1236,.T.);
#3125=EDGE_CURVE('',#2553,#2548,#1237,.T.);
#3126=EDGE_CURVE('',#2469,#2553,#1238,.T.);
#3127=EDGE_CURVE('',#2549,#2468,#1239,.T.);
#3128=EDGE_CURVE('',#2467,#2550,#1240,.T.);
#3129=EDGE_CURVE('',#2551,#2466,#1241,.T.);
#3130=EDGE_CURVE('',#2530,#2554,#2133,.T.);
#3131=EDGE_CURVE('',#2554,#2552,#1242,.T.);
#3132=EDGE_CURVE('',#2547,#2554,#1243,.T.);
#3133=EDGE_CURVE('',#2395,#2555,#1244,.T.);
#3134=EDGE_CURVE('',#2555,#2529,#2134,.T.);
#3135=EDGE_CURVE('',#2556,#2557,#2135,.T.);
#3136=EDGE_CURVE('',#2556,#2499,#1245,.T.);
#3137=EDGE_CURVE('',#2498,#2557,#1246,.T.);
#3138=EDGE_CURVE('',#2558,#2496,#1247,.T.);
#3139=EDGE_CURVE('',#2557,#2558,#1248,.T.);
#3140=EDGE_CURVE('',#2559,#2560,#2136,.T.);
#3141=EDGE_CURVE('',#2559,#2501,#1249,.T.);
#3142=EDGE_CURVE('',#2500,#2560,#1250,.T.);
#3143=EDGE_CURVE('',#2560,#2556,#1251,.T.);
#3144=EDGE_CURVE('',#2561,#2562,#2137,.T.);
#3145=EDGE_CURVE('',#2561,#2503,#1252,.T.);
#3146=EDGE_CURVE('',#2502,#2562,#1253,.T.);
#3147=EDGE_CURVE('',#2562,#2559,#1254,.T.);
#3148=EDGE_CURVE('',#2558,#2563,#2138,.T.);
#3149=EDGE_CURVE('',#2497,#2563,#1255,.T.);
#3150=EDGE_CURVE('',#2563,#2561,#1256,.T.);
#3151=EDGE_CURVE('',#2564,#2442,#1257,.T.);
#3152=EDGE_CURVE('',#2565,#2564,#1258,.T.);
#3153=EDGE_CURVE('',#2565,#2566,#2139,.T.);
#3154=EDGE_CURVE('',#2566,#2567,#1259,.T.);
#3155=EDGE_CURVE('',#2567,#2568,#2140,.T.);
#3156=EDGE_CURVE('',#2568,#2569,#1260,.T.);
#3157=EDGE_CURVE('',#2570,#2569,#1261,.T.);
#3158=EDGE_CURVE('',#2570,#2357,#1262,.T.);
#3159=EDGE_CURVE('',#2571,#2571,#2141,.T.);
#3160=EDGE_CURVE('',#2572,#2572,#2142,.T.);
#3161=EDGE_CURVE('',#2573,#2573,#2143,.T.);
#3162=EDGE_CURVE('',#2574,#2574,#2144,.T.);
#3163=EDGE_CURVE('',#2575,#2575,#2145,.T.);
#3164=EDGE_CURVE('',#2576,#2576,#2146,.T.);
#3165=EDGE_CURVE('',#2577,#2577,#2147,.T.);
#3166=EDGE_CURVE('',#2578,#2578,#2148,.T.);
#3167=EDGE_CURVE('',#2579,#2579,#2149,.T.);
#3168=EDGE_CURVE('',#2580,#2580,#2150,.T.);
#3169=EDGE_CURVE('',#2580,#2581,#1263,.T.);
#3170=EDGE_CURVE('',#2581,#2581,#2151,.T.);
#3171=EDGE_CURVE('',#2574,#2582,#1264,.T.);
#3172=EDGE_CURVE('',#2582,#2582,#2152,.T.);
#3173=EDGE_CURVE('',#2583,#2583,#2153,.T.);
#3174=EDGE_CURVE('',#2583,#2584,#1265,.T.);
#3175=EDGE_CURVE('',#2584,#2584,#2154,.T.);
#3176=EDGE_CURVE('',#2572,#2585,#1266,.T.);
#3177=EDGE_CURVE('',#2585,#2585,#2155,.T.);
#3178=EDGE_CURVE('',#2570,#2586,#1267,.T.);
#3179=EDGE_CURVE('',#2403,#2586,#1268,.T.);
#3180=EDGE_CURVE('',#2370,#2539,#1269,.T.);
#3181=EDGE_CURVE('',#2587,#2394,#1270,.T.);
#3182=EDGE_CURVE('',#2555,#2587,#1271,.T.);
#3183=EDGE_CURVE('',#2371,#2445,#1272,.T.);
#3184=EDGE_CURVE('',#2588,#2588,#2156,.T.);
#3185=EDGE_CURVE('',#2587,#2589,#1273,.T.);
#3186=EDGE_CURVE('',#2589,#2553,#1274,.T.);
#3187=EDGE_CURVE('',#2590,#2590,#2157,.T.);
#3188=EDGE_CURVE('',#2591,#2592,#2158,.F.);
#3189=EDGE_CURVE('',#2592,#2459,#1275,.T.);
#3190=EDGE_CURVE('',#2458,#2591,#1276,.T.);
#3191=EDGE_CURVE('',#2593,#2594,#2159,.T.);
#3192=EDGE_CURVE('',#2453,#2593,#1277,.T.);
#3193=EDGE_CURVE('',#2594,#2452,#1278,.T.);
#3194=EDGE_CURVE('',#2522,#2595,#1279,.T.);
#3195=EDGE_CURVE('',#2596,#2595,#1280,.T.);
#3196=EDGE_CURVE('',#2524,#2596,#1281,.T.);
#3197=EDGE_CURVE('',#2523,#2597,#1282,.T.);
#3198=EDGE_CURVE('',#2595,#2597,#1283,.T.);
#3199=EDGE_CURVE('',#2511,#2598,#1284,.T.);
#3200=EDGE_CURVE('',#2598,#2599,#1285,.T.);
#3201=EDGE_CURVE('',#2508,#2599,#1286,.T.);
#3202=EDGE_CURVE('',#2510,#2600,#1287,.T.);
#3203=EDGE_CURVE('',#2600,#2598,#1288,.T.);
#3204=EDGE_CURVE('',#2601,#2483,#1289,.T.);
#3205=EDGE_CURVE('',#2602,#2601,#1290,.T.);
#3206=EDGE_CURVE('',#2602,#2484,#1291,.T.);
#3207=EDGE_CURVE('',#2603,#2482,#1292,.T.);
#3208=EDGE_CURVE('',#2601,#2603,#2160,.T.);
#3209=EDGE_CURVE('',#2604,#2481,#1293,.T.);
#3210=EDGE_CURVE('',#2603,#2604,#1294,.T.);
#3211=EDGE_CURVE('',#2605,#2480,#1295,.T.);
#3212=EDGE_CURVE('',#2604,#2605,#2161,.T.);
#3213=EDGE_CURVE('',#2606,#2479,#1296,.T.);
#3214=EDGE_CURVE('',#2605,#2606,#1297,.T.);
#3215=EDGE_CURVE('',#2607,#2478,#1298,.T.);
#3216=EDGE_CURVE('',#2606,#2607,#2162,.T.);
#3217=EDGE_CURVE('',#2608,#2477,#1299,.T.);
#3218=EDGE_CURVE('',#2607,#2608,#1300,.T.);
#3219=EDGE_CURVE('',#2609,#2476,#1301,.T.);
#3220=EDGE_CURVE('',#2608,#2609,#2163,.T.);
#3221=EDGE_CURVE('',#2610,#2448,#1302,.T.);
#3222=EDGE_CURVE('',#2611,#2610,#1303,.T.);
#3223=EDGE_CURVE('',#2611,#2449,#1304,.T.);
#3224=EDGE_CURVE('',#2610,#2534,#2164,.T.);
#3225=EDGE_CURVE('',#2612,#2612,#2165,.T.);
#3226=EDGE_CURVE('',#2612,#2490,#1305,.T.);
#3227=EDGE_CURVE('',#2613,#2613,#2166,.T.);
#3228=EDGE_CURVE('',#2613,#2614,#1306,.T.);
#3229=EDGE_CURVE('',#2614,#2614,#2167,.T.);
#3230=EDGE_CURVE('',#2615,#2615,#2168,.T.);
#3231=EDGE_CURVE('',#2615,#2492,#1307,.T.);
#3232=EDGE_CURVE('',#2616,#2616,#2169,.T.);
#3233=EDGE_CURVE('',#2616,#2617,#1308,.T.);
#3234=EDGE_CURVE('',#2617,#2617,#2170,.T.);
#3235=EDGE_CURVE('',#2618,#2618,#2171,.T.);
#3236=EDGE_CURVE('',#2618,#2491,#1309,.T.);
#3237=EDGE_CURVE('',#2619,#2619,#2172,.T.);
#3238=EDGE_CURVE('',#2619,#2620,#1310,.T.);
#3239=EDGE_CURVE('',#2620,#2620,#2173,.T.);
#3240=EDGE_CURVE('',#2621,#2621,#2174,.T.);
#3241=EDGE_CURVE('',#2621,#2489,#1311,.T.);
#3242=EDGE_CURVE('',#2622,#2622,#2175,.T.);
#3243=EDGE_CURVE('',#2622,#2623,#1312,.T.);
#3244=EDGE_CURVE('',#2623,#2623,#2176,.T.);
#3245=EDGE_CURVE('',#2624,#2624,#2177,.T.);
#3246=EDGE_CURVE('',#2624,#2488,#1313,.T.);
#3247=EDGE_CURVE('',#2625,#2625,#2178,.T.);
#3248=EDGE_CURVE('',#2625,#2626,#1314,.T.);
#3249=EDGE_CURVE('',#2626,#2626,#2179,.T.);
#3250=EDGE_CURVE('',#2627,#2627,#2180,.T.);
#3251=EDGE_CURVE('',#2627,#2486,#1315,.T.);
#3252=EDGE_CURVE('',#2628,#2628,#2181,.T.);
#3253=EDGE_CURVE('',#2628,#2629,#1316,.T.);
#3254=EDGE_CURVE('',#2629,#2629,#2182,.T.);
#3255=EDGE_CURVE('',#2630,#2630,#2183,.T.);
#3256=EDGE_CURVE('',#2630,#2487,#1317,.T.);
#3257=EDGE_CURVE('',#2631,#2631,#2184,.T.);
#3258=EDGE_CURVE('',#2631,#2632,#1318,.T.);
#3259=EDGE_CURVE('',#2632,#2632,#2185,.T.);
#3260=EDGE_CURVE('',#2599,#2633,#1319,.T.);
#3261=EDGE_CURVE('',#2509,#2633,#1320,.T.);
#3262=EDGE_CURVE('',#2633,#2600,#1321,.T.);
#3263=EDGE_CURVE('',#2634,#2634,#2186,.T.);
#3264=EDGE_CURVE('',#2634,#2575,#1322,.T.);
#3265=EDGE_CURVE('',#2635,#2635,#2187,.T.);
#3266=EDGE_CURVE('',#2635,#2636,#1323,.T.);
#3267=EDGE_CURVE('',#2636,#2636,#2188,.T.);
#3268=EDGE_CURVE('',#2637,#2637,#2189,.T.);
#3269=EDGE_CURVE('',#2637,#2485,#1324,.T.);
#3270=EDGE_CURVE('',#2638,#2638,#2190,.T.);
#3271=EDGE_CURVE('',#2638,#2639,#1325,.T.);
#3272=EDGE_CURVE('',#2639,#2639,#2191,.T.);
#3273=EDGE_CURVE('',#2322,#2382,#1326,.T.);
#3274=EDGE_CURVE('',#2470,#2589,#1327,.T.);
#3275=EDGE_CURVE('',#2640,#2441,#1328,.T.);
#3276=EDGE_CURVE('',#2564,#2640,#1329,.T.);
#3277=EDGE_CURVE('',#2569,#2641,#1330,.T.);
#3278=EDGE_CURVE('',#2586,#2641,#1331,.T.);
#3279=EDGE_CURVE('',#2642,#2642,#2192,.T.);
#3280=EDGE_CURVE('',#2642,#2579,#1332,.T.);
#3281=EDGE_CURVE('',#2438,#2643,#1333,.T.);
#3282=EDGE_CURVE('',#2436,#2643,#1334,.T.);
#3283=EDGE_CURVE('',#2643,#2640,#1335,.T.);
#3284=EDGE_CURVE('',#2590,#2577,#1336,.T.);
#3285=EDGE_CURVE('',#2588,#2576,#1337,.T.);
#3286=EDGE_CURVE('',#2644,#2410,#1338,.T.);
#3287=EDGE_CURVE('',#2415,#2644,#1339,.T.);
#3288=EDGE_CURVE('',#2645,#2645,#2193,.T.);
#3289=EDGE_CURVE('',#2645,#2578,#1340,.T.);
#3290=EDGE_CURVE('',#2641,#2644,#1341,.T.);
#3291=EDGE_CURVE('',#2416,#2646,#1342,.T.);
#3292=EDGE_CURVE('',#2414,#2646,#1343,.T.);
#3293=EDGE_CURVE('',#2647,#2647,#2194,.T.);
#3294=EDGE_CURVE('',#2647,#2648,#1344,.T.);
#3295=EDGE_CURVE('',#2648,#2648,#2195,.T.);
#3296=EDGE_CURVE('',#2329,#2381,#1345,.T.);
#3297=EDGE_CURVE('',#2330,#2380,#1346,.T.);
#3298=EDGE_CURVE('',#2379,#2649,#1347,.T.);
#3299=EDGE_CURVE('',#2650,#2649,#1348,.T.);
#3300=EDGE_CURVE('',#2380,#2650,#1349,.T.);
#3301=EDGE_CURVE('',#2378,#2651,#1350,.T.);
#3302=EDGE_CURVE('',#2649,#2651,#2196,.T.);
#3303=EDGE_CURVE('',#2651,#2417,#1351,.T.);
#3304=EDGE_CURVE('',#2331,#2568,#1352,.T.);
#3305=EDGE_CURVE('',#2646,#2650,#1353,.T.);
#3306=EDGE_CURVE('',#2652,#2652,#2197,.T.);
#3307=EDGE_CURVE('',#2652,#2653,#1354,.T.);
#3308=EDGE_CURVE('',#2653,#2653,#2198,.T.);
#3309=EDGE_CURVE('',#2335,#2385,#1355,.T.);
#3310=EDGE_CURVE('',#2336,#2384,#1356,.T.);
#3311=EDGE_CURVE('',#2337,#2383,#1357,.T.);
#3312=EDGE_CURVE('',#2386,#2654,#1358,.T.);
#3313=EDGE_CURVE('',#2428,#2654,#2199,.T.);
#3314=EDGE_CURVE('',#2385,#2655,#1359,.T.);
#3315=EDGE_CURVE('',#2654,#2655,#1360,.T.);
#3316=EDGE_CURVE('',#2656,#2432,#1361,.T.);
#3317=EDGE_CURVE('',#2437,#2656,#1362,.T.);
#3318=EDGE_CURVE('',#2655,#2656,#1363,.T.);
#3319=EDGE_CURVE('',#2657,#2657,#2200,.T.);
#3320=EDGE_CURVE('',#2657,#2573,#1364,.T.);
#3321=EDGE_CURVE('',#2658,#2658,#2201,.T.);
#3322=EDGE_CURVE('',#2658,#2571,#1365,.T.);
#3323=EDGE_CURVE('',#2332,#2567,#1366,.T.);
#3324=EDGE_CURVE('',#2333,#2566,#1367,.T.);
#3325=EDGE_CURVE('',#2334,#2565,#1368,.T.);
#3326=EDGE_CURVE('',#2659,#2659,#2202,.T.);
#3327=EDGE_CURVE('',#2659,#2520,#1369,.T.);
#3328=EDGE_CURVE('',#2660,#2660,#2203,.T.);
#3329=EDGE_CURVE('',#2660,#2661,#1370,.T.);
#3330=EDGE_CURVE('',#2661,#2661,#2204,.T.);
#3331=EDGE_CURVE('',#2662,#2596,#1371,.T.);
#3332=EDGE_CURVE('',#2525,#2662,#1372,.T.);
#3333=EDGE_CURVE('',#2597,#2662,#1373,.T.);
#3334=EDGE_CURVE('',#2663,#2663,#2205,.T.);
#3335=EDGE_CURVE('',#2663,#2516,#1374,.T.);
#3336=EDGE_CURVE('',#2664,#2664,#2206,.T.);
#3337=EDGE_CURVE('',#2664,#2665,#1375,.T.);
#3338=EDGE_CURVE('',#2665,#2665,#2207,.T.);
#3339=EDGE_CURVE('',#2666,#2666,#2208,.T.);
#3340=EDGE_CURVE('',#2666,#2519,#1376,.T.);
#3341=EDGE_CURVE('',#2667,#2667,#2209,.T.);
#3342=EDGE_CURVE('',#2667,#2668,#1377,.T.);
#3343=EDGE_CURVE('',#2668,#2668,#2210,.T.);
#3344=EDGE_CURVE('',#2669,#2669,#2211,.T.);
#3345=EDGE_CURVE('',#2669,#2512,#1378,.T.);
#3346=EDGE_CURVE('',#2670,#2670,#2212,.T.);
#3347=EDGE_CURVE('',#2670,#2671,#1379,.T.);
#3348=EDGE_CURVE('',#2671,#2671,#2213,.T.);
#3349=EDGE_CURVE('',#2672,#2672,#2214,.T.);
#3350=EDGE_CURVE('',#2672,#2515,#1380,.T.);
#3351=EDGE_CURVE('',#2673,#2673,#2215,.T.);
#3352=EDGE_CURVE('',#2673,#2674,#1381,.T.);
#3353=EDGE_CURVE('',#2674,#2674,#2216,.T.);
#3354=EDGE_CURVE('',#2675,#2675,#2217,.T.);
#3355=EDGE_CURVE('',#2675,#2513,#1382,.T.);
#3356=EDGE_CURVE('',#2676,#2676,#2218,.T.);
#3357=EDGE_CURVE('',#2676,#2677,#1383,.T.);
#3358=EDGE_CURVE('',#2677,#2677,#2219,.T.);
#3359=EDGE_CURVE('',#2678,#2678,#2220,.T.);
#3360=EDGE_CURVE('',#2678,#2517,#1384,.T.);
#3361=EDGE_CURVE('',#2679,#2679,#2221,.T.);
#3362=EDGE_CURVE('',#2679,#2680,#1385,.T.);
#3363=EDGE_CURVE('',#2680,#2680,#2222,.T.);
#3364=EDGE_CURVE('',#2521,#2681,#1386,.T.);
#3365=EDGE_CURVE('',#2681,#2681,#2223,.T.);
#3366=EDGE_CURVE('',#2518,#2682,#1387,.T.);
#3367=EDGE_CURVE('',#2682,#2682,#2224,.T.);
#3368=EDGE_CURVE('',#2514,#2683,#1388,.T.);
#3369=EDGE_CURVE('',#2683,#2683,#2225,.T.);
#3370=EDGE_CURVE('',#2684,#2684,#2226,.T.);
#3371=EDGE_CURVE('',#2685,#2685,#2227,.T.);
#3372=EDGE_CURVE('',#2686,#2686,#2228,.T.);
#3373=EDGE_CURVE('',#2687,#2687,#2229,.T.);
#3374=EDGE_CURVE('',#2687,#2504,#1389,.T.);
#3375=EDGE_CURVE('',#2688,#2688,#2230,.T.);
#3376=EDGE_CURVE('',#2688,#2689,#1390,.T.);
#3377=EDGE_CURVE('',#2689,#2689,#2231,.T.);
#3378=EDGE_CURVE('',#2690,#2690,#2232,.T.);
#3379=EDGE_CURVE('',#2690,#2505,#1391,.T.);
#3380=EDGE_CURVE('',#2691,#2691,#2233,.T.);
#3381=EDGE_CURVE('',#2691,#2692,#1392,.T.);
#3382=EDGE_CURVE('',#2692,#2692,#2234,.T.);
#3383=EDGE_CURVE('',#2693,#2693,#2235,.T.);
#3384=EDGE_CURVE('',#2693,#2495,#1393,.T.);
#3385=EDGE_CURVE('',#2694,#2694,#2236,.T.);
#3386=EDGE_CURVE('',#2694,#2695,#1394,.T.);
#3387=EDGE_CURVE('',#2695,#2695,#2237,.T.);
#3388=EDGE_CURVE('',#2696,#2696,#2238,.T.);
#3389=EDGE_CURVE('',#2696,#2506,#1395,.T.);
#3390=EDGE_CURVE('',#2697,#2697,#2239,.T.);
#3391=EDGE_CURVE('',#2697,#2698,#1396,.T.);
#3392=EDGE_CURVE('',#2698,#2698,#2240,.T.);
#3393=EDGE_CURVE('',#2699,#2699,#2241,.T.);
#3394=EDGE_CURVE('',#2699,#2507,#1397,.T.);
#3395=EDGE_CURVE('',#2700,#2700,#2242,.T.);
#3396=EDGE_CURVE('',#2700,#2701,#1398,.T.);
#3397=EDGE_CURVE('',#2701,#2701,#2243,.T.);
#3398=EDGE_CURVE('',#2702,#2702,#2244,.T.);
#3399=EDGE_CURVE('',#2702,#2494,#1399,.T.);
#3400=EDGE_CURVE('',#2703,#2703,#2245,.T.);
#3401=EDGE_CURVE('',#2703,#2704,#1400,.T.);
#3402=EDGE_CURVE('',#2704,#2704,#2246,.T.);
#3403=EDGE_CURVE('',#2705,#2705,#2247,.T.);
#3404=EDGE_CURVE('',#2705,#2493,#1401,.T.);
#3405=EDGE_CURVE('',#2706,#2706,#2248,.T.);
#3406=EDGE_CURVE('',#2706,#2707,#1402,.T.);
#3407=EDGE_CURVE('',#2707,#2707,#2249,.T.);
#3408=EDGE_CURVE('',#2708,#2709,#2250,.T.);
#3409=EDGE_CURVE('',#2708,#2710,#1403,.T.);
#3410=EDGE_CURVE('',#2711,#2710,#2251,.T.);
#3411=EDGE_CURVE('',#2709,#2711,#1404,.T.);
#3412=EDGE_CURVE('',#2712,#2708,#1405,.T.);
#3413=EDGE_CURVE('',#2712,#2713,#1406,.T.);
#3414=EDGE_CURVE('',#2710,#2713,#1407,.T.);
#3415=EDGE_CURVE('',#2714,#2712,#2252,.T.);
#3416=EDGE_CURVE('',#2714,#2715,#1408,.T.);
#3417=EDGE_CURVE('',#2713,#2715,#2253,.T.);
#3418=EDGE_CURVE('',#2716,#2717,#1409,.T.);
#3419=EDGE_CURVE('',#2718,#2716,#1410,.T.);
#3420=EDGE_CURVE('',#2718,#2719,#1411,.T.);
#3421=EDGE_CURVE('',#2715,#2719,#1412,.T.);
#3422=EDGE_CURVE('',#2720,#2714,#1413,.T.);
#3423=EDGE_CURVE('',#2721,#2720,#1414,.T.);
#3424=EDGE_CURVE('',#2722,#2721,#37,.T.);
#3425=EDGE_CURVE('',#2723,#2722,#1415,.T.);
#3426=EDGE_CURVE('',#2717,#2723,#38,.T.);
#3427=EDGE_CURVE('',#2724,#2718,#2254,.T.);
#3428=EDGE_CURVE('',#2724,#2725,#1416,.T.);
#3429=EDGE_CURVE('',#2719,#2725,#2255,.T.);
#3430=EDGE_CURVE('',#2726,#2724,#1417,.T.);
#3431=EDGE_CURVE('',#2726,#2727,#1418,.T.);
#3432=EDGE_CURVE('',#2725,#2727,#1419,.T.);
#3433=EDGE_CURVE('',#2728,#2726,#2256,.T.);
#3434=EDGE_CURVE('',#2728,#2729,#1420,.T.);
#3435=EDGE_CURVE('',#2727,#2729,#2257,.T.);
#3436=EDGE_CURVE('',#2709,#2730,#1421,.T.);
#3437=EDGE_CURVE('',#2731,#2711,#1422,.T.);
#3438=EDGE_CURVE('',#2730,#2731,#1423,.T.);
#3439=EDGE_CURVE('',#2732,#2733,#2258,.T.);
#3440=EDGE_CURVE('',#2734,#2733,#1424,.T.);
#3441=EDGE_CURVE('',#2734,#2735,#2259,.T.);
#3442=EDGE_CURVE('',#2735,#2732,#1425,.T.);
#3443=EDGE_CURVE('',#2736,#2732,#1426,.T.);
#3444=EDGE_CURVE('',#2735,#2737,#1427,.T.);
#3445=EDGE_CURVE('',#2737,#2736,#1428,.T.);
#3446=EDGE_CURVE('',#2738,#2736,#2260,.T.);
#3447=EDGE_CURVE('',#2737,#2739,#2261,.T.);
#3448=EDGE_CURVE('',#2739,#2738,#1429,.T.);
#3449=EDGE_CURVE('',#2740,#2738,#1430,.T.);
#3450=EDGE_CURVE('',#2739,#2741,#1431,.T.);
#3451=EDGE_CURVE('',#2741,#2740,#1432,.T.);
#3452=EDGE_CURVE('',#2742,#2742,#39,.T.);
#3453=EDGE_CURVE('',#2742,#2743,#1433,.T.);
#3454=EDGE_CURVE('',#2743,#2743,#40,.T.);
#3455=EDGE_CURVE('',#2609,#2744,#1434,.T.);
#3456=EDGE_CURVE('',#2744,#2745,#2262,.T.);
#3457=EDGE_CURVE('',#2745,#2746,#1435,.T.);
#3458=EDGE_CURVE('',#2746,#2747,#2263,.T.);
#3459=EDGE_CURVE('',#2747,#2748,#1436,.T.);
#3460=EDGE_CURVE('',#2748,#2361,#2264,.T.);
#3461=EDGE_CURVE('',#2360,#2602,#2265,.T.);
#3462=EDGE_CURVE('',#2749,#2749,#41,.T.);
#3463=EDGE_CURVE('',#2742,#2749,#1437,.T.);
#3464=EDGE_CURVE('',#2750,#2740,#2266,.T.);
#3465=EDGE_CURVE('',#2741,#2751,#2267,.T.);
#3466=EDGE_CURVE('',#2751,#2750,#1438,.T.);
#3467=EDGE_CURVE('',#2752,#2750,#1439,.T.);
#3468=EDGE_CURVE('',#2751,#2753,#1440,.T.);
#3469=EDGE_CURVE('',#2753,#2752,#1441,.T.);
#3470=EDGE_CURVE('',#2754,#2752,#2268,.T.);
#3471=EDGE_CURVE('',#2753,#2755,#2269,.T.);
#3472=EDGE_CURVE('',#2755,#2754,#1442,.T.);
#3473=EDGE_CURVE('',#2733,#2754,#1443,.T.);
#3474=EDGE_CURVE('',#2755,#2734,#1444,.T.);
#3475=EDGE_CURVE('',#2756,#2450,#1445,.T.);
#3476=EDGE_CURVE('',#2757,#2756,#1446,.T.);
#3477=EDGE_CURVE('',#2758,#2757,#1447,.T.);
#3478=EDGE_CURVE('',#2759,#2758,#1448,.T.);
#3479=EDGE_CURVE('',#2451,#2759,#1449,.T.);
#3480=EDGE_CURVE('',#2756,#2611,#2270,.T.);
#3481=EDGE_CURVE('',#2760,#2463,#1450,.T.);
#3482=EDGE_CURVE('',#2533,#2760,#2271,.T.);
#3483=EDGE_CURVE('',#2761,#2462,#1451,.T.);
#3484=EDGE_CURVE('',#2760,#2761,#1452,.T.);
#3485=EDGE_CURVE('',#2762,#2461,#1453,.T.);
#3486=EDGE_CURVE('',#2761,#2762,#2272,.T.);
#3487=EDGE_CURVE('',#2763,#2460,#1454,.T.);
#3488=EDGE_CURVE('',#2764,#2763,#1455,.T.);
#3489=EDGE_CURVE('',#2764,#2765,#1456,.T.);
#3490=EDGE_CURVE('',#2762,#2765,#1457,.T.);
#3491=EDGE_CURVE('',#2766,#2455,#1458,.T.);
#3492=EDGE_CURVE('',#2767,#2766,#1459,.T.);
#3493=EDGE_CURVE('',#2767,#2456,#1460,.T.);
#3494=EDGE_CURVE('',#2454,#2768,#1461,.T.);
#3495=EDGE_CURVE('',#2769,#2768,#1462,.T.);
#3496=EDGE_CURVE('',#2769,#2770,#1463,.T.);
#3497=EDGE_CURVE('',#2766,#2770,#1464,.T.);
#3498=EDGE_CURVE('',#2744,#2475,#1465,.T.);
#3499=EDGE_CURVE('',#2745,#2474,#1466,.T.);
#3500=EDGE_CURVE('',#2746,#2473,#1467,.T.);
#3501=EDGE_CURVE('',#2747,#2472,#1468,.T.);
#3502=EDGE_CURVE('',#2748,#2471,#1469,.T.);
#3503=EDGE_CURVE('',#2771,#2767,#1470,.T.);
#3504=EDGE_CURVE('',#2772,#2771,#1471,.T.);
#3505=EDGE_CURVE('',#2773,#2772,#1472,.T.);
#3506=EDGE_CURVE('',#2457,#2773,#1473,.T.);
#3507=EDGE_CURVE('',#2772,#2769,#1474,.T.);
#3508=EDGE_CURVE('',#2768,#2773,#1475,.T.);
#3509=EDGE_CURVE('',#2774,#2775,#1476,.T.);
#3510=EDGE_CURVE('',#2775,#2776,#2273,.T.);
#3511=EDGE_CURVE('',#2776,#2777,#1477,.T.);
#3512=EDGE_CURVE('',#2777,#2757,#1478,.T.);
#3513=EDGE_CURVE('',#2765,#2778,#1479,.T.);
#3514=EDGE_CURVE('',#2778,#2779,#1480,.T.);
#3515=EDGE_CURVE('',#2779,#2780,#2274,.T.);
#3516=EDGE_CURVE('',#2780,#2781,#1481,.T.);
#3517=EDGE_CURVE('',#2781,#2782,#2275,.T.);
#3518=EDGE_CURVE('',#2782,#2783,#1482,.T.);
#3519=EDGE_CURVE('',#2783,#2774,#2276,.T.);
#3520=EDGE_CURVE('',#2784,#2785,#1483,.T.);
#3521=EDGE_CURVE('',#2784,#2775,#1484,.T.);
#3522=EDGE_CURVE('',#2785,#2774,#1485,.T.);
#3523=EDGE_CURVE('',#2786,#2784,#2277,.T.);
#3524=EDGE_CURVE('',#2786,#2776,#1486,.T.);
#3525=EDGE_CURVE('',#2787,#2786,#1487,.T.);
#3526=EDGE_CURVE('',#2787,#2777,#1488,.T.);
#3527=EDGE_CURVE('',#2758,#2787,#1489,.T.);
#3528=EDGE_CURVE('',#2788,#2764,#1490,.T.);
#3529=EDGE_CURVE('',#2788,#2778,#1491,.T.);
#3530=EDGE_CURVE('',#2789,#2788,#1492,.T.);
#3531=EDGE_CURVE('',#2789,#2779,#1493,.T.);
#3532=EDGE_CURVE('',#2790,#2789,#2278,.T.);
#3533=EDGE_CURVE('',#2790,#2780,#1494,.T.);
#3534=EDGE_CURVE('',#2791,#2790,#1495,.T.);
#3535=EDGE_CURVE('',#2791,#2781,#1496,.T.);
#3536=EDGE_CURVE('',#2792,#2791,#2279,.T.);
#3537=EDGE_CURVE('',#2792,#2782,#1497,.T.);
#3538=EDGE_CURVE('',#2793,#2792,#1498,.T.);
#3539=EDGE_CURVE('',#2793,#2783,#1499,.T.);
#3540=EDGE_CURVE('',#2785,#2793,#2280,.T.);
#3541=EDGE_CURVE('',#2770,#2771,#1500,.T.);
#3542=EDGE_CURVE('',#2794,#2345,#1501,.T.);
#3543=EDGE_CURVE('',#2795,#2794,#2281,.T.);
#3544=EDGE_CURVE('',#2795,#2338,#1502,.T.);
#3545=EDGE_CURVE('',#2796,#2344,#1503,.T.);
#3546=EDGE_CURVE('',#2794,#2796,#1504,.T.);
#3547=EDGE_CURVE('',#2797,#2343,#1505,.T.);
#3548=EDGE_CURVE('',#2796,#2797,#2282,.T.);
#3549=EDGE_CURVE('',#2798,#2342,#1506,.T.);
#3550=EDGE_CURVE('',#2797,#2798,#1507,.T.);
#3551=EDGE_CURVE('',#2799,#2341,#1508,.T.);
#3552=EDGE_CURVE('',#2798,#2799,#2283,.T.);
#3553=EDGE_CURVE('',#2800,#2340,#1509,.T.);
#3554=EDGE_CURVE('',#2799,#2800,#1510,.T.);
#3555=EDGE_CURVE('',#2801,#2339,#1511,.T.);
#3556=EDGE_CURVE('',#2800,#2801,#2284,.T.);
#3557=EDGE_CURVE('',#2801,#2795,#1512,.T.);
#3558=EDGE_CURVE('',#2802,#2802,#2285,.T.);
#3559=EDGE_CURVE('',#2802,#2684,#1513,.T.);
#3560=EDGE_CURVE('',#2803,#2803,#2286,.T.);
#3561=EDGE_CURVE('',#2803,#2686,#1514,.T.);
#3562=EDGE_CURVE('',#2804,#2804,#2287,.T.);
#3563=EDGE_CURVE('',#2804,#2685,#1515,.T.);
#3564=EDGE_CURVE('',#2731,#2805,#2288,.T.);
#3565=EDGE_CURVE('',#2729,#2806,#1516,.T.);
#3566=EDGE_CURVE('',#2807,#2806,#2289,.T.);
#3567=EDGE_CURVE('',#2807,#2759,#1517,.T.);
#3568=EDGE_CURVE('',#2763,#2805,#1518,.T.);
#3569=EDGE_CURVE('',#2730,#2808,#2290,.T.);
#3570=EDGE_CURVE('',#2805,#2808,#1519,.T.);
#3571=EDGE_CURVE('',#2808,#2592,#1520,.T.);
#3572=EDGE_CURVE('',#2591,#2593,#1521,.T.);
#3573=EDGE_CURVE('',#2594,#2809,#1522,.T.);
#3574=EDGE_CURVE('',#2809,#2807,#1523,.T.);
#3575=EDGE_CURVE('',#2809,#2810,#2291,.T.);
#3576=EDGE_CURVE('',#2806,#2810,#1524,.T.);
#3577=EDGE_CURVE('',#2810,#2728,#1525,.T.);
#3578=EDGE_CURVE('',#2811,#2593,#2292,.T.);
#3579=EDGE_CURVE('',#2811,#2812,#1526,.T.);
#3580=EDGE_CURVE('',#2591,#2812,#2293,.T.);
#3581=EDGE_CURVE('',#2813,#2730,#2294,.T.);
#3582=EDGE_CURVE('',#2813,#2814,#1527,.T.);
#3583=EDGE_CURVE('',#2709,#2814,#2295,.T.);
#3584=EDGE_CURVE('',#2815,#2808,#2296,.T.);
#3585=EDGE_CURVE('',#2815,#2813,#2297,.T.);
#3586=EDGE_CURVE('',#2816,#2592,#2298,.T.);
#3587=EDGE_CURVE('',#2816,#2815,#1528,.T.);
#3588=EDGE_CURVE('',#2812,#2816,#2299,.T.);
#3589=EDGE_CURVE('',#2817,#2594,#2300,.T.);
#3590=EDGE_CURVE('',#2817,#2811,#2301,.T.);
#3591=EDGE_CURVE('',#2818,#2809,#2302,.T.);
#3592=EDGE_CURVE('',#2818,#2817,#1529,.T.);
#3593=EDGE_CURVE('',#2819,#2810,#2303,.T.);
#3594=EDGE_CURVE('',#2819,#2818,#2304,.T.);
#3595=EDGE_CURVE('',#2820,#2728,#2305,.T.);
#3596=EDGE_CURVE('',#2820,#2819,#1530,.T.);
#3597=EDGE_CURVE('',#2821,#2726,#2306,.T.);
#3598=EDGE_CURVE('',#2821,#2820,#2307,.T.);
#3599=EDGE_CURVE('',#2822,#2724,#2308,.T.);
#3600=EDGE_CURVE('',#2822,#2821,#1531,.T.);
#3601=EDGE_CURVE('',#2823,#2718,#2309,.T.);
#3602=EDGE_CURVE('',#2823,#2822,#2310,.T.);
#3603=EDGE_CURVE('',#2824,#2714,#2311,.T.);
#3604=EDGE_CURVE('',#2825,#2712,#2312,.T.);
#3605=EDGE_CURVE('',#2825,#2824,#2313,.T.);
#3606=EDGE_CURVE('',#2826,#2708,#2314,.T.);
#3607=EDGE_CURVE('',#2826,#2825,#1532,.T.);
#3608=EDGE_CURVE('',#2814,#2826,#2315,.T.);
#3609=EDGE_CURVE('',#2827,#2716,#19,.T.);
#3610=EDGE_CURVE('',#2828,#2827,#42,.T.);
#3611=EDGE_CURVE('',#2829,#2828,#20,.T.);
#3612=EDGE_CURVE('',#2829,#2823,#1533,.T.);
#3613=EDGE_CURVE('',#2720,#2830,#21,.T.);
#3614=EDGE_CURVE('',#2824,#2831,#1534,.T.);
#3615=EDGE_CURVE('',#2832,#2831,#22,.T.);
#3616=EDGE_CURVE('',#2830,#2832,#43,.T.);
#3617=EDGE_CURVE('',#2833,#2829,#1535,.T.);
#3618=EDGE_CURVE('',#2834,#2833,#44,.T.);
#3619=EDGE_CURVE('',#2835,#2834,#1536,.T.);
#3620=EDGE_CURVE('',#2836,#2835,#45,.T.);
#3621=EDGE_CURVE('',#2831,#2836,#1537,.T.);
#3622=EDGE_CURVE('',#2827,#2828,#1538,.T.);
#3623=EDGE_CURVE('',#2830,#2832,#46,.T.);
#3624=EDGE_CURVE('',#2721,#2836,#1539,.T.);
#3625=EDGE_CURVE('',#2722,#2835,#47,.T.);
#3626=EDGE_CURVE('',#2723,#2834,#1540,.T.);
#3627=EDGE_CURVE('',#2717,#2833,#48,.T.);
#3628=ORIENTED_EDGE('',*,*,#2837,.F.);
#3629=ORIENTED_EDGE('',*,*,#2838,.T.);
#3630=ORIENTED_EDGE('',*,*,#2839,.T.);
#3631=ORIENTED_EDGE('',*,*,#2840,.T.);
#3632=ORIENTED_EDGE('',*,*,#2837,.T.);
#3633=ORIENTED_EDGE('',*,*,#2841,.T.);
#3634=ORIENTED_EDGE('',*,*,#2842,.T.);
#3635=ORIENTED_EDGE('',*,*,#2843,.T.);
#3636=ORIENTED_EDGE('',*,*,#2844,.T.);
#3637=ORIENTED_EDGE('',*,*,#2845,.T.);
#3638=ORIENTED_EDGE('',*,*,#2846,.T.);
#3639=ORIENTED_EDGE('',*,*,#2847,.T.);
#3640=ORIENTED_EDGE('',*,*,#2848,.T.);
#3641=ORIENTED_EDGE('',*,*,#2849,.T.);
#3642=ORIENTED_EDGE('',*,*,#2850,.T.);
#3643=ORIENTED_EDGE('',*,*,#2851,.T.);
#3644=ORIENTED_EDGE('',*,*,#2852,.T.);
#3645=ORIENTED_EDGE('',*,*,#2853,.T.);
#3646=ORIENTED_EDGE('',*,*,#2854,.T.);
#3647=ORIENTED_EDGE('',*,*,#2855,.T.);
#3648=ORIENTED_EDGE('',*,*,#2856,.T.);
#3649=ORIENTED_EDGE('',*,*,#2857,.T.);
#3650=ORIENTED_EDGE('',*,*,#2858,.T.);
#3651=ORIENTED_EDGE('',*,*,#2859,.T.);
#3652=ORIENTED_EDGE('',*,*,#2860,.T.);
#3653=ORIENTED_EDGE('',*,*,#2861,.T.);
#3654=ORIENTED_EDGE('',*,*,#2862,.T.);
#3655=ORIENTED_EDGE('',*,*,#2863,.T.);
#3656=ORIENTED_EDGE('',*,*,#2864,.T.);
#3657=ORIENTED_EDGE('',*,*,#2865,.T.);
#3658=ORIENTED_EDGE('',*,*,#2866,.T.);
#3659=ORIENTED_EDGE('',*,*,#2867,.T.);
#3660=ORIENTED_EDGE('',*,*,#2840,.F.);
#3661=ORIENTED_EDGE('',*,*,#2868,.T.);
#3662=ORIENTED_EDGE('',*,*,#2869,.F.);
#3663=ORIENTED_EDGE('',*,*,#2841,.F.);
#3664=ORIENTED_EDGE('',*,*,#2842,.F.);
#3665=ORIENTED_EDGE('',*,*,#2869,.T.);
#3666=ORIENTED_EDGE('',*,*,#2870,.T.);
#3667=ORIENTED_EDGE('',*,*,#2871,.T.);
#3668=ORIENTED_EDGE('',*,*,#2846,.F.);
#3669=ORIENTED_EDGE('',*,*,#2872,.T.);
#3670=ORIENTED_EDGE('',*,*,#2873,.T.);
#3671=ORIENTED_EDGE('',*,*,#2874,.T.);
#3672=ORIENTED_EDGE('',*,*,#2872,.F.);
#3673=ORIENTED_EDGE('',*,*,#2845,.F.);
#3674=ORIENTED_EDGE('',*,*,#2875,.T.);
#3675=ORIENTED_EDGE('',*,*,#2876,.F.);
#3676=ORIENTED_EDGE('',*,*,#2848,.F.);
#3677=ORIENTED_EDGE('',*,*,#2877,.T.);
#3678=ORIENTED_EDGE('',*,*,#2878,.T.);
#3679=ORIENTED_EDGE('',*,*,#2879,.T.);
#3680=ORIENTED_EDGE('',*,*,#2879,.F.);
#3681=ORIENTED_EDGE('',*,*,#2880,.F.);
#3682=ORIENTED_EDGE('',*,*,#2881,.F.);
#3683=ORIENTED_EDGE('',*,*,#2849,.F.);
#3684=ORIENTED_EDGE('',*,*,#2882,.F.);
#3685=ORIENTED_EDGE('',*,*,#2883,.T.);
#3686=ORIENTED_EDGE('',*,*,#2884,.T.);
#3687=ORIENTED_EDGE('',*,*,#2885,.T.);
#3688=ORIENTED_EDGE('',*,*,#2886,.T.);
#3689=ORIENTED_EDGE('',*,*,#2883,.F.);
#3690=ORIENTED_EDGE('',*,*,#2887,.T.);
#3691=ORIENTED_EDGE('',*,*,#2888,.F.);
#3692=ORIENTED_EDGE('',*,*,#2889,.F.);
#3693=ORIENTED_EDGE('',*,*,#2890,.T.);
#3694=ORIENTED_EDGE('',*,*,#2891,.T.);
#3695=ORIENTED_EDGE('',*,*,#2892,.F.);
#3696=ORIENTED_EDGE('',*,*,#2893,.F.);
#3697=ORIENTED_EDGE('',*,*,#2894,.T.);
#3698=ORIENTED_EDGE('',*,*,#2895,.T.);
#3699=ORIENTED_EDGE('',*,*,#2896,.T.);
#3700=ORIENTED_EDGE('',*,*,#2897,.T.);
#3701=ORIENTED_EDGE('',*,*,#2894,.F.);
#3702=ORIENTED_EDGE('',*,*,#2898,.F.);
#3703=ORIENTED_EDGE('',*,*,#2899,.T.);
#3704=ORIENTED_EDGE('',*,*,#2900,.F.);
#3705=ORIENTED_EDGE('',*,*,#2901,.F.);
#3706=ORIENTED_EDGE('',*,*,#2902,.F.);
#3707=ORIENTED_EDGE('',*,*,#2903,.T.);
#3708=ORIENTED_EDGE('',*,*,#2904,.F.);
#3709=ORIENTED_EDGE('',*,*,#2905,.T.);
#3710=ORIENTED_EDGE('',*,*,#2893,.T.);
#3711=ORIENTED_EDGE('',*,*,#2906,.T.);
#3712=ORIENTED_EDGE('',*,*,#2902,.T.);
#3713=ORIENTED_EDGE('',*,*,#2907,.T.);
#3714=ORIENTED_EDGE('',*,*,#2908,.T.);
#3715=ORIENTED_EDGE('',*,*,#2909,.F.);
#3716=ORIENTED_EDGE('',*,*,#2910,.F.);
#3717=ORIENTED_EDGE('',*,*,#2911,.F.);
#3718=ORIENTED_EDGE('',*,*,#2912,.T.);
#3719=ORIENTED_EDGE('',*,*,#2913,.T.);
#3720=ORIENTED_EDGE('',*,*,#2880,.T.);
#3721=ORIENTED_EDGE('',*,*,#2878,.F.);
#3722=ORIENTED_EDGE('',*,*,#2914,.F.);
#3723=ORIENTED_EDGE('',*,*,#2873,.F.);
#3724=ORIENTED_EDGE('',*,*,#2876,.T.);
#3725=ORIENTED_EDGE('',*,*,#2915,.T.);
#3726=ORIENTED_EDGE('',*,*,#2916,.T.);
#3727=ORIENTED_EDGE('',*,*,#2870,.F.);
#3728=ORIENTED_EDGE('',*,*,#2868,.F.);
#3729=ORIENTED_EDGE('',*,*,#2839,.F.);
#3730=ORIENTED_EDGE('',*,*,#2917,.T.);
#3731=ORIENTED_EDGE('',*,*,#2918,.T.);
#3732=ORIENTED_EDGE('',*,*,#2919,.T.);
#3733=ORIENTED_EDGE('',*,*,#2920,.F.);
#3734=ORIENTED_EDGE('',*,*,#2921,.F.);
#3735=ORIENTED_EDGE('',*,*,#2922,.F.);
#3736=ORIENTED_EDGE('',*,*,#2923,.T.);
#3737=ORIENTED_EDGE('',*,*,#2924,.T.);
#3738=ORIENTED_EDGE('',*,*,#2925,.T.);
#3739=ORIENTED_EDGE('',*,*,#2926,.T.);
#3740=ORIENTED_EDGE('',*,*,#2927,.T.);
#3741=ORIENTED_EDGE('',*,*,#2928,.T.);
#3742=ORIENTED_EDGE('',*,*,#2929,.F.);
#3743=ORIENTED_EDGE('',*,*,#2930,.T.);
#3744=ORIENTED_EDGE('',*,*,#2931,.F.);
#3745=ORIENTED_EDGE('',*,*,#2932,.F.);
#3746=ORIENTED_EDGE('',*,*,#2933,.F.);
#3747=ORIENTED_EDGE('',*,*,#2934,.F.);
#3748=ORIENTED_EDGE('',*,*,#2935,.F.);
#3749=ORIENTED_EDGE('',*,*,#2936,.F.);
#3750=ORIENTED_EDGE('',*,*,#2898,.T.);
#3751=ORIENTED_EDGE('',*,*,#2905,.F.);
#3752=ORIENTED_EDGE('',*,*,#2937,.T.);
#3753=ORIENTED_EDGE('',*,*,#2938,.T.);
#3754=ORIENTED_EDGE('',*,*,#2939,.F.);
#3755=ORIENTED_EDGE('',*,*,#2940,.F.);
#3756=ORIENTED_EDGE('',*,*,#2941,.F.);
#3757=ORIENTED_EDGE('',*,*,#2942,.F.);
#3758=ORIENTED_EDGE('',*,*,#2907,.F.);
#3759=ORIENTED_EDGE('',*,*,#2943,.F.);
#3760=ORIENTED_EDGE('',*,*,#2944,.T.);
#3761=ORIENTED_EDGE('',*,*,#2945,.T.);
#3762=ORIENTED_EDGE('',*,*,#2946,.T.);
#3763=ORIENTED_EDGE('',*,*,#2944,.F.);
#3764=ORIENTED_EDGE('',*,*,#2947,.F.);
#3765=ORIENTED_EDGE('',*,*,#2948,.F.);
#3766=ORIENTED_EDGE('',*,*,#2949,.T.);
#3767=ORIENTED_EDGE('',*,*,#2940,.T.);
#3768=ORIENTED_EDGE('',*,*,#2950,.F.);
#3769=ORIENTED_EDGE('',*,*,#2951,.F.);
#3770=ORIENTED_EDGE('',*,*,#2952,.T.);
#3771=ORIENTED_EDGE('',*,*,#2953,.F.);
#3772=ORIENTED_EDGE('',*,*,#2948,.T.);
#3773=ORIENTED_EDGE('',*,*,#2943,.T.);
#3774=ORIENTED_EDGE('',*,*,#2954,.T.);
#3775=ORIENTED_EDGE('',*,*,#2955,.T.);
#3776=ORIENTED_EDGE('',*,*,#2956,.F.);
#3777=ORIENTED_EDGE('',*,*,#2951,.T.);
#3778=ORIENTED_EDGE('',*,*,#2947,.T.);
#3779=ORIENTED_EDGE('',*,*,#2908,.F.);
#3780=ORIENTED_EDGE('',*,*,#2942,.T.);
#3781=ORIENTED_EDGE('',*,*,#2957,.T.);
#3782=ORIENTED_EDGE('',*,*,#2958,.T.);
#3783=ORIENTED_EDGE('',*,*,#2927,.F.);
#3784=ORIENTED_EDGE('',*,*,#2959,.T.);
#3785=ORIENTED_EDGE('',*,*,#2960,.F.);
#3786=ORIENTED_EDGE('',*,*,#2961,.T.);
#3787=ORIENTED_EDGE('',*,*,#2959,.F.);
#3788=ORIENTED_EDGE('',*,*,#2926,.F.);
#3789=ORIENTED_EDGE('',*,*,#2962,.F.);
#3790=ORIENTED_EDGE('',*,*,#2963,.F.);
#3791=ORIENTED_EDGE('',*,*,#2925,.F.);
#3792=ORIENTED_EDGE('',*,*,#2964,.T.);
#3793=ORIENTED_EDGE('',*,*,#2965,.T.);
#3794=ORIENTED_EDGE('',*,*,#2962,.T.);
#3795=ORIENTED_EDGE('',*,*,#2966,.T.);
#3796=ORIENTED_EDGE('',*,*,#2964,.F.);
#3797=ORIENTED_EDGE('',*,*,#2924,.F.);
#3798=ORIENTED_EDGE('',*,*,#2967,.F.);
#3799=ORIENTED_EDGE('',*,*,#2968,.F.);
#3800=ORIENTED_EDGE('',*,*,#2969,.T.);
#3801=ORIENTED_EDGE('',*,*,#2970,.F.);
#3802=ORIENTED_EDGE('',*,*,#2971,.F.);
#3803=ORIENTED_EDGE('',*,*,#2923,.F.);
#3804=ORIENTED_EDGE('',*,*,#2972,.T.);
#3805=ORIENTED_EDGE('',*,*,#2973,.T.);
#3806=ORIENTED_EDGE('',*,*,#2967,.T.);
#3807=ORIENTED_EDGE('',*,*,#2972,.F.);
#3808=ORIENTED_EDGE('',*,*,#2922,.T.);
#3809=ORIENTED_EDGE('',*,*,#2974,.T.);
#3810=ORIENTED_EDGE('',*,*,#2975,.F.);
#3811=ORIENTED_EDGE('',*,*,#2976,.F.);
#3812=ORIENTED_EDGE('',*,*,#2977,.T.);
#3813=ORIENTED_EDGE('',*,*,#2978,.T.);
#3814=ORIENTED_EDGE('',*,*,#2979,.T.);
#3815=ORIENTED_EDGE('',*,*,#2980,.T.);
#3816=ORIENTED_EDGE('',*,*,#2977,.F.);
#3817=ORIENTED_EDGE('',*,*,#2981,.F.);
#3818=ORIENTED_EDGE('',*,*,#2982,.F.);
#3819=ORIENTED_EDGE('',*,*,#2983,.F.);
#3820=ORIENTED_EDGE('',*,*,#2969,.F.);
#3821=ORIENTED_EDGE('',*,*,#2984,.F.);
#3822=ORIENTED_EDGE('',*,*,#2985,.T.);
#3823=ORIENTED_EDGE('',*,*,#2986,.T.);
#3824=ORIENTED_EDGE('',*,*,#2982,.T.);
#3825=ORIENTED_EDGE('',*,*,#2976,.T.);
#3826=ORIENTED_EDGE('',*,*,#2987,.F.);
#3827=ORIENTED_EDGE('',*,*,#2988,.T.);
#3828=ORIENTED_EDGE('',*,*,#2989,.T.);
#3829=ORIENTED_EDGE('',*,*,#2984,.T.);
#3830=ORIENTED_EDGE('',*,*,#2981,.T.);
#3831=ORIENTED_EDGE('',*,*,#2990,.F.);
#3832=ORIENTED_EDGE('',*,*,#2991,.T.);
#3833=ORIENTED_EDGE('',*,*,#2992,.T.);
#3834=ORIENTED_EDGE('',*,*,#2892,.T.);
#3835=ORIENTED_EDGE('',*,*,#2991,.F.);
#3836=ORIENTED_EDGE('',*,*,#2993,.F.);
#3837=ORIENTED_EDGE('',*,*,#2971,.T.);
#3838=ORIENTED_EDGE('',*,*,#2994,.F.);
#3839=ORIENTED_EDGE('',*,*,#2995,.F.);
#3840=ORIENTED_EDGE('',*,*,#2996,.F.);
#3841=ORIENTED_EDGE('',*,*,#2997,.F.);
#3842=ORIENTED_EDGE('',*,*,#2998,.T.);
#3843=ORIENTED_EDGE('',*,*,#2999,.T.);
#3844=ORIENTED_EDGE('',*,*,#3000,.T.);
#3845=ORIENTED_EDGE('',*,*,#2882,.T.);
#3846=ORIENTED_EDGE('',*,*,#3001,.T.);
#3847=ORIENTED_EDGE('',*,*,#2937,.F.);
#3848=ORIENTED_EDGE('',*,*,#2904,.T.);
#3849=ORIENTED_EDGE('',*,*,#3002,.T.);
#3850=ORIENTED_EDGE('',*,*,#2895,.F.);
#3851=ORIENTED_EDGE('',*,*,#2897,.F.);
#3852=ORIENTED_EDGE('',*,*,#3003,.F.);
#3853=ORIENTED_EDGE('',*,*,#2997,.T.);
#3854=ORIENTED_EDGE('',*,*,#3004,.F.);
#3855=ORIENTED_EDGE('',*,*,#3005,.F.);
#3856=ORIENTED_EDGE('',*,*,#3006,.F.);
#3857=ORIENTED_EDGE('',*,*,#3007,.F.);
#3858=ORIENTED_EDGE('',*,*,#3008,.F.);
#3859=ORIENTED_EDGE('',*,*,#3009,.T.);
#3860=ORIENTED_EDGE('',*,*,#3010,.T.);
#3861=ORIENTED_EDGE('',*,*,#3011,.F.);
#3862=ORIENTED_EDGE('',*,*,#3012,.F.);
#3863=ORIENTED_EDGE('',*,*,#3013,.F.);
#3864=ORIENTED_EDGE('',*,*,#3014,.F.);
#3865=ORIENTED_EDGE('',*,*,#3015,.F.);
#3866=ORIENTED_EDGE('',*,*,#3016,.T.);
#3867=ORIENTED_EDGE('',*,*,#3017,.T.);
#3868=ORIENTED_EDGE('',*,*,#3018,.F.);
#3869=ORIENTED_EDGE('',*,*,#3019,.F.);
#3870=ORIENTED_EDGE('',*,*,#3020,.F.);
#3871=ORIENTED_EDGE('',*,*,#3021,.F.);
#3872=ORIENTED_EDGE('',*,*,#3022,.F.);
#3873=ORIENTED_EDGE('',*,*,#3023,.F.);
#3874=ORIENTED_EDGE('',*,*,#3024,.T.);
#3875=ORIENTED_EDGE('',*,*,#3025,.F.);
#3876=ORIENTED_EDGE('',*,*,#3026,.T.);
#3877=ORIENTED_EDGE('',*,*,#3027,.F.);
#3878=ORIENTED_EDGE('',*,*,#3028,.F.);
#3879=ORIENTED_EDGE('',*,*,#2960,.T.);
#3880=ORIENTED_EDGE('',*,*,#2963,.T.);
#3881=ORIENTED_EDGE('',*,*,#2965,.F.);
#3882=ORIENTED_EDGE('',*,*,#2966,.F.);
#3883=ORIENTED_EDGE('',*,*,#2993,.T.);
#3884=ORIENTED_EDGE('',*,*,#2990,.T.);
#3885=ORIENTED_EDGE('',*,*,#2891,.F.);
#3886=ORIENTED_EDGE('',*,*,#3029,.F.);
#3887=ORIENTED_EDGE('',*,*,#3030,.F.);
#3888=ORIENTED_EDGE('',*,*,#3031,.F.);
#3889=ORIENTED_EDGE('',*,*,#3032,.F.);
#3890=ORIENTED_EDGE('',*,*,#3033,.F.);
#3891=ORIENTED_EDGE('',*,*,#3034,.F.);
#3892=ORIENTED_EDGE('',*,*,#3035,.F.);
#3893=ORIENTED_EDGE('',*,*,#3036,.F.);
#3894=ORIENTED_EDGE('',*,*,#3037,.F.);
#3895=ORIENTED_EDGE('',*,*,#3038,.F.);
#3896=ORIENTED_EDGE('',*,*,#3039,.F.);
#3897=ORIENTED_EDGE('',*,*,#3040,.F.);
#3898=ORIENTED_EDGE('',*,*,#3041,.F.);
#3899=ORIENTED_EDGE('',*,*,#3042,.F.);
#3900=ORIENTED_EDGE('',*,*,#3043,.F.);
#3901=ORIENTED_EDGE('',*,*,#2887,.F.);
#3902=ORIENTED_EDGE('',*,*,#3044,.F.);
#3903=ORIENTED_EDGE('',*,*,#3045,.T.);
#3904=ORIENTED_EDGE('',*,*,#3046,.T.);
#3905=ORIENTED_EDGE('',*,*,#3047,.T.);
#3906=ORIENTED_EDGE('',*,*,#3048,.T.);
#3907=ORIENTED_EDGE('',*,*,#3049,.T.);
#3908=ORIENTED_EDGE('',*,*,#3050,.T.);
#3909=ORIENTED_EDGE('',*,*,#3051,.T.);
#3910=ORIENTED_EDGE('',*,*,#3052,.F.);
#3911=ORIENTED_EDGE('',*,*,#3053,.F.);
#3912=ORIENTED_EDGE('',*,*,#3054,.F.);
#3913=ORIENTED_EDGE('',*,*,#3055,.F.);
#3914=ORIENTED_EDGE('',*,*,#3056,.F.);
#3915=ORIENTED_EDGE('',*,*,#3057,.F.);
#3916=ORIENTED_EDGE('',*,*,#3058,.F.);
#3917=ORIENTED_EDGE('',*,*,#3059,.F.);
#3918=ORIENTED_EDGE('',*,*,#3060,.F.);
#3919=ORIENTED_EDGE('',*,*,#3061,.F.);
#3920=ORIENTED_EDGE('',*,*,#3062,.F.);
#3921=ORIENTED_EDGE('',*,*,#3063,.F.);
#3922=ORIENTED_EDGE('',*,*,#3064,.F.);
#3923=ORIENTED_EDGE('',*,*,#3065,.F.);
#3924=ORIENTED_EDGE('',*,*,#3066,.F.);
#3925=ORIENTED_EDGE('',*,*,#3067,.T.);
#3926=ORIENTED_EDGE('',*,*,#3068,.T.);
#3927=ORIENTED_EDGE('',*,*,#3069,.F.);
#3928=ORIENTED_EDGE('',*,*,#3070,.F.);
#3929=ORIENTED_EDGE('',*,*,#3071,.T.);
#3930=ORIENTED_EDGE('',*,*,#3072,.T.);
#3931=ORIENTED_EDGE('',*,*,#3073,.T.);
#3932=ORIENTED_EDGE('',*,*,#3074,.T.);
#3933=ORIENTED_EDGE('',*,*,#3075,.T.);
#3934=ORIENTED_EDGE('',*,*,#3076,.T.);
#3935=ORIENTED_EDGE('',*,*,#3077,.T.);
#3936=ORIENTED_EDGE('',*,*,#3078,.T.);
#3937=ORIENTED_EDGE('',*,*,#3079,.T.);
#3938=ORIENTED_EDGE('',*,*,#3080,.T.);
#3939=ORIENTED_EDGE('',*,*,#3081,.F.);
#3940=ORIENTED_EDGE('',*,*,#3082,.F.);
#3941=ORIENTED_EDGE('',*,*,#3083,.T.);
#3942=ORIENTED_EDGE('',*,*,#3084,.T.);
#3943=ORIENTED_EDGE('',*,*,#3000,.F.);
#3944=ORIENTED_EDGE('',*,*,#3085,.T.);
#3945=ORIENTED_EDGE('',*,*,#3086,.F.);
#3946=ORIENTED_EDGE('',*,*,#3087,.T.);
#3947=ORIENTED_EDGE('',*,*,#3088,.F.);
#3948=ORIENTED_EDGE('',*,*,#2931,.T.);
#3949=ORIENTED_EDGE('',*,*,#3089,.F.);
#3950=ORIENTED_EDGE('',*,*,#3090,.T.);
#3951=ORIENTED_EDGE('',*,*,#3091,.F.);
#3952=ORIENTED_EDGE('',*,*,#3092,.T.);
#3953=ORIENTED_EDGE('',*,*,#3093,.F.);
#3954=ORIENTED_EDGE('',*,*,#3022,.T.);
#3955=ORIENTED_EDGE('',*,*,#3094,.F.);
#3956=ORIENTED_EDGE('',*,*,#3095,.F.);
#3957=ORIENTED_EDGE('',*,*,#3096,.T.);
#3958=ORIENTED_EDGE('',*,*,#3004,.T.);
#3959=ORIENTED_EDGE('',*,*,#3097,.F.);
#3960=ORIENTED_EDGE('',*,*,#3098,.T.);
#3961=ORIENTED_EDGE('',*,*,#2934,.T.);
#3962=ORIENTED_EDGE('',*,*,#3099,.T.);
#3963=ORIENTED_EDGE('',*,*,#3098,.F.);
#3964=ORIENTED_EDGE('',*,*,#3100,.F.);
#3965=ORIENTED_EDGE('',*,*,#3101,.F.);
#3966=ORIENTED_EDGE('',*,*,#3102,.F.);
#3967=ORIENTED_EDGE('',*,*,#3103,.T.);
#3968=ORIENTED_EDGE('',*,*,#2935,.T.);
#3969=ORIENTED_EDGE('',*,*,#3104,.F.);
#3970=ORIENTED_EDGE('',*,*,#3086,.T.);
#3971=ORIENTED_EDGE('',*,*,#3105,.T.);
#3972=ORIENTED_EDGE('',*,*,#3106,.T.);
#3973=ORIENTED_EDGE('',*,*,#3097,.T.);
#3974=ORIENTED_EDGE('',*,*,#3107,.T.);
#3975=ORIENTED_EDGE('',*,*,#3108,.T.);
#3976=ORIENTED_EDGE('',*,*,#3087,.F.);
#3977=ORIENTED_EDGE('',*,*,#3104,.T.);
#3978=ORIENTED_EDGE('',*,*,#3109,.T.);
#3979=ORIENTED_EDGE('',*,*,#3110,.T.);
#3980=ORIENTED_EDGE('',*,*,#3100,.T.);
#3981=ORIENTED_EDGE('',*,*,#3106,.F.);
#3982=ORIENTED_EDGE('',*,*,#3111,.F.);
#3983=ORIENTED_EDGE('',*,*,#3112,.F.);
#3984=ORIENTED_EDGE('',*,*,#3109,.F.);
#3985=ORIENTED_EDGE('',*,*,#3110,.F.);
#3986=ORIENTED_EDGE('',*,*,#3112,.T.);
#3987=ORIENTED_EDGE('',*,*,#3113,.T.);
#3988=ORIENTED_EDGE('',*,*,#3101,.T.);
#3989=ORIENTED_EDGE('',*,*,#3108,.F.);
#3990=ORIENTED_EDGE('',*,*,#3114,.T.);
#3991=ORIENTED_EDGE('',*,*,#2932,.T.);
#3992=ORIENTED_EDGE('',*,*,#3088,.T.);
#3993=ORIENTED_EDGE('',*,*,#3115,.F.);
#3994=ORIENTED_EDGE('',*,*,#3116,.T.);
#3995=ORIENTED_EDGE('',*,*,#3117,.T.);
#3996=ORIENTED_EDGE('',*,*,#3118,.T.);
#3997=ORIENTED_EDGE('',*,*,#3115,.T.);
#3998=ORIENTED_EDGE('',*,*,#3119,.T.);
#3999=ORIENTED_EDGE('',*,*,#3120,.T.);
#4000=ORIENTED_EDGE('',*,*,#3121,.T.);
#4001=ORIENTED_EDGE('',*,*,#3122,.T.);
#4002=ORIENTED_EDGE('',*,*,#3092,.F.);
#4003=ORIENTED_EDGE('',*,*,#3123,.T.);
#4004=ORIENTED_EDGE('',*,*,#3124,.T.);
#4005=ORIENTED_EDGE('',*,*,#3118,.F.);
#4006=ORIENTED_EDGE('',*,*,#3125,.F.);
#4007=ORIENTED_EDGE('',*,*,#3126,.F.);
#4008=ORIENTED_EDGE('',*,*,#3026,.F.);
#4009=ORIENTED_EDGE('',*,*,#3127,.F.);
#4010=ORIENTED_EDGE('',*,*,#3119,.F.);
#4011=ORIENTED_EDGE('',*,*,#3120,.F.);
#4012=ORIENTED_EDGE('',*,*,#3127,.T.);
#4013=ORIENTED_EDGE('',*,*,#3025,.T.);
#4014=ORIENTED_EDGE('',*,*,#3128,.T.);
#4015=ORIENTED_EDGE('',*,*,#3122,.F.);
#4016=ORIENTED_EDGE('',*,*,#3129,.T.);
#4017=ORIENTED_EDGE('',*,*,#3023,.T.);
#4018=ORIENTED_EDGE('',*,*,#3093,.T.);
#4019=ORIENTED_EDGE('',*,*,#3123,.F.);
#4020=ORIENTED_EDGE('',*,*,#3091,.T.);
#4021=ORIENTED_EDGE('',*,*,#3130,.T.);
#4022=ORIENTED_EDGE('',*,*,#3131,.T.);
#4023=ORIENTED_EDGE('',*,*,#3116,.F.);
#4024=ORIENTED_EDGE('',*,*,#3124,.F.);
#4025=ORIENTED_EDGE('',*,*,#3131,.F.);
#4026=ORIENTED_EDGE('',*,*,#3132,.F.);
#4027=ORIENTED_EDGE('',*,*,#2930,.F.);
#4028=ORIENTED_EDGE('',*,*,#3133,.T.);
#4029=ORIENTED_EDGE('',*,*,#3134,.T.);
#4030=ORIENTED_EDGE('',*,*,#3089,.T.);
#4031=ORIENTED_EDGE('',*,*,#3135,.F.);
#4032=ORIENTED_EDGE('',*,*,#3136,.T.);
#4033=ORIENTED_EDGE('',*,*,#3057,.T.);
#4034=ORIENTED_EDGE('',*,*,#3137,.T.);
#4035=ORIENTED_EDGE('',*,*,#3137,.F.);
#4036=ORIENTED_EDGE('',*,*,#3056,.T.);
#4037=ORIENTED_EDGE('',*,*,#3138,.F.);
#4038=ORIENTED_EDGE('',*,*,#3139,.F.);
#4039=ORIENTED_EDGE('',*,*,#3140,.F.);
#4040=ORIENTED_EDGE('',*,*,#3141,.T.);
#4041=ORIENTED_EDGE('',*,*,#3059,.T.);
#4042=ORIENTED_EDGE('',*,*,#3142,.T.);
#4043=ORIENTED_EDGE('',*,*,#3136,.F.);
#4044=ORIENTED_EDGE('',*,*,#3143,.F.);
#4045=ORIENTED_EDGE('',*,*,#3142,.F.);
#4046=ORIENTED_EDGE('',*,*,#3058,.T.);
#4047=ORIENTED_EDGE('',*,*,#3144,.F.);
#4048=ORIENTED_EDGE('',*,*,#3145,.T.);
#4049=ORIENTED_EDGE('',*,*,#3061,.T.);
#4050=ORIENTED_EDGE('',*,*,#3146,.T.);
#4051=ORIENTED_EDGE('',*,*,#3141,.F.);
#4052=ORIENTED_EDGE('',*,*,#3147,.F.);
#4053=ORIENTED_EDGE('',*,*,#3146,.F.);
#4054=ORIENTED_EDGE('',*,*,#3060,.T.);
#4055=ORIENTED_EDGE('',*,*,#3148,.F.);
#4056=ORIENTED_EDGE('',*,*,#3138,.T.);
#4057=ORIENTED_EDGE('',*,*,#3055,.T.);
#4058=ORIENTED_EDGE('',*,*,#3149,.T.);
#4059=ORIENTED_EDGE('',*,*,#3145,.F.);
#4060=ORIENTED_EDGE('',*,*,#3150,.F.);
#4061=ORIENTED_EDGE('',*,*,#3149,.F.);
#4062=ORIENTED_EDGE('',*,*,#3062,.T.);
#4063=ORIENTED_EDGE('',*,*,#2996,.T.);
#4064=ORIENTED_EDGE('',*,*,#3151,.F.);
#4065=ORIENTED_EDGE('',*,*,#3152,.F.);
#4066=ORIENTED_EDGE('',*,*,#3153,.T.);
#4067=ORIENTED_EDGE('',*,*,#3154,.T.);
#4068=ORIENTED_EDGE('',*,*,#3155,.T.);
#4069=ORIENTED_EDGE('',*,*,#3156,.T.);
#4070=ORIENTED_EDGE('',*,*,#3157,.F.);
#4071=ORIENTED_EDGE('',*,*,#3158,.T.);
#4072=ORIENTED_EDGE('',*,*,#2884,.F.);
#4073=ORIENTED_EDGE('',*,*,#2886,.F.);
#4074=ORIENTED_EDGE('',*,*,#2992,.F.);
#4075=ORIENTED_EDGE('',*,*,#3159,.T.);
#4076=ORIENTED_EDGE('',*,*,#3160,.T.);
#4077=ORIENTED_EDGE('',*,*,#3161,.T.);
#4078=ORIENTED_EDGE('',*,*,#3162,.T.);
#4079=ORIENTED_EDGE('',*,*,#3163,.F.);
#4080=ORIENTED_EDGE('',*,*,#3164,.F.);
#4081=ORIENTED_EDGE('',*,*,#3165,.F.);
#4082=ORIENTED_EDGE('',*,*,#3166,.F.);
#4083=ORIENTED_EDGE('',*,*,#3167,.F.);
#4084=ORIENTED_EDGE('',*,*,#3168,.F.);
#4085=ORIENTED_EDGE('',*,*,#3169,.T.);
#4086=ORIENTED_EDGE('',*,*,#3170,.T.);
#4087=ORIENTED_EDGE('',*,*,#3169,.F.);
#4088=ORIENTED_EDGE('',*,*,#3170,.F.);
#4089=ORIENTED_EDGE('',*,*,#3162,.F.);
#4090=ORIENTED_EDGE('',*,*,#3171,.T.);
#4091=ORIENTED_EDGE('',*,*,#3172,.T.);
#4092=ORIENTED_EDGE('',*,*,#3171,.F.);
#4093=ORIENTED_EDGE('',*,*,#3172,.F.);
#4094=ORIENTED_EDGE('',*,*,#3173,.F.);
#4095=ORIENTED_EDGE('',*,*,#3174,.T.);
#4096=ORIENTED_EDGE('',*,*,#3175,.T.);
#4097=ORIENTED_EDGE('',*,*,#3174,.F.);
#4098=ORIENTED_EDGE('',*,*,#3175,.F.);
#4099=ORIENTED_EDGE('',*,*,#3160,.F.);
#4100=ORIENTED_EDGE('',*,*,#3176,.T.);
#4101=ORIENTED_EDGE('',*,*,#3177,.T.);
#4102=ORIENTED_EDGE('',*,*,#3176,.F.);
#4103=ORIENTED_EDGE('',*,*,#3177,.F.);
#4104=ORIENTED_EDGE('',*,*,#2885,.F.);
#4105=ORIENTED_EDGE('',*,*,#3158,.F.);
#4106=ORIENTED_EDGE('',*,*,#3178,.T.);
#4107=ORIENTED_EDGE('',*,*,#3179,.F.);
#4108=ORIENTED_EDGE('',*,*,#2938,.F.);
#4109=ORIENTED_EDGE('',*,*,#3001,.F.);
#4110=ORIENTED_EDGE('',*,*,#2936,.T.);
#4111=ORIENTED_EDGE('',*,*,#3103,.F.);
#4112=ORIENTED_EDGE('',*,*,#3180,.F.);
#4113=ORIENTED_EDGE('',*,*,#2899,.F.);
#4114=ORIENTED_EDGE('',*,*,#3133,.F.);
#4115=ORIENTED_EDGE('',*,*,#2929,.T.);
#4116=ORIENTED_EDGE('',*,*,#3181,.F.);
#4117=ORIENTED_EDGE('',*,*,#3182,.F.);
#4118=ORIENTED_EDGE('',*,*,#3180,.T.);
#4119=ORIENTED_EDGE('',*,*,#3102,.T.);
#4120=ORIENTED_EDGE('',*,*,#3113,.F.);
#4121=ORIENTED_EDGE('',*,*,#3111,.T.);
#4122=ORIENTED_EDGE('',*,*,#3105,.F.);
#4123=ORIENTED_EDGE('',*,*,#3085,.F.);
#4124=ORIENTED_EDGE('',*,*,#2999,.F.);
#4125=ORIENTED_EDGE('',*,*,#3183,.F.);
#4126=ORIENTED_EDGE('',*,*,#2900,.T.);
#4127=ORIENTED_EDGE('',*,*,#3184,.T.);
#4128=ORIENTED_EDGE('',*,*,#3182,.T.);
#4129=ORIENTED_EDGE('',*,*,#3185,.T.);
#4130=ORIENTED_EDGE('',*,*,#3186,.T.);
#4131=ORIENTED_EDGE('',*,*,#3125,.T.);
#4132=ORIENTED_EDGE('',*,*,#3117,.F.);
#4133=ORIENTED_EDGE('',*,*,#3132,.T.);
#4134=ORIENTED_EDGE('',*,*,#3130,.F.);
#4135=ORIENTED_EDGE('',*,*,#3090,.F.);
#4136=ORIENTED_EDGE('',*,*,#3134,.F.);
#4137=ORIENTED_EDGE('',*,*,#3187,.T.);
#4138=ORIENTED_EDGE('',*,*,#3128,.F.);
#4139=ORIENTED_EDGE('',*,*,#3024,.F.);
#4140=ORIENTED_EDGE('',*,*,#3129,.F.);
#4141=ORIENTED_EDGE('',*,*,#3121,.F.);
#4142=ORIENTED_EDGE('',*,*,#3188,.T.);
#4143=ORIENTED_EDGE('',*,*,#3189,.T.);
#4144=ORIENTED_EDGE('',*,*,#3016,.F.);
#4145=ORIENTED_EDGE('',*,*,#3190,.T.);
#4146=ORIENTED_EDGE('',*,*,#3191,.F.);
#4147=ORIENTED_EDGE('',*,*,#3192,.F.);
#4148=ORIENTED_EDGE('',*,*,#3010,.F.);
#4149=ORIENTED_EDGE('',*,*,#3193,.F.);
#4150=ORIENTED_EDGE('',*,*,#2896,.F.);
#4151=ORIENTED_EDGE('',*,*,#3002,.F.);
#4152=ORIENTED_EDGE('',*,*,#2903,.F.);
#4153=ORIENTED_EDGE('',*,*,#2906,.F.);
#4154=ORIENTED_EDGE('',*,*,#3082,.T.);
#4155=ORIENTED_EDGE('',*,*,#3194,.T.);
#4156=ORIENTED_EDGE('',*,*,#3195,.F.);
#4157=ORIENTED_EDGE('',*,*,#3196,.F.);
#4158=ORIENTED_EDGE('',*,*,#3081,.T.);
#4159=ORIENTED_EDGE('',*,*,#3197,.T.);
#4160=ORIENTED_EDGE('',*,*,#3198,.F.);
#4161=ORIENTED_EDGE('',*,*,#3194,.F.);
#4162=ORIENTED_EDGE('',*,*,#3070,.T.);
#4163=ORIENTED_EDGE('',*,*,#3199,.T.);
#4164=ORIENTED_EDGE('',*,*,#3200,.T.);
#4165=ORIENTED_EDGE('',*,*,#3201,.F.);
#4166=ORIENTED_EDGE('',*,*,#3069,.T.);
#4167=ORIENTED_EDGE('',*,*,#3202,.T.);
#4168=ORIENTED_EDGE('',*,*,#3203,.T.);
#4169=ORIENTED_EDGE('',*,*,#3199,.F.);
#4170=ORIENTED_EDGE('',*,*,#3042,.T.);
#4171=ORIENTED_EDGE('',*,*,#3204,.F.);
#4172=ORIENTED_EDGE('',*,*,#3205,.F.);
#4173=ORIENTED_EDGE('',*,*,#3206,.T.);
#4174=ORIENTED_EDGE('',*,*,#3041,.T.);
#4175=ORIENTED_EDGE('',*,*,#3207,.F.);
#4176=ORIENTED_EDGE('',*,*,#3208,.F.);
#4177=ORIENTED_EDGE('',*,*,#3204,.T.);
#4178=ORIENTED_EDGE('',*,*,#3040,.T.);
#4179=ORIENTED_EDGE('',*,*,#3209,.F.);
#4180=ORIENTED_EDGE('',*,*,#3210,.F.);
#4181=ORIENTED_EDGE('',*,*,#3207,.T.);
#4182=ORIENTED_EDGE('',*,*,#3039,.T.);
#4183=ORIENTED_EDGE('',*,*,#3211,.F.);
#4184=ORIENTED_EDGE('',*,*,#3212,.F.);
#4185=ORIENTED_EDGE('',*,*,#3209,.T.);
#4186=ORIENTED_EDGE('',*,*,#3038,.T.);
#4187=ORIENTED_EDGE('',*,*,#3213,.F.);
#4188=ORIENTED_EDGE('',*,*,#3214,.F.);
#4189=ORIENTED_EDGE('',*,*,#3211,.T.);
#4190=ORIENTED_EDGE('',*,*,#3037,.T.);
#4191=ORIENTED_EDGE('',*,*,#3215,.F.);
#4192=ORIENTED_EDGE('',*,*,#3216,.F.);
#4193=ORIENTED_EDGE('',*,*,#3213,.T.);
#4194=ORIENTED_EDGE('',*,*,#3036,.T.);
#4195=ORIENTED_EDGE('',*,*,#3217,.F.);
#4196=ORIENTED_EDGE('',*,*,#3218,.F.);
#4197=ORIENTED_EDGE('',*,*,#3215,.T.);
#4198=ORIENTED_EDGE('',*,*,#3035,.T.);
#4199=ORIENTED_EDGE('',*,*,#3219,.F.);
#4200=ORIENTED_EDGE('',*,*,#3220,.F.);
#4201=ORIENTED_EDGE('',*,*,#3217,.T.);
#4202=ORIENTED_EDGE('',*,*,#3006,.T.);
#4203=ORIENTED_EDGE('',*,*,#3221,.F.);
#4204=ORIENTED_EDGE('',*,*,#3222,.F.);
#4205=ORIENTED_EDGE('',*,*,#3223,.T.);
#4206=ORIENTED_EDGE('',*,*,#3005,.T.);
#4207=ORIENTED_EDGE('',*,*,#3096,.F.);
#4208=ORIENTED_EDGE('',*,*,#3224,.F.);
#4209=ORIENTED_EDGE('',*,*,#3221,.T.);
#4210=ORIENTED_EDGE('',*,*,#3225,.T.);
#4211=ORIENTED_EDGE('',*,*,#3226,.T.);
#4212=ORIENTED_EDGE('',*,*,#3049,.F.);
#4213=ORIENTED_EDGE('',*,*,#3226,.F.);
#4214=ORIENTED_EDGE('',*,*,#3227,.T.);
#4215=ORIENTED_EDGE('',*,*,#3228,.T.);
#4216=ORIENTED_EDGE('',*,*,#3229,.F.);
#4217=ORIENTED_EDGE('',*,*,#3228,.F.);
#4218=ORIENTED_EDGE('',*,*,#3225,.F.);
#4219=ORIENTED_EDGE('',*,*,#3227,.F.);
#4220=ORIENTED_EDGE('',*,*,#3230,.T.);
#4221=ORIENTED_EDGE('',*,*,#3231,.T.);
#4222=ORIENTED_EDGE('',*,*,#3051,.F.);
#4223=ORIENTED_EDGE('',*,*,#3231,.F.);
#4224=ORIENTED_EDGE('',*,*,#3232,.T.);
#4225=ORIENTED_EDGE('',*,*,#3233,.T.);
#4226=ORIENTED_EDGE('',*,*,#3234,.F.);
#4227=ORIENTED_EDGE('',*,*,#3233,.F.);
#4228=ORIENTED_EDGE('',*,*,#3230,.F.);
#4229=ORIENTED_EDGE('',*,*,#3232,.F.);
#4230=ORIENTED_EDGE('',*,*,#3235,.T.);
#4231=ORIENTED_EDGE('',*,*,#3236,.T.);
#4232=ORIENTED_EDGE('',*,*,#3050,.F.);
#4233=ORIENTED_EDGE('',*,*,#3236,.F.);
#4234=ORIENTED_EDGE('',*,*,#3237,.T.);
#4235=ORIENTED_EDGE('',*,*,#3238,.T.);
#4236=ORIENTED_EDGE('',*,*,#3239,.F.);
#4237=ORIENTED_EDGE('',*,*,#3238,.F.);
#4238=ORIENTED_EDGE('',*,*,#3235,.F.);
#4239=ORIENTED_EDGE('',*,*,#3237,.F.);
#4240=ORIENTED_EDGE('',*,*,#3240,.T.);
#4241=ORIENTED_EDGE('',*,*,#3241,.T.);
#4242=ORIENTED_EDGE('',*,*,#3048,.F.);
#4243=ORIENTED_EDGE('',*,*,#3241,.F.);
#4244=ORIENTED_EDGE('',*,*,#3242,.T.);
#4245=ORIENTED_EDGE('',*,*,#3243,.T.);
#4246=ORIENTED_EDGE('',*,*,#3244,.F.);
#4247=ORIENTED_EDGE('',*,*,#3243,.F.);
#4248=ORIENTED_EDGE('',*,*,#3240,.F.);
#4249=ORIENTED_EDGE('',*,*,#3242,.F.);
#4250=ORIENTED_EDGE('',*,*,#3244,.T.);
#4251=ORIENTED_EDGE('',*,*,#3239,.T.);
#4252=ORIENTED_EDGE('',*,*,#3234,.T.);
#4253=ORIENTED_EDGE('',*,*,#3245,.T.);
#4254=ORIENTED_EDGE('',*,*,#3246,.T.);
#4255=ORIENTED_EDGE('',*,*,#3047,.F.);
#4256=ORIENTED_EDGE('',*,*,#3246,.F.);
#4257=ORIENTED_EDGE('',*,*,#3247,.T.);
#4258=ORIENTED_EDGE('',*,*,#3248,.T.);
#4259=ORIENTED_EDGE('',*,*,#3249,.F.);
#4260=ORIENTED_EDGE('',*,*,#3248,.F.);
#4261=ORIENTED_EDGE('',*,*,#3245,.F.);
#4262=ORIENTED_EDGE('',*,*,#3247,.F.);
#4263=ORIENTED_EDGE('',*,*,#3250,.T.);
#4264=ORIENTED_EDGE('',*,*,#3251,.T.);
#4265=ORIENTED_EDGE('',*,*,#3045,.F.);
#4266=ORIENTED_EDGE('',*,*,#3251,.F.);
#4267=ORIENTED_EDGE('',*,*,#3252,.T.);
#4268=ORIENTED_EDGE('',*,*,#3253,.T.);
#4269=ORIENTED_EDGE('',*,*,#3254,.F.);
#4270=ORIENTED_EDGE('',*,*,#3253,.F.);
#4271=ORIENTED_EDGE('',*,*,#3250,.F.);
#4272=ORIENTED_EDGE('',*,*,#3252,.F.);
#4273=ORIENTED_EDGE('',*,*,#3255,.T.);
#4274=ORIENTED_EDGE('',*,*,#3256,.T.);
#4275=ORIENTED_EDGE('',*,*,#3046,.F.);
#4276=ORIENTED_EDGE('',*,*,#3256,.F.);
#4277=ORIENTED_EDGE('',*,*,#3257,.T.);
#4278=ORIENTED_EDGE('',*,*,#3258,.T.);
#4279=ORIENTED_EDGE('',*,*,#3259,.F.);
#4280=ORIENTED_EDGE('',*,*,#3258,.F.);
#4281=ORIENTED_EDGE('',*,*,#3255,.F.);
#4282=ORIENTED_EDGE('',*,*,#3257,.F.);
#4283=ORIENTED_EDGE('',*,*,#3067,.F.);
#4284=ORIENTED_EDGE('',*,*,#3201,.T.);
#4285=ORIENTED_EDGE('',*,*,#3260,.T.);
#4286=ORIENTED_EDGE('',*,*,#3261,.F.);
#4287=ORIENTED_EDGE('',*,*,#3068,.F.);
#4288=ORIENTED_EDGE('',*,*,#3261,.T.);
#4289=ORIENTED_EDGE('',*,*,#3262,.T.);
#4290=ORIENTED_EDGE('',*,*,#3202,.F.);
#4291=ORIENTED_EDGE('',*,*,#3203,.F.);
#4292=ORIENTED_EDGE('',*,*,#3262,.F.);
#4293=ORIENTED_EDGE('',*,*,#3260,.F.);
#4294=ORIENTED_EDGE('',*,*,#3200,.F.);
#4295=ORIENTED_EDGE('',*,*,#3229,.T.);
#4296=ORIENTED_EDGE('',*,*,#3259,.T.);
#4297=ORIENTED_EDGE('',*,*,#3254,.T.);
#4298=ORIENTED_EDGE('',*,*,#3263,.F.);
#4299=ORIENTED_EDGE('',*,*,#3264,.T.);
#4300=ORIENTED_EDGE('',*,*,#3163,.T.);
#4301=ORIENTED_EDGE('',*,*,#3264,.F.);
#4302=ORIENTED_EDGE('',*,*,#3265,.F.);
#4303=ORIENTED_EDGE('',*,*,#3266,.T.);
#4304=ORIENTED_EDGE('',*,*,#3267,.F.);
#4305=ORIENTED_EDGE('',*,*,#3266,.F.);
#4306=ORIENTED_EDGE('',*,*,#3263,.T.);
#4307=ORIENTED_EDGE('',*,*,#3265,.T.);
#4308=ORIENTED_EDGE('',*,*,#3268,.F.);
#4309=ORIENTED_EDGE('',*,*,#3269,.T.);
#4310=ORIENTED_EDGE('',*,*,#3044,.T.);
#4311=ORIENTED_EDGE('',*,*,#3269,.F.);
#4312=ORIENTED_EDGE('',*,*,#3270,.F.);
#4313=ORIENTED_EDGE('',*,*,#3271,.T.);
#4314=ORIENTED_EDGE('',*,*,#3272,.F.);
#4315=ORIENTED_EDGE('',*,*,#3271,.F.);
#4316=ORIENTED_EDGE('',*,*,#3268,.T.);
#4317=ORIENTED_EDGE('',*,*,#3270,.T.);
#4318=ORIENTED_EDGE('',*,*,#2871,.F.);
#4319=ORIENTED_EDGE('',*,*,#2916,.F.);
#4320=ORIENTED_EDGE('',*,*,#3273,.F.);
#4321=ORIENTED_EDGE('',*,*,#2843,.F.);
#4322=ORIENTED_EDGE('',*,*,#3028,.T.);
#4323=ORIENTED_EDGE('',*,*,#3274,.T.);
#4324=ORIENTED_EDGE('',*,*,#3185,.F.);
#4325=ORIENTED_EDGE('',*,*,#3181,.T.);
#4326=ORIENTED_EDGE('',*,*,#2928,.F.);
#4327=ORIENTED_EDGE('',*,*,#2961,.F.);
#4328=ORIENTED_EDGE('',*,*,#2995,.T.);
#4329=ORIENTED_EDGE('',*,*,#3275,.F.);
#4330=ORIENTED_EDGE('',*,*,#3276,.F.);
#4331=ORIENTED_EDGE('',*,*,#3151,.T.);
#4332=ORIENTED_EDGE('',*,*,#3277,.T.);
#4333=ORIENTED_EDGE('',*,*,#3278,.F.);
#4334=ORIENTED_EDGE('',*,*,#3178,.F.);
#4335=ORIENTED_EDGE('',*,*,#3157,.T.);
#4336=ORIENTED_EDGE('',*,*,#3279,.F.);
#4337=ORIENTED_EDGE('',*,*,#3280,.T.);
#4338=ORIENTED_EDGE('',*,*,#3167,.T.);
#4339=ORIENTED_EDGE('',*,*,#3280,.F.);
#4340=ORIENTED_EDGE('',*,*,#2985,.F.);
#4341=ORIENTED_EDGE('',*,*,#2989,.F.);
#4342=ORIENTED_EDGE('',*,*,#3281,.T.);
#4343=ORIENTED_EDGE('',*,*,#3282,.F.);
#4344=ORIENTED_EDGE('',*,*,#2983,.T.);
#4345=ORIENTED_EDGE('',*,*,#2986,.F.);
#4346=ORIENTED_EDGE('',*,*,#3282,.T.);
#4347=ORIENTED_EDGE('',*,*,#3283,.T.);
#4348=ORIENTED_EDGE('',*,*,#3275,.T.);
#4349=ORIENTED_EDGE('',*,*,#2994,.T.);
#4350=ORIENTED_EDGE('',*,*,#2970,.T.);
#4351=ORIENTED_EDGE('',*,*,#3279,.T.);
#4352=ORIENTED_EDGE('',*,*,#3187,.F.);
#4353=ORIENTED_EDGE('',*,*,#3284,.T.);
#4354=ORIENTED_EDGE('',*,*,#3165,.T.);
#4355=ORIENTED_EDGE('',*,*,#3284,.F.);
#4356=ORIENTED_EDGE('',*,*,#3184,.F.);
#4357=ORIENTED_EDGE('',*,*,#3285,.T.);
#4358=ORIENTED_EDGE('',*,*,#3164,.T.);
#4359=ORIENTED_EDGE('',*,*,#3285,.F.);
#4360=ORIENTED_EDGE('',*,*,#2874,.F.);
#4361=ORIENTED_EDGE('',*,*,#2914,.T.);
#4362=ORIENTED_EDGE('',*,*,#2877,.F.);
#4363=ORIENTED_EDGE('',*,*,#2847,.F.);
#4364=ORIENTED_EDGE('',*,*,#3099,.F.);
#4365=ORIENTED_EDGE('',*,*,#2933,.T.);
#4366=ORIENTED_EDGE('',*,*,#3114,.F.);
#4367=ORIENTED_EDGE('',*,*,#3107,.F.);
#4368=ORIENTED_EDGE('',*,*,#2844,.F.);
#4369=ORIENTED_EDGE('',*,*,#3273,.T.);
#4370=ORIENTED_EDGE('',*,*,#2915,.F.);
#4371=ORIENTED_EDGE('',*,*,#2875,.F.);
#4372=ORIENTED_EDGE('',*,*,#2946,.F.);
#4373=ORIENTED_EDGE('',*,*,#3286,.F.);
#4374=ORIENTED_EDGE('',*,*,#3287,.F.);
#4375=ORIENTED_EDGE('',*,*,#2954,.F.);
#4376=ORIENTED_EDGE('',*,*,#3288,.F.);
#4377=ORIENTED_EDGE('',*,*,#3289,.T.);
#4378=ORIENTED_EDGE('',*,*,#3166,.T.);
#4379=ORIENTED_EDGE('',*,*,#3289,.F.);
#4380=ORIENTED_EDGE('',*,*,#2939,.T.);
#4381=ORIENTED_EDGE('',*,*,#3179,.T.);
#4382=ORIENTED_EDGE('',*,*,#3278,.T.);
#4383=ORIENTED_EDGE('',*,*,#3290,.T.);
#4384=ORIENTED_EDGE('',*,*,#3286,.T.);
#4385=ORIENTED_EDGE('',*,*,#2945,.F.);
#4386=ORIENTED_EDGE('',*,*,#2950,.T.);
#4387=ORIENTED_EDGE('',*,*,#3288,.T.);
#4388=ORIENTED_EDGE('',*,*,#2952,.F.);
#4389=ORIENTED_EDGE('',*,*,#2956,.T.);
#4390=ORIENTED_EDGE('',*,*,#3291,.T.);
#4391=ORIENTED_EDGE('',*,*,#3292,.F.);
#4392=ORIENTED_EDGE('',*,*,#3293,.F.);
#4393=ORIENTED_EDGE('',*,*,#3294,.T.);
#4394=ORIENTED_EDGE('',*,*,#3295,.F.);
#4395=ORIENTED_EDGE('',*,*,#3294,.F.);
#4396=ORIENTED_EDGE('',*,*,#3293,.T.);
#4397=ORIENTED_EDGE('',*,*,#2850,.F.);
#4398=ORIENTED_EDGE('',*,*,#2881,.T.);
#4399=ORIENTED_EDGE('',*,*,#2913,.F.);
#4400=ORIENTED_EDGE('',*,*,#3296,.F.);
#4401=ORIENTED_EDGE('',*,*,#2851,.F.);
#4402=ORIENTED_EDGE('',*,*,#3296,.T.);
#4403=ORIENTED_EDGE('',*,*,#2912,.F.);
#4404=ORIENTED_EDGE('',*,*,#3297,.F.);
#4405=ORIENTED_EDGE('',*,*,#2998,.F.);
#4406=ORIENTED_EDGE('',*,*,#3003,.T.);
#4407=ORIENTED_EDGE('',*,*,#2901,.T.);
#4408=ORIENTED_EDGE('',*,*,#3183,.T.);
#4409=ORIENTED_EDGE('',*,*,#2911,.T.);
#4410=ORIENTED_EDGE('',*,*,#3298,.T.);
#4411=ORIENTED_EDGE('',*,*,#3299,.F.);
#4412=ORIENTED_EDGE('',*,*,#3300,.F.);
#4413=ORIENTED_EDGE('',*,*,#2910,.T.);
#4414=ORIENTED_EDGE('',*,*,#3301,.T.);
#4415=ORIENTED_EDGE('',*,*,#3302,.F.);
#4416=ORIENTED_EDGE('',*,*,#3298,.F.);
#4417=ORIENTED_EDGE('',*,*,#2958,.F.);
#4418=ORIENTED_EDGE('',*,*,#3303,.F.);
#4419=ORIENTED_EDGE('',*,*,#3301,.F.);
#4420=ORIENTED_EDGE('',*,*,#2909,.T.);
#4421=ORIENTED_EDGE('',*,*,#3156,.F.);
#4422=ORIENTED_EDGE('',*,*,#3304,.F.);
#4423=ORIENTED_EDGE('',*,*,#2852,.F.);
#4424=ORIENTED_EDGE('',*,*,#3297,.T.);
#4425=ORIENTED_EDGE('',*,*,#3300,.T.);
#4426=ORIENTED_EDGE('',*,*,#3305,.F.);
#4427=ORIENTED_EDGE('',*,*,#3291,.F.);
#4428=ORIENTED_EDGE('',*,*,#2955,.F.);
#4429=ORIENTED_EDGE('',*,*,#3287,.T.);
#4430=ORIENTED_EDGE('',*,*,#3290,.F.);
#4431=ORIENTED_EDGE('',*,*,#3277,.F.);
#4432=ORIENTED_EDGE('',*,*,#3302,.T.);
#4433=ORIENTED_EDGE('',*,*,#3303,.T.);
#4434=ORIENTED_EDGE('',*,*,#2957,.F.);
#4435=ORIENTED_EDGE('',*,*,#2941,.T.);
#4436=ORIENTED_EDGE('',*,*,#2949,.F.);
#4437=ORIENTED_EDGE('',*,*,#2953,.T.);
#4438=ORIENTED_EDGE('',*,*,#3292,.T.);
#4439=ORIENTED_EDGE('',*,*,#3305,.T.);
#4440=ORIENTED_EDGE('',*,*,#3299,.T.);
#4441=ORIENTED_EDGE('',*,*,#3168,.T.);
#4442=ORIENTED_EDGE('',*,*,#3295,.T.);
#4443=ORIENTED_EDGE('',*,*,#3306,.F.);
#4444=ORIENTED_EDGE('',*,*,#3307,.T.);
#4445=ORIENTED_EDGE('',*,*,#3308,.F.);
#4446=ORIENTED_EDGE('',*,*,#3307,.F.);
#4447=ORIENTED_EDGE('',*,*,#3306,.T.);
#4448=ORIENTED_EDGE('',*,*,#2857,.F.);
#4449=ORIENTED_EDGE('',*,*,#3309,.T.);
#4450=ORIENTED_EDGE('',*,*,#2919,.F.);
#4451=ORIENTED_EDGE('',*,*,#3310,.F.);
#4452=ORIENTED_EDGE('',*,*,#2858,.F.);
#4453=ORIENTED_EDGE('',*,*,#3310,.T.);
#4454=ORIENTED_EDGE('',*,*,#2918,.F.);
#4455=ORIENTED_EDGE('',*,*,#3311,.F.);
#4456=ORIENTED_EDGE('',*,*,#2838,.F.);
#4457=ORIENTED_EDGE('',*,*,#2859,.F.);
#4458=ORIENTED_EDGE('',*,*,#3311,.T.);
#4459=ORIENTED_EDGE('',*,*,#2917,.F.);
#4460=ORIENTED_EDGE('',*,*,#2921,.T.);
#4461=ORIENTED_EDGE('',*,*,#3312,.T.);
#4462=ORIENTED_EDGE('',*,*,#3313,.F.);
#4463=ORIENTED_EDGE('',*,*,#2974,.F.);
#4464=ORIENTED_EDGE('',*,*,#2920,.T.);
#4465=ORIENTED_EDGE('',*,*,#3314,.T.);
#4466=ORIENTED_EDGE('',*,*,#3315,.F.);
#4467=ORIENTED_EDGE('',*,*,#3312,.F.);
#4468=ORIENTED_EDGE('',*,*,#2979,.F.);
#4469=ORIENTED_EDGE('',*,*,#3316,.F.);
#4470=ORIENTED_EDGE('',*,*,#3317,.F.);
#4471=ORIENTED_EDGE('',*,*,#2987,.T.);
#4472=ORIENTED_EDGE('',*,*,#3318,.T.);
#4473=ORIENTED_EDGE('',*,*,#3316,.T.);
#4474=ORIENTED_EDGE('',*,*,#2978,.F.);
#4475=ORIENTED_EDGE('',*,*,#2980,.F.);
#4476=ORIENTED_EDGE('',*,*,#2968,.T.);
#4477=ORIENTED_EDGE('',*,*,#2973,.F.);
#4478=ORIENTED_EDGE('',*,*,#2975,.T.);
#4479=ORIENTED_EDGE('',*,*,#3313,.T.);
#4480=ORIENTED_EDGE('',*,*,#3315,.T.);
#4481=ORIENTED_EDGE('',*,*,#3173,.T.);
#4482=ORIENTED_EDGE('',*,*,#3308,.T.);
#4483=ORIENTED_EDGE('',*,*,#3319,.F.);
#4484=ORIENTED_EDGE('',*,*,#3320,.T.);
#4485=ORIENTED_EDGE('',*,*,#3161,.F.);
#4486=ORIENTED_EDGE('',*,*,#3320,.F.);
#4487=ORIENTED_EDGE('',*,*,#3319,.T.);
#4488=ORIENTED_EDGE('',*,*,#3321,.F.);
#4489=ORIENTED_EDGE('',*,*,#3322,.T.);
#4490=ORIENTED_EDGE('',*,*,#3159,.F.);
#4491=ORIENTED_EDGE('',*,*,#3322,.F.);
#4492=ORIENTED_EDGE('',*,*,#3321,.T.);
#4493=ORIENTED_EDGE('',*,*,#2853,.F.);
#4494=ORIENTED_EDGE('',*,*,#3304,.T.);
#4495=ORIENTED_EDGE('',*,*,#3155,.F.);
#4496=ORIENTED_EDGE('',*,*,#3323,.F.);
#4497=ORIENTED_EDGE('',*,*,#2854,.F.);
#4498=ORIENTED_EDGE('',*,*,#3323,.T.);
#4499=ORIENTED_EDGE('',*,*,#3154,.F.);
#4500=ORIENTED_EDGE('',*,*,#3324,.F.);
#4501=ORIENTED_EDGE('',*,*,#2855,.F.);
#4502=ORIENTED_EDGE('',*,*,#3324,.T.);
#4503=ORIENTED_EDGE('',*,*,#3153,.F.);
#4504=ORIENTED_EDGE('',*,*,#3325,.F.);
#4505=ORIENTED_EDGE('',*,*,#3276,.T.);
#4506=ORIENTED_EDGE('',*,*,#3283,.F.);
#4507=ORIENTED_EDGE('',*,*,#3281,.F.);
#4508=ORIENTED_EDGE('',*,*,#2988,.F.);
#4509=ORIENTED_EDGE('',*,*,#3317,.T.);
#4510=ORIENTED_EDGE('',*,*,#3318,.F.);
#4511=ORIENTED_EDGE('',*,*,#3314,.F.);
#4512=ORIENTED_EDGE('',*,*,#3309,.F.);
#4513=ORIENTED_EDGE('',*,*,#2856,.F.);
#4514=ORIENTED_EDGE('',*,*,#3325,.T.);
#4515=ORIENTED_EDGE('',*,*,#3152,.T.);
#4516=ORIENTED_EDGE('',*,*,#3027,.T.);
#4517=ORIENTED_EDGE('',*,*,#3126,.T.);
#4518=ORIENTED_EDGE('',*,*,#3186,.F.);
#4519=ORIENTED_EDGE('',*,*,#3274,.F.);
#4520=ORIENTED_EDGE('',*,*,#3249,.T.);
#4521=ORIENTED_EDGE('',*,*,#3272,.T.);
#4522=ORIENTED_EDGE('',*,*,#3326,.T.);
#4523=ORIENTED_EDGE('',*,*,#3327,.T.);
#4524=ORIENTED_EDGE('',*,*,#3079,.F.);
#4525=ORIENTED_EDGE('',*,*,#3327,.F.);
#4526=ORIENTED_EDGE('',*,*,#3328,.T.);
#4527=ORIENTED_EDGE('',*,*,#3329,.T.);
#4528=ORIENTED_EDGE('',*,*,#3330,.F.);
#4529=ORIENTED_EDGE('',*,*,#3329,.F.);
#4530=ORIENTED_EDGE('',*,*,#3326,.F.);
#4531=ORIENTED_EDGE('',*,*,#3328,.F.);
#4532=ORIENTED_EDGE('',*,*,#3083,.F.);
#4533=ORIENTED_EDGE('',*,*,#3196,.T.);
#4534=ORIENTED_EDGE('',*,*,#3331,.F.);
#4535=ORIENTED_EDGE('',*,*,#3332,.F.);
#4536=ORIENTED_EDGE('',*,*,#3084,.F.);
#4537=ORIENTED_EDGE('',*,*,#3332,.T.);
#4538=ORIENTED_EDGE('',*,*,#3333,.F.);
#4539=ORIENTED_EDGE('',*,*,#3197,.F.);
#4540=ORIENTED_EDGE('',*,*,#3195,.T.);
#4541=ORIENTED_EDGE('',*,*,#3198,.T.);
#4542=ORIENTED_EDGE('',*,*,#3333,.T.);
#4543=ORIENTED_EDGE('',*,*,#3331,.T.);
#4544=ORIENTED_EDGE('',*,*,#3334,.F.);
#4545=ORIENTED_EDGE('',*,*,#3335,.T.);
#4546=ORIENTED_EDGE('',*,*,#3075,.F.);
#4547=ORIENTED_EDGE('',*,*,#3335,.F.);
#4548=ORIENTED_EDGE('',*,*,#3336,.F.);
#4549=ORIENTED_EDGE('',*,*,#3337,.T.);
#4550=ORIENTED_EDGE('',*,*,#3338,.F.);
#4551=ORIENTED_EDGE('',*,*,#3337,.F.);
#4552=ORIENTED_EDGE('',*,*,#3334,.T.);
#4553=ORIENTED_EDGE('',*,*,#3336,.T.);
#4554=ORIENTED_EDGE('',*,*,#3339,.F.);
#4555=ORIENTED_EDGE('',*,*,#3340,.T.);
#4556=ORIENTED_EDGE('',*,*,#3078,.F.);
#4557=ORIENTED_EDGE('',*,*,#3340,.F.);
#4558=ORIENTED_EDGE('',*,*,#3341,.F.);
#4559=ORIENTED_EDGE('',*,*,#3342,.T.);
#4560=ORIENTED_EDGE('',*,*,#3343,.F.);
#4561=ORIENTED_EDGE('',*,*,#3342,.F.);
#4562=ORIENTED_EDGE('',*,*,#3339,.T.);
#4563=ORIENTED_EDGE('',*,*,#3341,.T.);
#4564=ORIENTED_EDGE('',*,*,#3344,.F.);
#4565=ORIENTED_EDGE('',*,*,#3345,.T.);
#4566=ORIENTED_EDGE('',*,*,#3071,.F.);
#4567=ORIENTED_EDGE('',*,*,#3345,.F.);
#4568=ORIENTED_EDGE('',*,*,#3346,.F.);
#4569=ORIENTED_EDGE('',*,*,#3347,.T.);
#4570=ORIENTED_EDGE('',*,*,#3348,.F.);
#4571=ORIENTED_EDGE('',*,*,#3347,.F.);
#4572=ORIENTED_EDGE('',*,*,#3344,.T.);
#4573=ORIENTED_EDGE('',*,*,#3346,.T.);
#4574=ORIENTED_EDGE('',*,*,#3349,.F.);
#4575=ORIENTED_EDGE('',*,*,#3350,.T.);
#4576=ORIENTED_EDGE('',*,*,#3074,.F.);
#4577=ORIENTED_EDGE('',*,*,#3350,.F.);
#4578=ORIENTED_EDGE('',*,*,#3351,.F.);
#4579=ORIENTED_EDGE('',*,*,#3352,.T.);
#4580=ORIENTED_EDGE('',*,*,#3353,.F.);
#4581=ORIENTED_EDGE('',*,*,#3352,.F.);
#4582=ORIENTED_EDGE('',*,*,#3349,.T.);
#4583=ORIENTED_EDGE('',*,*,#3351,.T.);
#4584=ORIENTED_EDGE('',*,*,#3354,.F.);
#4585=ORIENTED_EDGE('',*,*,#3355,.T.);
#4586=ORIENTED_EDGE('',*,*,#3072,.F.);
#4587=ORIENTED_EDGE('',*,*,#3355,.F.);
#4588=ORIENTED_EDGE('',*,*,#3356,.F.);
#4589=ORIENTED_EDGE('',*,*,#3357,.T.);
#4590=ORIENTED_EDGE('',*,*,#3358,.F.);
#4591=ORIENTED_EDGE('',*,*,#3357,.F.);
#4592=ORIENTED_EDGE('',*,*,#3354,.T.);
#4593=ORIENTED_EDGE('',*,*,#3356,.T.);
#4594=ORIENTED_EDGE('',*,*,#3359,.F.);
#4595=ORIENTED_EDGE('',*,*,#3360,.T.);
#4596=ORIENTED_EDGE('',*,*,#3076,.F.);
#4597=ORIENTED_EDGE('',*,*,#3360,.F.);
#4598=ORIENTED_EDGE('',*,*,#3361,.F.);
#4599=ORIENTED_EDGE('',*,*,#3362,.T.);
#4600=ORIENTED_EDGE('',*,*,#3363,.F.);
#4601=ORIENTED_EDGE('',*,*,#3362,.F.);
#4602=ORIENTED_EDGE('',*,*,#3359,.T.);
#4603=ORIENTED_EDGE('',*,*,#3361,.T.);
#4604=ORIENTED_EDGE('',*,*,#3080,.F.);
#4605=ORIENTED_EDGE('',*,*,#3364,.T.);
#4606=ORIENTED_EDGE('',*,*,#3365,.F.);
#4607=ORIENTED_EDGE('',*,*,#3364,.F.);
#4608=ORIENTED_EDGE('',*,*,#3077,.F.);
#4609=ORIENTED_EDGE('',*,*,#3366,.T.);
#4610=ORIENTED_EDGE('',*,*,#3367,.F.);
#4611=ORIENTED_EDGE('',*,*,#3366,.F.);
#4612=ORIENTED_EDGE('',*,*,#3073,.F.);
#4613=ORIENTED_EDGE('',*,*,#3368,.T.);
#4614=ORIENTED_EDGE('',*,*,#3369,.F.);
#4615=ORIENTED_EDGE('',*,*,#3368,.F.);
#4616=ORIENTED_EDGE('',*,*,#3267,.T.);
#4617=ORIENTED_EDGE('',*,*,#3369,.T.);
#4618=ORIENTED_EDGE('',*,*,#3370,.T.);
#4619=ORIENTED_EDGE('',*,*,#3367,.T.);
#4620=ORIENTED_EDGE('',*,*,#3371,.T.);
#4621=ORIENTED_EDGE('',*,*,#3365,.T.);
#4622=ORIENTED_EDGE('',*,*,#3372,.T.);
#4623=ORIENTED_EDGE('',*,*,#3363,.T.);
#4624=ORIENTED_EDGE('',*,*,#3358,.T.);
#4625=ORIENTED_EDGE('',*,*,#3353,.T.);
#4626=ORIENTED_EDGE('',*,*,#3348,.T.);
#4627=ORIENTED_EDGE('',*,*,#3343,.T.);
#4628=ORIENTED_EDGE('',*,*,#3338,.T.);
#4629=ORIENTED_EDGE('',*,*,#3373,.F.);
#4630=ORIENTED_EDGE('',*,*,#3374,.T.);
#4631=ORIENTED_EDGE('',*,*,#3063,.T.);
#4632=ORIENTED_EDGE('',*,*,#3374,.F.);
#4633=ORIENTED_EDGE('',*,*,#3375,.F.);
#4634=ORIENTED_EDGE('',*,*,#3376,.T.);
#4635=ORIENTED_EDGE('',*,*,#3377,.F.);
#4636=ORIENTED_EDGE('',*,*,#3376,.F.);
#4637=ORIENTED_EDGE('',*,*,#3373,.T.);
#4638=ORIENTED_EDGE('',*,*,#3375,.T.);
#4639=ORIENTED_EDGE('',*,*,#3378,.F.);
#4640=ORIENTED_EDGE('',*,*,#3379,.T.);
#4641=ORIENTED_EDGE('',*,*,#3064,.T.);
#4642=ORIENTED_EDGE('',*,*,#3379,.F.);
#4643=ORIENTED_EDGE('',*,*,#3380,.F.);
#4644=ORIENTED_EDGE('',*,*,#3381,.T.);
#4645=ORIENTED_EDGE('',*,*,#3382,.F.);
#4646=ORIENTED_EDGE('',*,*,#3381,.F.);
#4647=ORIENTED_EDGE('',*,*,#3378,.T.);
#4648=ORIENTED_EDGE('',*,*,#3380,.T.);
#4649=ORIENTED_EDGE('',*,*,#3383,.F.);
#4650=ORIENTED_EDGE('',*,*,#3384,.T.);
#4651=ORIENTED_EDGE('',*,*,#3054,.T.);
#4652=ORIENTED_EDGE('',*,*,#3384,.F.);
#4653=ORIENTED_EDGE('',*,*,#3385,.F.);
#4654=ORIENTED_EDGE('',*,*,#3386,.T.);
#4655=ORIENTED_EDGE('',*,*,#3387,.F.);
#4656=ORIENTED_EDGE('',*,*,#3386,.F.);
#4657=ORIENTED_EDGE('',*,*,#3383,.T.);
#4658=ORIENTED_EDGE('',*,*,#3385,.T.);
#4659=ORIENTED_EDGE('',*,*,#3388,.F.);
#4660=ORIENTED_EDGE('',*,*,#3389,.T.);
#4661=ORIENTED_EDGE('',*,*,#3065,.T.);
#4662=ORIENTED_EDGE('',*,*,#3389,.F.);
#4663=ORIENTED_EDGE('',*,*,#3390,.F.);
#4664=ORIENTED_EDGE('',*,*,#3391,.T.);
#4665=ORIENTED_EDGE('',*,*,#3392,.F.);
#4666=ORIENTED_EDGE('',*,*,#3391,.F.);
#4667=ORIENTED_EDGE('',*,*,#3388,.T.);
#4668=ORIENTED_EDGE('',*,*,#3390,.T.);
#4669=ORIENTED_EDGE('',*,*,#3393,.F.);
#4670=ORIENTED_EDGE('',*,*,#3394,.T.);
#4671=ORIENTED_EDGE('',*,*,#3066,.T.);
#4672=ORIENTED_EDGE('',*,*,#3394,.F.);
#4673=ORIENTED_EDGE('',*,*,#3395,.F.);
#4674=ORIENTED_EDGE('',*,*,#3396,.T.);
#4675=ORIENTED_EDGE('',*,*,#3397,.F.);
#4676=ORIENTED_EDGE('',*,*,#3396,.F.);
#4677=ORIENTED_EDGE('',*,*,#3393,.T.);
#4678=ORIENTED_EDGE('',*,*,#3395,.T.);
#4679=ORIENTED_EDGE('',*,*,#3398,.F.);
#4680=ORIENTED_EDGE('',*,*,#3399,.T.);
#4681=ORIENTED_EDGE('',*,*,#3053,.T.);
#4682=ORIENTED_EDGE('',*,*,#3399,.F.);
#4683=ORIENTED_EDGE('',*,*,#3400,.F.);
#4684=ORIENTED_EDGE('',*,*,#3401,.T.);
#4685=ORIENTED_EDGE('',*,*,#3402,.F.);
#4686=ORIENTED_EDGE('',*,*,#3401,.F.);
#4687=ORIENTED_EDGE('',*,*,#3398,.T.);
#4688=ORIENTED_EDGE('',*,*,#3400,.T.);
#4689=ORIENTED_EDGE('',*,*,#3403,.F.);
#4690=ORIENTED_EDGE('',*,*,#3404,.T.);
#4691=ORIENTED_EDGE('',*,*,#3052,.T.);
#4692=ORIENTED_EDGE('',*,*,#3404,.F.);
#4693=ORIENTED_EDGE('',*,*,#3405,.F.);
#4694=ORIENTED_EDGE('',*,*,#3406,.T.);
#4695=ORIENTED_EDGE('',*,*,#3407,.F.);
#4696=ORIENTED_EDGE('',*,*,#3406,.F.);
#4697=ORIENTED_EDGE('',*,*,#3403,.T.);
#4698=ORIENTED_EDGE('',*,*,#3405,.T.);
#4699=ORIENTED_EDGE('',*,*,#3407,.T.);
#4700=ORIENTED_EDGE('',*,*,#3402,.T.);
#4701=ORIENTED_EDGE('',*,*,#3397,.T.);
#4702=ORIENTED_EDGE('',*,*,#3392,.T.);
#4703=ORIENTED_EDGE('',*,*,#3387,.T.);
#4704=ORIENTED_EDGE('',*,*,#3382,.T.);
#4705=ORIENTED_EDGE('',*,*,#3377,.T.);
#4706=ORIENTED_EDGE('',*,*,#3330,.T.);
#4707=ORIENTED_EDGE('',*,*,#3408,.F.);
#4708=ORIENTED_EDGE('',*,*,#3409,.T.);
#4709=ORIENTED_EDGE('',*,*,#3410,.F.);
#4710=ORIENTED_EDGE('',*,*,#3411,.F.);
#4711=ORIENTED_EDGE('',*,*,#3412,.F.);
#4712=ORIENTED_EDGE('',*,*,#3413,.T.);
#4713=ORIENTED_EDGE('',*,*,#3414,.F.);
#4714=ORIENTED_EDGE('',*,*,#3409,.F.);
#4715=ORIENTED_EDGE('',*,*,#3415,.F.);
#4716=ORIENTED_EDGE('',*,*,#3416,.T.);
#4717=ORIENTED_EDGE('',*,*,#3417,.F.);
#4718=ORIENTED_EDGE('',*,*,#3413,.F.);
#4719=ORIENTED_EDGE('',*,*,#3418,.F.);
#4720=ORIENTED_EDGE('',*,*,#3419,.F.);
#4721=ORIENTED_EDGE('',*,*,#3420,.T.);
#4722=ORIENTED_EDGE('',*,*,#3421,.F.);
#4723=ORIENTED_EDGE('',*,*,#3416,.F.);
#4724=ORIENTED_EDGE('',*,*,#3422,.F.);
#4725=ORIENTED_EDGE('',*,*,#3423,.F.);
#4726=ORIENTED_EDGE('',*,*,#3424,.F.);
#4727=ORIENTED_EDGE('',*,*,#3425,.F.);
#4728=ORIENTED_EDGE('',*,*,#3426,.F.);
#4729=ORIENTED_EDGE('',*,*,#3427,.F.);
#4730=ORIENTED_EDGE('',*,*,#3428,.T.);
#4731=ORIENTED_EDGE('',*,*,#3429,.F.);
#4732=ORIENTED_EDGE('',*,*,#3420,.F.);
#4733=ORIENTED_EDGE('',*,*,#3430,.F.);
#4734=ORIENTED_EDGE('',*,*,#3431,.T.);
#4735=ORIENTED_EDGE('',*,*,#3432,.F.);
#4736=ORIENTED_EDGE('',*,*,#3428,.F.);
#4737=ORIENTED_EDGE('',*,*,#3433,.F.);
#4738=ORIENTED_EDGE('',*,*,#3434,.T.);
#4739=ORIENTED_EDGE('',*,*,#3435,.F.);
#4740=ORIENTED_EDGE('',*,*,#3431,.F.);
#4741=ORIENTED_EDGE('',*,*,#3436,.F.);
#4742=ORIENTED_EDGE('',*,*,#3411,.T.);
#4743=ORIENTED_EDGE('',*,*,#3437,.F.);
#4744=ORIENTED_EDGE('',*,*,#3438,.F.);
#4745=ORIENTED_EDGE('',*,*,#3439,.T.);
#4746=ORIENTED_EDGE('',*,*,#3440,.F.);
#4747=ORIENTED_EDGE('',*,*,#3441,.T.);
#4748=ORIENTED_EDGE('',*,*,#3442,.T.);
#4749=ORIENTED_EDGE('',*,*,#3443,.T.);
#4750=ORIENTED_EDGE('',*,*,#3442,.F.);
#4751=ORIENTED_EDGE('',*,*,#3444,.T.);
#4752=ORIENTED_EDGE('',*,*,#3445,.T.);
#4753=ORIENTED_EDGE('',*,*,#3446,.T.);
#4754=ORIENTED_EDGE('',*,*,#3445,.F.);
#4755=ORIENTED_EDGE('',*,*,#3447,.T.);
#4756=ORIENTED_EDGE('',*,*,#3448,.T.);
#4757=ORIENTED_EDGE('',*,*,#3449,.T.);
#4758=ORIENTED_EDGE('',*,*,#3448,.F.);
#4759=ORIENTED_EDGE('',*,*,#3450,.T.);
#4760=ORIENTED_EDGE('',*,*,#3451,.T.);
#4761=ORIENTED_EDGE('',*,*,#3452,.F.);
#4762=ORIENTED_EDGE('',*,*,#3453,.T.);
#4763=ORIENTED_EDGE('',*,*,#3454,.F.);
#4764=ORIENTED_EDGE('',*,*,#3453,.F.);
#4765=ORIENTED_EDGE('',*,*,#3210,.T.);
#4766=ORIENTED_EDGE('',*,*,#3212,.T.);
#4767=ORIENTED_EDGE('',*,*,#3214,.T.);
#4768=ORIENTED_EDGE('',*,*,#3216,.T.);
#4769=ORIENTED_EDGE('',*,*,#3218,.T.);
#4770=ORIENTED_EDGE('',*,*,#3220,.T.);
#4771=ORIENTED_EDGE('',*,*,#3455,.T.);
#4772=ORIENTED_EDGE('',*,*,#3456,.T.);
#4773=ORIENTED_EDGE('',*,*,#3457,.T.);
#4774=ORIENTED_EDGE('',*,*,#3458,.T.);
#4775=ORIENTED_EDGE('',*,*,#3459,.T.);
#4776=ORIENTED_EDGE('',*,*,#3460,.T.);
#4777=ORIENTED_EDGE('',*,*,#2889,.T.);
#4778=ORIENTED_EDGE('',*,*,#3461,.T.);
#4779=ORIENTED_EDGE('',*,*,#3205,.T.);
#4780=ORIENTED_EDGE('',*,*,#3208,.T.);
#4781=ORIENTED_EDGE('',*,*,#3462,.T.);
#4782=ORIENTED_EDGE('',*,*,#3452,.T.);
#4783=ORIENTED_EDGE('',*,*,#3463,.T.);
#4784=ORIENTED_EDGE('',*,*,#3462,.F.);
#4785=ORIENTED_EDGE('',*,*,#3463,.F.);
#4786=ORIENTED_EDGE('',*,*,#3464,.T.);
#4787=ORIENTED_EDGE('',*,*,#3451,.F.);
#4788=ORIENTED_EDGE('',*,*,#3465,.T.);
#4789=ORIENTED_EDGE('',*,*,#3466,.T.);
#4790=ORIENTED_EDGE('',*,*,#3467,.T.);
#4791=ORIENTED_EDGE('',*,*,#3466,.F.);
#4792=ORIENTED_EDGE('',*,*,#3468,.T.);
#4793=ORIENTED_EDGE('',*,*,#3469,.T.);
#4794=ORIENTED_EDGE('',*,*,#3470,.T.);
#4795=ORIENTED_EDGE('',*,*,#3469,.F.);
#4796=ORIENTED_EDGE('',*,*,#3471,.T.);
#4797=ORIENTED_EDGE('',*,*,#3472,.T.);
#4798=ORIENTED_EDGE('',*,*,#3473,.T.);
#4799=ORIENTED_EDGE('',*,*,#3472,.F.);
#4800=ORIENTED_EDGE('',*,*,#3474,.T.);
#4801=ORIENTED_EDGE('',*,*,#3440,.T.);
#4802=ORIENTED_EDGE('',*,*,#3008,.T.);
#4803=ORIENTED_EDGE('',*,*,#3475,.F.);
#4804=ORIENTED_EDGE('',*,*,#3476,.F.);
#4805=ORIENTED_EDGE('',*,*,#3477,.F.);
#4806=ORIENTED_EDGE('',*,*,#3478,.F.);
#4807=ORIENTED_EDGE('',*,*,#3479,.F.);
#4808=ORIENTED_EDGE('',*,*,#3007,.T.);
#4809=ORIENTED_EDGE('',*,*,#3223,.F.);
#4810=ORIENTED_EDGE('',*,*,#3480,.F.);
#4811=ORIENTED_EDGE('',*,*,#3475,.T.);
#4812=ORIENTED_EDGE('',*,*,#3021,.T.);
#4813=ORIENTED_EDGE('',*,*,#3481,.F.);
#4814=ORIENTED_EDGE('',*,*,#3482,.F.);
#4815=ORIENTED_EDGE('',*,*,#3094,.T.);
#4816=ORIENTED_EDGE('',*,*,#3020,.T.);
#4817=ORIENTED_EDGE('',*,*,#3483,.F.);
#4818=ORIENTED_EDGE('',*,*,#3484,.F.);
#4819=ORIENTED_EDGE('',*,*,#3481,.T.);
#4820=ORIENTED_EDGE('',*,*,#3019,.T.);
#4821=ORIENTED_EDGE('',*,*,#3485,.F.);
#4822=ORIENTED_EDGE('',*,*,#3486,.F.);
#4823=ORIENTED_EDGE('',*,*,#3483,.T.);
#4824=ORIENTED_EDGE('',*,*,#3018,.T.);
#4825=ORIENTED_EDGE('',*,*,#3487,.F.);
#4826=ORIENTED_EDGE('',*,*,#3488,.F.);
#4827=ORIENTED_EDGE('',*,*,#3489,.T.);
#4828=ORIENTED_EDGE('',*,*,#3490,.F.);
#4829=ORIENTED_EDGE('',*,*,#3485,.T.);
#4830=ORIENTED_EDGE('',*,*,#3013,.T.);
#4831=ORIENTED_EDGE('',*,*,#3491,.F.);
#4832=ORIENTED_EDGE('',*,*,#3492,.F.);
#4833=ORIENTED_EDGE('',*,*,#3493,.T.);
#4834=ORIENTED_EDGE('',*,*,#3012,.T.);
#4835=ORIENTED_EDGE('',*,*,#3494,.T.);
#4836=ORIENTED_EDGE('',*,*,#3495,.F.);
#4837=ORIENTED_EDGE('',*,*,#3496,.T.);
#4838=ORIENTED_EDGE('',*,*,#3497,.F.);
#4839=ORIENTED_EDGE('',*,*,#3491,.T.);
#4840=ORIENTED_EDGE('',*,*,#3034,.T.);
#4841=ORIENTED_EDGE('',*,*,#3498,.F.);
#4842=ORIENTED_EDGE('',*,*,#3455,.F.);
#4843=ORIENTED_EDGE('',*,*,#3219,.T.);
#4844=ORIENTED_EDGE('',*,*,#3033,.T.);
#4845=ORIENTED_EDGE('',*,*,#3499,.F.);
#4846=ORIENTED_EDGE('',*,*,#3456,.F.);
#4847=ORIENTED_EDGE('',*,*,#3498,.T.);
#4848=ORIENTED_EDGE('',*,*,#3032,.T.);
#4849=ORIENTED_EDGE('',*,*,#3500,.F.);
#4850=ORIENTED_EDGE('',*,*,#3457,.F.);
#4851=ORIENTED_EDGE('',*,*,#3499,.T.);
#4852=ORIENTED_EDGE('',*,*,#3031,.T.);
#4853=ORIENTED_EDGE('',*,*,#3501,.F.);
#4854=ORIENTED_EDGE('',*,*,#3458,.F.);
#4855=ORIENTED_EDGE('',*,*,#3500,.T.);
#4856=ORIENTED_EDGE('',*,*,#3030,.T.);
#4857=ORIENTED_EDGE('',*,*,#3502,.F.);
#4858=ORIENTED_EDGE('',*,*,#3459,.F.);
#4859=ORIENTED_EDGE('',*,*,#3501,.T.);
#4860=ORIENTED_EDGE('',*,*,#3029,.T.);
#4861=ORIENTED_EDGE('',*,*,#2890,.F.);
#4862=ORIENTED_EDGE('',*,*,#3460,.F.);
#4863=ORIENTED_EDGE('',*,*,#3502,.T.);
#4864=ORIENTED_EDGE('',*,*,#3043,.T.);
#4865=ORIENTED_EDGE('',*,*,#3206,.F.);
#4866=ORIENTED_EDGE('',*,*,#3461,.F.);
#4867=ORIENTED_EDGE('',*,*,#2888,.T.);
#4868=ORIENTED_EDGE('',*,*,#3014,.T.);
#4869=ORIENTED_EDGE('',*,*,#3493,.F.);
#4870=ORIENTED_EDGE('',*,*,#3503,.F.);
#4871=ORIENTED_EDGE('',*,*,#3504,.F.);
#4872=ORIENTED_EDGE('',*,*,#3505,.F.);
#4873=ORIENTED_EDGE('',*,*,#3506,.F.);
#4874=ORIENTED_EDGE('',*,*,#3507,.T.);
#4875=ORIENTED_EDGE('',*,*,#3495,.T.);
#4876=ORIENTED_EDGE('',*,*,#3508,.T.);
#4877=ORIENTED_EDGE('',*,*,#3505,.T.);
#4878=ORIENTED_EDGE('',*,*,#3509,.T.);
#4879=ORIENTED_EDGE('',*,*,#3510,.T.);
#4880=ORIENTED_EDGE('',*,*,#3511,.T.);
#4881=ORIENTED_EDGE('',*,*,#3512,.T.);
#4882=ORIENTED_EDGE('',*,*,#3476,.T.);
#4883=ORIENTED_EDGE('',*,*,#3480,.T.);
#4884=ORIENTED_EDGE('',*,*,#3222,.T.);
#4885=ORIENTED_EDGE('',*,*,#3224,.T.);
#4886=ORIENTED_EDGE('',*,*,#3095,.T.);
#4887=ORIENTED_EDGE('',*,*,#3482,.T.);
#4888=ORIENTED_EDGE('',*,*,#3484,.T.);
#4889=ORIENTED_EDGE('',*,*,#3486,.T.);
#4890=ORIENTED_EDGE('',*,*,#3490,.T.);
#4891=ORIENTED_EDGE('',*,*,#3513,.T.);
#4892=ORIENTED_EDGE('',*,*,#3514,.T.);
#4893=ORIENTED_EDGE('',*,*,#3515,.T.);
#4894=ORIENTED_EDGE('',*,*,#3516,.T.);
#4895=ORIENTED_EDGE('',*,*,#3517,.T.);
#4896=ORIENTED_EDGE('',*,*,#3518,.T.);
#4897=ORIENTED_EDGE('',*,*,#3519,.T.);
#4898=ORIENTED_EDGE('',*,*,#3520,.F.);
#4899=ORIENTED_EDGE('',*,*,#3521,.T.);
#4900=ORIENTED_EDGE('',*,*,#3509,.F.);
#4901=ORIENTED_EDGE('',*,*,#3522,.F.);
#4902=ORIENTED_EDGE('',*,*,#3523,.F.);
#4903=ORIENTED_EDGE('',*,*,#3524,.T.);
#4904=ORIENTED_EDGE('',*,*,#3510,.F.);
#4905=ORIENTED_EDGE('',*,*,#3521,.F.);
#4906=ORIENTED_EDGE('',*,*,#3525,.F.);
#4907=ORIENTED_EDGE('',*,*,#3526,.T.);
#4908=ORIENTED_EDGE('',*,*,#3511,.F.);
#4909=ORIENTED_EDGE('',*,*,#3524,.F.);
#4910=ORIENTED_EDGE('',*,*,#3527,.F.);
#4911=ORIENTED_EDGE('',*,*,#3477,.T.);
#4912=ORIENTED_EDGE('',*,*,#3512,.F.);
#4913=ORIENTED_EDGE('',*,*,#3526,.F.);
#4914=ORIENTED_EDGE('',*,*,#3528,.F.);
#4915=ORIENTED_EDGE('',*,*,#3529,.T.);
#4916=ORIENTED_EDGE('',*,*,#3513,.F.);
#4917=ORIENTED_EDGE('',*,*,#3489,.F.);
#4918=ORIENTED_EDGE('',*,*,#3530,.F.);
#4919=ORIENTED_EDGE('',*,*,#3531,.T.);
#4920=ORIENTED_EDGE('',*,*,#3514,.F.);
#4921=ORIENTED_EDGE('',*,*,#3529,.F.);
#4922=ORIENTED_EDGE('',*,*,#3532,.F.);
#4923=ORIENTED_EDGE('',*,*,#3533,.T.);
#4924=ORIENTED_EDGE('',*,*,#3515,.F.);
#4925=ORIENTED_EDGE('',*,*,#3531,.F.);
#4926=ORIENTED_EDGE('',*,*,#3534,.F.);
#4927=ORIENTED_EDGE('',*,*,#3535,.T.);
#4928=ORIENTED_EDGE('',*,*,#3516,.F.);
#4929=ORIENTED_EDGE('',*,*,#3533,.F.);
#4930=ORIENTED_EDGE('',*,*,#3536,.F.);
#4931=ORIENTED_EDGE('',*,*,#3537,.T.);
#4932=ORIENTED_EDGE('',*,*,#3517,.F.);
#4933=ORIENTED_EDGE('',*,*,#3535,.F.);
#4934=ORIENTED_EDGE('',*,*,#3538,.F.);
#4935=ORIENTED_EDGE('',*,*,#3539,.T.);
#4936=ORIENTED_EDGE('',*,*,#3518,.F.);
#4937=ORIENTED_EDGE('',*,*,#3537,.F.);
#4938=ORIENTED_EDGE('',*,*,#3540,.F.);
#4939=ORIENTED_EDGE('',*,*,#3522,.T.);
#4940=ORIENTED_EDGE('',*,*,#3519,.F.);
#4941=ORIENTED_EDGE('',*,*,#3539,.F.);
#4942=ORIENTED_EDGE('',*,*,#3503,.T.);
#4943=ORIENTED_EDGE('',*,*,#3492,.T.);
#4944=ORIENTED_EDGE('',*,*,#3497,.T.);
#4945=ORIENTED_EDGE('',*,*,#3541,.T.);
#4946=ORIENTED_EDGE('',*,*,#3507,.F.);
#4947=ORIENTED_EDGE('',*,*,#3504,.T.);
#4948=ORIENTED_EDGE('',*,*,#3541,.F.);
#4949=ORIENTED_EDGE('',*,*,#3496,.F.);
#4950=ORIENTED_EDGE('',*,*,#2867,.F.);
#4951=ORIENTED_EDGE('',*,*,#3542,.F.);
#4952=ORIENTED_EDGE('',*,*,#3543,.F.);
#4953=ORIENTED_EDGE('',*,*,#3544,.T.);
#4954=ORIENTED_EDGE('',*,*,#2866,.F.);
#4955=ORIENTED_EDGE('',*,*,#3545,.F.);
#4956=ORIENTED_EDGE('',*,*,#3546,.F.);
#4957=ORIENTED_EDGE('',*,*,#3542,.T.);
#4958=ORIENTED_EDGE('',*,*,#2865,.F.);
#4959=ORIENTED_EDGE('',*,*,#3547,.F.);
#4960=ORIENTED_EDGE('',*,*,#3548,.F.);
#4961=ORIENTED_EDGE('',*,*,#3545,.T.);
#4962=ORIENTED_EDGE('',*,*,#2864,.F.);
#4963=ORIENTED_EDGE('',*,*,#3549,.F.);
#4964=ORIENTED_EDGE('',*,*,#3550,.F.);
#4965=ORIENTED_EDGE('',*,*,#3547,.T.);
#4966=ORIENTED_EDGE('',*,*,#2863,.F.);
#4967=ORIENTED_EDGE('',*,*,#3551,.F.);
#4968=ORIENTED_EDGE('',*,*,#3552,.F.);
#4969=ORIENTED_EDGE('',*,*,#3549,.T.);
#4970=ORIENTED_EDGE('',*,*,#2862,.F.);
#4971=ORIENTED_EDGE('',*,*,#3553,.F.);
#4972=ORIENTED_EDGE('',*,*,#3554,.F.);
#4973=ORIENTED_EDGE('',*,*,#3551,.T.);
#4974=ORIENTED_EDGE('',*,*,#2861,.F.);
#4975=ORIENTED_EDGE('',*,*,#3555,.F.);
#4976=ORIENTED_EDGE('',*,*,#3556,.F.);
#4977=ORIENTED_EDGE('',*,*,#3553,.T.);
#4978=ORIENTED_EDGE('',*,*,#2860,.F.);
#4979=ORIENTED_EDGE('',*,*,#3544,.F.);
#4980=ORIENTED_EDGE('',*,*,#3557,.F.);
#4981=ORIENTED_EDGE('',*,*,#3555,.T.);
#4982=ORIENTED_EDGE('',*,*,#3558,.F.);
#4983=ORIENTED_EDGE('',*,*,#3559,.T.);
#4984=ORIENTED_EDGE('',*,*,#3370,.F.);
#4985=ORIENTED_EDGE('',*,*,#3559,.F.);
#4986=ORIENTED_EDGE('',*,*,#3560,.F.);
#4987=ORIENTED_EDGE('',*,*,#3561,.T.);
#4988=ORIENTED_EDGE('',*,*,#3372,.F.);
#4989=ORIENTED_EDGE('',*,*,#3561,.F.);
#4990=ORIENTED_EDGE('',*,*,#3562,.F.);
#4991=ORIENTED_EDGE('',*,*,#3563,.T.);
#4992=ORIENTED_EDGE('',*,*,#3371,.F.);
#4993=ORIENTED_EDGE('',*,*,#3563,.F.);
#4994=ORIENTED_EDGE('',*,*,#3135,.T.);
#4995=ORIENTED_EDGE('',*,*,#3139,.T.);
#4996=ORIENTED_EDGE('',*,*,#3148,.T.);
#4997=ORIENTED_EDGE('',*,*,#3150,.T.);
#4998=ORIENTED_EDGE('',*,*,#3144,.T.);
#4999=ORIENTED_EDGE('',*,*,#3147,.T.);
#5000=ORIENTED_EDGE('',*,*,#3140,.T.);
#5001=ORIENTED_EDGE('',*,*,#3143,.T.);
#5002=ORIENTED_EDGE('',*,*,#3449,.F.);
#5003=ORIENTED_EDGE('',*,*,#3464,.F.);
#5004=ORIENTED_EDGE('',*,*,#3467,.F.);
#5005=ORIENTED_EDGE('',*,*,#3470,.F.);
#5006=ORIENTED_EDGE('',*,*,#3473,.F.);
#5007=ORIENTED_EDGE('',*,*,#3439,.F.);
#5008=ORIENTED_EDGE('',*,*,#3443,.F.);
#5009=ORIENTED_EDGE('',*,*,#3446,.F.);
#5010=ORIENTED_EDGE('',*,*,#3564,.F.);
#5011=ORIENTED_EDGE('',*,*,#3437,.T.);
#5012=ORIENTED_EDGE('',*,*,#3410,.T.);
#5013=ORIENTED_EDGE('',*,*,#3414,.T.);
#5014=ORIENTED_EDGE('',*,*,#3417,.T.);
#5015=ORIENTED_EDGE('',*,*,#3421,.T.);
#5016=ORIENTED_EDGE('',*,*,#3429,.T.);
#5017=ORIENTED_EDGE('',*,*,#3432,.T.);
#5018=ORIENTED_EDGE('',*,*,#3435,.T.);
#5019=ORIENTED_EDGE('',*,*,#3565,.T.);
#5020=ORIENTED_EDGE('',*,*,#3566,.F.);
#5021=ORIENTED_EDGE('',*,*,#3567,.T.);
#5022=ORIENTED_EDGE('',*,*,#3478,.T.);
#5023=ORIENTED_EDGE('',*,*,#3527,.T.);
#5024=ORIENTED_EDGE('',*,*,#3525,.T.);
#5025=ORIENTED_EDGE('',*,*,#3523,.T.);
#5026=ORIENTED_EDGE('',*,*,#3520,.T.);
#5027=ORIENTED_EDGE('',*,*,#3540,.T.);
#5028=ORIENTED_EDGE('',*,*,#3538,.T.);
#5029=ORIENTED_EDGE('',*,*,#3536,.T.);
#5030=ORIENTED_EDGE('',*,*,#3534,.T.);
#5031=ORIENTED_EDGE('',*,*,#3532,.T.);
#5032=ORIENTED_EDGE('',*,*,#3530,.T.);
#5033=ORIENTED_EDGE('',*,*,#3528,.T.);
#5034=ORIENTED_EDGE('',*,*,#3488,.T.);
#5035=ORIENTED_EDGE('',*,*,#3568,.T.);
#5036=ORIENTED_EDGE('',*,*,#3569,.F.);
#5037=ORIENTED_EDGE('',*,*,#3438,.T.);
#5038=ORIENTED_EDGE('',*,*,#3564,.T.);
#5039=ORIENTED_EDGE('',*,*,#3570,.T.);
#5040=ORIENTED_EDGE('',*,*,#3571,.F.);
#5041=ORIENTED_EDGE('',*,*,#3570,.F.);
#5042=ORIENTED_EDGE('',*,*,#3568,.F.);
#5043=ORIENTED_EDGE('',*,*,#3487,.T.);
#5044=ORIENTED_EDGE('',*,*,#3017,.F.);
#5045=ORIENTED_EDGE('',*,*,#3189,.F.);
#5046=ORIENTED_EDGE('',*,*,#3192,.T.);
#5047=ORIENTED_EDGE('',*,*,#3572,.F.);
#5048=ORIENTED_EDGE('',*,*,#3190,.F.);
#5049=ORIENTED_EDGE('',*,*,#3015,.T.);
#5050=ORIENTED_EDGE('',*,*,#3506,.T.);
#5051=ORIENTED_EDGE('',*,*,#3508,.F.);
#5052=ORIENTED_EDGE('',*,*,#3494,.F.);
#5053=ORIENTED_EDGE('',*,*,#3011,.T.);
#5054=ORIENTED_EDGE('',*,*,#3573,.F.);
#5055=ORIENTED_EDGE('',*,*,#3193,.T.);
#5056=ORIENTED_EDGE('',*,*,#3009,.F.);
#5057=ORIENTED_EDGE('',*,*,#3479,.T.);
#5058=ORIENTED_EDGE('',*,*,#3567,.F.);
#5059=ORIENTED_EDGE('',*,*,#3574,.F.);
#5060=ORIENTED_EDGE('',*,*,#3575,.F.);
#5061=ORIENTED_EDGE('',*,*,#3574,.T.);
#5062=ORIENTED_EDGE('',*,*,#3566,.T.);
#5063=ORIENTED_EDGE('',*,*,#3576,.T.);
#5064=ORIENTED_EDGE('',*,*,#3577,.F.);
#5065=ORIENTED_EDGE('',*,*,#3576,.F.);
#5066=ORIENTED_EDGE('',*,*,#3565,.F.);
#5067=ORIENTED_EDGE('',*,*,#3434,.F.);
#5068=ORIENTED_EDGE('',*,*,#3578,.F.);
#5069=ORIENTED_EDGE('',*,*,#3579,.T.);
#5070=ORIENTED_EDGE('',*,*,#3580,.F.);
#5071=ORIENTED_EDGE('',*,*,#3572,.T.);
#5072=ORIENTED_EDGE('',*,*,#3581,.F.);
#5073=ORIENTED_EDGE('',*,*,#3582,.T.);
#5074=ORIENTED_EDGE('',*,*,#3583,.F.);
#5075=ORIENTED_EDGE('',*,*,#3436,.T.);
#5076=ORIENTED_EDGE('',*,*,#3581,.T.);
#5077=ORIENTED_EDGE('',*,*,#3569,.T.);
#5078=ORIENTED_EDGE('',*,*,#3584,.F.);
#5079=ORIENTED_EDGE('',*,*,#3585,.T.);
#5080=ORIENTED_EDGE('',*,*,#3584,.T.);
#5081=ORIENTED_EDGE('',*,*,#3571,.T.);
#5082=ORIENTED_EDGE('',*,*,#3586,.F.);
#5083=ORIENTED_EDGE('',*,*,#3587,.T.);
#5084=ORIENTED_EDGE('',*,*,#3580,.T.);
#5085=ORIENTED_EDGE('',*,*,#3588,.T.);
#5086=ORIENTED_EDGE('',*,*,#3586,.T.);
#5087=ORIENTED_EDGE('',*,*,#3188,.F.);
#5088=ORIENTED_EDGE('',*,*,#3589,.F.);
#5089=ORIENTED_EDGE('',*,*,#3590,.T.);
#5090=ORIENTED_EDGE('',*,*,#3578,.T.);
#5091=ORIENTED_EDGE('',*,*,#3191,.T.);
#5092=ORIENTED_EDGE('',*,*,#3589,.T.);
#5093=ORIENTED_EDGE('',*,*,#3573,.T.);
#5094=ORIENTED_EDGE('',*,*,#3591,.F.);
#5095=ORIENTED_EDGE('',*,*,#3592,.T.);
#5096=ORIENTED_EDGE('',*,*,#3591,.T.);
#5097=ORIENTED_EDGE('',*,*,#3575,.T.);
#5098=ORIENTED_EDGE('',*,*,#3593,.F.);
#5099=ORIENTED_EDGE('',*,*,#3594,.T.);
#5100=ORIENTED_EDGE('',*,*,#3593,.T.);
#5101=ORIENTED_EDGE('',*,*,#3577,.T.);
#5102=ORIENTED_EDGE('',*,*,#3595,.F.);
#5103=ORIENTED_EDGE('',*,*,#3596,.T.);
#5104=ORIENTED_EDGE('',*,*,#3595,.T.);
#5105=ORIENTED_EDGE('',*,*,#3433,.T.);
#5106=ORIENTED_EDGE('',*,*,#3597,.F.);
#5107=ORIENTED_EDGE('',*,*,#3598,.T.);
#5108=ORIENTED_EDGE('',*,*,#3597,.T.);
#5109=ORIENTED_EDGE('',*,*,#3430,.T.);
#5110=ORIENTED_EDGE('',*,*,#3599,.F.);
#5111=ORIENTED_EDGE('',*,*,#3600,.T.);
#5112=ORIENTED_EDGE('',*,*,#3599,.T.);
#5113=ORIENTED_EDGE('',*,*,#3427,.T.);
#5114=ORIENTED_EDGE('',*,*,#3601,.F.);
#5115=ORIENTED_EDGE('',*,*,#3602,.T.);
#5116=ORIENTED_EDGE('',*,*,#3603,.T.);
#5117=ORIENTED_EDGE('',*,*,#3415,.T.);
#5118=ORIENTED_EDGE('',*,*,#3604,.F.);
#5119=ORIENTED_EDGE('',*,*,#3605,.T.);
#5120=ORIENTED_EDGE('',*,*,#3604,.T.);
#5121=ORIENTED_EDGE('',*,*,#3412,.T.);
#5122=ORIENTED_EDGE('',*,*,#3606,.F.);
#5123=ORIENTED_EDGE('',*,*,#3607,.T.);
#5124=ORIENTED_EDGE('',*,*,#3583,.T.);
#5125=ORIENTED_EDGE('',*,*,#3608,.T.);
#5126=ORIENTED_EDGE('',*,*,#3606,.T.);
#5127=ORIENTED_EDGE('',*,*,#3408,.T.);
#5128=ORIENTED_EDGE('',*,*,#3609,.F.);
#5129=ORIENTED_EDGE('',*,*,#3610,.F.);
#5130=ORIENTED_EDGE('',*,*,#3611,.F.);
#5131=ORIENTED_EDGE('',*,*,#3612,.T.);
#5132=ORIENTED_EDGE('',*,*,#3601,.T.);
#5133=ORIENTED_EDGE('',*,*,#3419,.T.);
#5134=ORIENTED_EDGE('',*,*,#3613,.F.);
#5135=ORIENTED_EDGE('',*,*,#3422,.T.);
#5136=ORIENTED_EDGE('',*,*,#3603,.F.);
#5137=ORIENTED_EDGE('',*,*,#3614,.T.);
#5138=ORIENTED_EDGE('',*,*,#3615,.F.);
#5139=ORIENTED_EDGE('',*,*,#3616,.F.);
#5140=ORIENTED_EDGE('',*,*,#3617,.F.);
#5141=ORIENTED_EDGE('',*,*,#3618,.F.);
#5142=ORIENTED_EDGE('',*,*,#3619,.F.);
#5143=ORIENTED_EDGE('',*,*,#3620,.F.);
#5144=ORIENTED_EDGE('',*,*,#3621,.F.);
#5145=ORIENTED_EDGE('',*,*,#3614,.F.);
#5146=ORIENTED_EDGE('',*,*,#3605,.F.);
#5147=ORIENTED_EDGE('',*,*,#3607,.F.);
#5148=ORIENTED_EDGE('',*,*,#3608,.F.);
#5149=ORIENTED_EDGE('',*,*,#3582,.F.);
#5150=ORIENTED_EDGE('',*,*,#3585,.F.);
#5151=ORIENTED_EDGE('',*,*,#3587,.F.);
#5152=ORIENTED_EDGE('',*,*,#3588,.F.);
#5153=ORIENTED_EDGE('',*,*,#3579,.F.);
#5154=ORIENTED_EDGE('',*,*,#3590,.F.);
#5155=ORIENTED_EDGE('',*,*,#3592,.F.);
#5156=ORIENTED_EDGE('',*,*,#3594,.F.);
#5157=ORIENTED_EDGE('',*,*,#3596,.F.);
#5158=ORIENTED_EDGE('',*,*,#3598,.F.);
#5159=ORIENTED_EDGE('',*,*,#3600,.F.);
#5160=ORIENTED_EDGE('',*,*,#3602,.F.);
#5161=ORIENTED_EDGE('',*,*,#3612,.F.);
#5162=ORIENTED_EDGE('',*,*,#3562,.T.);
#5163=ORIENTED_EDGE('',*,*,#3560,.T.);
#5164=ORIENTED_EDGE('',*,*,#3558,.T.);
#5165=ORIENTED_EDGE('',*,*,#3557,.T.);
#5166=ORIENTED_EDGE('',*,*,#3543,.T.);
#5167=ORIENTED_EDGE('',*,*,#3546,.T.);
#5168=ORIENTED_EDGE('',*,*,#3548,.T.);
#5169=ORIENTED_EDGE('',*,*,#3550,.T.);
#5170=ORIENTED_EDGE('',*,*,#3552,.T.);
#5171=ORIENTED_EDGE('',*,*,#3554,.T.);
#5172=ORIENTED_EDGE('',*,*,#3556,.T.);
#5173=ORIENTED_EDGE('',*,*,#3454,.T.);
#5174=ORIENTED_EDGE('',*,*,#3465,.F.);
#5175=ORIENTED_EDGE('',*,*,#3450,.F.);
#5176=ORIENTED_EDGE('',*,*,#3447,.F.);
#5177=ORIENTED_EDGE('',*,*,#3444,.F.);
#5178=ORIENTED_EDGE('',*,*,#3441,.F.);
#5179=ORIENTED_EDGE('',*,*,#3474,.F.);
#5180=ORIENTED_EDGE('',*,*,#3471,.F.);
#5181=ORIENTED_EDGE('',*,*,#3468,.F.);
#5182=ORIENTED_EDGE('',*,*,#3610,.T.);
#5183=ORIENTED_EDGE('',*,*,#3622,.T.);
#5184=ORIENTED_EDGE('',*,*,#3423,.T.);
#5185=ORIENTED_EDGE('',*,*,#3613,.T.);
#5186=ORIENTED_EDGE('',*,*,#3623,.T.);
#5187=ORIENTED_EDGE('',*,*,#3615,.T.);
#5188=ORIENTED_EDGE('',*,*,#3621,.T.);
#5189=ORIENTED_EDGE('',*,*,#3624,.F.);
#5190=ORIENTED_EDGE('',*,*,#3616,.T.);
#5191=ORIENTED_EDGE('',*,*,#3623,.F.);
#5192=ORIENTED_EDGE('',*,*,#3424,.T.);
#5193=ORIENTED_EDGE('',*,*,#3624,.T.);
#5194=ORIENTED_EDGE('',*,*,#3620,.T.);
#5195=ORIENTED_EDGE('',*,*,#3625,.F.);
#5196=ORIENTED_EDGE('',*,*,#3425,.T.);
#5197=ORIENTED_EDGE('',*,*,#3625,.T.);
#5198=ORIENTED_EDGE('',*,*,#3619,.T.);
#5199=ORIENTED_EDGE('',*,*,#3626,.F.);
#5200=ORIENTED_EDGE('',*,*,#3426,.T.);
#5201=ORIENTED_EDGE('',*,*,#3626,.T.);
#5202=ORIENTED_EDGE('',*,*,#3618,.T.);
#5203=ORIENTED_EDGE('',*,*,#3627,.F.);
#5204=ORIENTED_EDGE('',*,*,#3609,.T.);
#5205=ORIENTED_EDGE('',*,*,#3418,.T.);
#5206=ORIENTED_EDGE('',*,*,#3627,.T.);
#5207=ORIENTED_EDGE('',*,*,#3617,.T.);
#5208=ORIENTED_EDGE('',*,*,#3611,.T.);
#5209=ORIENTED_EDGE('',*,*,#3622,.F.);
#5210=CYLINDRICAL_SURFACE('',#5702,1.);
#5211=CYLINDRICAL_SURFACE('',#5718,1.);
#5212=CYLINDRICAL_SURFACE('',#5720,1.);
#5213=CYLINDRICAL_SURFACE('',#5723,1.);
#5214=CYLINDRICAL_SURFACE('',#5726,1.);
#5215=CYLINDRICAL_SURFACE('',#5730,1.);
#5216=CYLINDRICAL_SURFACE('',#5734,1.);
#5217=CYLINDRICAL_SURFACE('',#5750,1.);
#5218=CYLINDRICAL_SURFACE('',#5754,1.);
#5219=CYLINDRICAL_SURFACE('',#5758,1.);
#5220=CYLINDRICAL_SURFACE('',#5760,1.);
#5221=CYLINDRICAL_SURFACE('',#5763,1.);
#5222=CYLINDRICAL_SURFACE('',#5766,1.);
#5223=CYLINDRICAL_SURFACE('',#5769,1.);
#5224=CYLINDRICAL_SURFACE('',#5773,1.);
#5225=CYLINDRICAL_SURFACE('',#5777,1.);
#5226=CYLINDRICAL_SURFACE('',#5781,1.);
#5227=CYLINDRICAL_SURFACE('',#5831,1.);
#5228=CYLINDRICAL_SURFACE('',#5834,1.);
#5229=CYLINDRICAL_SURFACE('',#5841,1.);
#5230=CYLINDRICAL_SURFACE('',#5843,1.);
#5231=CYLINDRICAL_SURFACE('',#5844,1.);
#5232=CYLINDRICAL_SURFACE('',#5852,1.);
#5233=CYLINDRICAL_SURFACE('',#5853,1.);
#5234=CYLINDRICAL_SURFACE('',#5854,1.);
#5235=CYLINDRICAL_SURFACE('',#5857,1.);
#5236=CYLINDRICAL_SURFACE('',#5859,1.);
#5237=CYLINDRICAL_SURFACE('',#5862,1.);
#5238=CYLINDRICAL_SURFACE('',#5865,1.);
#5239=CYLINDRICAL_SURFACE('',#5868,1.);
#5240=CYLINDRICAL_SURFACE('',#5887,0.549999999999997);
#5241=CYLINDRICAL_SURFACE('',#5891,0.549999999999997);
#5242=CYLINDRICAL_SURFACE('',#5894,0.549999999999997);
#5243=CYLINDRICAL_SURFACE('',#5898,0.549999999999997);
#5244=CYLINDRICAL_SURFACE('',#5909,0.999999999999996);
#5245=CYLINDRICAL_SURFACE('',#5911,1.);
#5246=CYLINDRICAL_SURFACE('',#5919,0.999999999999996);
#5247=CYLINDRICAL_SURFACE('',#5922,0.999999999999996);
#5248=CYLINDRICAL_SURFACE('',#5925,0.999999999999996);
#5249=CYLINDRICAL_SURFACE('',#5928,1.);
#5250=CYLINDRICAL_SURFACE('',#5931,4.20000000000005);
#5251=CYLINDRICAL_SURFACE('',#5933,2.);
#5252=CYLINDRICAL_SURFACE('',#5935,0.8);
#5253=CYLINDRICAL_SURFACE('',#5939,1.99999999999999);
#5254=CYLINDRICAL_SURFACE('',#5941,0.800000000000001);
#5255=CYLINDRICAL_SURFACE('',#5945,1.99999999999999);
#5256=CYLINDRICAL_SURFACE('',#5947,0.800000000000001);
#5257=CYLINDRICAL_SURFACE('',#5951,2.);
#5258=CYLINDRICAL_SURFACE('',#5953,0.800000000000001);
#5259=CYLINDRICAL_SURFACE('',#5960,1.99999999999999);
#5260=CYLINDRICAL_SURFACE('',#5962,0.800000000000001);
#5261=CYLINDRICAL_SURFACE('',#5966,3.80000000000001);
#5262=CYLINDRICAL_SURFACE('',#5968,1.40000000000001);
#5263=CYLINDRICAL_SURFACE('',#5972,1.99999999999999);
#5264=CYLINDRICAL_SURFACE('',#5974,0.800000000000001);
#5265=CYLINDRICAL_SURFACE('',#5984,2.);
#5266=CYLINDRICAL_SURFACE('',#5986,0.800000000000001);
#5267=CYLINDRICAL_SURFACE('',#5990,2.);
#5268=CYLINDRICAL_SURFACE('',#5992,0.800000000000001);
#5269=CYLINDRICAL_SURFACE('',#6000,0.800000000000001);
#5270=CYLINDRICAL_SURFACE('',#6004,0.800000000000001);
#5271=CYLINDRICAL_SURFACE('',#6005,0.800000000000001);
#5272=CYLINDRICAL_SURFACE('',#6010,0.800000000000001);
#5273=CYLINDRICAL_SURFACE('',#6014,0.999999999999996);
#5274=CYLINDRICAL_SURFACE('',#6019,3.89999999979685);
#5275=CYLINDRICAL_SURFACE('',#6022,2.99999999999816);
#5276=CYLINDRICAL_SURFACE('',#6027,0.999999999999996);
#5277=CYLINDRICAL_SURFACE('',#6031,3.89999999956364);
#5278=CYLINDRICAL_SURFACE('',#6034,3.);
#5279=CYLINDRICAL_SURFACE('',#6039,0.999999999999996);
#5280=CYLINDRICAL_SURFACE('',#6042,0.999999999999996);
#5281=CYLINDRICAL_SURFACE('',#6045,3.90000000002619);
#5282=CYLINDRICAL_SURFACE('',#6047,3.90000000107063);
#5283=CYLINDRICAL_SURFACE('',#6052,1.99999999999999);
#5284=CYLINDRICAL_SURFACE('',#6054,0.800000000000001);
#5285=CYLINDRICAL_SURFACE('',#6061,3.80000000000001);
#5286=CYLINDRICAL_SURFACE('',#6063,1.40000000000001);
#5287=CYLINDRICAL_SURFACE('',#6067,1.99999999999999);
#5288=CYLINDRICAL_SURFACE('',#6069,0.800000000000001);
#5289=CYLINDRICAL_SURFACE('',#6073,1.99999999999999);
#5290=CYLINDRICAL_SURFACE('',#6075,0.800000000000001);
#5291=CYLINDRICAL_SURFACE('',#6079,1.99999999999999);
#5292=CYLINDRICAL_SURFACE('',#6081,0.800000000000001);
#5293=CYLINDRICAL_SURFACE('',#6085,1.99999999999999);
#5294=CYLINDRICAL_SURFACE('',#6087,0.800000000000001);
#5295=CYLINDRICAL_SURFACE('',#6091,1.99999999999999);
#5296=CYLINDRICAL_SURFACE('',#6093,0.800000000000001);
#5297=CYLINDRICAL_SURFACE('',#6097,11.95);
#5298=CYLINDRICAL_SURFACE('',#6099,11.95);
#5299=CYLINDRICAL_SURFACE('',#6101,11.95);
#5300=CYLINDRICAL_SURFACE('',#6116,2.);
#5301=CYLINDRICAL_SURFACE('',#6118,0.800000000000001);
#5302=CYLINDRICAL_SURFACE('',#6122,1.99999999999999);
#5303=CYLINDRICAL_SURFACE('',#6124,0.800000000000001);
#5304=CYLINDRICAL_SURFACE('',#6128,1.99999999999999);
#5305=CYLINDRICAL_SURFACE('',#6130,0.800000000000001);
#5306=CYLINDRICAL_SURFACE('',#6134,1.35);
#5307=CYLINDRICAL_SURFACE('',#6136,0.549999999999997);
#5308=CYLINDRICAL_SURFACE('',#6140,1.35);
#5309=CYLINDRICAL_SURFACE('',#6142,0.549999999999997);
#5310=CYLINDRICAL_SURFACE('',#6146,1.35);
#5311=CYLINDRICAL_SURFACE('',#6148,0.549999999999997);
#5312=CYLINDRICAL_SURFACE('',#6152,1.35);
#5313=CYLINDRICAL_SURFACE('',#6154,0.549999999999997);
#5314=CYLINDRICAL_SURFACE('',#6166,6.);
#5315=CYLINDRICAL_SURFACE('',#6170,6.00000000000005);
#5316=CYLINDRICAL_SURFACE('',#6174,6.00000000000005);
#5317=CYLINDRICAL_SURFACE('',#6178,6.00000000000001);
#5318=CYLINDRICAL_SURFACE('',#6182,0.500000000000025);
#5319=CYLINDRICAL_SURFACE('',#6186,0.500000000000025);
#5320=CYLINDRICAL_SURFACE('',#6195,0.500000000000025);
#5321=CYLINDRICAL_SURFACE('',#6199,0.500000000000029);
#5322=CYLINDRICAL_SURFACE('',#6204,4.20000000000002);
#5323=CYLINDRICAL_SURFACE('',#6206,4.20000000000005);
#5324=CYLINDRICAL_SURFACE('',#6209,4.2);
#5325=CYLINDRICAL_SURFACE('',#6215,0.999999999999996);
#5326=CYLINDRICAL_SURFACE('',#6217,1.00000000000001);
#5327=CYLINDRICAL_SURFACE('',#6219,0.999999999999979);
#5328=CYLINDRICAL_SURFACE('',#6220,0.999999999999996);
#5329=CYLINDRICAL_SURFACE('',#6229,5.00000000000002);
#5330=CYLINDRICAL_SURFACE('',#6235,5.);
#5331=CYLINDRICAL_SURFACE('',#6238,5.00000000000005);
#5332=CYLINDRICAL_SURFACE('',#6241,5.00000000000004);
#5333=CYLINDRICAL_SURFACE('',#6245,3.19999999976443);
#5334=CYLINDRICAL_SURFACE('',#6248,3.19999999999441);
#5335=CYLINDRICAL_SURFACE('',#6251,3.20000000018484);
#5336=CYLINDRICAL_SURFACE('',#6254,3.20000000033122);
#5337=CYLINDRICAL_SURFACE('',#6257,11.25);
#5338=CYLINDRICAL_SURFACE('',#6259,11.25);
#5339=CYLINDRICAL_SURFACE('',#6261,11.25);
#5340=CYLINDRICAL_SURFACE('',#6267,1.);
#5341=CYLINDRICAL_SURFACE('',#6272,1.);
#5342=CYLINDRICAL_SURFACE('',#6275,0.8);
#5343=CYLINDRICAL_SURFACE('',#6278,0.8);
#5344=CYLINDRICAL_SURFACE('',#6283,0.8);
#5345=CYLINDRICAL_SURFACE('',#6290,0.8);
#5346=CYLINDRICAL_SURFACE('',#6294,0.8);
#5347=CYLINDRICAL_SURFACE('',#6299,0.8);
#5348=CYLINDRICAL_SURFACE('',#6308,0.8);
#5349=CYLINDRICAL_SURFACE('',#6312,0.8);
#5350=CYLINDRICAL_SURFACE('',#6315,0.8);
#5351=ADVANCED_FACE('',(#306),#5210,.F.);
#5352=ADVANCED_FACE('',(#307,#49),#125,.T.);
#5353=ADVANCED_FACE('',(#308),#126,.T.);
#5354=ADVANCED_FACE('',(#309),#5211,.F.);
#5355=ADVANCED_FACE('',(#310),#5212,.F.);
#5356=ADVANCED_FACE('',(#311),#127,.T.);
#5357=ADVANCED_FACE('',(#312),#5213,.F.);
#5358=ADVANCED_FACE('',(#313),#128,.T.);
#5359=ADVANCED_FACE('',(#314),#5214,.F.);
#5360=ADVANCED_FACE('',(#315),#129,.F.);
#5361=ADVANCED_FACE('',(#316),#5215,.F.);
#5362=ADVANCED_FACE('',(#317),#130,.T.);
#5363=ADVANCED_FACE('',(#318),#5216,.F.);
#5364=ADVANCED_FACE('',(#319),#131,.T.);
#5365=ADVANCED_FACE('',(#320),#132,.T.);
#5366=ADVANCED_FACE('',(#321),#5217,.F.);
#5367=ADVANCED_FACE('',(#322),#133,.T.);
#5368=ADVANCED_FACE('',(#323),#5218,.F.);
#5369=ADVANCED_FACE('',(#324),#134,.T.);
#5370=ADVANCED_FACE('',(#325),#5219,.F.);
#5371=ADVANCED_FACE('',(#326),#5220,.F.);
#5372=ADVANCED_FACE('',(#327),#135,.T.);
#5373=ADVANCED_FACE('',(#328),#5221,.F.);
#5374=ADVANCED_FACE('',(#329),#136,.T.);
#5375=ADVANCED_FACE('',(#330),#5222,.F.);
#5376=ADVANCED_FACE('',(#331),#137,.T.);
#5377=ADVANCED_FACE('',(#332),#5223,.F.);
#5378=ADVANCED_FACE('',(#333),#138,.T.);
#5379=ADVANCED_FACE('',(#334),#5224,.F.);
#5380=ADVANCED_FACE('',(#335),#139,.T.);
#5381=ADVANCED_FACE('',(#336),#5225,.F.);
#5382=ADVANCED_FACE('',(#337),#140,.T.);
#5383=ADVANCED_FACE('',(#338),#5226,.F.);
#5384=ADVANCED_FACE('',(#339,#50,#51,#52,#53,#54,#55,#56,#57,#58,#59,#60,
#61,#62,#63,#64,#65,#66,#67,#68,#69,#70,#71,#72,#73,#74,#75,#76,#77),#141,
 .T.);
#5385=ADVANCED_FACE('',(#340),#142,.F.);
#5386=ADVANCED_FACE('',(#341),#5227,.F.);
#5387=ADVANCED_FACE('',(#342),#143,.T.);
#5388=ADVANCED_FACE('',(#343),#5228,.F.);
#5389=ADVANCED_FACE('',(#344),#144,.T.);
#5390=ADVANCED_FACE('',(#345),#145,.T.);
#5391=ADVANCED_FACE('',(#346),#5229,.F.);
#5392=ADVANCED_FACE('',(#347),#5230,.F.);
#5393=ADVANCED_FACE('',(#348),#5231,.F.);
#5394=ADVANCED_FACE('',(#349),#146,.T.);
#5395=ADVANCED_FACE('',(#350),#147,.T.);
#5396=ADVANCED_FACE('',(#351),#5232,.F.);
#5397=ADVANCED_FACE('',(#352),#5233,.F.);
#5398=ADVANCED_FACE('',(#353),#5234,.F.);
#5399=ADVANCED_FACE('',(#354),#148,.T.);
#5400=ADVANCED_FACE('',(#355),#5235,.F.);
#5401=ADVANCED_FACE('',(#356),#5236,.F.);
#5402=ADVANCED_FACE('',(#357),#149,.T.);
#5403=ADVANCED_FACE('',(#358),#5237,.F.);
#5404=ADVANCED_FACE('',(#359),#150,.T.);
#5405=ADVANCED_FACE('',(#360),#5238,.F.);
#5406=ADVANCED_FACE('',(#361),#151,.T.);
#5407=ADVANCED_FACE('',(#362),#5239,.F.);
#5408=ADVANCED_FACE('',(#363),#152,.T.);
#5409=ADVANCED_FACE('',(#364,#78,#79,#80,#81,#82),#153,.T.);
#5410=ADVANCED_FACE('',(#365),#154,.T.);
#5411=ADVANCED_FACE('',(#366),#155,.T.);
#5412=ADVANCED_FACE('',(#367),#156,.T.);
#5413=ADVANCED_FACE('',(#368),#157,.T.);
#5414=ADVANCED_FACE('',(#369),#5240,.F.);
#5415=ADVANCED_FACE('',(#370),#158,.T.);
#5416=ADVANCED_FACE('',(#371),#5241,.F.);
#5417=ADVANCED_FACE('',(#372),#159,.T.);
#5418=ADVANCED_FACE('',(#373),#5242,.F.);
#5419=ADVANCED_FACE('',(#374),#160,.T.);
#5420=ADVANCED_FACE('',(#375),#5243,.F.);
#5421=ADVANCED_FACE('',(#376),#161,.T.);
#5422=ADVANCED_FACE('',(#377),#162,.T.);
#5423=ADVANCED_FACE('',(#378),#163,.F.);
#5424=ADVANCED_FACE('',(#379),#164,.F.);
#5425=ADVANCED_FACE('',(#380,#83),#165,.T.);
#5426=ADVANCED_FACE('',(#381,#84),#166,.T.);
#5427=ADVANCED_FACE('',(#382),#167,.T.);
#5428=ADVANCED_FACE('',(#383),#5244,.F.);
#5429=ADVANCED_FACE('',(#384),#5245,.F.);
#5430=ADVANCED_FACE('',(#385),#168,.T.);
#5431=ADVANCED_FACE('',(#386),#169,.T.);
#5432=ADVANCED_FACE('',(#387),#170,.T.);
#5433=ADVANCED_FACE('',(#388),#171,.T.);
#5434=ADVANCED_FACE('',(#389),#172,.T.);
#5435=ADVANCED_FACE('',(#390),#173,.F.);
#5436=ADVANCED_FACE('',(#391),#5246,.F.);
#5437=ADVANCED_FACE('',(#392),#174,.F.);
#5438=ADVANCED_FACE('',(#393),#5247,.T.);
#5439=ADVANCED_FACE('',(#394),#175,.F.);
#5440=ADVANCED_FACE('',(#395),#5248,.T.);
#5441=ADVANCED_FACE('',(#396),#176,.F.);
#5442=ADVANCED_FACE('',(#397),#5249,.T.);
#5443=ADVANCED_FACE('',(#398),#177,.F.);
#5444=ADVANCED_FACE('',(#399),#5250,.F.);
#5445=ADVANCED_FACE('',(#400),#5251,.T.);
#5446=ADVANCED_FACE('',(#401),#5252,.F.);
#5447=ADVANCED_FACE('',(#402,#85),#178,.T.);
#5448=ADVANCED_FACE('',(#403),#5253,.T.);
#5449=ADVANCED_FACE('',(#404),#5254,.F.);
#5450=ADVANCED_FACE('',(#405,#86),#179,.T.);
#5451=ADVANCED_FACE('',(#406),#5255,.T.);
#5452=ADVANCED_FACE('',(#407),#5256,.F.);
#5453=ADVANCED_FACE('',(#408,#87),#180,.T.);
#5454=ADVANCED_FACE('',(#409),#5257,.T.);
#5455=ADVANCED_FACE('',(#410),#5258,.F.);
#5456=ADVANCED_FACE('',(#411,#88),#181,.T.);
#5457=ADVANCED_FACE('',(#412),#182,.T.);
#5458=ADVANCED_FACE('',(#413),#183,.T.);
#5459=ADVANCED_FACE('',(#414),#184,.T.);
#5460=ADVANCED_FACE('',(#415),#5259,.T.);
#5461=ADVANCED_FACE('',(#416),#5260,.F.);
#5462=ADVANCED_FACE('',(#417,#89),#185,.T.);
#5463=ADVANCED_FACE('',(#418),#5261,.T.);
#5464=ADVANCED_FACE('',(#419),#5262,.F.);
#5465=ADVANCED_FACE('',(#420,#90),#186,.T.);
#5466=ADVANCED_FACE('',(#421),#5263,.T.);
#5467=ADVANCED_FACE('',(#422),#5264,.F.);
#5468=ADVANCED_FACE('',(#423,#91),#187,.T.);
#5469=ADVANCED_FACE('',(#424),#188,.T.);
#5470=ADVANCED_FACE('',(#425),#189,.T.);
#5471=ADVANCED_FACE('',(#426),#190,.T.);
#5472=ADVANCED_FACE('',(#427),#191,.T.);
#5473=ADVANCED_FACE('',(#428),#192,.T.);
#5474=ADVANCED_FACE('',(#429),#193,.T.);
#5475=ADVANCED_FACE('',(#430),#5265,.T.);
#5476=ADVANCED_FACE('',(#431),#5266,.F.);
#5477=ADVANCED_FACE('',(#432,#92),#194,.T.);
#5478=ADVANCED_FACE('',(#433),#5267,.T.);
#5479=ADVANCED_FACE('',(#434),#5268,.F.);
#5480=ADVANCED_FACE('',(#435,#93),#195,.T.);
#5481=ADVANCED_FACE('',(#436),#196,.T.);
#5482=ADVANCED_FACE('',(#437),#197,.T.);
#5483=ADVANCED_FACE('',(#438),#198,.T.);
#5484=ADVANCED_FACE('',(#439),#199,.T.);
#5485=ADVANCED_FACE('',(#440),#5269,.F.);
#5486=ADVANCED_FACE('',(#441),#200,.T.);
#5487=ADVANCED_FACE('',(#442,#94),#201,.T.);
#5488=ADVANCED_FACE('',(#443),#5270,.F.);
#5489=ADVANCED_FACE('',(#444),#5271,.F.);
#5490=ADVANCED_FACE('',(#445),#202,.T.);
#5491=ADVANCED_FACE('',(#446),#203,.T.);
#5492=ADVANCED_FACE('',(#447),#204,.T.);
#5493=ADVANCED_FACE('',(#448),#205,.T.);
#5494=ADVANCED_FACE('',(#449),#5272,.F.);
#5495=ADVANCED_FACE('',(#450,#95),#206,.T.);
#5496=ADVANCED_FACE('',(#451),#207,.T.);
#5497=ADVANCED_FACE('',(#452),#5273,.T.);
#5498=ADVANCED_FACE('',(#453),#208,.T.);
#5499=ADVANCED_FACE('',(#454),#209,.T.);
#5500=ADVANCED_FACE('',(#455),#5274,.F.);
#5501=ADVANCED_FACE('',(#456),#210,.T.);
#5502=ADVANCED_FACE('',(#457),#211,.T.);
#5503=ADVANCED_FACE('',(#458),#5275,.T.);
#5504=ADVANCED_FACE('',(#459),#212,.T.);
#5505=ADVANCED_FACE('',(#460),#213,.T.);
#5506=ADVANCED_FACE('',(#461,#96,#97),#214,.T.);
#5507=ADVANCED_FACE('',(#462),#5276,.T.);
#5508=ADVANCED_FACE('',(#463),#215,.T.);
#5509=ADVANCED_FACE('',(#464),#5277,.F.);
#5510=ADVANCED_FACE('',(#465),#216,.T.);
#5511=ADVANCED_FACE('',(#466),#217,.T.);
#5512=ADVANCED_FACE('',(#467),#5278,.T.);
#5513=ADVANCED_FACE('',(#468),#218,.T.);
#5514=ADVANCED_FACE('',(#469),#219,.T.);
#5515=ADVANCED_FACE('',(#470,#98,#99),#220,.T.);
#5516=ADVANCED_FACE('',(#471),#5279,.T.);
#5517=ADVANCED_FACE('',(#472),#221,.T.);
#5518=ADVANCED_FACE('',(#473),#5280,.T.);
#5519=ADVANCED_FACE('',(#474),#222,.T.);
#5520=ADVANCED_FACE('',(#475),#5281,.F.);
#5521=ADVANCED_FACE('',(#476),#223,.T.);
#5522=ADVANCED_FACE('',(#477),#5282,.F.);
#5523=ADVANCED_FACE('',(#478),#224,.T.);
#5524=ADVANCED_FACE('',(#479),#225,.T.);
#5525=ADVANCED_FACE('',(#480),#226,.T.);
#5526=ADVANCED_FACE('',(#481),#227,.T.);
#5527=ADVANCED_FACE('',(#482),#5283,.T.);
#5528=ADVANCED_FACE('',(#483),#5284,.F.);
#5529=ADVANCED_FACE('',(#484,#100),#228,.T.);
#5530=ADVANCED_FACE('',(#485),#229,.T.);
#5531=ADVANCED_FACE('',(#486),#230,.T.);
#5532=ADVANCED_FACE('',(#487),#231,.T.);
#5533=ADVANCED_FACE('',(#488),#5285,.T.);
#5534=ADVANCED_FACE('',(#489),#5286,.F.);
#5535=ADVANCED_FACE('',(#490,#101),#232,.T.);
#5536=ADVANCED_FACE('',(#491),#5287,.T.);
#5537=ADVANCED_FACE('',(#492),#5288,.F.);
#5538=ADVANCED_FACE('',(#493,#102),#233,.T.);
#5539=ADVANCED_FACE('',(#494),#5289,.T.);
#5540=ADVANCED_FACE('',(#495),#5290,.F.);
#5541=ADVANCED_FACE('',(#496,#103),#234,.T.);
#5542=ADVANCED_FACE('',(#497),#5291,.T.);
#5543=ADVANCED_FACE('',(#498),#5292,.F.);
#5544=ADVANCED_FACE('',(#499,#104),#235,.T.);
#5545=ADVANCED_FACE('',(#500),#5293,.T.);
#5546=ADVANCED_FACE('',(#501),#5294,.F.);
#5547=ADVANCED_FACE('',(#502,#105),#236,.T.);
#5548=ADVANCED_FACE('',(#503),#5295,.T.);
#5549=ADVANCED_FACE('',(#504),#5296,.F.);
#5550=ADVANCED_FACE('',(#505,#106),#237,.T.);
#5551=ADVANCED_FACE('',(#506),#5297,.F.);
#5552=ADVANCED_FACE('',(#507),#5298,.F.);
#5553=ADVANCED_FACE('',(#508),#5299,.F.);
#5554=ADVANCED_FACE('',(#509),#238,.T.);
#5555=ADVANCED_FACE('',(#510,#107),#239,.T.);
#5556=ADVANCED_FACE('',(#511,#108),#240,.T.);
#5557=ADVANCED_FACE('',(#512,#109),#241,.T.);
#5558=ADVANCED_FACE('',(#513),#242,.T.);
#5559=ADVANCED_FACE('',(#514),#243,.T.);
#5560=ADVANCED_FACE('',(#515),#244,.T.);
#5561=ADVANCED_FACE('',(#516),#245,.T.);
#5562=ADVANCED_FACE('',(#517),#246,.T.);
#5563=ADVANCED_FACE('',(#518),#247,.T.);
#5564=ADVANCED_FACE('',(#519),#5300,.T.);
#5565=ADVANCED_FACE('',(#520),#5301,.F.);
#5566=ADVANCED_FACE('',(#521,#110),#248,.T.);
#5567=ADVANCED_FACE('',(#522),#5302,.T.);
#5568=ADVANCED_FACE('',(#523),#5303,.F.);
#5569=ADVANCED_FACE('',(#524,#111),#249,.T.);
#5570=ADVANCED_FACE('',(#525),#5304,.T.);
#5571=ADVANCED_FACE('',(#526),#5305,.F.);
#5572=ADVANCED_FACE('',(#527,#112),#250,.T.);
#5573=ADVANCED_FACE('',(#528),#5306,.T.);
#5574=ADVANCED_FACE('',(#529),#5307,.F.);
#5575=ADVANCED_FACE('',(#530,#113),#251,.T.);
#5576=ADVANCED_FACE('',(#531),#5308,.T.);
#5577=ADVANCED_FACE('',(#532),#5309,.F.);
#5578=ADVANCED_FACE('',(#533,#114),#252,.T.);
#5579=ADVANCED_FACE('',(#534),#5310,.T.);
#5580=ADVANCED_FACE('',(#535),#5311,.F.);
#5581=ADVANCED_FACE('',(#536,#115),#253,.T.);
#5582=ADVANCED_FACE('',(#537),#5312,.T.);
#5583=ADVANCED_FACE('',(#538),#5313,.F.);
#5584=ADVANCED_FACE('',(#539,#116),#254,.T.);
#5585=ADVANCED_FACE('',(#540),#255,.T.);
#5586=ADVANCED_FACE('',(#541),#256,.T.);
#5587=ADVANCED_FACE('',(#542),#257,.T.);
#5588=ADVANCED_FACE('',(#543),#258,.T.);
#5589=ADVANCED_FACE('',(#544),#259,.T.);
#5590=ADVANCED_FACE('',(#545),#260,.T.);
#5591=ADVANCED_FACE('',(#546),#261,.T.);
#5592=ADVANCED_FACE('',(#547),#262,.T.);
#5593=ADVANCED_FACE('',(#548),#5314,.T.);
#5594=ADVANCED_FACE('',(#549),#263,.T.);
#5595=ADVANCED_FACE('',(#550),#5315,.T.);
#5596=ADVANCED_FACE('',(#551),#264,.T.);
#5597=ADVANCED_FACE('',(#552),#5316,.T.);
#5598=ADVANCED_FACE('',(#553),#265,.T.);
#5599=ADVANCED_FACE('',(#554),#5317,.T.);
#5600=ADVANCED_FACE('',(#555),#266,.T.);
#5601=ADVANCED_FACE('',(#556),#5318,.F.);
#5602=ADVANCED_FACE('',(#557),#267,.T.);
#5603=ADVANCED_FACE('',(#558),#5319,.F.);
#5604=ADVANCED_FACE('',(#559),#268,.T.);
#5605=ADVANCED_FACE('',(#560),#31,.T.);
#5606=ADVANCED_FACE('',(#561,#117),#269,.T.);
#5607=ADVANCED_FACE('',(#562),#32,.T.);
#5608=ADVANCED_FACE('',(#563),#5320,.F.);
#5609=ADVANCED_FACE('',(#564),#270,.T.);
#5610=ADVANCED_FACE('',(#565),#5321,.F.);
#5611=ADVANCED_FACE('',(#566),#271,.T.);
#5612=ADVANCED_FACE('',(#567),#272,.F.);
#5613=ADVANCED_FACE('',(#568),#5322,.F.);
#5614=ADVANCED_FACE('',(#569),#5323,.F.);
#5615=ADVANCED_FACE('',(#570),#273,.F.);
#5616=ADVANCED_FACE('',(#571),#5324,.F.);
#5617=ADVANCED_FACE('',(#572),#274,.F.);
#5618=ADVANCED_FACE('',(#573),#275,.F.);
#5619=ADVANCED_FACE('',(#574),#276,.F.);
#5620=ADVANCED_FACE('',(#575),#277,.F.);
#5621=ADVANCED_FACE('',(#576),#5325,.T.);
#5622=ADVANCED_FACE('',(#577),#278,.F.);
#5623=ADVANCED_FACE('',(#578),#5326,.F.);
#5624=ADVANCED_FACE('',(#579),#279,.F.);
#5625=ADVANCED_FACE('',(#580),#5327,.T.);
#5626=ADVANCED_FACE('',(#581),#5328,.T.);
#5627=ADVANCED_FACE('',(#582),#280,.F.);
#5628=ADVANCED_FACE('',(#583),#281,.T.);
#5629=ADVANCED_FACE('',(#584),#282,.T.);
#5630=ADVANCED_FACE('',(#585),#283,.T.);
#5631=ADVANCED_FACE('',(#586),#5329,.T.);
#5632=ADVANCED_FACE('',(#587),#284,.T.);
#5633=ADVANCED_FACE('',(#588),#285,.T.);
#5634=ADVANCED_FACE('',(#589),#286,.T.);
#5635=ADVANCED_FACE('',(#590),#287,.T.);
#5636=ADVANCED_FACE('',(#591),#5330,.T.);
#5637=ADVANCED_FACE('',(#592),#288,.T.);
#5638=ADVANCED_FACE('',(#593),#5331,.T.);
#5639=ADVANCED_FACE('',(#594),#289,.T.);
#5640=ADVANCED_FACE('',(#595),#5332,.T.);
#5641=ADVANCED_FACE('',(#596),#290,.T.);
#5642=ADVANCED_FACE('',(#597),#291,.T.);
#5643=ADVANCED_FACE('',(#598),#5333,.F.);
#5644=ADVANCED_FACE('',(#599),#292,.F.);
#5645=ADVANCED_FACE('',(#600),#5334,.F.);
#5646=ADVANCED_FACE('',(#601),#293,.F.);
#5647=ADVANCED_FACE('',(#602),#5335,.F.);
#5648=ADVANCED_FACE('',(#603),#294,.F.);
#5649=ADVANCED_FACE('',(#604),#5336,.F.);
#5650=ADVANCED_FACE('',(#605),#295,.F.);
#5651=ADVANCED_FACE('',(#606),#5337,.F.);
#5652=ADVANCED_FACE('',(#607),#5338,.F.);
#5653=ADVANCED_FACE('',(#608),#5339,.F.);
#5654=ADVANCED_FACE('',(#609,#118),#296,.T.);
#5655=ADVANCED_FACE('',(#610),#297,.T.);
#5656=ADVANCED_FACE('',(#611),#5340,.T.);
#5657=ADVANCED_FACE('',(#612),#298,.T.);
#5658=ADVANCED_FACE('',(#613),#299,.T.);
#5659=ADVANCED_FACE('',(#614),#300,.T.);
#5660=ADVANCED_FACE('',(#615),#5341,.T.);
#5661=ADVANCED_FACE('',(#616),#301,.T.);
#5662=ADVANCED_FACE('',(#617),#5342,.T.);
#5663=ADVANCED_FACE('',(#618),#5343,.T.);
#5664=ADVANCED_FACE('',(#619),#29,.F.);
#5665=ADVANCED_FACE('',(#620),#5344,.T.);
#5666=ADVANCED_FACE('',(#621),#23,.T.);
#5667=ADVANCED_FACE('',(#622),#24,.T.);
#5668=ADVANCED_FACE('',(#623),#5345,.T.);
#5669=ADVANCED_FACE('',(#624),#30,.F.);
#5670=ADVANCED_FACE('',(#625),#5346,.T.);
#5671=ADVANCED_FACE('',(#626),#25,.T.);
#5672=ADVANCED_FACE('',(#627),#5347,.T.);
#5673=ADVANCED_FACE('',(#628),#26,.T.);
#5674=ADVANCED_FACE('',(#629),#27,.T.);
#5675=ADVANCED_FACE('',(#630),#5348,.T.);
#5676=ADVANCED_FACE('',(#631),#28,.T.);
#5677=ADVANCED_FACE('',(#632),#5349,.T.);
#5678=ADVANCED_FACE('',(#633),#5350,.T.);
#5679=ADVANCED_FACE('',(#634,#119,#120,#121,#122,#123,#124),#302,.F.);
#5680=ADVANCED_FACE('',(#635),#33,.T.);
#5681=ADVANCED_FACE('',(#636),#303,.T.);
#5682=ADVANCED_FACE('',(#637),#34,.T.);
#5683=ADVANCED_FACE('',(#638),#35,.T.);
#5684=ADVANCED_FACE('',(#639),#304,.T.);
#5685=ADVANCED_FACE('',(#640),#36,.T.);
#5686=ADVANCED_FACE('',(#641),#305,.T.);
#5687=CLOSED_SHELL('',(#5351,#5352,#5353,#5354,#5355,#5356,#5357,#5358,
#5359,#5360,#5361,#5362,#5363,#5364,#5365,#5366,#5367,#5368,#5369,#5370,
#5371,#5372,#5373,#5374,#5375,#5376,#5377,#5378,#5379,#5380,#5381,#5382,
#5383,#5384,#5385,#5386,#5387,#5388,#5389,#5390,#5391,#5392,#5393,#5394,
#5395,#5396,#5397,#5398,#5399,#5400,#5401,#5402,#5403,#5404,#5405,#5406,
#5407,#5408,#5409,#5410,#5411,#5412,#5413,#5414,#5415,#5416,#5417,#5418,
#5419,#5420,#5421,#5422,#5423,#5424,#5425,#5426,#5427,#5428,#5429,#5430,
#5431,#5432,#5433,#5434,#5435,#5436,#5437,#5438,#5439,#5440,#5441,#5442,
#5443,#5444,#5445,#5446,#5447,#5448,#5449,#5450,#5451,#5452,#5453,#5454,
#5455,#5456,#5457,#5458,#5459,#5460,#5461,#5462,#5463,#5464,#5465,#5466,
#5467,#5468,#5469,#5470,#5471,#5472,#5473,#5474,#5475,#5476,#5477,#5478,
#5479,#5480,#5481,#5482,#5483,#5484,#5485,#5486,#5487,#5488,#5489,#5490,
#5491,#5492,#5493,#5494,#5495,#5496,#5497,#5498,#5499,#5500,#5501,#5502,
#5503,#5504,#5505,#5506,#5507,#5508,#5509,#5510,#5511,#5512,#5513,#5514,
#5515,#5516,#5517,#5518,#5519,#5520,#5521,#5522,#5523,#5524,#5525,#5526,
#5527,#5528,#5529,#5530,#5531,#5532,#5533,#5534,#5535,#5536,#5537,#5538,
#5539,#5540,#5541,#5542,#5543,#5544,#5545,#5546,#5547,#5548,#5549,#5550,
#5551,#5552,#5553,#5554,#5555,#5556,#5557,#5558,#5559,#5560,#5561,#5562,
#5563,#5564,#5565,#5566,#5567,#5568,#5569,#5570,#5571,#5572,#5573,#5574,
#5575,#5576,#5577,#5578,#5579,#5580,#5581,#5582,#5583,#5584,#5585,#5586,
#5587,#5588,#5589,#5590,#5591,#5592,#5593,#5594,#5595,#5596,#5597,#5598,
#5599,#5600,#5601,#5602,#5603,#5604,#5605,#5606,#5607,#5608,#5609,#5610,
#5611,#5612,#5613,#5614,#5615,#5616,#5617,#5618,#5619,#5620,#5621,#5622,
#5623,#5624,#5625,#5626,#5627,#5628,#5629,#5630,#5631,#5632,#5633,#5634,
#5635,#5636,#5637,#5638,#5639,#5640,#5641,#5642,#5643,#5644,#5645,#5646,
#5647,#5648,#5649,#5650,#5651,#5652,#5653,#5654,#5655,#5656,#5657,#5658,
#5659,#5660,#5661,#5662,#5663,#5664,#5665,#5666,#5667,#5668,#5669,#5670,
#5671,#5672,#5673,#5674,#5675,#5676,#5677,#5678,#5679,#5680,#5681,#5682,
#5683,#5684,#5685,#5686));
#5688=DERIVED_UNIT_ELEMENT(#5690,1.);
#5689=DERIVED_UNIT_ELEMENT(#10563,-3.);
#5690=(
MASS_UNIT()
NAMED_UNIT(*)
SI_UNIT(.KILO.,.GRAM.)
);
#5691=DERIVED_UNIT((#5688,#5689));
#5692=MEASURE_REPRESENTATION_ITEM('density measure',
POSITIVE_RATIO_MEASURE(7850.),#5691);
#5693=PROPERTY_DEFINITION_REPRESENTATION(#5698,#5695);
#5694=PROPERTY_DEFINITION_REPRESENTATION(#5699,#5696);
#5695=REPRESENTATION('material name',(#5697),#10560);
#5696=REPRESENTATION('density',(#5692),#10560);
#5697=DESCRIPTIVE_REPRESENTATION_ITEM('Steel','Steel');
#5698=PROPERTY_DEFINITION('material property','material name',#10575);
#5699=PROPERTY_DEFINITION('material property','density of part',#10575);
#5700=AXIS2_PLACEMENT_3D('',#8056,#6323,#6324);
#5701=AXIS2_PLACEMENT_3D('',#8057,#6325,#6326);
#5702=AXIS2_PLACEMENT_3D('',#8058,#6327,#6328);
#5703=AXIS2_PLACEMENT_3D('',#8061,#6329,#6330);
#5704=AXIS2_PLACEMENT_3D('',#8065,#6332,#6333);
#5705=AXIS2_PLACEMENT_3D('',#8067,#6335,#6336);
#5706=AXIS2_PLACEMENT_3D('',#8071,#6338,#6339);
#5707=AXIS2_PLACEMENT_3D('',#8079,#6343,#6344);
#5708=AXIS2_PLACEMENT_3D('',#8083,#6346,#6347);
#5709=AXIS2_PLACEMENT_3D('',#8089,#6350,#6351);
#5710=AXIS2_PLACEMENT_3D('',#8093,#6353,#6354);
#5711=AXIS2_PLACEMENT_3D('',#8097,#6356,#6357);
#5712=AXIS2_PLACEMENT_3D('',#8101,#6359,#6360);
#5713=AXIS2_PLACEMENT_3D('',#8109,#6364,#6365);
#5714=AXIS2_PLACEMENT_3D('',#8113,#6367,#6368);
#5715=AXIS2_PLACEMENT_3D('',#8117,#6370,#6371);
#5716=AXIS2_PLACEMENT_3D('',#8120,#6373,#6374);
#5717=AXIS2_PLACEMENT_3D('',#8121,#6375,#6376);
#5718=AXIS2_PLACEMENT_3D('',#8125,#6379,#6380);
#5719=AXIS2_PLACEMENT_3D('',#8127,#6381,#6382);
#5720=AXIS2_PLACEMENT_3D('',#8129,#6384,#6385);
#5721=AXIS2_PLACEMENT_3D('',#8133,#6387,#6388);
#5722=AXIS2_PLACEMENT_3D('',#8135,#6390,#6391);
#5723=AXIS2_PLACEMENT_3D('',#8139,#6394,#6395);
#5724=AXIS2_PLACEMENT_3D('',#8143,#6397,#6398);
#5725=AXIS2_PLACEMENT_3D('',#8145,#6400,#6401);
#5726=AXIS2_PLACEMENT_3D('',#8149,#6404,#6405);
#5727=AXIS2_PLACEMENT_3D('',#8152,#6406,#6407);
#5728=AXIS2_PLACEMENT_3D('',#8156,#6409,#6410);
#5729=AXIS2_PLACEMENT_3D('',#8158,#6412,#6413);
#5730=AXIS2_PLACEMENT_3D('',#8172,#6421,#6422);
#5731=AXIS2_PLACEMENT_3D('',#8175,#6423,#6424);
#5732=AXIS2_PLACEMENT_3D('',#8179,#6426,#6427);
#5733=AXIS2_PLACEMENT_3D('',#8181,#6429,#6430);
#5734=AXIS2_PLACEMENT_3D('',#8191,#6436,#6437);
#5735=AXIS2_PLACEMENT_3D('',#8194,#6438,#6439);
#5736=AXIS2_PLACEMENT_3D('',#8198,#6441,#6442);
#5737=AXIS2_PLACEMENT_3D('',#8200,#6444,#6445);
#5738=AXIS2_PLACEMENT_3D('',#8205,#6448,#6449);
#5739=AXIS2_PLACEMENT_3D('',#8209,#6451,#6452);
#5740=AXIS2_PLACEMENT_3D('',#8213,#6454,#6455);
#5741=AXIS2_PLACEMENT_3D('',#8224,#6462,#6463);
#5742=AXIS2_PLACEMENT_3D('',#8228,#6465,#6466);
#5743=AXIS2_PLACEMENT_3D('',#8232,#6468,#6469);
#5744=AXIS2_PLACEMENT_3D('',#8236,#6471,#6472);
#5745=AXIS2_PLACEMENT_3D('',#8240,#6474,#6475);
#5746=AXIS2_PLACEMENT_3D('',#8246,#6478,#6479);
#5747=AXIS2_PLACEMENT_3D('',#8250,#6481,#6482);
#5748=AXIS2_PLACEMENT_3D('',#8254,#6484,#6485);
#5749=AXIS2_PLACEMENT_3D('',#8258,#6488,#6489);
#5750=AXIS2_PLACEMENT_3D('',#8270,#6496,#6497);
#5751=AXIS2_PLACEMENT_3D('',#8273,#6498,#6499);
#5752=AXIS2_PLACEMENT_3D('',#8277,#6501,#6502);
#5753=AXIS2_PLACEMENT_3D('',#8279,#6504,#6505);
#5754=AXIS2_PLACEMENT_3D('',#8286,#6510,#6511);
#5755=AXIS2_PLACEMENT_3D('',#8288,#6512,#6513);
#5756=AXIS2_PLACEMENT_3D('',#8291,#6515,#6516);
#5757=AXIS2_PLACEMENT_3D('',#8292,#6517,#6518);
#5758=AXIS2_PLACEMENT_3D('',#8298,#6522,#6523);
#5759=AXIS2_PLACEMENT_3D('',#8300,#6524,#6525);
#5760=AXIS2_PLACEMENT_3D('',#8302,#6527,#6528);
#5761=AXIS2_PLACEMENT_3D('',#8306,#6530,#6531);
#5762=AXIS2_PLACEMENT_3D('',#8308,#6533,#6534);
#5763=AXIS2_PLACEMENT_3D('',#8312,#6537,#6538);
#5764=AXIS2_PLACEMENT_3D('',#8315,#6540,#6541);
#5765=AXIS2_PLACEMENT_3D('',#8316,#6542,#6543);
#5766=AXIS2_PLACEMENT_3D('',#8328,#6550,#6551);
#5767=AXIS2_PLACEMENT_3D('',#8331,#6553,#6554);
#5768=AXIS2_PLACEMENT_3D('',#8332,#6555,#6556);
#5769=AXIS2_PLACEMENT_3D('',#8336,#6559,#6560);
#5770=AXIS2_PLACEMENT_3D('',#8339,#6561,#6562);
#5771=AXIS2_PLACEMENT_3D('',#8343,#6564,#6565);
#5772=AXIS2_PLACEMENT_3D('',#8345,#6567,#6568);
#5773=AXIS2_PLACEMENT_3D('',#8352,#6573,#6574);
#5774=AXIS2_PLACEMENT_3D('',#8354,#6575,#6576);
#5775=AXIS2_PLACEMENT_3D('',#8357,#6578,#6579);
#5776=AXIS2_PLACEMENT_3D('',#8358,#6580,#6581);
#5777=AXIS2_PLACEMENT_3D('',#8364,#6585,#6586);
#5778=AXIS2_PLACEMENT_3D('',#8366,#6587,#6588);
#5779=AXIS2_PLACEMENT_3D('',#8369,#6590,#6591);
#5780=AXIS2_PLACEMENT_3D('',#8370,#6592,#6593);
#5781=AXIS2_PLACEMENT_3D('',#8377,#6598,#6599);
#5782=AXIS2_PLACEMENT_3D('',#8380,#6600,#6601);
#5783=AXIS2_PLACEMENT_3D('',#8384,#6603,#6604);
#5784=AXIS2_PLACEMENT_3D('',#8386,#6606,#6607);
#5785=AXIS2_PLACEMENT_3D('',#8393,#6612,#6613);
#5786=AXIS2_PLACEMENT_3D('',#8397,#6615,#6616);
#5787=AXIS2_PLACEMENT_3D('',#8403,#6619,#6620);
#5788=AXIS2_PLACEMENT_3D('',#8415,#6626,#6627);
#5789=AXIS2_PLACEMENT_3D('',#8421,#6630,#6631);
#5790=AXIS2_PLACEMENT_3D('',#8425,#6633,#6634);
#5791=AXIS2_PLACEMENT_3D('',#8429,#6636,#6637);
#5792=AXIS2_PLACEMENT_3D('',#8433,#6639,#6640);
#5793=AXIS2_PLACEMENT_3D('',#8440,#6644,#6645);
#5794=AXIS2_PLACEMENT_3D('',#8444,#6647,#6648);
#5795=AXIS2_PLACEMENT_3D('',#8448,#6650,#6651);
#5796=AXIS2_PLACEMENT_3D('',#8452,#6653,#6654);
#5797=AXIS2_PLACEMENT_3D('',#8456,#6656,#6657);
#5798=AXIS2_PLACEMENT_3D('',#8460,#6659,#6660);
#5799=AXIS2_PLACEMENT_3D('',#8464,#6662,#6663);
#5800=AXIS2_PLACEMENT_3D('',#8467,#6665,#6666);
#5801=AXIS2_PLACEMENT_3D('',#8469,#6667,#6668);
#5802=AXIS2_PLACEMENT_3D('',#8471,#6669,#6670);
#5803=AXIS2_PLACEMENT_3D('',#8473,#6671,#6672);
#5804=AXIS2_PLACEMENT_3D('',#8475,#6673,#6674);
#5805=AXIS2_PLACEMENT_3D('',#8477,#6675,#6676);
#5806=AXIS2_PLACEMENT_3D('',#8479,#6677,#6678);
#5807=AXIS2_PLACEMENT_3D('',#8481,#6679,#6680);
#5808=AXIS2_PLACEMENT_3D('',#8483,#6681,#6682);
#5809=AXIS2_PLACEMENT_3D('',#8485,#6683,#6684);
#5810=AXIS2_PLACEMENT_3D('',#8487,#6685,#6686);
#5811=AXIS2_PLACEMENT_3D('',#8489,#6687,#6688);
#5812=AXIS2_PLACEMENT_3D('',#8492,#6689,#6690);
#5813=AXIS2_PLACEMENT_3D('',#8496,#6692,#6693);
#5814=AXIS2_PLACEMENT_3D('',#8500,#6695,#6696);
#5815=AXIS2_PLACEMENT_3D('',#8504,#6698,#6699);
#5816=AXIS2_PLACEMENT_3D('',#8507,#6701,#6702);
#5817=AXIS2_PLACEMENT_3D('',#8509,#6703,#6704);
#5818=AXIS2_PLACEMENT_3D('',#8511,#6705,#6706);
#5819=AXIS2_PLACEMENT_3D('',#8513,#6707,#6708);
#5820=AXIS2_PLACEMENT_3D('',#8523,#6713,#6714);
#5821=AXIS2_PLACEMENT_3D('',#8525,#6715,#6716);
#5822=AXIS2_PLACEMENT_3D('',#8527,#6717,#6718);
#5823=AXIS2_PLACEMENT_3D('',#8529,#6719,#6720);
#5824=AXIS2_PLACEMENT_3D('',#8531,#6721,#6722);
#5825=AXIS2_PLACEMENT_3D('',#8533,#6723,#6724);
#5826=AXIS2_PLACEMENT_3D('',#8535,#6725,#6726);
#5827=AXIS2_PLACEMENT_3D('',#8537,#6727,#6728);
#5828=AXIS2_PLACEMENT_3D('',#8539,#6729,#6730);
#5829=AXIS2_PLACEMENT_3D('',#8541,#6731,#6732);
#5830=AXIS2_PLACEMENT_3D('',#8550,#6737,#6738);
#5831=AXIS2_PLACEMENT_3D('',#8572,#6751,#6752);
#5832=AXIS2_PLACEMENT_3D('',#8575,#6753,#6754);
#5833=AXIS2_PLACEMENT_3D('',#8578,#6757,#6758);
#5834=AXIS2_PLACEMENT_3D('',#8586,#6763,#6764);
#5835=AXIS2_PLACEMENT_3D('',#8588,#6765,#6766);
#5836=AXIS2_PLACEMENT_3D('',#8590,#6767,#6768);
#5837=AXIS2_PLACEMENT_3D('',#8592,#6770,#6771);
#5838=AXIS2_PLACEMENT_3D('',#8595,#6773,#6774);
#5839=AXIS2_PLACEMENT_3D('',#8598,#6776,#6777);
#5840=AXIS2_PLACEMENT_3D('',#8599,#6778,#6779);
#5841=AXIS2_PLACEMENT_3D('',#8603,#6782,#6783);
#5842=AXIS2_PLACEMENT_3D('',#8604,#6784,#6785);
#5843=AXIS2_PLACEMENT_3D('',#8605,#6786,#6787);
#5844=AXIS2_PLACEMENT_3D('',#8607,#6789,#6790);
#5845=AXIS2_PLACEMENT_3D('',#8610,#6791,#6792);
#5846=AXIS2_PLACEMENT_3D('',#8614,#6794,#6795);
#5847=AXIS2_PLACEMENT_3D('',#8616,#6797,#6798);
#5848=AXIS2_PLACEMENT_3D('',#8620,#6800,#6801);
#5849=AXIS2_PLACEMENT_3D('',#8623,#6803,#6804);
#5850=AXIS2_PLACEMENT_3D('',#8625,#6805,#6806);
#5851=AXIS2_PLACEMENT_3D('',#8627,#6808,#6809);
#5852=AXIS2_PLACEMENT_3D('',#8632,#6813,#6814);
#5853=AXIS2_PLACEMENT_3D('',#8634,#6816,#6817);
#5854=AXIS2_PLACEMENT_3D('',#8636,#6819,#6820);
#5855=AXIS2_PLACEMENT_3D('',#8638,#6821,#6822);
#5856=AXIS2_PLACEMENT_3D('',#8640,#6824,#6825);
#5857=AXIS2_PLACEMENT_3D('',#8642,#6827,#6828);
#5858=AXIS2_PLACEMENT_3D('',#8645,#6830,#6831);
#5859=AXIS2_PLACEMENT_3D('',#8646,#6832,#6833);
#5860=AXIS2_PLACEMENT_3D('',#8649,#6834,#6835);
#5861=AXIS2_PLACEMENT_3D('',#8652,#6838,#6839);
#5862=AXIS2_PLACEMENT_3D('',#8656,#6842,#6843);
#5863=AXIS2_PLACEMENT_3D('',#8659,#6844,#6845);
#5864=AXIS2_PLACEMENT_3D('',#8662,#6848,#6849);
#5865=AXIS2_PLACEMENT_3D('',#8664,#6851,#6852);
#5866=AXIS2_PLACEMENT_3D('',#8667,#6853,#6854);
#5867=AXIS2_PLACEMENT_3D('',#8670,#6857,#6858);
#5868=AXIS2_PLACEMENT_3D('',#8672,#6860,#6861);
#5869=AXIS2_PLACEMENT_3D('',#8674,#6862,#6863);
#5870=AXIS2_PLACEMENT_3D('',#8676,#6865,#6866);
#5871=AXIS2_PLACEMENT_3D('',#8678,#6868,#6869);
#5872=AXIS2_PLACEMENT_3D('',#8684,#6872,#6873);
#5873=AXIS2_PLACEMENT_3D('',#8688,#6875,#6876);
#5874=AXIS2_PLACEMENT_3D('',#8695,#6880,#6881);
#5875=AXIS2_PLACEMENT_3D('',#8697,#6882,#6883);
#5876=AXIS2_PLACEMENT_3D('',#8699,#6884,#6885);
#5877=AXIS2_PLACEMENT_3D('',#8701,#6886,#6887);
#5878=AXIS2_PLACEMENT_3D('',#8703,#6888,#6889);
#5879=AXIS2_PLACEMENT_3D('',#8704,#6890,#6891);
#5880=AXIS2_PLACEMENT_3D('',#8706,#6892,#6893);
#5881=AXIS2_PLACEMENT_3D('',#8707,#6894,#6895);
#5882=AXIS2_PLACEMENT_3D('',#8709,#6896,#6897);
#5883=AXIS2_PLACEMENT_3D('',#8710,#6898,#6899);
#5884=AXIS2_PLACEMENT_3D('',#8712,#6900,#6901);
#5885=AXIS2_PLACEMENT_3D('',#8713,#6902,#6903);
#5886=AXIS2_PLACEMENT_3D('',#8715,#6904,#6905);
#5887=AXIS2_PLACEMENT_3D('',#8716,#6906,#6907);
#5888=AXIS2_PLACEMENT_3D('',#8718,#6908,#6909);
#5889=AXIS2_PLACEMENT_3D('',#8721,#6911,#6912);
#5890=AXIS2_PLACEMENT_3D('',#8722,#6913,#6914);
#5891=AXIS2_PLACEMENT_3D('',#8723,#6915,#6916);
#5892=AXIS2_PLACEMENT_3D('',#8726,#6918,#6919);
#5893=AXIS2_PLACEMENT_3D('',#8727,#6920,#6921);
#5894=AXIS2_PLACEMENT_3D('',#8728,#6922,#6923);
#5895=AXIS2_PLACEMENT_3D('',#8730,#6924,#6925);
#5896=AXIS2_PLACEMENT_3D('',#8733,#6927,#6928);
#5897=AXIS2_PLACEMENT_3D('',#8734,#6929,#6930);
#5898=AXIS2_PLACEMENT_3D('',#8735,#6931,#6932);
#5899=AXIS2_PLACEMENT_3D('',#8738,#6934,#6935);
#5900=AXIS2_PLACEMENT_3D('',#8739,#6936,#6937);
#5901=AXIS2_PLACEMENT_3D('',#8740,#6938,#6939);
#5902=AXIS2_PLACEMENT_3D('',#8744,#6942,#6943);
#5903=AXIS2_PLACEMENT_3D('',#8746,#6945,#6946);
#5904=AXIS2_PLACEMENT_3D('',#8750,#6949,#6950);
#5905=AXIS2_PLACEMENT_3D('',#8753,#6952,#6953);
#5906=AXIS2_PLACEMENT_3D('',#8754,#6954,#6955);
#5907=AXIS2_PLACEMENT_3D('',#8759,#6958,#6959);
#5908=AXIS2_PLACEMENT_3D('',#8760,#6960,#6961);
#5909=AXIS2_PLACEMENT_3D('',#8761,#6962,#6963);
#5910=AXIS2_PLACEMENT_3D('',#8764,#6964,#6965);
#5911=AXIS2_PLACEMENT_3D('',#8767,#6968,#6969);
#5912=AXIS2_PLACEMENT_3D('',#8770,#6970,#6971);
#5913=AXIS2_PLACEMENT_3D('',#8773,#6974,#6975);
#5914=AXIS2_PLACEMENT_3D('',#8774,#6976,#6977);
#5915=AXIS2_PLACEMENT_3D('',#8780,#6981,#6982);
#5916=AXIS2_PLACEMENT_3D('',#8784,#6985,#6986);
#5917=AXIS2_PLACEMENT_3D('',#8790,#6990,#6991);
#5918=AXIS2_PLACEMENT_3D('',#8794,#6994,#6995);
#5919=AXIS2_PLACEMENT_3D('',#8800,#6999,#7000);
#5920=AXIS2_PLACEMENT_3D('',#8803,#7002,#7003);
#5921=AXIS2_PLACEMENT_3D('',#8804,#7004,#7005);
#5922=AXIS2_PLACEMENT_3D('',#8808,#7008,#7009);
#5923=AXIS2_PLACEMENT_3D('',#8811,#7011,#7012);
#5924=AXIS2_PLACEMENT_3D('',#8812,#7013,#7014);
#5925=AXIS2_PLACEMENT_3D('',#8816,#7017,#7018);
#5926=AXIS2_PLACEMENT_3D('',#8819,#7020,#7021);
#5927=AXIS2_PLACEMENT_3D('',#8820,#7022,#7023);
#5928=AXIS2_PLACEMENT_3D('',#8824,#7026,#7027);
#5929=AXIS2_PLACEMENT_3D('',#8827,#7029,#7030);
#5930=AXIS2_PLACEMENT_3D('',#8828,#7031,#7032);
#5931=AXIS2_PLACEMENT_3D('',#8834,#7036,#7037);
#5932=AXIS2_PLACEMENT_3D('',#8835,#7038,#7039);
#5933=AXIS2_PLACEMENT_3D('',#8836,#7040,#7041);
#5934=AXIS2_PLACEMENT_3D('',#8838,#7042,#7043);
#5935=AXIS2_PLACEMENT_3D('',#8840,#7045,#7046);
#5936=AXIS2_PLACEMENT_3D('',#8842,#7047,#7048);
#5937=AXIS2_PLACEMENT_3D('',#8845,#7050,#7051);
#5938=AXIS2_PLACEMENT_3D('',#8846,#7052,#7053);
#5939=AXIS2_PLACEMENT_3D('',#8847,#7054,#7055);
#5940=AXIS2_PLACEMENT_3D('',#8849,#7056,#7057);
#5941=AXIS2_PLACEMENT_3D('',#8851,#7059,#7060);
#5942=AXIS2_PLACEMENT_3D('',#8853,#7061,#7062);
#5943=AXIS2_PLACEMENT_3D('',#8856,#7064,#7065);
#5944=AXIS2_PLACEMENT_3D('',#8857,#7066,#7067);
#5945=AXIS2_PLACEMENT_3D('',#8858,#7068,#7069);
#5946=AXIS2_PLACEMENT_3D('',#8860,#7070,#7071);
#5947=AXIS2_PLACEMENT_3D('',#8862,#7073,#7074);
#5948=AXIS2_PLACEMENT_3D('',#8864,#7075,#7076);
#5949=AXIS2_PLACEMENT_3D('',#8867,#7078,#7079);
#5950=AXIS2_PLACEMENT_3D('',#8868,#7080,#7081);
#5951=AXIS2_PLACEMENT_3D('',#8869,#7082,#7083);
#5952=AXIS2_PLACEMENT_3D('',#8871,#7084,#7085);
#5953=AXIS2_PLACEMENT_3D('',#8873,#7087,#7088);
#5954=AXIS2_PLACEMENT_3D('',#8875,#7089,#7090);
#5955=AXIS2_PLACEMENT_3D('',#8878,#7092,#7093);
#5956=AXIS2_PLACEMENT_3D('',#8879,#7094,#7095);
#5957=AXIS2_PLACEMENT_3D('',#8880,#7096,#7097);
#5958=AXIS2_PLACEMENT_3D('',#8881,#7098,#7099);
#5959=AXIS2_PLACEMENT_3D('',#8882,#7100,#7101);
#5960=AXIS2_PLACEMENT_3D('',#8883,#7102,#7103);
#5961=AXIS2_PLACEMENT_3D('',#8885,#7104,#7105);
#5962=AXIS2_PLACEMENT_3D('',#8887,#7107,#7108);
#5963=AXIS2_PLACEMENT_3D('',#8889,#7109,#7110);
#5964=AXIS2_PLACEMENT_3D('',#8892,#7112,#7113);
#5965=AXIS2_PLACEMENT_3D('',#8893,#7114,#7115);
#5966=AXIS2_PLACEMENT_3D('',#8894,#7116,#7117);
#5967=AXIS2_PLACEMENT_3D('',#8896,#7118,#7119);
#5968=AXIS2_PLACEMENT_3D('',#8898,#7121,#7122);
#5969=AXIS2_PLACEMENT_3D('',#8900,#7123,#7124);
#5970=AXIS2_PLACEMENT_3D('',#8903,#7126,#7127);
#5971=AXIS2_PLACEMENT_3D('',#8904,#7128,#7129);
#5972=AXIS2_PLACEMENT_3D('',#8905,#7130,#7131);
#5973=AXIS2_PLACEMENT_3D('',#8907,#7132,#7133);
#5974=AXIS2_PLACEMENT_3D('',#8909,#7135,#7136);
#5975=AXIS2_PLACEMENT_3D('',#8911,#7137,#7138);
#5976=AXIS2_PLACEMENT_3D('',#8914,#7140,#7141);
#5977=AXIS2_PLACEMENT_3D('',#8915,#7142,#7143);
#5978=AXIS2_PLACEMENT_3D('',#8916,#7144,#7145);
#5979=AXIS2_PLACEMENT_3D('',#8920,#7148,#7149);
#5980=AXIS2_PLACEMENT_3D('',#8922,#7151,#7152);
#5981=AXIS2_PLACEMENT_3D('',#8923,#7153,#7154);
#5982=AXIS2_PLACEMENT_3D('',#8924,#7155,#7156);
#5983=AXIS2_PLACEMENT_3D('',#8925,#7157,#7158);
#5984=AXIS2_PLACEMENT_3D('',#8926,#7159,#7160);
#5985=AXIS2_PLACEMENT_3D('',#8928,#7161,#7162);
#5986=AXIS2_PLACEMENT_3D('',#8930,#7164,#7165);
#5987=AXIS2_PLACEMENT_3D('',#8932,#7166,#7167);
#5988=AXIS2_PLACEMENT_3D('',#8935,#7169,#7170);
#5989=AXIS2_PLACEMENT_3D('',#8936,#7171,#7172);
#5990=AXIS2_PLACEMENT_3D('',#8937,#7173,#7174);
#5991=AXIS2_PLACEMENT_3D('',#8939,#7175,#7176);
#5992=AXIS2_PLACEMENT_3D('',#8941,#7178,#7179);
#5993=AXIS2_PLACEMENT_3D('',#8943,#7180,#7181);
#5994=AXIS2_PLACEMENT_3D('',#8946,#7183,#7184);
#5995=AXIS2_PLACEMENT_3D('',#8947,#7185,#7186);
#5996=AXIS2_PLACEMENT_3D('',#8948,#7187,#7188);
#5997=AXIS2_PLACEMENT_3D('',#8950,#7190,#7191);
#5998=AXIS2_PLACEMENT_3D('',#8952,#7193,#7194);
#5999=AXIS2_PLACEMENT_3D('',#8956,#7197,#7198);
#6000=AXIS2_PLACEMENT_3D('',#8960,#7201,#7202);
#6001=AXIS2_PLACEMENT_3D('',#8962,#7203,#7204);
#6002=AXIS2_PLACEMENT_3D('',#8964,#7206,#7207);
#6003=AXIS2_PLACEMENT_3D('',#8968,#7210,#7211);
#6004=AXIS2_PLACEMENT_3D('',#8970,#7213,#7214);
#6005=AXIS2_PLACEMENT_3D('',#8972,#7216,#7217);
#6006=AXIS2_PLACEMENT_3D('',#8974,#7219,#7220);
#6007=AXIS2_PLACEMENT_3D('',#8975,#7221,#7222);
#6008=AXIS2_PLACEMENT_3D('',#8976,#7223,#7224);
#6009=AXIS2_PLACEMENT_3D('',#8977,#7225,#7226);
#6010=AXIS2_PLACEMENT_3D('',#8981,#7229,#7230);
#6011=AXIS2_PLACEMENT_3D('',#8983,#7231,#7232);
#6012=AXIS2_PLACEMENT_3D('',#8985,#7234,#7235);
#6013=AXIS2_PLACEMENT_3D('',#8987,#7237,#7238);
#6014=AXIS2_PLACEMENT_3D('',#8991,#7241,#7242);
#6015=AXIS2_PLACEMENT_3D('',#8993,#7243,#7244);
#6016=AXIS2_PLACEMENT_3D('',#8996,#7246,#7247);
#6017=AXIS2_PLACEMENT_3D('',#8997,#7248,#7249);
#6018=AXIS2_PLACEMENT_3D('',#8998,#7250,#7251);
#6019=AXIS2_PLACEMENT_3D('',#9000,#7253,#7254);
#6020=AXIS2_PLACEMENT_3D('',#9002,#7256,#7257);
#6021=AXIS2_PLACEMENT_3D('',#9003,#7258,#7259);
#6022=AXIS2_PLACEMENT_3D('',#9009,#7263,#7264);
#6023=AXIS2_PLACEMENT_3D('',#9012,#7266,#7267);
#6024=AXIS2_PLACEMENT_3D('',#9013,#7268,#7269);
#6025=AXIS2_PLACEMENT_3D('',#9015,#7271,#7272);
#6026=AXIS2_PLACEMENT_3D('',#9018,#7275,#7276);
#6027=AXIS2_PLACEMENT_3D('',#9019,#7277,#7278);
#6028=AXIS2_PLACEMENT_3D('',#9021,#7279,#7280);
#6029=AXIS2_PLACEMENT_3D('',#9024,#7282,#7283);
#6030=AXIS2_PLACEMENT_3D('',#9025,#7284,#7285);
#6031=AXIS2_PLACEMENT_3D('',#9026,#7286,#7287);
#6032=AXIS2_PLACEMENT_3D('',#9029,#7290,#7291);
#6033=AXIS2_PLACEMENT_3D('',#9031,#7293,#7294);
#6034=AXIS2_PLACEMENT_3D('',#9032,#7295,#7296);
#6035=AXIS2_PLACEMENT_3D('',#9035,#7298,#7299);
#6036=AXIS2_PLACEMENT_3D('',#9036,#7300,#7301);
#6037=AXIS2_PLACEMENT_3D('',#9040,#7304,#7305);
#6038=AXIS2_PLACEMENT_3D('',#9044,#7308,#7309);
#6039=AXIS2_PLACEMENT_3D('',#9046,#7311,#7312);
#6040=AXIS2_PLACEMENT_3D('',#9048,#7313,#7314);
#6041=AXIS2_PLACEMENT_3D('',#9050,#7316,#7317);
#6042=AXIS2_PLACEMENT_3D('',#9051,#7318,#7319);
#6043=AXIS2_PLACEMENT_3D('',#9053,#7320,#7321);
#6044=AXIS2_PLACEMENT_3D('',#9055,#7323,#7324);
#6045=AXIS2_PLACEMENT_3D('',#9056,#7325,#7326);
#6046=AXIS2_PLACEMENT_3D('',#9058,#7328,#7329);
#6047=AXIS2_PLACEMENT_3D('',#9060,#7331,#7332);
#6048=AXIS2_PLACEMENT_3D('',#9062,#7334,#7335);
#6049=AXIS2_PLACEMENT_3D('',#9063,#7336,#7337);
#6050=AXIS2_PLACEMENT_3D('',#9064,#7338,#7339);
#6051=AXIS2_PLACEMENT_3D('',#9065,#7340,#7341);
#6052=AXIS2_PLACEMENT_3D('',#9066,#7342,#7343);
#6053=AXIS2_PLACEMENT_3D('',#9068,#7344,#7345);
#6054=AXIS2_PLACEMENT_3D('',#9070,#7347,#7348);
#6055=AXIS2_PLACEMENT_3D('',#9072,#7349,#7350);
#6056=AXIS2_PLACEMENT_3D('',#9075,#7352,#7353);
#6057=AXIS2_PLACEMENT_3D('',#9076,#7354,#7355);
#6058=AXIS2_PLACEMENT_3D('',#9077,#7356,#7357);
#6059=AXIS2_PLACEMENT_3D('',#9081,#7360,#7361);
#6060=AXIS2_PLACEMENT_3D('',#9083,#7363,#7364);
#6061=AXIS2_PLACEMENT_3D('',#9084,#7365,#7366);
#6062=AXIS2_PLACEMENT_3D('',#9086,#7367,#7368);
#6063=AXIS2_PLACEMENT_3D('',#9088,#7370,#7371);
#6064=AXIS2_PLACEMENT_3D('',#9090,#7372,#7373);
#6065=AXIS2_PLACEMENT_3D('',#9093,#7375,#7376);
#6066=AXIS2_PLACEMENT_3D('',#9094,#7377,#7378);
#6067=AXIS2_PLACEMENT_3D('',#9095,#7379,#7380);
#6068=AXIS2_PLACEMENT_3D('',#9097,#7381,#7382);
#6069=AXIS2_PLACEMENT_3D('',#9099,#7384,#7385);
#6070=AXIS2_PLACEMENT_3D('',#9101,#7386,#7387);
#6071=AXIS2_PLACEMENT_3D('',#9104,#7389,#7390);
#6072=AXIS2_PLACEMENT_3D('',#9105,#7391,#7392);
#6073=AXIS2_PLACEMENT_3D('',#9106,#7393,#7394);
#6074=AXIS2_PLACEMENT_3D('',#9108,#7395,#7396);
#6075=AXIS2_PLACEMENT_3D('',#9110,#7398,#7399);
#6076=AXIS2_PLACEMENT_3D('',#9112,#7400,#7401);
#6077=AXIS2_PLACEMENT_3D('',#9115,#7403,#7404);
#6078=AXIS2_PLACEMENT_3D('',#9116,#7405,#7406);
#6079=AXIS2_PLACEMENT_3D('',#9117,#7407,#7408);
#6080=AXIS2_PLACEMENT_3D('',#9119,#7409,#7410);
#6081=AXIS2_PLACEMENT_3D('',#9121,#7412,#7413);
#6082=AXIS2_PLACEMENT_3D('',#9123,#7414,#7415);
#6083=AXIS2_PLACEMENT_3D('',#9126,#7417,#7418);
#6084=AXIS2_PLACEMENT_3D('',#9127,#7419,#7420);
#6085=AXIS2_PLACEMENT_3D('',#9128,#7421,#7422);
#6086=AXIS2_PLACEMENT_3D('',#9130,#7423,#7424);
#6087=AXIS2_PLACEMENT_3D('',#9132,#7426,#7427);
#6088=AXIS2_PLACEMENT_3D('',#9134,#7428,#7429);
#6089=AXIS2_PLACEMENT_3D('',#9137,#7431,#7432);
#6090=AXIS2_PLACEMENT_3D('',#9138,#7433,#7434);
#6091=AXIS2_PLACEMENT_3D('',#9139,#7435,#7436);
#6092=AXIS2_PLACEMENT_3D('',#9141,#7437,#7438);
#6093=AXIS2_PLACEMENT_3D('',#9143,#7440,#7441);
#6094=AXIS2_PLACEMENT_3D('',#9145,#7442,#7443);
#6095=AXIS2_PLACEMENT_3D('',#9148,#7445,#7446);
#6096=AXIS2_PLACEMENT_3D('',#9149,#7447,#7448);
#6097=AXIS2_PLACEMENT_3D('',#9150,#7449,#7450);
#6098=AXIS2_PLACEMENT_3D('',#9153,#7452,#7453);
#6099=AXIS2_PLACEMENT_3D('',#9154,#7454,#7455);
#6100=AXIS2_PLACEMENT_3D('',#9157,#7457,#7458);
#6101=AXIS2_PLACEMENT_3D('',#9158,#7459,#7460);
#6102=AXIS2_PLACEMENT_3D('',#9161,#7462,#7463);
#6103=AXIS2_PLACEMENT_3D('',#9162,#7464,#7465);
#6104=AXIS2_PLACEMENT_3D('',#9163,#7466,#7467);
#6105=AXIS2_PLACEMENT_3D('',#9165,#7468,#7469);
#6106=AXIS2_PLACEMENT_3D('',#9166,#7470,#7471);
#6107=AXIS2_PLACEMENT_3D('',#9168,#7472,#7473);
#6108=AXIS2_PLACEMENT_3D('',#9169,#7474,#7475);
#6109=AXIS2_PLACEMENT_3D('',#9171,#7476,#7477);
#6110=AXIS2_PLACEMENT_3D('',#9172,#7478,#7479);
#6111=AXIS2_PLACEMENT_3D('',#9173,#7480,#7481);
#6112=AXIS2_PLACEMENT_3D('',#9174,#7482,#7483);
#6113=AXIS2_PLACEMENT_3D('',#9175,#7484,#7485);
#6114=AXIS2_PLACEMENT_3D('',#9176,#7486,#7487);
#6115=AXIS2_PLACEMENT_3D('',#9177,#7488,#7489);
#6116=AXIS2_PLACEMENT_3D('',#9178,#7490,#7491);
#6117=AXIS2_PLACEMENT_3D('',#9180,#7492,#7493);
#6118=AXIS2_PLACEMENT_3D('',#9182,#7495,#7496);
#6119=AXIS2_PLACEMENT_3D('',#9184,#7497,#7498);
#6120=AXIS2_PLACEMENT_3D('',#9187,#7500,#7501);
#6121=AXIS2_PLACEMENT_3D('',#9188,#7502,#7503);
#6122=AXIS2_PLACEMENT_3D('',#9189,#7504,#7505);
#6123=AXIS2_PLACEMENT_3D('',#9191,#7506,#7507);
#6124=AXIS2_PLACEMENT_3D('',#9193,#7509,#7510);
#6125=AXIS2_PLACEMENT_3D('',#9195,#7511,#7512);
#6126=AXIS2_PLACEMENT_3D('',#9198,#7514,#7515);
#6127=AXIS2_PLACEMENT_3D('',#9199,#7516,#7517);
#6128=AXIS2_PLACEMENT_3D('',#9200,#7518,#7519);
#6129=AXIS2_PLACEMENT_3D('',#9202,#7520,#7521);
#6130=AXIS2_PLACEMENT_3D('',#9204,#7523,#7524);
#6131=AXIS2_PLACEMENT_3D('',#9206,#7525,#7526);
#6132=AXIS2_PLACEMENT_3D('',#9209,#7528,#7529);
#6133=AXIS2_PLACEMENT_3D('',#9210,#7530,#7531);
#6134=AXIS2_PLACEMENT_3D('',#9211,#7532,#7533);
#6135=AXIS2_PLACEMENT_3D('',#9213,#7534,#7535);
#6136=AXIS2_PLACEMENT_3D('',#9215,#7537,#7538);
#6137=AXIS2_PLACEMENT_3D('',#9217,#7539,#7540);
#6138=AXIS2_PLACEMENT_3D('',#9220,#7542,#7543);
#6139=AXIS2_PLACEMENT_3D('',#9221,#7544,#7545);
#6140=AXIS2_PLACEMENT_3D('',#9222,#7546,#7547);
#6141=AXIS2_PLACEMENT_3D('',#9224,#7548,#7549);
#6142=AXIS2_PLACEMENT_3D('',#9226,#7551,#7552);
#6143=AXIS2_PLACEMENT_3D('',#9228,#7553,#7554);
#6144=AXIS2_PLACEMENT_3D('',#9231,#7556,#7557);
#6145=AXIS2_PLACEMENT_3D('',#9232,#7558,#7559);
#6146=AXIS2_PLACEMENT_3D('',#9233,#7560,#7561);
#6147=AXIS2_PLACEMENT_3D('',#9235,#7562,#7563);
#6148=AXIS2_PLACEMENT_3D('',#9237,#7565,#7566);
#6149=AXIS2_PLACEMENT_3D('',#9239,#7567,#7568);
#6150=AXIS2_PLACEMENT_3D('',#9242,#7570,#7571);
#6151=AXIS2_PLACEMENT_3D('',#9243,#7572,#7573);
#6152=AXIS2_PLACEMENT_3D('',#9244,#7574,#7575);
#6153=AXIS2_PLACEMENT_3D('',#9246,#7576,#7577);
#6154=AXIS2_PLACEMENT_3D('',#9248,#7579,#7580);
#6155=AXIS2_PLACEMENT_3D('',#9250,#7581,#7582);
#6156=AXIS2_PLACEMENT_3D('',#9253,#7584,#7585);
#6157=AXIS2_PLACEMENT_3D('',#9254,#7586,#7587);
#6158=AXIS2_PLACEMENT_3D('',#9255,#7588,#7589);
#6159=AXIS2_PLACEMENT_3D('',#9256,#7590,#7591);
#6160=AXIS2_PLACEMENT_3D('',#9257,#7592,#7593);
#6161=AXIS2_PLACEMENT_3D('',#9258,#7594,#7595);
#6162=AXIS2_PLACEMENT_3D('',#9259,#7596,#7597);
#6163=AXIS2_PLACEMENT_3D('',#9260,#7598,#7599);
#6164=AXIS2_PLACEMENT_3D('',#9261,#7600,#7601);
#6165=AXIS2_PLACEMENT_3D('',#9262,#7602,#7603);
#6166=AXIS2_PLACEMENT_3D('',#9263,#7604,#7605);
#6167=AXIS2_PLACEMENT_3D('',#9266,#7606,#7607);
#6168=AXIS2_PLACEMENT_3D('',#9270,#7609,#7610);
#6169=AXIS2_PLACEMENT_3D('',#9272,#7612,#7613);
#6170=AXIS2_PLACEMENT_3D('',#9278,#7617,#7618);
#6171=AXIS2_PLACEMENT_3D('',#9280,#7619,#7620);
#6172=AXIS2_PLACEMENT_3D('',#9283,#7622,#7623);
#6173=AXIS2_PLACEMENT_3D('',#9284,#7624,#7625);
#6174=AXIS2_PLACEMENT_3D('',#9312,#7633,#7634);
#6175=AXIS2_PLACEMENT_3D('',#9314,#7635,#7636);
#6176=AXIS2_PLACEMENT_3D('',#9317,#7638,#7639);
#6177=AXIS2_PLACEMENT_3D('',#9318,#7640,#7641);
#6178=AXIS2_PLACEMENT_3D('',#9324,#7645,#7646);
#6179=AXIS2_PLACEMENT_3D('',#9326,#7647,#7648);
#6180=AXIS2_PLACEMENT_3D('',#9329,#7650,#7651);
#6181=AXIS2_PLACEMENT_3D('',#9330,#7652,#7653);
#6182=AXIS2_PLACEMENT_3D('',#9336,#7657,#7658);
#6183=AXIS2_PLACEMENT_3D('',#9339,#7659,#7660);
#6184=AXIS2_PLACEMENT_3D('',#9343,#7662,#7663);
#6185=AXIS2_PLACEMENT_3D('',#9345,#7665,#7666);
#6186=AXIS2_PLACEMENT_3D('',#9351,#7670,#7671);
#6187=AXIS2_PLACEMENT_3D('',#9353,#7672,#7673);
#6188=AXIS2_PLACEMENT_3D('',#9355,#7674,#7675);
#6189=AXIS2_PLACEMENT_3D('',#9357,#7677,#7678);
#6190=AXIS2_PLACEMENT_3D('',#9870,#7683,#7684);
#6191=AXIS2_PLACEMENT_3D('',#9874,#7686,#7687);
#6192=AXIS2_PLACEMENT_3D('',#9878,#7689,#7690);
#6193=AXIS2_PLACEMENT_3D('',#9881,#7692,#7693);
#6194=AXIS2_PLACEMENT_3D('',#9882,#7694,#7695);
#6195=AXIS2_PLACEMENT_3D('',#10104,#7697,#7698);
#6196=AXIS2_PLACEMENT_3D('',#10106,#7699,#7700);
#6197=AXIS2_PLACEMENT_3D('',#10108,#7701,#7702);
#6198=AXIS2_PLACEMENT_3D('',#10110,#7704,#7705);
#6199=AXIS2_PLACEMENT_3D('',#10116,#7709,#7710);
#6200=AXIS2_PLACEMENT_3D('',#10118,#7711,#7712);
#6201=AXIS2_PLACEMENT_3D('',#10120,#7713,#7714);
#6202=AXIS2_PLACEMENT_3D('',#10122,#7716,#7717);
#6203=AXIS2_PLACEMENT_3D('',#10125,#7720,#7721);
#6204=AXIS2_PLACEMENT_3D('',#10135,#7727,#7728);
#6205=AXIS2_PLACEMENT_3D('',#10136,#7729,#7730);
#6206=AXIS2_PLACEMENT_3D('',#10137,#7731,#7732);
#6207=AXIS2_PLACEMENT_3D('',#10140,#7734,#7735);
#6208=AXIS2_PLACEMENT_3D('',#10141,#7736,#7737);
#6209=AXIS2_PLACEMENT_3D('',#10145,#7740,#7741);
#6210=AXIS2_PLACEMENT_3D('',#10148,#7743,#7744);
#6211=AXIS2_PLACEMENT_3D('',#10149,#7745,#7746);
#6212=AXIS2_PLACEMENT_3D('',#10157,#7751,#7752);
#6213=AXIS2_PLACEMENT_3D('',#10163,#7756,#7757);
#6214=AXIS2_PLACEMENT_3D('',#10171,#7762,#7763);
#6215=AXIS2_PLACEMENT_3D('',#10173,#7765,#7766);
#6216=AXIS2_PLACEMENT_3D('',#10175,#7768,#7769);
#6217=AXIS2_PLACEMENT_3D('',#10177,#7771,#7772);
#6218=AXIS2_PLACEMENT_3D('',#10179,#7774,#7775);
#6219=AXIS2_PLACEMENT_3D('',#10181,#7777,#7778);
#6220=AXIS2_PLACEMENT_3D('',#10182,#7779,#7780);
#6221=AXIS2_PLACEMENT_3D('',#10183,#7781,#7782);
#6222=AXIS2_PLACEMENT_3D('',#10191,#7787,#7788);
#6223=AXIS2_PLACEMENT_3D('',#10194,#7791,#7792);
#6224=AXIS2_PLACEMENT_3D('',#10199,#7794,#7795);
#6225=AXIS2_PLACEMENT_3D('',#10208,#7800,#7801);
#6226=AXIS2_PLACEMENT_3D('',#10212,#7803,#7804);
#6227=AXIS2_PLACEMENT_3D('',#10215,#7806,#7807);
#6228=AXIS2_PLACEMENT_3D('',#10216,#7808,#7809);
#6229=AXIS2_PLACEMENT_3D('',#10222,#7813,#7814);
#6230=AXIS2_PLACEMENT_3D('',#10224,#7815,#7816);
#6231=AXIS2_PLACEMENT_3D('',#10226,#7818,#7819);
#6232=AXIS2_PLACEMENT_3D('',#10230,#7822,#7823);
#6233=AXIS2_PLACEMENT_3D('',#10232,#7825,#7826);
#6234=AXIS2_PLACEMENT_3D('',#10236,#7829,#7830);
#6235=AXIS2_PLACEMENT_3D('',#10240,#7833,#7834);
#6236=AXIS2_PLACEMENT_3D('',#10242,#7835,#7836);
#6237=AXIS2_PLACEMENT_3D('',#10244,#7838,#7839);
#6238=AXIS2_PLACEMENT_3D('',#10248,#7842,#7843);
#6239=AXIS2_PLACEMENT_3D('',#10250,#7844,#7845);
#6240=AXIS2_PLACEMENT_3D('',#10252,#7847,#7848);
#6241=AXIS2_PLACEMENT_3D('',#10256,#7851,#7852);
#6242=AXIS2_PLACEMENT_3D('',#10257,#7853,#7854);
#6243=AXIS2_PLACEMENT_3D('',#10258,#7855,#7856);
#6244=AXIS2_PLACEMENT_3D('',#10260,#7858,#7859);
#6245=AXIS2_PLACEMENT_3D('',#10261,#7860,#7861);
#6246=AXIS2_PLACEMENT_3D('',#10265,#7863,#7864);
#6247=AXIS2_PLACEMENT_3D('',#10267,#7866,#7867);
#6248=AXIS2_PLACEMENT_3D('',#10271,#7870,#7871);
#6249=AXIS2_PLACEMENT_3D('',#10274,#7873,#7874);
#6250=AXIS2_PLACEMENT_3D('',#10275,#7875,#7876);
#6251=AXIS2_PLACEMENT_3D('',#10279,#7879,#7880);
#6252=AXIS2_PLACEMENT_3D('',#10282,#7882,#7883);
#6253=AXIS2_PLACEMENT_3D('',#10283,#7884,#7885);
#6254=AXIS2_PLACEMENT_3D('',#10287,#7888,#7889);
#6255=AXIS2_PLACEMENT_3D('',#10290,#7891,#7892);
#6256=AXIS2_PLACEMENT_3D('',#10291,#7893,#7894);
#6257=AXIS2_PLACEMENT_3D('',#10293,#7896,#7897);
#6258=AXIS2_PLACEMENT_3D('',#10295,#7898,#7899);
#6259=AXIS2_PLACEMENT_3D('',#10297,#7901,#7902);
#6260=AXIS2_PLACEMENT_3D('',#10299,#7903,#7904);
#6261=AXIS2_PLACEMENT_3D('',#10301,#7906,#7907);
#6262=AXIS2_PLACEMENT_3D('',#10303,#7908,#7909);
#6263=AXIS2_PLACEMENT_3D('',#10305,#7911,#7912);
#6264=AXIS2_PLACEMENT_3D('',#10306,#7913,#7914);
#6265=AXIS2_PLACEMENT_3D('',#10308,#7915,#7916);
#6266=AXIS2_PLACEMENT_3D('',#10312,#7918,#7919);
#6267=AXIS2_PLACEMENT_3D('',#10315,#7922,#7923);
#6268=AXIS2_PLACEMENT_3D('',#10317,#7924,#7925);
#6269=AXIS2_PLACEMENT_3D('',#10319,#7927,#7928);
#6270=AXIS2_PLACEMENT_3D('',#10321,#7930,#7931);
#6271=AXIS2_PLACEMENT_3D('',#10323,#7933,#7934);
#6272=AXIS2_PLACEMENT_3D('',#10327,#7937,#7938);
#6273=AXIS2_PLACEMENT_3D('',#10329,#7939,#7940);
#6274=AXIS2_PLACEMENT_3D('',#10331,#7942,#7943);
#6275=AXIS2_PLACEMENT_3D('',#10333,#7945,#7946);
#6276=AXIS2_PLACEMENT_3D('',#10335,#7947,#7948);
#6277=AXIS2_PLACEMENT_3D('',#10338,#7950,#7951);
#6278=AXIS2_PLACEMENT_3D('',#10339,#7952,#7953);
#6279=AXIS2_PLACEMENT_3D('',#10341,#7954,#7955);
#6280=AXIS2_PLACEMENT_3D('',#10344,#7957,#7958);
#6281=AXIS2_PLACEMENT_3D('',#10355,#7959,#7960);
#6282=AXIS2_PLACEMENT_3D('',#10356,#7961,#7962);
#6283=AXIS2_PLACEMENT_3D('',#10357,#7963,#7964);
#6284=AXIS2_PLACEMENT_3D('',#10359,#7965,#7966);
#6285=AXIS2_PLACEMENT_3D('',#10361,#7968,#7969);
#6286=AXIS2_PLACEMENT_3D('',#10362,#7970,#7971);
#6287=AXIS2_PLACEMENT_3D('',#10363,#7972,#7973);
#6288=AXIS2_PLACEMENT_3D('',#10365,#7974,#7975);
#6289=AXIS2_PLACEMENT_3D('',#10366,#7976,#7977);
#6290=AXIS2_PLACEMENT_3D('',#10367,#7978,#7979);
#6291=AXIS2_PLACEMENT_3D('',#10369,#7980,#7981);
#6292=AXIS2_PLACEMENT_3D('',#10381,#7983,#7984);
#6293=AXIS2_PLACEMENT_3D('',#10382,#7985,#7986);
#6294=AXIS2_PLACEMENT_3D('',#10383,#7987,#7988);
#6295=AXIS2_PLACEMENT_3D('',#10385,#7989,#7990);
#6296=AXIS2_PLACEMENT_3D('',#10387,#7992,#7993);
#6297=AXIS2_PLACEMENT_3D('',#10389,#7994,#7995);
#6298=AXIS2_PLACEMENT_3D('',#10390,#7996,#7997);
#6299=AXIS2_PLACEMENT_3D('',#10391,#7998,#7999);
#6300=AXIS2_PLACEMENT_3D('',#10393,#8000,#8001);
#6301=AXIS2_PLACEMENT_3D('',#10395,#8003,#8004);
#6302=AXIS2_PLACEMENT_3D('',#10397,#8005,#8006);
#6303=AXIS2_PLACEMENT_3D('',#10398,#8007,#8008);
#6304=AXIS2_PLACEMENT_3D('',#10399,#8009,#8010);
#6305=AXIS2_PLACEMENT_3D('',#10401,#8011,#8012);
#6306=AXIS2_PLACEMENT_3D('',#10403,#8013,#8014);
#6307=AXIS2_PLACEMENT_3D('',#10404,#8015,#8016);
#6308=AXIS2_PLACEMENT_3D('',#10405,#8017,#8018);
#6309=AXIS2_PLACEMENT_3D('',#10407,#8019,#8020);
#6310=AXIS2_PLACEMENT_3D('',#10409,#8022,#8023);
#6311=AXIS2_PLACEMENT_3D('',#10410,#8024,#8025);
#6312=AXIS2_PLACEMENT_3D('',#10411,#8026,#8027);
#6313=AXIS2_PLACEMENT_3D('',#10413,#8028,#8029);
#6314=AXIS2_PLACEMENT_3D('',#10432,#8030,#8031);
#6315=AXIS2_PLACEMENT_3D('',#10434,#8033,#8034);
#6316=AXIS2_PLACEMENT_3D('',#10436,#8035,#8036);
#6317=AXIS2_PLACEMENT_3D('',#10440,#8038,#8039);
#6318=AXIS2_PLACEMENT_3D('',#10457,#8040,#8041);
#6319=AXIS2_PLACEMENT_3D('',#10490,#8046,#8047);
#6320=AXIS2_PLACEMENT_3D('',#10532,#8049,#8050);
#6321=AXIS2_PLACEMENT_3D('',#10554,#8052,#8053);
#6322=AXIS2_PLACEMENT_3D('',#10555,#8054,#8055);
#6323=DIRECTION('axis',(0.,0.,1.));
#6324=DIRECTION('refdir',(1.,0.,0.));
#6325=DIRECTION('axis',(0.,0.,1.));
#6326=DIRECTION('refdir',(1.,0.,0.));
#6327=DIRECTION('center_axis',(0.,0.,1.));
#6328=DIRECTION('ref_axis',(-0.707106781190445,-0.707106781182651,0.));
#6329=DIRECTION('center_axis',(0.,0.,1.));
#6330=DIRECTION('ref_axis',(-0.707106781190445,-0.707106781182651,0.));
#6331=DIRECTION('',(0.,0.,1.));
#6332=DIRECTION('center_axis',(0.,0.,1.));
#6333=DIRECTION('ref_axis',(-0.707106781190445,-0.707106781182651,0.));
#6334=DIRECTION('',(0.,0.,-1.));
#6335=DIRECTION('center_axis',(0.,0.,1.));
#6336=DIRECTION('ref_axis',(1.,0.,0.));
#6337=DIRECTION('',(1.,-3.81916720471078E-13,0.));
#6338=DIRECTION('center_axis',(0.,0.,1.));
#6339=DIRECTION('ref_axis',(0.70710678118264,-0.707106781190456,0.));
#6340=DIRECTION('',(1.07033429721307E-11,1.,0.));
#6341=DIRECTION('',(1.,0.,0.));
#6342=DIRECTION('',(-1.07025499583973E-11,-1.,0.));
#6343=DIRECTION('center_axis',(0.,0.,1.));
#6344=DIRECTION('ref_axis',(-0.707106781190554,-0.707106781182541,0.));
#6345=DIRECTION('',(1.,-6.12843109593116E-13,0.));
#6346=DIRECTION('center_axis',(0.,0.,1.));
#6347=DIRECTION('ref_axis',(0.707106781182553,-0.707106781190542,0.));
#6348=DIRECTION('',(1.07025499596855E-11,1.,0.));
#6349=DIRECTION('',(1.,0.,0.));
#6350=DIRECTION('center_axis',(0.,0.,1.));
#6351=DIRECTION('ref_axis',(2.67795794670281E-6,-0.999999999996414,0.));
#6352=DIRECTION('',(-6.76414007548855E-12,1.,0.));
#6353=DIRECTION('center_axis',(0.,0.,1.));
#6354=DIRECTION('ref_axis',(1.,8.79068897440888E-13,0.));
#6355=DIRECTION('',(-1.,-9.24373549153309E-12,0.));
#6356=DIRECTION('center_axis',(0.,0.,1.));
#6357=DIRECTION('ref_axis',(-2.28068649988399E-5,0.999999999739923,0.));
#6358=DIRECTION('',(7.33295221239048E-12,-1.,0.));
#6359=DIRECTION('center_axis',(0.,0.,1.));
#6360=DIRECTION('ref_axis',(-1.,-2.04964250722962E-12,0.));
#6361=DIRECTION('',(1.,0.,0.));
#6362=DIRECTION('',(-1.07025499543965E-11,-1.,0.));
#6363=DIRECTION('',(-1.,-1.54929630486144E-12,0.));
#6364=DIRECTION('center_axis',(0.,0.,-1.));
#6365=DIRECTION('ref_axis',(-1.,2.17492690501556E-11,0.));
#6366=DIRECTION('',(3.55460342013856E-12,1.,0.));
#6367=DIRECTION('center_axis',(0.,0.,-1.));
#6368=DIRECTION('ref_axis',(1.99724187177184E-7,0.99999999999998,0.));
#6369=DIRECTION('',(1.,4.89354663987511E-16,0.));
#6370=DIRECTION('center_axis',(0.,0.,-1.));
#6371=DIRECTION('ref_axis',(1.,2.53241871917441E-11,0.));
#6372=DIRECTION('',(4.57569364589154E-13,-1.,0.));
#6373=DIRECTION('center_axis',(0.,0.,-1.));
#6374=DIRECTION('ref_axis',(4.17270601713225E-6,-0.999999999991294,0.));
#6375=DIRECTION('center_axis',(3.81916720471078E-13,1.,0.));
#6376=DIRECTION('ref_axis',(-1.,3.81916720471078E-13,0.));
#6377=DIRECTION('',(1.,-3.81916720471078E-13,0.));
#6378=DIRECTION('',(0.,0.,1.));
#6379=DIRECTION('center_axis',(0.,0.,1.));
#6380=DIRECTION('ref_axis',(0.70710678118264,-0.707106781190456,0.));
#6381=DIRECTION('center_axis',(0.,0.,1.));
#6382=DIRECTION('ref_axis',(0.70710678118264,-0.707106781190456,0.));
#6383=DIRECTION('',(0.,0.,-1.));
#6384=DIRECTION('center_axis',(0.,0.,1.));
#6385=DIRECTION('ref_axis',(-0.707106781190554,-0.707106781182541,0.));
#6386=DIRECTION('',(0.,0.,1.));
#6387=DIRECTION('center_axis',(0.,0.,1.));
#6388=DIRECTION('ref_axis',(-0.707106781190554,-0.707106781182541,0.));
#6389=DIRECTION('',(0.,0.,-1.));
#6390=DIRECTION('center_axis',(1.,-1.07025499583973E-11,0.));
#6391=DIRECTION('ref_axis',(1.07025499583973E-11,1.,0.));
#6392=DIRECTION('',(0.,0.,1.));
#6393=DIRECTION('',(1.07025499583973E-11,1.,0.));
#6394=DIRECTION('center_axis',(0.,0.,1.));
#6395=DIRECTION('ref_axis',(0.707106781182553,-0.707106781190542,0.));
#6396=DIRECTION('',(0.,0.,1.));
#6397=DIRECTION('center_axis',(0.,0.,1.));
#6398=DIRECTION('ref_axis',(0.707106781182553,-0.707106781190542,0.));
#6399=DIRECTION('',(0.,0.,-1.));
#6400=DIRECTION('center_axis',(-1.,1.07025499596855E-11,0.));
#6401=DIRECTION('ref_axis',(-1.07025499596855E-11,-1.,0.));
#6402=DIRECTION('',(-1.07025499596855E-11,-1.,0.));
#6403=DIRECTION('',(0.,0.,1.));
#6404=DIRECTION('center_axis',(0.,0.,-1.));
#6405=DIRECTION('ref_axis',(-0.707106781186485,0.70710678118661,0.));
#6406=DIRECTION('center_axis',(0.,0.,1.));
#6407=DIRECTION('ref_axis',(-0.707106781186485,0.70710678118661,0.));
#6408=DIRECTION('',(0.,0.,1.));
#6409=DIRECTION('center_axis',(0.,0.,1.));
#6410=DIRECTION('ref_axis',(-0.707106781186485,0.70710678118661,0.));
#6411=DIRECTION('',(0.,0.,-1.));
#6412=DIRECTION('center_axis',(0.,1.,0.));
#6413=DIRECTION('ref_axis',(1.,0.,0.));
#6414=DIRECTION('',(1.,0.,0.));
#6415=DIRECTION('',(1.,0.,0.));
#6416=DIRECTION('',(0.,0.,-1.));
#6417=DIRECTION('',(1.,0.,0.));
#6418=DIRECTION('',(0.,0.,-1.));
#6419=DIRECTION('',(1.,0.,0.));
#6420=DIRECTION('',(0.,0.,-1.));
#6421=DIRECTION('center_axis',(0.,0.,1.));
#6422=DIRECTION('ref_axis',(0.707106781186447,-0.707106781186648,0.));
#6423=DIRECTION('center_axis',(0.,0.,1.));
#6424=DIRECTION('ref_axis',(0.707106781186447,-0.707106781186648,0.));
#6425=DIRECTION('',(0.,0.,1.));
#6426=DIRECTION('center_axis',(0.,0.,1.));
#6427=DIRECTION('ref_axis',(0.707106781186447,-0.707106781186648,0.));
#6428=DIRECTION('',(0.,0.,-1.));
#6429=DIRECTION('center_axis',(1.72980403947114E-13,1.,0.));
#6430=DIRECTION('ref_axis',(-1.,1.72980403947114E-13,0.));
#6431=DIRECTION('',(-1.,1.72980403947114E-13,0.));
#6432=DIRECTION('',(1.,-1.72980403947114E-13,0.));
#6433=DIRECTION('',(0.,0.,1.));
#6434=DIRECTION('',(-1.,1.72980403947114E-13,0.));
#6435=DIRECTION('',(0.,0.,1.));
#6436=DIRECTION('center_axis',(0.,0.,1.));
#6437=DIRECTION('ref_axis',(0.707106781187037,0.707106781186058,0.));
#6438=DIRECTION('center_axis',(0.,0.,1.));
#6439=DIRECTION('ref_axis',(0.707106781187037,0.707106781186058,0.));
#6440=DIRECTION('',(0.,0.,1.));
#6441=DIRECTION('center_axis',(0.,0.,1.));
#6442=DIRECTION('ref_axis',(0.707106781187037,0.707106781186058,0.));
#6443=DIRECTION('',(0.,0.,-1.));
#6444=DIRECTION('center_axis',(0.,0.,1.));
#6445=DIRECTION('ref_axis',(-1.,0.,0.));
#6446=DIRECTION('',(1.72686082838792E-13,1.,0.));
#6447=DIRECTION('',(-1.,1.34213627862789E-12,0.));
#6448=DIRECTION('center_axis',(0.,0.,1.));
#6449=DIRECTION('ref_axis',(-0.707106781185863,0.707106781187232,0.));
#6450=DIRECTION('',(5.18883182037625E-13,1.,0.));
#6451=DIRECTION('center_axis',(0.,0.,1.));
#6452=DIRECTION('ref_axis',(6.76495896338677E-12,-1.,0.));
#6453=DIRECTION('',(1.,6.7625780659582E-12,0.));
#6454=DIRECTION('center_axis',(0.,0.,-1.));
#6455=DIRECTION('ref_axis',(2.67795794670281E-6,-0.999999999996414,0.));
#6456=DIRECTION('',(-1.,0.,0.));
#6457=DIRECTION('',(1.,-6.12843109593116E-13,0.));
#6458=DIRECTION('',(-1.,0.,0.));
#6459=DIRECTION('',(-1.07033429721307E-11,-1.,0.));
#6460=DIRECTION('',(1.07025499543965E-11,1.,0.));
#6461=DIRECTION('',(-1.,0.,0.));
#6462=DIRECTION('center_axis',(0.,0.,-1.));
#6463=DIRECTION('ref_axis',(-1.,-2.04964250722962E-12,0.));
#6464=DIRECTION('',(1.,7.33399355180338E-12,0.));
#6465=DIRECTION('center_axis',(0.,0.,1.));
#6466=DIRECTION('ref_axis',(-1.,-6.37119986398224E-12,0.));
#6467=DIRECTION('',(6.36566822658132E-12,-1.,0.));
#6468=DIRECTION('center_axis',(0.,0.,1.));
#6469=DIRECTION('ref_axis',(0.70710678118428,0.707106781188815,0.));
#6470=DIRECTION('',(-1.,0.,0.));
#6471=DIRECTION('center_axis',(0.,0.,1.));
#6472=DIRECTION('ref_axis',(-0.707106781186541,0.707106781186554,0.));
#6473=DIRECTION('',(-9.16592796385427E-17,-1.,0.));
#6474=DIRECTION('center_axis',(0.,0.,1.));
#6475=DIRECTION('ref_axis',(-0.707106781186573,-0.707106781186522,0.));
#6476=DIRECTION('',(1.,-1.72980403947114E-13,0.));
#6477=DIRECTION('',(0.,1.,0.));
#6478=DIRECTION('center_axis',(0.,0.,1.));
#6479=DIRECTION('ref_axis',(-0.707106781186541,-0.707106781186554,0.));
#6480=DIRECTION('',(-1.,0.,0.));
#6481=DIRECTION('center_axis',(0.,0.,1.));
#6482=DIRECTION('ref_axis',(-0.707106781186566,-0.707106781186529,0.));
#6483=DIRECTION('',(0.,-1.,0.));
#6484=DIRECTION('center_axis',(0.,0.,1.));
#6485=DIRECTION('ref_axis',(-0.707106781186799,0.707106781186296,0.));
#6486=DIRECTION('',(-1.,-7.16036622892266E-13,0.));
#6487=DIRECTION('',(7.16211959709666E-13,-1.,0.));
#6488=DIRECTION('center_axis',(-1.34213627862789E-12,-1.,0.));
#6489=DIRECTION('ref_axis',(1.,-1.34213627862789E-12,0.));
#6490=DIRECTION('',(1.,-1.34213627862789E-12,0.));
#6491=DIRECTION('',(0.,0.,1.));
#6492=DIRECTION('',(1.,-1.34213627862789E-12,0.));
#6493=DIRECTION('',(0.,0.,1.));
#6494=DIRECTION('',(-1.,0.,0.));
#6495=DIRECTION('',(0.,0.,1.));
#6496=DIRECTION('center_axis',(0.,0.,1.));
#6497=DIRECTION('ref_axis',(0.70710678118656,0.707106781186535,0.));
#6498=DIRECTION('center_axis',(0.,0.,1.));
#6499=DIRECTION('ref_axis',(0.70710678118656,0.707106781186535,0.));
#6500=DIRECTION('',(0.,0.,1.));
#6501=DIRECTION('center_axis',(0.,0.,1.));
#6502=DIRECTION('ref_axis',(0.70710678118656,0.707106781186535,0.));
#6503=DIRECTION('',(0.,0.,-1.));
#6504=DIRECTION('center_axis',(-1.,-2.53765262771465E-15,0.));
#6505=DIRECTION('ref_axis',(2.53765262771465E-15,-1.,0.));
#6506=DIRECTION('',(-2.53765262771465E-15,1.,0.));
#6507=DIRECTION('',(0.,0.,-1.));
#6508=DIRECTION('',(2.53765262771465E-15,-1.,0.));
#6509=DIRECTION('',(2.53765262771465E-15,-1.,0.));
#6510=DIRECTION('center_axis',(0.,0.,-1.));
#6511=DIRECTION('ref_axis',(0.707106781186516,-0.707106781186579,0.));
#6512=DIRECTION('center_axis',(0.,0.,1.));
#6513=DIRECTION('ref_axis',(0.707106781186516,-0.707106781186579,0.));
#6514=DIRECTION('',(0.,0.,1.));
#6515=DIRECTION('center_axis',(0.,0.,1.));
#6516=DIRECTION('ref_axis',(0.707106781186516,-0.707106781186579,0.));
#6517=DIRECTION('center_axis',(0.,0.,1.));
#6518=DIRECTION('ref_axis',(1.,0.,0.));
#6519=DIRECTION('',(-1.,5.9211894646675E-14,0.));
#6520=DIRECTION('',(6.76414007548855E-12,-1.,0.));
#6521=DIRECTION('',(-1.,0.,0.));
#6522=DIRECTION('center_axis',(0.,0.,1.));
#6523=DIRECTION('ref_axis',(-0.707106781185863,0.707106781187232,0.));
#6524=DIRECTION('center_axis',(0.,0.,1.));
#6525=DIRECTION('ref_axis',(-0.707106781185863,0.707106781187232,0.));
#6526=DIRECTION('',(0.,0.,-1.));
#6527=DIRECTION('center_axis',(0.,0.,1.));
#6528=DIRECTION('ref_axis',(-0.707106781186573,-0.707106781186522,0.));
#6529=DIRECTION('',(0.,0.,1.));
#6530=DIRECTION('center_axis',(0.,0.,1.));
#6531=DIRECTION('ref_axis',(-0.707106781186573,-0.707106781186522,0.));
#6532=DIRECTION('',(0.,0.,-1.));
#6533=DIRECTION('center_axis',(1.,0.,0.));
#6534=DIRECTION('ref_axis',(0.,1.,0.));
#6535=DIRECTION('',(0.,0.,-1.));
#6536=DIRECTION('',(0.,1.,0.));
#6537=DIRECTION('center_axis',(0.,0.,1.));
#6538=DIRECTION('ref_axis',(-0.707106781186541,0.707106781186554,0.));
#6539=DIRECTION('',(0.,0.,1.));
#6540=DIRECTION('center_axis',(0.,0.,1.));
#6541=DIRECTION('ref_axis',(-0.707106781186541,0.707106781186554,0.));
#6542=DIRECTION('center_axis',(0.,-1.,0.));
#6543=DIRECTION('ref_axis',(1.,0.,0.));
#6544=DIRECTION('',(1.,0.,0.));
#6545=DIRECTION('',(0.,0.,-1.));
#6546=DIRECTION('',(-1.,0.,0.));
#6547=DIRECTION('',(0.,0.,1.));
#6548=DIRECTION('',(1.,0.,0.));
#6549=DIRECTION('',(0.,0.,1.));
#6550=DIRECTION('center_axis',(0.,0.,1.));
#6551=DIRECTION('ref_axis',(0.70710678118428,0.707106781188815,0.));
#6552=DIRECTION('',(0.,0.,1.));
#6553=DIRECTION('center_axis',(0.,0.,1.));
#6554=DIRECTION('ref_axis',(0.70710678118428,0.707106781188815,0.));
#6555=DIRECTION('center_axis',(-1.,-6.36566822658132E-12,0.));
#6556=DIRECTION('ref_axis',(6.36566822658132E-12,-1.,0.));
#6557=DIRECTION('',(0.,0.,1.));
#6558=DIRECTION('',(6.36566822658132E-12,-1.,0.));
#6559=DIRECTION('center_axis',(0.,0.,1.));
#6560=DIRECTION('ref_axis',(-0.707106781186541,-0.707106781186554,0.));
#6561=DIRECTION('center_axis',(0.,0.,1.));
#6562=DIRECTION('ref_axis',(-0.707106781186541,-0.707106781186554,0.));
#6563=DIRECTION('',(0.,0.,1.));
#6564=DIRECTION('center_axis',(0.,0.,1.));
#6565=DIRECTION('ref_axis',(-0.707106781186541,-0.707106781186554,0.));
#6566=DIRECTION('',(0.,0.,-1.));
#6567=DIRECTION('center_axis',(1.,-2.53765262771465E-15,0.));
#6568=DIRECTION('ref_axis',(2.53765262771465E-15,1.,0.));
#6569=DIRECTION('',(2.53765262771465E-15,1.,0.));
#6570=DIRECTION('',(-2.53765262771465E-15,-1.,0.));
#6571=DIRECTION('',(0.,0.,-1.));
#6572=DIRECTION('',(2.53765262771465E-15,1.,0.));
#6573=DIRECTION('center_axis',(0.,0.,1.));
#6574=DIRECTION('ref_axis',(-0.707106781182547,0.707106781190548,0.));
#6575=DIRECTION('center_axis',(0.,0.,1.));
#6576=DIRECTION('ref_axis',(-0.707106781182547,0.707106781190548,0.));
#6577=DIRECTION('',(0.,0.,1.));
#6578=DIRECTION('center_axis',(0.,0.,1.));
#6579=DIRECTION('ref_axis',(-0.707106781182547,0.707106781190548,0.));
#6580=DIRECTION('center_axis',(0.,0.,1.));
#6581=DIRECTION('ref_axis',(1.,0.,0.));
#6582=DIRECTION('',(-1.,0.,0.));
#6583=DIRECTION('',(-7.33295221239048E-12,1.,0.));
#6584=DIRECTION('',(-1.,1.12857871169412E-11,0.));
#6585=DIRECTION('center_axis',(0.,0.,1.));
#6586=DIRECTION('ref_axis',(0.707106781186541,0.707106781186554,0.));
#6587=DIRECTION('center_axis',(0.,0.,1.));
#6588=DIRECTION('ref_axis',(0.707106781186541,0.707106781186554,0.));
#6589=DIRECTION('',(0.,0.,1.));
#6590=DIRECTION('center_axis',(0.,0.,1.));
#6591=DIRECTION('ref_axis',(0.707106781186541,0.707106781186554,0.));
#6592=DIRECTION('center_axis',(-1.,9.16592796385427E-17,0.));
#6593=DIRECTION('ref_axis',(-9.16592796385427E-17,-1.,0.));
#6594=DIRECTION('',(0.,1.,0.));
#6595=DIRECTION('',(-9.16592796385427E-17,-1.,0.));
#6596=DIRECTION('',(0.,0.,1.));
#6597=DIRECTION('',(0.,-1.,0.));
#6598=DIRECTION('center_axis',(0.,0.,1.));
#6599=DIRECTION('ref_axis',(-0.707106781186598,-0.707106781186497,0.));
#6600=DIRECTION('center_axis',(0.,0.,1.));
#6601=DIRECTION('ref_axis',(-0.707106781186598,-0.707106781186497,0.));
#6602=DIRECTION('',(0.,0.,1.));
#6603=DIRECTION('center_axis',(0.,0.,1.));
#6604=DIRECTION('ref_axis',(-0.707106781186598,-0.707106781186497,0.));
#6605=DIRECTION('',(0.,0.,-1.));
#6606=DIRECTION('center_axis',(0.,0.,1.));
#6607=DIRECTION('ref_axis',(-1.,0.,0.));
#6608=DIRECTION('',(0.,-1.,0.));
#6609=DIRECTION('',(-7.99072604835798E-14,-1.,0.));
#6610=DIRECTION('',(1.72686082838792E-13,1.,0.));
#6611=DIRECTION('',(-1.,0.,0.));
#6612=DIRECTION('center_axis',(0.,0.,-1.));
#6613=DIRECTION('ref_axis',(0.,-1.,0.));
#6614=DIRECTION('',(0.,-1.,0.));
#6615=DIRECTION('center_axis',(0.,0.,-1.));
#6616=DIRECTION('ref_axis',(1.,-2.64338815386941E-16,0.));
#6617=DIRECTION('',(1.,-6.40513283437591E-17,0.));
#6618=DIRECTION('',(0.,-1.,0.));
#6619=DIRECTION('center_axis',(0.,0.,-1.));
#6620=DIRECTION('ref_axis',(0.,-1.,0.));
#6621=DIRECTION('',(-1.,0.,0.));
#6622=DIRECTION('',(0.,1.,0.));
#6623=DIRECTION('',(1.,0.,0.));
#6624=DIRECTION('',(0.,-1.,0.));
#6625=DIRECTION('',(-1.,0.,0.));
#6626=DIRECTION('center_axis',(0.,0.,-1.));
#6627=DIRECTION('ref_axis',(-1.,4.44089209850064E-15,0.));
#6628=DIRECTION('',(-2.00718286937881E-15,1.,0.));
#6629=DIRECTION('',(1.,2.1350442781253E-17,0.));
#6630=DIRECTION('center_axis',(0.,0.,-1.));
#6631=DIRECTION('ref_axis',(0.,1.,0.));
#6632=DIRECTION('',(0.,1.,0.));
#6633=DIRECTION('center_axis',(0.,0.,-1.));
#6634=DIRECTION('ref_axis',(-1.,0.,0.));
#6635=DIRECTION('',(-1.,0.,0.));
#6636=DIRECTION('center_axis',(0.,0.,1.));
#6637=DIRECTION('ref_axis',(-0.707106781186516,-0.707106781186579,0.));
#6638=DIRECTION('',(0.,1.,0.));
#6639=DIRECTION('center_axis',(0.,0.,1.));
#6640=DIRECTION('ref_axis',(-0.707106781186541,0.707106781186554,0.));
#6641=DIRECTION('',(1.,2.94464457421756E-15,0.));
#6642=DIRECTION('',(-9.16592796385427E-17,-1.,0.));
#6643=DIRECTION('',(-1.,1.72980403947114E-13,0.));
#6644=DIRECTION('center_axis',(0.,0.,1.));
#6645=DIRECTION('ref_axis',(-1.,0.,0.));
#6646=DIRECTION('',(0.,-1.,0.));
#6647=DIRECTION('center_axis',(0.,0.,-1.));
#6648=DIRECTION('ref_axis',(1.,0.,0.));
#6649=DIRECTION('',(1.,4.13106241720989E-16,0.));
#6650=DIRECTION('center_axis',(0.,0.,1.));
#6651=DIRECTION('ref_axis',(-1.,0.,0.));
#6652=DIRECTION('',(0.,-1.,0.));
#6653=DIRECTION('center_axis',(0.,0.,1.));
#6654=DIRECTION('ref_axis',(0.,1.,0.));
#6655=DIRECTION('',(-1.,-1.12660628111152E-16,0.));
#6656=DIRECTION('center_axis',(0.,0.,1.));
#6657=DIRECTION('ref_axis',(1.,0.,0.));
#6658=DIRECTION('',(-2.40281348901062E-16,1.,0.));
#6659=DIRECTION('center_axis',(0.,0.,1.));
#6660=DIRECTION('ref_axis',(0.,-1.,0.));
#6661=DIRECTION('',(1.,0.,0.));
#6662=DIRECTION('center_axis',(0.,0.,-1.));
#6663=DIRECTION('ref_axis',(0.,1.,0.));
#6664=DIRECTION('',(0.,1.,0.));
#6665=DIRECTION('center_axis',(0.,0.,1.));
#6666=DIRECTION('ref_axis',(0.,-1.,0.));
#6667=DIRECTION('center_axis',(0.,0.,1.));
#6668=DIRECTION('ref_axis',(-1.,0.,0.));
#6669=DIRECTION('center_axis',(0.,0.,-1.));
#6670=DIRECTION('ref_axis',(-1.,0.,0.));
#6671=DIRECTION('center_axis',(0.,0.,-1.));
#6672=DIRECTION('ref_axis',(-1.,0.,0.));
#6673=DIRECTION('center_axis',(0.,0.,-1.));
#6674=DIRECTION('ref_axis',(-1.,0.,0.));
#6675=DIRECTION('center_axis',(0.,0.,-1.));
#6676=DIRECTION('ref_axis',(-1.,0.,0.));
#6677=DIRECTION('center_axis',(0.,0.,-1.));
#6678=DIRECTION('ref_axis',(-1.,0.,0.));
#6679=DIRECTION('center_axis',(0.,0.,-1.));
#6680=DIRECTION('ref_axis',(-1.,0.,0.));
#6681=DIRECTION('center_axis',(0.,0.,-1.));
#6682=DIRECTION('ref_axis',(-1.,0.,0.));
#6683=DIRECTION('center_axis',(0.,0.,1.));
#6684=DIRECTION('ref_axis',(1.,0.,0.));
#6685=DIRECTION('center_axis',(0.,0.,1.));
#6686=DIRECTION('ref_axis',(1.,0.,0.));
#6687=DIRECTION('center_axis',(0.,0.,1.));
#6688=DIRECTION('ref_axis',(1.,0.,0.));
#6689=DIRECTION('center_axis',(0.,0.,1.));
#6690=DIRECTION('ref_axis',(-0.707106781186541,-0.707106781186554,0.));
#6691=DIRECTION('',(0.,-1.,0.));
#6692=DIRECTION('center_axis',(0.,0.,1.));
#6693=DIRECTION('ref_axis',(-0.707106781186552,0.707106781186543,0.));
#6694=DIRECTION('',(-1.,0.,0.));
#6695=DIRECTION('center_axis',(0.,0.,1.));
#6696=DIRECTION('ref_axis',(0.707106781186552,0.707106781186543,0.));
#6697=DIRECTION('',(-1.44419255235793E-15,1.,0.));
#6698=DIRECTION('center_axis',(0.,0.,1.));
#6699=DIRECTION('ref_axis',(0.707106781186551,-0.707106781186544,0.));
#6700=DIRECTION('',(1.,0.,0.));
#6701=DIRECTION('center_axis',(0.,0.,1.));
#6702=DIRECTION('ref_axis',(1.,0.,0.));
#6703=DIRECTION('center_axis',(0.,0.,1.));
#6704=DIRECTION('ref_axis',(1.,0.,0.));
#6705=DIRECTION('center_axis',(0.,0.,1.));
#6706=DIRECTION('ref_axis',(1.,0.,0.));
#6707=DIRECTION('center_axis',(0.,0.,1.));
#6708=DIRECTION('ref_axis',(1.,0.,0.));
#6709=DIRECTION('',(1.,-8.81072992341876E-13,0.));
#6710=DIRECTION('',(-1.58095758706782E-12,-1.,0.));
#6711=DIRECTION('',(1.,0.,0.));
#6712=DIRECTION('',(5.07530525543486E-15,-1.,0.));
#6713=DIRECTION('center_axis',(0.,0.,-1.));
#6714=DIRECTION('ref_axis',(-1.,0.,0.));
#6715=DIRECTION('center_axis',(0.,0.,-1.));
#6716=DIRECTION('ref_axis',(-1.,0.,0.));
#6717=DIRECTION('center_axis',(0.,0.,-1.));
#6718=DIRECTION('ref_axis',(-1.,0.,0.));
#6719=DIRECTION('center_axis',(0.,0.,-1.));
#6720=DIRECTION('ref_axis',(-1.,0.,0.));
#6721=DIRECTION('center_axis',(0.,0.,-1.));
#6722=DIRECTION('ref_axis',(-1.,0.,0.));
#6723=DIRECTION('center_axis',(0.,0.,-1.));
#6724=DIRECTION('ref_axis',(-1.,0.,0.));
#6725=DIRECTION('center_axis',(0.,0.,-1.));
#6726=DIRECTION('ref_axis',(-1.,0.,0.));
#6727=DIRECTION('center_axis',(0.,0.,-1.));
#6728=DIRECTION('ref_axis',(-1.,0.,0.));
#6729=DIRECTION('center_axis',(0.,0.,-1.));
#6730=DIRECTION('ref_axis',(-1.,0.,0.));
#6731=DIRECTION('center_axis',(0.,0.,-1.));
#6732=DIRECTION('ref_axis',(-1.,0.,0.));
#6733=DIRECTION('',(-3.42715659133362E-15,1.,0.));
#6734=DIRECTION('',(1.,0.,0.));
#6735=DIRECTION('',(7.105427357601E-15,1.,0.));
#6736=DIRECTION('',(1.,0.,0.));
#6737=DIRECTION('center_axis',(0.,-1.,0.));
#6738=DIRECTION('ref_axis',(-1.,0.,0.));
#6739=DIRECTION('',(-1.,0.,0.));
#6740=DIRECTION('',(0.,0.,1.));
#6741=DIRECTION('',(-1.,0.,0.));
#6742=DIRECTION('',(0.,0.,-1.));
#6743=DIRECTION('',(0.,0.,-1.));
#6744=DIRECTION('',(-1.,0.,0.));
#6745=DIRECTION('',(0.,0.,1.));
#6746=DIRECTION('',(-1.,0.,0.));
#6747=DIRECTION('',(0.,0.,-1.));
#6748=DIRECTION('',(0.,0.,-1.));
#6749=DIRECTION('',(-1.,0.,0.));
#6750=DIRECTION('',(0.,0.,-1.));
#6751=DIRECTION('center_axis',(0.,0.,1.));
#6752=DIRECTION('ref_axis',(-0.707106781186799,0.707106781186296,0.));
#6753=DIRECTION('center_axis',(0.,0.,1.));
#6754=DIRECTION('ref_axis',(-0.707106781186799,0.707106781186296,0.));
#6755=DIRECTION('',(0.,0.,1.));
#6756=DIRECTION('',(0.,0.,-1.));
#6757=DIRECTION('center_axis',(7.16036622892266E-13,-1.,0.));
#6758=DIRECTION('ref_axis',(1.,7.16036622892266E-13,0.));
#6759=DIRECTION('',(-1.,-7.16036622892266E-13,0.));
#6760=DIRECTION('',(0.,0.,-1.));
#6761=DIRECTION('',(1.,7.16036622892266E-13,0.));
#6762=DIRECTION('',(0.,0.,-1.));
#6763=DIRECTION('center_axis',(0.,0.,-1.));
#6764=DIRECTION('ref_axis',(0.707106781186541,-0.707106781186554,0.));
#6765=DIRECTION('center_axis',(0.,0.,1.));
#6766=DIRECTION('ref_axis',(0.707106781186541,-0.707106781186554,0.));
#6767=DIRECTION('center_axis',(0.,0.,1.));
#6768=DIRECTION('ref_axis',(0.707106781186541,-0.707106781186554,0.));
#6769=DIRECTION('',(0.,0.,-1.));
#6770=DIRECTION('center_axis',(0.,0.,1.));
#6771=DIRECTION('ref_axis',(1.,0.,0.));
#6772=DIRECTION('',(0.,-1.,0.));
#6773=DIRECTION('center_axis',(0.,0.,1.));
#6774=DIRECTION('ref_axis',(-0.707106781186566,-0.707106781186529,0.));
#6775=DIRECTION('',(0.,1.,0.));
#6776=DIRECTION('center_axis',(0.,0.,1.));
#6777=DIRECTION('ref_axis',(0.707106781186259,0.707106781186836,0.));
#6778=DIRECTION('center_axis',(-1.,0.,0.));
#6779=DIRECTION('ref_axis',(0.,-1.,0.));
#6780=DIRECTION('',(0.,-1.,0.));
#6781=DIRECTION('',(0.,0.,1.));
#6782=DIRECTION('center_axis',(0.,0.,1.));
#6783=DIRECTION('ref_axis',(0.707106781186259,0.707106781186836,0.));
#6784=DIRECTION('center_axis',(0.,0.,1.));
#6785=DIRECTION('ref_axis',(0.707106781186259,0.707106781186836,0.));
#6786=DIRECTION('center_axis',(0.,0.,1.));
#6787=DIRECTION('ref_axis',(-0.707106781186566,-0.707106781186529,0.));
#6788=DIRECTION('',(0.,0.,1.));
#6789=DIRECTION('center_axis',(0.,0.,1.));
#6790=DIRECTION('ref_axis',(0.707106781186541,0.707106781186554,0.));
#6791=DIRECTION('center_axis',(0.,0.,1.));
#6792=DIRECTION('ref_axis',(0.707106781186541,0.707106781186554,0.));
#6793=DIRECTION('',(0.,0.,1.));
#6794=DIRECTION('center_axis',(0.,0.,1.));
#6795=DIRECTION('ref_axis',(0.707106781186541,0.707106781186554,0.));
#6796=DIRECTION('',(0.,0.,-1.));
#6797=DIRECTION('center_axis',(0.,0.,1.));
#6798=DIRECTION('ref_axis',(1.,0.,0.));
#6799=DIRECTION('',(-1.,0.,0.));
#6800=DIRECTION('center_axis',(0.,0.,1.));
#6801=DIRECTION('ref_axis',(-0.707106781186541,0.707106781186554,0.));
#6802=DIRECTION('',(0.,-1.,0.));
#6803=DIRECTION('center_axis',(0.,0.,1.));
#6804=DIRECTION('ref_axis',(-0.707106781186516,-0.707106781186579,0.));
#6805=DIRECTION('center_axis',(0.,0.,1.));
#6806=DIRECTION('ref_axis',(0.707106781186541,-0.707106781186554,0.));
#6807=DIRECTION('',(0.,1.,0.));
#6808=DIRECTION('center_axis',(0.,-1.,0.));
#6809=DIRECTION('ref_axis',(1.,0.,0.));
#6810=DIRECTION('',(1.,0.,0.));
#6811=DIRECTION('',(0.,0.,1.));
#6812=DIRECTION('',(0.,0.,1.));
#6813=DIRECTION('center_axis',(0.,0.,1.));
#6814=DIRECTION('ref_axis',(-0.707106781186541,0.707106781186554,0.));
#6815=DIRECTION('',(0.,0.,-1.));
#6816=DIRECTION('center_axis',(0.,0.,1.));
#6817=DIRECTION('ref_axis',(-0.707106781186516,-0.707106781186579,0.));
#6818=DIRECTION('',(0.,0.,1.));
#6819=DIRECTION('center_axis',(0.,0.,-1.));
#6820=DIRECTION('ref_axis',(0.707106781186541,-0.707106781186554,0.));
#6821=DIRECTION('center_axis',(0.,0.,1.));
#6822=DIRECTION('ref_axis',(0.707106781186541,-0.707106781186554,0.));
#6823=DIRECTION('',(0.,0.,-1.));
#6824=DIRECTION('center_axis',(-1.,0.,0.));
#6825=DIRECTION('ref_axis',(0.,-1.,0.));
#6826=DIRECTION('',(0.,-1.,0.));
#6827=DIRECTION('center_axis',(0.,0.,-1.));
#6828=DIRECTION('ref_axis',(-0.707106781186541,-0.707106781186554,0.));
#6829=DIRECTION('',(0.,0.,1.));
#6830=DIRECTION('center_axis',(0.,0.,1.));
#6831=DIRECTION('ref_axis',(-0.707106781186541,-0.707106781186554,0.));
#6832=DIRECTION('center_axis',(0.,0.,1.));
#6833=DIRECTION('ref_axis',(-0.707106781186552,0.707106781186543,0.));
#6834=DIRECTION('center_axis',(0.,0.,1.));
#6835=DIRECTION('ref_axis',(-0.707106781186552,0.707106781186543,0.));
#6836=DIRECTION('',(0.,0.,1.));
#6837=DIRECTION('',(0.,0.,-1.));
#6838=DIRECTION('center_axis',(1.,0.,0.));
#6839=DIRECTION('ref_axis',(0.,1.,0.));
#6840=DIRECTION('',(0.,0.,1.));
#6841=DIRECTION('',(0.,-1.,0.));
#6842=DIRECTION('center_axis',(0.,0.,1.));
#6843=DIRECTION('ref_axis',(0.707106781186552,0.707106781186543,0.));
#6844=DIRECTION('center_axis',(0.,0.,1.));
#6845=DIRECTION('ref_axis',(0.707106781186552,0.707106781186543,0.));
#6846=DIRECTION('',(0.,0.,1.));
#6847=DIRECTION('',(0.,0.,-1.));
#6848=DIRECTION('center_axis',(0.,-1.,0.));
#6849=DIRECTION('ref_axis',(1.,0.,0.));
#6850=DIRECTION('',(-1.,0.,0.));
#6851=DIRECTION('center_axis',(0.,0.,1.));
#6852=DIRECTION('ref_axis',(0.707106781186551,-0.707106781186544,0.));
#6853=DIRECTION('center_axis',(0.,0.,1.));
#6854=DIRECTION('ref_axis',(0.707106781186551,-0.707106781186544,0.));
#6855=DIRECTION('',(0.,0.,1.));
#6856=DIRECTION('',(0.,0.,-1.));
#6857=DIRECTION('center_axis',(-1.,-1.44419255235793E-15,0.));
#6858=DIRECTION('ref_axis',(1.44419255235793E-15,-1.,0.));
#6859=DIRECTION('',(-1.44419255235793E-15,1.,0.));
#6860=DIRECTION('center_axis',(0.,0.,1.));
#6861=DIRECTION('ref_axis',(-0.707106781186541,-0.707106781186554,0.));
#6862=DIRECTION('center_axis',(0.,0.,1.));
#6863=DIRECTION('ref_axis',(-0.707106781186541,-0.707106781186554,0.));
#6864=DIRECTION('',(0.,0.,-1.));
#6865=DIRECTION('center_axis',(0.,1.,0.));
#6866=DIRECTION('ref_axis',(-1.,0.,0.));
#6867=DIRECTION('',(1.,0.,0.));
#6868=DIRECTION('center_axis',(0.,0.,1.));
#6869=DIRECTION('ref_axis',(-1.,0.,0.));
#6870=DIRECTION('',(-1.,0.,0.));
#6871=DIRECTION('',(7.33295221239048E-12,-1.,0.));
#6872=DIRECTION('center_axis',(0.,0.,-1.));
#6873=DIRECTION('ref_axis',(-2.28068649988399E-5,0.999999999739923,0.));
#6874=DIRECTION('',(1.,9.24373549153309E-12,0.));
#6875=DIRECTION('center_axis',(0.,0.,-1.));
#6876=DIRECTION('ref_axis',(1.,8.79068897440888E-13,0.));
#6877=DIRECTION('',(6.76414007548855E-12,-1.,0.));
#6878=DIRECTION('',(-1.,-6.7634938227574E-12,0.));
#6879=DIRECTION('',(0.,1.,0.));
#6880=DIRECTION('center_axis',(0.,0.,-1.));
#6881=DIRECTION('ref_axis',(-1.,0.,0.));
#6882=DIRECTION('center_axis',(0.,0.,-1.));
#6883=DIRECTION('ref_axis',(-1.,0.,0.));
#6884=DIRECTION('center_axis',(0.,0.,-1.));
#6885=DIRECTION('ref_axis',(-1.,0.,0.));
#6886=DIRECTION('center_axis',(0.,0.,-1.));
#6887=DIRECTION('ref_axis',(-1.,0.,0.));
#6888=DIRECTION('center_axis',(0.,0.,1.));
#6889=DIRECTION('ref_axis',(-1.,0.,0.));
#6890=DIRECTION('center_axis',(0.,0.,1.));
#6891=DIRECTION('ref_axis',(1.,0.,0.));
#6892=DIRECTION('center_axis',(0.,0.,-1.));
#6893=DIRECTION('ref_axis',(-1.,0.,0.));
#6894=DIRECTION('center_axis',(0.,0.,1.));
#6895=DIRECTION('ref_axis',(1.,0.,0.));
#6896=DIRECTION('center_axis',(0.,0.,-1.));
#6897=DIRECTION('ref_axis',(-1.,0.,0.));
#6898=DIRECTION('center_axis',(0.,0.,1.));
#6899=DIRECTION('ref_axis',(1.,0.,0.));
#6900=DIRECTION('center_axis',(0.,0.,-1.));
#6901=DIRECTION('ref_axis',(-1.,0.,0.));
#6902=DIRECTION('center_axis',(0.,0.,1.));
#6903=DIRECTION('ref_axis',(1.,0.,0.));
#6904=DIRECTION('center_axis',(0.,0.,-1.));
#6905=DIRECTION('ref_axis',(-1.,0.,0.));
#6906=DIRECTION('center_axis',(0.,0.,-1.));
#6907=DIRECTION('ref_axis',(-1.,0.,0.));
#6908=DIRECTION('center_axis',(0.,0.,-1.));
#6909=DIRECTION('ref_axis',(-1.,0.,0.));
#6910=DIRECTION('',(0.,0.,-1.));
#6911=DIRECTION('center_axis',(0.,0.,-1.));
#6912=DIRECTION('ref_axis',(-1.,0.,0.));
#6913=DIRECTION('center_axis',(0.,0.,1.));
#6914=DIRECTION('ref_axis',(-1.,0.,0.));
#6915=DIRECTION('center_axis',(0.,0.,-1.));
#6916=DIRECTION('ref_axis',(-1.,0.,0.));
#6917=DIRECTION('',(0.,0.,-1.));
#6918=DIRECTION('center_axis',(0.,0.,-1.));
#6919=DIRECTION('ref_axis',(-1.,0.,0.));
#6920=DIRECTION('center_axis',(0.,0.,1.));
#6921=DIRECTION('ref_axis',(-1.,0.,0.));
#6922=DIRECTION('center_axis',(0.,0.,-1.));
#6923=DIRECTION('ref_axis',(-1.,0.,0.));
#6924=DIRECTION('center_axis',(0.,0.,-1.));
#6925=DIRECTION('ref_axis',(-1.,0.,0.));
#6926=DIRECTION('',(0.,0.,-1.));
#6927=DIRECTION('center_axis',(0.,0.,-1.));
#6928=DIRECTION('ref_axis',(-1.,0.,0.));
#6929=DIRECTION('center_axis',(0.,0.,1.));
#6930=DIRECTION('ref_axis',(-1.,0.,0.));
#6931=DIRECTION('center_axis',(0.,0.,-1.));
#6932=DIRECTION('ref_axis',(-1.,0.,0.));
#6933=DIRECTION('',(0.,0.,-1.));
#6934=DIRECTION('center_axis',(0.,0.,-1.));
#6935=DIRECTION('ref_axis',(-1.,0.,0.));
#6936=DIRECTION('center_axis',(0.,0.,1.));
#6937=DIRECTION('ref_axis',(-1.,0.,0.));
#6938=DIRECTION('center_axis',(1.,-1.72686082838792E-13,0.));
#6939=DIRECTION('ref_axis',(1.72686082838792E-13,1.,0.));
#6940=DIRECTION('',(0.,0.,1.));
#6941=DIRECTION('',(1.72686082838792E-13,1.,0.));
#6942=DIRECTION('center_axis',(1.,7.16211959709666E-13,0.));
#6943=DIRECTION('ref_axis',(7.16211959709666E-13,-1.,0.));
#6944=DIRECTION('',(7.16211959709666E-13,-1.,0.));
#6945=DIRECTION('center_axis',(-1.,0.,0.));
#6946=DIRECTION('ref_axis',(0.,1.,0.));
#6947=DIRECTION('',(0.,0.,-1.));
#6948=DIRECTION('',(0.,1.,0.));
#6949=DIRECTION('center_axis',(0.,0.,1.));
#6950=DIRECTION('ref_axis',(-1.,0.,0.));
#6951=DIRECTION('',(0.,-1.,0.));
#6952=DIRECTION('center_axis',(0.,0.,-1.));
#6953=DIRECTION('ref_axis',(-1.,0.,0.));
#6954=DIRECTION('center_axis',(0.,0.,1.));
#6955=DIRECTION('ref_axis',(-1.,0.,0.));
#6956=DIRECTION('',(-1.,1.72980403947114E-13,0.));
#6957=DIRECTION('',(-9.16592796385427E-17,-1.,0.));
#6958=DIRECTION('center_axis',(0.,0.,-1.));
#6959=DIRECTION('ref_axis',(-1.,0.,0.));
#6960=DIRECTION('center_axis',(1.,0.,0.));
#6961=DIRECTION('ref_axis',(0.,1.,0.));
#6962=DIRECTION('center_axis',(0.,0.,1.));
#6963=DIRECTION('ref_axis',(-1.,4.44089209850064E-15,0.));
#6964=DIRECTION('center_axis',(0.,0.,1.));
#6965=DIRECTION('ref_axis',(-0.707106781186552,-0.707106781186543,0.));
#6966=DIRECTION('',(0.,0.,1.));
#6967=DIRECTION('',(0.,0.,-1.));
#6968=DIRECTION('center_axis',(0.,0.,1.));
#6969=DIRECTION('ref_axis',(0.,-1.,0.));
#6970=DIRECTION('center_axis',(0.,0.,1.));
#6971=DIRECTION('ref_axis',(0.707106781186552,-0.707106781186543,0.));
#6972=DIRECTION('',(0.,0.,-1.));
#6973=DIRECTION('',(0.,0.,1.));
#6974=DIRECTION('center_axis',(-1.,7.99072604835798E-14,0.));
#6975=DIRECTION('ref_axis',(-7.99072604835798E-14,-1.,0.));
#6976=DIRECTION('center_axis',(0.,-1.,0.));
#6977=DIRECTION('ref_axis',(1.,0.,0.));
#6978=DIRECTION('',(0.,0.,1.));
#6979=DIRECTION('',(1.,0.,0.));
#6980=DIRECTION('',(0.,0.,1.));
#6981=DIRECTION('center_axis',(1.,3.42715659133362E-15,0.));
#6982=DIRECTION('ref_axis',(-3.42715659133362E-15,1.,0.));
#6983=DIRECTION('',(0.,0.,1.));
#6984=DIRECTION('',(-3.5527136788005E-15,1.,0.));
#6985=DIRECTION('center_axis',(-1.,-5.07530525543486E-15,0.));
#6986=DIRECTION('ref_axis',(5.07530525543486E-15,-1.,0.));
#6987=DIRECTION('',(0.,0.,1.));
#6988=DIRECTION('',(8.45545855554519E-13,1.,0.));
#6989=DIRECTION('',(0.,0.,1.));
#6990=DIRECTION('center_axis',(0.,-1.,0.));
#6991=DIRECTION('ref_axis',(1.,0.,0.));
#6992=DIRECTION('',(0.,0.,1.));
#6993=DIRECTION('',(-1.,-1.27897692436818E-13,0.));
#6994=DIRECTION('center_axis',(-1.,0.,0.));
#6995=DIRECTION('ref_axis',(0.,1.,0.));
#6996=DIRECTION('',(0.,0.,-1.));
#6997=DIRECTION('',(0.,1.,0.));
#6998=DIRECTION('',(0.,0.,-1.));
#6999=DIRECTION('center_axis',(0.,0.,-1.));
#7000=DIRECTION('ref_axis',(0.,1.,0.));
#7001=DIRECTION('',(0.,0.,-1.));
#7002=DIRECTION('center_axis',(0.,0.,-1.));
#7003=DIRECTION('ref_axis',(0.,1.,0.));
#7004=DIRECTION('center_axis',(0.,1.,0.));
#7005=DIRECTION('ref_axis',(1.,0.,0.));
#7006=DIRECTION('',(0.,0.,-1.));
#7007=DIRECTION('',(1.,0.,0.));
#7008=DIRECTION('center_axis',(0.,0.,-1.));
#7009=DIRECTION('ref_axis',(0.,-1.,0.));
#7010=DIRECTION('',(0.,0.,-1.));
#7011=DIRECTION('center_axis',(0.,0.,1.));
#7012=DIRECTION('ref_axis',(0.,-1.,0.));
#7013=DIRECTION('center_axis',(-1.,-2.40281348901062E-16,0.));
#7014=DIRECTION('ref_axis',(-2.40281348901062E-16,1.,0.));
#7015=DIRECTION('',(0.,0.,-1.));
#7016=DIRECTION('',(-2.40281348901062E-16,1.,0.));
#7017=DIRECTION('center_axis',(0.,0.,-1.));
#7018=DIRECTION('ref_axis',(1.,0.,0.));
#7019=DIRECTION('',(0.,0.,-1.));
#7020=DIRECTION('center_axis',(0.,0.,1.));
#7021=DIRECTION('ref_axis',(1.,0.,0.));
#7022=DIRECTION('center_axis',(1.12660628111152E-16,-1.,0.));
#7023=DIRECTION('ref_axis',(-1.,-1.12660628111152E-16,0.));
#7024=DIRECTION('',(0.,0.,-1.));
#7025=DIRECTION('',(-1.,-1.12660628111152E-16,0.));
#7026=DIRECTION('center_axis',(0.,0.,-1.));
#7027=DIRECTION('ref_axis',(0.,1.,0.));
#7028=DIRECTION('',(0.,0.,-1.));
#7029=DIRECTION('center_axis',(0.,0.,1.));
#7030=DIRECTION('ref_axis',(0.,1.,0.));
#7031=DIRECTION('center_axis',(1.,0.,0.));
#7032=DIRECTION('ref_axis',(0.,-1.,0.));
#7033=DIRECTION('',(0.,0.,-1.));
#7034=DIRECTION('',(0.,-1.,0.));
#7035=DIRECTION('',(0.,0.,-1.));
#7036=DIRECTION('center_axis',(0.,0.,-1.));
#7037=DIRECTION('ref_axis',(0.,-1.,0.));
#7038=DIRECTION('center_axis',(0.,0.,-1.));
#7039=DIRECTION('ref_axis',(0.,-1.,0.));
#7040=DIRECTION('center_axis',(0.,0.,1.));
#7041=DIRECTION('ref_axis',(-1.,0.,0.));
#7042=DIRECTION('center_axis',(0.,0.,-1.));
#7043=DIRECTION('ref_axis',(-1.,0.,0.));
#7044=DIRECTION('',(0.,0.,-1.));
#7045=DIRECTION('center_axis',(0.,0.,1.));
#7046=DIRECTION('ref_axis',(-1.,0.,0.));
#7047=DIRECTION('center_axis',(0.,0.,1.));
#7048=DIRECTION('ref_axis',(-1.,0.,0.));
#7049=DIRECTION('',(0.,0.,-1.));
#7050=DIRECTION('center_axis',(0.,0.,1.));
#7051=DIRECTION('ref_axis',(-1.,0.,0.));
#7052=DIRECTION('center_axis',(0.,0.,1.));
#7053=DIRECTION('ref_axis',(1.,0.,0.));
#7054=DIRECTION('center_axis',(0.,0.,1.));
#7055=DIRECTION('ref_axis',(-1.,0.,0.));
#7056=DIRECTION('center_axis',(0.,0.,-1.));
#7057=DIRECTION('ref_axis',(-1.,0.,0.));
#7058=DIRECTION('',(0.,0.,-1.));
#7059=DIRECTION('center_axis',(0.,0.,1.));
#7060=DIRECTION('ref_axis',(-1.,0.,0.));
#7061=DIRECTION('center_axis',(0.,0.,1.));
#7062=DIRECTION('ref_axis',(-1.,0.,0.));
#7063=DIRECTION('',(0.,0.,-1.));
#7064=DIRECTION('center_axis',(0.,0.,1.));
#7065=DIRECTION('ref_axis',(-1.,0.,0.));
#7066=DIRECTION('center_axis',(0.,0.,1.));
#7067=DIRECTION('ref_axis',(1.,0.,0.));
#7068=DIRECTION('center_axis',(0.,0.,1.));
#7069=DIRECTION('ref_axis',(-1.,0.,0.));
#7070=DIRECTION('center_axis',(0.,0.,-1.));
#7071=DIRECTION('ref_axis',(-1.,0.,0.));
#7072=DIRECTION('',(0.,0.,-1.));
#7073=DIRECTION('center_axis',(0.,0.,1.));
#7074=DIRECTION('ref_axis',(-1.,0.,0.));
#7075=DIRECTION('center_axis',(0.,0.,1.));
#7076=DIRECTION('ref_axis',(-1.,0.,0.));
#7077=DIRECTION('',(0.,0.,-1.));
#7078=DIRECTION('center_axis',(0.,0.,1.));
#7079=DIRECTION('ref_axis',(-1.,0.,0.));
#7080=DIRECTION('center_axis',(0.,0.,1.));
#7081=DIRECTION('ref_axis',(1.,0.,0.));
#7082=DIRECTION('center_axis',(0.,0.,1.));
#7083=DIRECTION('ref_axis',(-1.,0.,0.));
#7084=DIRECTION('center_axis',(0.,0.,-1.));
#7085=DIRECTION('ref_axis',(-1.,0.,0.));
#7086=DIRECTION('',(0.,0.,-1.));
#7087=DIRECTION('center_axis',(0.,0.,1.));
#7088=DIRECTION('ref_axis',(-1.,0.,0.));
#7089=DIRECTION('center_axis',(0.,0.,1.));
#7090=DIRECTION('ref_axis',(-1.,0.,0.));
#7091=DIRECTION('',(0.,0.,-1.));
#7092=DIRECTION('center_axis',(0.,0.,1.));
#7093=DIRECTION('ref_axis',(-1.,0.,0.));
#7094=DIRECTION('center_axis',(0.,0.,1.));
#7095=DIRECTION('ref_axis',(1.,0.,0.));
#7096=DIRECTION('center_axis',(0.,0.,1.));
#7097=DIRECTION('ref_axis',(1.,0.,0.));
#7098=DIRECTION('center_axis',(0.,0.,1.));
#7099=DIRECTION('ref_axis',(1.,0.,0.));
#7100=DIRECTION('center_axis',(0.,0.,1.));
#7101=DIRECTION('ref_axis',(1.,0.,0.));
#7102=DIRECTION('center_axis',(0.,0.,1.));
#7103=DIRECTION('ref_axis',(-1.,0.,0.));
#7104=DIRECTION('center_axis',(0.,0.,-1.));
#7105=DIRECTION('ref_axis',(-1.,0.,0.));
#7106=DIRECTION('',(0.,0.,-1.));
#7107=DIRECTION('center_axis',(0.,0.,1.));
#7108=DIRECTION('ref_axis',(-1.,0.,0.));
#7109=DIRECTION('center_axis',(0.,0.,1.));
#7110=DIRECTION('ref_axis',(-1.,0.,0.));
#7111=DIRECTION('',(0.,0.,-1.));
#7112=DIRECTION('center_axis',(0.,0.,1.));
#7113=DIRECTION('ref_axis',(-1.,0.,0.));
#7114=DIRECTION('center_axis',(0.,0.,1.));
#7115=DIRECTION('ref_axis',(1.,0.,0.));
#7116=DIRECTION('center_axis',(0.,0.,1.));
#7117=DIRECTION('ref_axis',(-1.,0.,0.));
#7118=DIRECTION('center_axis',(0.,0.,-1.));
#7119=DIRECTION('ref_axis',(-1.,0.,0.));
#7120=DIRECTION('',(0.,0.,-1.));
#7121=DIRECTION('center_axis',(0.,0.,1.));
#7122=DIRECTION('ref_axis',(-1.,0.,0.));
#7123=DIRECTION('center_axis',(0.,0.,1.));
#7124=DIRECTION('ref_axis',(-1.,0.,0.));
#7125=DIRECTION('',(0.,0.,-1.));
#7126=DIRECTION('center_axis',(0.,0.,1.));
#7127=DIRECTION('ref_axis',(-1.,0.,0.));
#7128=DIRECTION('center_axis',(0.,0.,1.));
#7129=DIRECTION('ref_axis',(1.,0.,0.));
#7130=DIRECTION('center_axis',(0.,0.,1.));
#7131=DIRECTION('ref_axis',(-1.,0.,0.));
#7132=DIRECTION('center_axis',(0.,0.,-1.));
#7133=DIRECTION('ref_axis',(-1.,0.,0.));
#7134=DIRECTION('',(0.,0.,-1.));
#7135=DIRECTION('center_axis',(0.,0.,1.));
#7136=DIRECTION('ref_axis',(-1.,0.,0.));
#7137=DIRECTION('center_axis',(0.,0.,1.));
#7138=DIRECTION('ref_axis',(-1.,0.,0.));
#7139=DIRECTION('',(0.,0.,-1.));
#7140=DIRECTION('center_axis',(0.,0.,1.));
#7141=DIRECTION('ref_axis',(-1.,0.,0.));
#7142=DIRECTION('center_axis',(0.,0.,1.));
#7143=DIRECTION('ref_axis',(1.,0.,0.));
#7144=DIRECTION('center_axis',(8.81072992341876E-13,1.,0.));
#7145=DIRECTION('ref_axis',(-1.,8.81072992341876E-13,0.));
#7146=DIRECTION('',(1.,-8.81072992341876E-13,0.));
#7147=DIRECTION('',(0.,0.,1.));
#7148=DIRECTION('center_axis',(1.,-1.58095758706782E-12,0.));
#7149=DIRECTION('ref_axis',(1.58095758706782E-12,1.,0.));
#7150=DIRECTION('',(-1.58095758706782E-12,-1.,0.));
#7151=DIRECTION('center_axis',(0.,0.,1.));
#7152=DIRECTION('ref_axis',(1.,0.,0.));
#7153=DIRECTION('center_axis',(0.,0.,1.));
#7154=DIRECTION('ref_axis',(1.,0.,0.));
#7155=DIRECTION('center_axis',(0.,0.,1.));
#7156=DIRECTION('ref_axis',(1.,0.,0.));
#7157=DIRECTION('center_axis',(0.,0.,1.));
#7158=DIRECTION('ref_axis',(1.,0.,0.));
#7159=DIRECTION('center_axis',(0.,0.,1.));
#7160=DIRECTION('ref_axis',(-1.,0.,0.));
#7161=DIRECTION('center_axis',(0.,0.,1.));
#7162=DIRECTION('ref_axis',(-1.,0.,0.));
#7163=DIRECTION('',(0.,0.,-1.));
#7164=DIRECTION('center_axis',(0.,0.,1.));
#7165=DIRECTION('ref_axis',(-1.,0.,0.));
#7166=DIRECTION('center_axis',(0.,0.,-1.));
#7167=DIRECTION('ref_axis',(-1.,0.,0.));
#7168=DIRECTION('',(0.,0.,-1.));
#7169=DIRECTION('center_axis',(0.,0.,1.));
#7170=DIRECTION('ref_axis',(-1.,0.,0.));
#7171=DIRECTION('center_axis',(0.,0.,1.));
#7172=DIRECTION('ref_axis',(-1.,0.,0.));
#7173=DIRECTION('center_axis',(0.,0.,1.));
#7174=DIRECTION('ref_axis',(-1.,0.,0.));
#7175=DIRECTION('center_axis',(0.,0.,1.));
#7176=DIRECTION('ref_axis',(-1.,0.,0.));
#7177=DIRECTION('',(0.,0.,-1.));
#7178=DIRECTION('center_axis',(0.,0.,1.));
#7179=DIRECTION('ref_axis',(-1.,0.,0.));
#7180=DIRECTION('center_axis',(0.,0.,-1.));
#7181=DIRECTION('ref_axis',(-1.,0.,0.));
#7182=DIRECTION('',(0.,0.,-1.));
#7183=DIRECTION('center_axis',(0.,0.,1.));
#7184=DIRECTION('ref_axis',(-1.,0.,0.));
#7185=DIRECTION('center_axis',(0.,0.,1.));
#7186=DIRECTION('ref_axis',(-1.,0.,0.));
#7187=DIRECTION('center_axis',(-1.,1.07033429721307E-11,0.));
#7188=DIRECTION('ref_axis',(-1.07033429721307E-11,-1.,0.));
#7189=DIRECTION('',(0.,0.,1.));
#7190=DIRECTION('center_axis',(1.72980403947114E-13,1.,0.));
#7191=DIRECTION('ref_axis',(-1.,1.72980403947114E-13,0.));
#7192=DIRECTION('',(0.,0.,1.));
#7193=DIRECTION('center_axis',(0.,1.,0.));
#7194=DIRECTION('ref_axis',(-1.,0.,0.));
#7195=DIRECTION('',(-1.,0.,0.));
#7196=DIRECTION('',(0.,0.,1.));
#7197=DIRECTION('center_axis',(-6.7634938227574E-12,1.,0.));
#7198=DIRECTION('ref_axis',(-1.,-6.7634938227574E-12,0.));
#7199=DIRECTION('',(0.,0.,1.));
#7200=DIRECTION('',(-1.,-6.7634938227574E-12,0.));
#7201=DIRECTION('center_axis',(0.,0.,1.));
#7202=DIRECTION('ref_axis',(-1.,0.,0.));
#7203=DIRECTION('center_axis',(0.,0.,-1.));
#7204=DIRECTION('ref_axis',(-1.,0.,0.));
#7205=DIRECTION('',(0.,0.,-1.));
#7206=DIRECTION('center_axis',(-1.12857871169412E-11,-1.,0.));
#7207=DIRECTION('ref_axis',(1.,-1.12857871169412E-11,0.));
#7208=DIRECTION('',(0.,0.,1.));
#7209=DIRECTION('',(1.,-1.12857871169412E-11,0.));
#7210=DIRECTION('center_axis',(0.,0.,1.));
#7211=DIRECTION('ref_axis',(-1.,0.,0.));
#7212=DIRECTION('',(-7.33295221239048E-12,1.,0.));
#7213=DIRECTION('center_axis',(0.,0.,1.));
#7214=DIRECTION('ref_axis',(-1.,0.,0.));
#7215=DIRECTION('',(0.,0.,-1.));
#7216=DIRECTION('center_axis',(0.,0.,1.));
#7217=DIRECTION('ref_axis',(-1.,0.,0.));
#7218=DIRECTION('',(0.,0.,-1.));
#7219=DIRECTION('center_axis',(6.12843109593116E-13,1.,0.));
#7220=DIRECTION('ref_axis',(-1.,6.12843109593116E-13,0.));
#7221=DIRECTION('center_axis',(1.,0.,0.));
#7222=DIRECTION('ref_axis',(0.,1.,0.));
#7223=DIRECTION('center_axis',(0.,1.,0.));
#7224=DIRECTION('ref_axis',(-1.,0.,0.));
#7225=DIRECTION('center_axis',(-5.9211894646675E-14,-1.,0.));
#7226=DIRECTION('ref_axis',(1.,-5.9211894646675E-14,0.));
#7227=DIRECTION('',(1.,-5.9211894646675E-14,0.));
#7228=DIRECTION('',(0.,0.,1.));
#7229=DIRECTION('center_axis',(0.,0.,1.));
#7230=DIRECTION('ref_axis',(-1.,0.,0.));
#7231=DIRECTION('center_axis',(0.,0.,-1.));
#7232=DIRECTION('ref_axis',(-1.,0.,0.));
#7233=DIRECTION('',(0.,0.,-1.));
#7234=DIRECTION('center_axis',(0.,0.,1.));
#7235=DIRECTION('ref_axis',(-1.,0.,0.));
#7236=DIRECTION('',(6.76414007548855E-12,-1.,0.));
#7237=DIRECTION('center_axis',(0.,1.,0.));
#7238=DIRECTION('ref_axis',(-1.,0.,0.));
#7239=DIRECTION('',(0.,0.,1.));
#7240=DIRECTION('',(-1.,0.,0.));
#7241=DIRECTION('center_axis',(0.,0.,1.));
#7242=DIRECTION('ref_axis',(-1.,0.,0.));
#7243=DIRECTION('center_axis',(0.,0.,1.));
#7244=DIRECTION('ref_axis',(-1.,0.,0.));
#7245=DIRECTION('',(0.,0.,-1.));
#7246=DIRECTION('center_axis',(0.,0.,-1.));
#7247=DIRECTION('ref_axis',(-1.,0.,0.));
#7248=DIRECTION('center_axis',(0.,0.,1.));
#7249=DIRECTION('ref_axis',(-1.,0.,0.));
#7250=DIRECTION('center_axis',(0.,1.,0.));
#7251=DIRECTION('ref_axis',(-1.,0.,0.));
#7252=DIRECTION('',(0.,0.,1.));
#7253=DIRECTION('center_axis',(0.,0.,1.));
#7254=DIRECTION('ref_axis',(2.67795794670281E-6,-0.999999999996414,0.));
#7255=DIRECTION('',(0.,0.,1.));
#7256=DIRECTION('center_axis',(1.,-1.72686082838792E-13,0.));
#7257=DIRECTION('ref_axis',(1.72686082838792E-13,1.,0.));
#7258=DIRECTION('center_axis',(6.7625780659582E-12,-1.,0.));
#7259=DIRECTION('ref_axis',(1.,6.7625780659582E-12,0.));
#7260=DIRECTION('',(0.,0.,1.));
#7261=DIRECTION('',(1.,6.7625780659582E-12,0.));
#7262=DIRECTION('',(0.,0.,1.));
#7263=DIRECTION('center_axis',(0.,0.,1.));
#7264=DIRECTION('ref_axis',(6.76495896338677E-12,-1.,0.));
#7265=DIRECTION('',(0.,0.,1.));
#7266=DIRECTION('center_axis',(0.,0.,1.));
#7267=DIRECTION('ref_axis',(6.76495896338677E-12,-1.,0.));
#7268=DIRECTION('center_axis',(1.,-5.18883182037625E-13,0.));
#7269=DIRECTION('ref_axis',(5.18883182037625E-13,1.,0.));
#7270=DIRECTION('',(5.18883182037625E-13,1.,0.));
#7271=DIRECTION('center_axis',(-1.,-6.76414007548855E-12,0.));
#7272=DIRECTION('ref_axis',(6.76414007548855E-12,-1.,0.));
#7273=DIRECTION('',(0.,0.,1.));
#7274=DIRECTION('',(6.76414007548855E-12,-1.,0.));
#7275=DIRECTION('center_axis',(0.,0.,1.));
#7276=DIRECTION('ref_axis',(-1.,0.,0.));
#7277=DIRECTION('center_axis',(0.,0.,1.));
#7278=DIRECTION('ref_axis',(-1.,0.,0.));
#7279=DIRECTION('center_axis',(0.,0.,1.));
#7280=DIRECTION('ref_axis',(-1.,0.,0.));
#7281=DIRECTION('',(0.,0.,-1.));
#7282=DIRECTION('center_axis',(0.,0.,-1.));
#7283=DIRECTION('ref_axis',(-1.,0.,0.));
#7284=DIRECTION('center_axis',(0.,0.,1.));
#7285=DIRECTION('ref_axis',(-1.,0.,0.));
#7286=DIRECTION('center_axis',(0.,0.,1.));
#7287=DIRECTION('ref_axis',(-1.,-2.04964250722962E-12,0.));
#7288=DIRECTION('',(0.,0.,1.));
#7289=DIRECTION('',(0.,0.,1.));
#7290=DIRECTION('center_axis',(0.,1.,0.));
#7291=DIRECTION('ref_axis',(-1.,0.,0.));
#7292=DIRECTION('',(0.,0.,1.));
#7293=DIRECTION('center_axis',(1.,-1.07025499543965E-11,0.));
#7294=DIRECTION('ref_axis',(1.07025499543965E-11,1.,0.));
#7295=DIRECTION('center_axis',(0.,0.,1.));
#7296=DIRECTION('ref_axis',(-1.,-6.37119986398224E-12,0.));
#7297=DIRECTION('',(0.,0.,1.));
#7298=DIRECTION('center_axis',(0.,0.,1.));
#7299=DIRECTION('ref_axis',(-1.,-6.37119986398224E-12,0.));
#7300=DIRECTION('center_axis',(7.33399355180338E-12,-1.,0.));
#7301=DIRECTION('ref_axis',(1.,7.33399355180338E-12,0.));
#7302=DIRECTION('',(0.,0.,1.));
#7303=DIRECTION('',(1.,7.33399355180338E-12,0.));
#7304=DIRECTION('center_axis',(0.,1.,0.));
#7305=DIRECTION('ref_axis',(-1.,0.,0.));
#7306=DIRECTION('',(-1.,0.,0.));
#7307=DIRECTION('',(0.,0.,1.));
#7308=DIRECTION('center_axis',(0.,0.,1.));
#7309=DIRECTION('ref_axis',(-1.,0.,0.));
#7310=DIRECTION('',(-7.33295221239048E-12,1.,0.));
#7311=DIRECTION('center_axis',(0.,0.,1.));
#7312=DIRECTION('ref_axis',(-1.,0.,0.));
#7313=DIRECTION('center_axis',(0.,0.,1.));
#7314=DIRECTION('ref_axis',(-1.,0.,0.));
#7315=DIRECTION('',(0.,0.,-1.));
#7316=DIRECTION('center_axis',(0.,0.,1.));
#7317=DIRECTION('ref_axis',(-1.,0.,0.));
#7318=DIRECTION('center_axis',(0.,0.,1.));
#7319=DIRECTION('ref_axis',(-1.,0.,0.));
#7320=DIRECTION('center_axis',(0.,0.,1.));
#7321=DIRECTION('ref_axis',(-1.,0.,0.));
#7322=DIRECTION('',(0.,0.,-1.));
#7323=DIRECTION('center_axis',(0.,0.,1.));
#7324=DIRECTION('ref_axis',(-1.,0.,0.));
#7325=DIRECTION('center_axis',(0.,0.,1.));
#7326=DIRECTION('ref_axis',(1.,8.79068897440888E-13,0.));
#7327=DIRECTION('',(0.,0.,1.));
#7328=DIRECTION('center_axis',(9.24373549153309E-12,-1.,0.));
#7329=DIRECTION('ref_axis',(1.,9.24373549153309E-12,0.));
#7330=DIRECTION('',(0.,0.,1.));
#7331=DIRECTION('center_axis',(0.,0.,1.));
#7332=DIRECTION('ref_axis',(-2.28068649988399E-5,0.999999999739923,0.));
#7333=DIRECTION('',(0.,0.,1.));
#7334=DIRECTION('center_axis',(1.,7.33295221239048E-12,0.));
#7335=DIRECTION('ref_axis',(-7.33295221239048E-12,1.,0.));
#7336=DIRECTION('center_axis',(-1.,9.16592796385427E-17,0.));
#7337=DIRECTION('ref_axis',(-9.16592796385427E-17,-1.,0.));
#7338=DIRECTION('center_axis',(0.,0.,1.));
#7339=DIRECTION('ref_axis',(1.,0.,0.));
#7340=DIRECTION('center_axis',(0.,0.,1.));
#7341=DIRECTION('ref_axis',(1.,0.,0.));
#7342=DIRECTION('center_axis',(0.,0.,1.));
#7343=DIRECTION('ref_axis',(-1.,0.,0.));
#7344=DIRECTION('center_axis',(0.,0.,-1.));
#7345=DIRECTION('ref_axis',(-1.,0.,0.));
#7346=DIRECTION('',(0.,0.,-1.));
#7347=DIRECTION('center_axis',(0.,0.,1.));
#7348=DIRECTION('ref_axis',(-1.,0.,0.));
#7349=DIRECTION('center_axis',(0.,0.,1.));
#7350=DIRECTION('ref_axis',(-1.,0.,0.));
#7351=DIRECTION('',(0.,0.,-1.));
#7352=DIRECTION('center_axis',(0.,0.,1.));
#7353=DIRECTION('ref_axis',(-1.,0.,0.));
#7354=DIRECTION('center_axis',(0.,0.,1.));
#7355=DIRECTION('ref_axis',(1.,0.,0.));
#7356=DIRECTION('center_axis',(-1.,7.105427357601E-15,0.));
#7357=DIRECTION('ref_axis',(-7.105427357601E-15,-1.,0.));
#7358=DIRECTION('',(-7.105427357601E-15,-1.,0.));
#7359=DIRECTION('',(0.,0.,1.));
#7360=DIRECTION('center_axis',(0.,1.,0.));
#7361=DIRECTION('ref_axis',(-1.,0.,0.));
#7362=DIRECTION('',(-1.,0.,0.));
#7363=DIRECTION('center_axis',(0.,0.,1.));
#7364=DIRECTION('ref_axis',(1.,0.,0.));
#7365=DIRECTION('center_axis',(0.,0.,1.));
#7366=DIRECTION('ref_axis',(-1.,0.,0.));
#7367=DIRECTION('center_axis',(0.,0.,1.));
#7368=DIRECTION('ref_axis',(-1.,0.,0.));
#7369=DIRECTION('',(0.,0.,-1.));
#7370=DIRECTION('center_axis',(0.,0.,1.));
#7371=DIRECTION('ref_axis',(-1.,0.,0.));
#7372=DIRECTION('center_axis',(0.,0.,-1.));
#7373=DIRECTION('ref_axis',(-1.,0.,0.));
#7374=DIRECTION('',(0.,0.,-1.));
#7375=DIRECTION('center_axis',(0.,0.,1.));
#7376=DIRECTION('ref_axis',(-1.,0.,0.));
#7377=DIRECTION('center_axis',(0.,0.,1.));
#7378=DIRECTION('ref_axis',(-1.,0.,0.));
#7379=DIRECTION('center_axis',(0.,0.,1.));
#7380=DIRECTION('ref_axis',(-1.,0.,0.));
#7381=DIRECTION('center_axis',(0.,0.,1.));
#7382=DIRECTION('ref_axis',(-1.,0.,0.));
#7383=DIRECTION('',(0.,0.,-1.));
#7384=DIRECTION('center_axis',(0.,0.,1.));
#7385=DIRECTION('ref_axis',(-1.,0.,0.));
#7386=DIRECTION('center_axis',(0.,0.,-1.));
#7387=DIRECTION('ref_axis',(-1.,0.,0.));
#7388=DIRECTION('',(0.,0.,-1.));
#7389=DIRECTION('center_axis',(0.,0.,1.));
#7390=DIRECTION('ref_axis',(-1.,0.,0.));
#7391=DIRECTION('center_axis',(0.,0.,1.));
#7392=DIRECTION('ref_axis',(-1.,0.,0.));
#7393=DIRECTION('center_axis',(0.,0.,1.));
#7394=DIRECTION('ref_axis',(-1.,0.,0.));
#7395=DIRECTION('center_axis',(0.,0.,1.));
#7396=DIRECTION('ref_axis',(-1.,0.,0.));
#7397=DIRECTION('',(0.,0.,-1.));
#7398=DIRECTION('center_axis',(0.,0.,1.));
#7399=DIRECTION('ref_axis',(-1.,0.,0.));
#7400=DIRECTION('center_axis',(0.,0.,-1.));
#7401=DIRECTION('ref_axis',(-1.,0.,0.));
#7402=DIRECTION('',(0.,0.,-1.));
#7403=DIRECTION('center_axis',(0.,0.,1.));
#7404=DIRECTION('ref_axis',(-1.,0.,0.));
#7405=DIRECTION('center_axis',(0.,0.,1.));
#7406=DIRECTION('ref_axis',(-1.,0.,0.));
#7407=DIRECTION('center_axis',(0.,0.,1.));
#7408=DIRECTION('ref_axis',(-1.,0.,0.));
#7409=DIRECTION('center_axis',(0.,0.,1.));
#7410=DIRECTION('ref_axis',(-1.,0.,0.));
#7411=DIRECTION('',(0.,0.,-1.));
#7412=DIRECTION('center_axis',(0.,0.,1.));
#7413=DIRECTION('ref_axis',(-1.,0.,0.));
#7414=DIRECTION('center_axis',(0.,0.,-1.));
#7415=DIRECTION('ref_axis',(-1.,0.,0.));
#7416=DIRECTION('',(0.,0.,-1.));
#7417=DIRECTION('center_axis',(0.,0.,1.));
#7418=DIRECTION('ref_axis',(-1.,0.,0.));
#7419=DIRECTION('center_axis',(0.,0.,1.));
#7420=DIRECTION('ref_axis',(-1.,0.,0.));
#7421=DIRECTION('center_axis',(0.,0.,1.));
#7422=DIRECTION('ref_axis',(-1.,0.,0.));
#7423=DIRECTION('center_axis',(0.,0.,1.));
#7424=DIRECTION('ref_axis',(-1.,0.,0.));
#7425=DIRECTION('',(0.,0.,-1.));
#7426=DIRECTION('center_axis',(0.,0.,1.));
#7427=DIRECTION('ref_axis',(-1.,0.,0.));
#7428=DIRECTION('center_axis',(0.,0.,-1.));
#7429=DIRECTION('ref_axis',(-1.,0.,0.));
#7430=DIRECTION('',(0.,0.,-1.));
#7431=DIRECTION('center_axis',(0.,0.,1.));
#7432=DIRECTION('ref_axis',(-1.,0.,0.));
#7433=DIRECTION('center_axis',(0.,0.,1.));
#7434=DIRECTION('ref_axis',(-1.,0.,0.));
#7435=DIRECTION('center_axis',(0.,0.,1.));
#7436=DIRECTION('ref_axis',(-1.,0.,0.));
#7437=DIRECTION('center_axis',(0.,0.,1.));
#7438=DIRECTION('ref_axis',(-1.,0.,0.));
#7439=DIRECTION('',(0.,0.,-1.));
#7440=DIRECTION('center_axis',(0.,0.,1.));
#7441=DIRECTION('ref_axis',(-1.,0.,0.));
#7442=DIRECTION('center_axis',(0.,0.,-1.));
#7443=DIRECTION('ref_axis',(-1.,0.,0.));
#7444=DIRECTION('',(0.,0.,-1.));
#7445=DIRECTION('center_axis',(0.,0.,1.));
#7446=DIRECTION('ref_axis',(-1.,0.,0.));
#7447=DIRECTION('center_axis',(0.,0.,1.));
#7448=DIRECTION('ref_axis',(-1.,0.,0.));
#7449=DIRECTION('center_axis',(0.,0.,1.));
#7450=DIRECTION('ref_axis',(-1.,0.,0.));
#7451=DIRECTION('',(0.,0.,-1.));
#7452=DIRECTION('center_axis',(0.,0.,1.));
#7453=DIRECTION('ref_axis',(-1.,0.,0.));
#7454=DIRECTION('center_axis',(0.,0.,1.));
#7455=DIRECTION('ref_axis',(-1.,0.,0.));
#7456=DIRECTION('',(0.,0.,-1.));
#7457=DIRECTION('center_axis',(0.,0.,1.));
#7458=DIRECTION('ref_axis',(-1.,0.,0.));
#7459=DIRECTION('center_axis',(0.,0.,1.));
#7460=DIRECTION('ref_axis',(-1.,0.,0.));
#7461=DIRECTION('',(0.,0.,-1.));
#7462=DIRECTION('center_axis',(0.,0.,1.));
#7463=DIRECTION('ref_axis',(-1.,0.,0.));
#7464=DIRECTION('center_axis',(0.,0.,1.));
#7465=DIRECTION('ref_axis',(1.,0.,0.));
#7466=DIRECTION('center_axis',(0.,0.,1.));
#7467=DIRECTION('ref_axis',(1.,0.,0.));
#7468=DIRECTION('center_axis',(0.,0.,-1.));
#7469=DIRECTION('ref_axis',(1.,0.,0.));
#7470=DIRECTION('center_axis',(0.,0.,1.));
#7471=DIRECTION('ref_axis',(1.,0.,0.));
#7472=DIRECTION('center_axis',(0.,0.,-1.));
#7473=DIRECTION('ref_axis',(1.,0.,0.));
#7474=DIRECTION('center_axis',(0.,0.,1.));
#7475=DIRECTION('ref_axis',(1.,0.,0.));
#7476=DIRECTION('center_axis',(0.,0.,-1.));
#7477=DIRECTION('ref_axis',(1.,0.,0.));
#7478=DIRECTION('center_axis',(0.,0.,1.));
#7479=DIRECTION('ref_axis',(1.,0.,0.));
#7480=DIRECTION('center_axis',(0.,0.,1.));
#7481=DIRECTION('ref_axis',(1.,0.,0.));
#7482=DIRECTION('center_axis',(0.,0.,1.));
#7483=DIRECTION('ref_axis',(1.,0.,0.));
#7484=DIRECTION('center_axis',(0.,0.,1.));
#7485=DIRECTION('ref_axis',(1.,0.,0.));
#7486=DIRECTION('center_axis',(0.,0.,1.));
#7487=DIRECTION('ref_axis',(1.,0.,0.));
#7488=DIRECTION('center_axis',(0.,0.,1.));
#7489=DIRECTION('ref_axis',(1.,0.,0.));
#7490=DIRECTION('center_axis',(0.,0.,1.));
#7491=DIRECTION('ref_axis',(1.,0.,0.));
#7492=DIRECTION('center_axis',(0.,0.,1.));
#7493=DIRECTION('ref_axis',(1.,0.,0.));
#7494=DIRECTION('',(0.,0.,-1.));
#7495=DIRECTION('center_axis',(0.,0.,1.));
#7496=DIRECTION('ref_axis',(1.,0.,0.));
#7497=DIRECTION('center_axis',(0.,0.,-1.));
#7498=DIRECTION('ref_axis',(1.,0.,0.));
#7499=DIRECTION('',(0.,0.,-1.));
#7500=DIRECTION('center_axis',(0.,0.,1.));
#7501=DIRECTION('ref_axis',(1.,0.,0.));
#7502=DIRECTION('center_axis',(0.,0.,1.));
#7503=DIRECTION('ref_axis',(1.,0.,0.));
#7504=DIRECTION('center_axis',(0.,0.,1.));
#7505=DIRECTION('ref_axis',(1.,0.,0.));
#7506=DIRECTION('center_axis',(0.,0.,1.));
#7507=DIRECTION('ref_axis',(1.,0.,0.));
#7508=DIRECTION('',(0.,0.,-1.));
#7509=DIRECTION('center_axis',(0.,0.,1.));
#7510=DIRECTION('ref_axis',(1.,0.,0.));
#7511=DIRECTION('center_axis',(0.,0.,-1.));
#7512=DIRECTION('ref_axis',(1.,0.,0.));
#7513=DIRECTION('',(0.,0.,-1.));
#7514=DIRECTION('center_axis',(0.,0.,1.));
#7515=DIRECTION('ref_axis',(1.,0.,0.));
#7516=DIRECTION('center_axis',(0.,0.,1.));
#7517=DIRECTION('ref_axis',(1.,0.,0.));
#7518=DIRECTION('center_axis',(0.,0.,1.));
#7519=DIRECTION('ref_axis',(1.,0.,0.));
#7520=DIRECTION('center_axis',(0.,0.,1.));
#7521=DIRECTION('ref_axis',(1.,0.,0.));
#7522=DIRECTION('',(0.,0.,-1.));
#7523=DIRECTION('center_axis',(0.,0.,1.));
#7524=DIRECTION('ref_axis',(1.,0.,0.));
#7525=DIRECTION('center_axis',(0.,0.,-1.));
#7526=DIRECTION('ref_axis',(1.,0.,0.));
#7527=DIRECTION('',(0.,0.,-1.));
#7528=DIRECTION('center_axis',(0.,0.,1.));
#7529=DIRECTION('ref_axis',(1.,0.,0.));
#7530=DIRECTION('center_axis',(0.,0.,1.));
#7531=DIRECTION('ref_axis',(1.,0.,0.));
#7532=DIRECTION('center_axis',(0.,0.,1.));
#7533=DIRECTION('ref_axis',(1.,0.,0.));
#7534=DIRECTION('center_axis',(0.,0.,1.));
#7535=DIRECTION('ref_axis',(1.,0.,0.));
#7536=DIRECTION('',(0.,0.,-1.));
#7537=DIRECTION('center_axis',(0.,0.,1.));
#7538=DIRECTION('ref_axis',(1.,0.,0.));
#7539=DIRECTION('center_axis',(0.,0.,-1.));
#7540=DIRECTION('ref_axis',(1.,0.,0.));
#7541=DIRECTION('',(0.,0.,-1.));
#7542=DIRECTION('center_axis',(0.,0.,1.));
#7543=DIRECTION('ref_axis',(1.,0.,0.));
#7544=DIRECTION('center_axis',(0.,0.,1.));
#7545=DIRECTION('ref_axis',(1.,0.,0.));
#7546=DIRECTION('center_axis',(0.,0.,1.));
#7547=DIRECTION('ref_axis',(1.,0.,0.));
#7548=DIRECTION('center_axis',(0.,0.,1.));
#7549=DIRECTION('ref_axis',(1.,0.,0.));
#7550=DIRECTION('',(0.,0.,-1.));
#7551=DIRECTION('center_axis',(0.,0.,1.));
#7552=DIRECTION('ref_axis',(1.,0.,0.));
#7553=DIRECTION('center_axis',(0.,0.,-1.));
#7554=DIRECTION('ref_axis',(1.,0.,0.));
#7555=DIRECTION('',(0.,0.,-1.));
#7556=DIRECTION('center_axis',(0.,0.,1.));
#7557=DIRECTION('ref_axis',(1.,0.,0.));
#7558=DIRECTION('center_axis',(0.,0.,1.));
#7559=DIRECTION('ref_axis',(1.,0.,0.));
#7560=DIRECTION('center_axis',(0.,0.,1.));
#7561=DIRECTION('ref_axis',(1.,0.,0.));
#7562=DIRECTION('center_axis',(0.,0.,1.));
#7563=DIRECTION('ref_axis',(1.,0.,0.));
#7564=DIRECTION('',(0.,0.,-1.));
#7565=DIRECTION('center_axis',(0.,0.,1.));
#7566=DIRECTION('ref_axis',(1.,0.,0.));
#7567=DIRECTION('center_axis',(0.,0.,-1.));
#7568=DIRECTION('ref_axis',(1.,0.,0.));
#7569=DIRECTION('',(0.,0.,-1.));
#7570=DIRECTION('center_axis',(0.,0.,1.));
#7571=DIRECTION('ref_axis',(1.,0.,0.));
#7572=DIRECTION('center_axis',(0.,0.,1.));
#7573=DIRECTION('ref_axis',(1.,0.,0.));
#7574=DIRECTION('center_axis',(0.,0.,1.));
#7575=DIRECTION('ref_axis',(1.,0.,0.));
#7576=DIRECTION('center_axis',(0.,0.,1.));
#7577=DIRECTION('ref_axis',(1.,0.,0.));
#7578=DIRECTION('',(0.,0.,-1.));
#7579=DIRECTION('center_axis',(0.,0.,1.));
#7580=DIRECTION('ref_axis',(1.,0.,0.));
#7581=DIRECTION('center_axis',(0.,0.,-1.));
#7582=DIRECTION('ref_axis',(1.,0.,0.));
#7583=DIRECTION('',(0.,0.,-1.));
#7584=DIRECTION('center_axis',(0.,0.,1.));
#7585=DIRECTION('ref_axis',(1.,0.,0.));
#7586=DIRECTION('center_axis',(0.,0.,1.));
#7587=DIRECTION('ref_axis',(1.,0.,0.));
#7588=DIRECTION('center_axis',(0.,0.,1.));
#7589=DIRECTION('ref_axis',(1.,0.,0.));
#7590=DIRECTION('center_axis',(0.,0.,1.));
#7591=DIRECTION('ref_axis',(1.,0.,0.));
#7592=DIRECTION('center_axis',(0.,0.,1.));
#7593=DIRECTION('ref_axis',(1.,0.,0.));
#7594=DIRECTION('center_axis',(0.,0.,1.));
#7595=DIRECTION('ref_axis',(1.,0.,0.));
#7596=DIRECTION('center_axis',(0.,0.,1.));
#7597=DIRECTION('ref_axis',(1.,0.,0.));
#7598=DIRECTION('center_axis',(0.,0.,1.));
#7599=DIRECTION('ref_axis',(1.,0.,0.));
#7600=DIRECTION('center_axis',(0.,0.,1.));
#7601=DIRECTION('ref_axis',(1.,0.,0.));
#7602=DIRECTION('center_axis',(0.,0.,1.));
#7603=DIRECTION('ref_axis',(1.,0.,0.));
#7604=DIRECTION('center_axis',(0.,0.,1.));
#7605=DIRECTION('ref_axis',(0.,1.,0.));
#7606=DIRECTION('center_axis',(0.,0.,-1.));
#7607=DIRECTION('ref_axis',(-0.707106781186548,0.707106781186547,0.));
#7608=DIRECTION('',(0.,0.,1.));
#7609=DIRECTION('center_axis',(0.,0.,1.));
#7610=DIRECTION('ref_axis',(0.,1.,0.));
#7611=DIRECTION('',(0.,0.,1.));
#7612=DIRECTION('center_axis',(-1.,0.,0.));
#7613=DIRECTION('ref_axis',(0.,-1.,0.));
#7614=DIRECTION('',(0.,1.,0.));
#7615=DIRECTION('',(0.,0.,1.));
#7616=DIRECTION('',(0.,-1.,0.));
#7617=DIRECTION('center_axis',(0.,0.,1.));
#7618=DIRECTION('ref_axis',(-1.,0.,0.));
#7619=DIRECTION('center_axis',(0.,0.,-1.));
#7620=DIRECTION('ref_axis',(-0.707106781186548,-0.707106781186548,0.));
#7621=DIRECTION('',(0.,0.,1.));
#7622=DIRECTION('center_axis',(0.,0.,1.));
#7623=DIRECTION('ref_axis',(-1.,0.,0.));
#7624=DIRECTION('center_axis',(0.,-1.,0.));
#7625=DIRECTION('ref_axis',(1.,0.,0.));
#7626=DIRECTION('',(-0.960768922830522,0.,0.277350098112617));
#7627=DIRECTION('',(-1.,0.,0.));
#7628=DIRECTION('',(0.,0.,1.));
#7629=DIRECTION('',(1.,0.,0.));
#7630=DIRECTION('',(-1.,0.,0.));
#7631=DIRECTION('',(-0.960768922830525,0.,-0.277350098112608));
#7632=DIRECTION('',(-1.,0.,8.66922305875636E-16));
#7633=DIRECTION('center_axis',(0.,0.,1.));
#7634=DIRECTION('ref_axis',(0.,-1.,0.));
#7635=DIRECTION('center_axis',(0.,0.,-1.));
#7636=DIRECTION('ref_axis',(0.707106781186548,-0.707106781186548,0.));
#7637=DIRECTION('',(0.,0.,1.));
#7638=DIRECTION('center_axis',(0.,0.,1.));
#7639=DIRECTION('ref_axis',(0.,-1.,0.));
#7640=DIRECTION('center_axis',(1.,0.,0.));
#7641=DIRECTION('ref_axis',(0.,1.,0.));
#7642=DIRECTION('',(0.,-1.,0.));
#7643=DIRECTION('',(0.,0.,1.));
#7644=DIRECTION('',(0.,1.,0.));
#7645=DIRECTION('center_axis',(0.,0.,1.));
#7646=DIRECTION('ref_axis',(1.,0.,0.));
#7647=DIRECTION('center_axis',(0.,0.,-1.));
#7648=DIRECTION('ref_axis',(0.707106781186547,0.707106781186547,0.));
#7649=DIRECTION('',(0.,0.,1.));
#7650=DIRECTION('center_axis',(0.,0.,1.));
#7651=DIRECTION('ref_axis',(1.,0.,0.));
#7652=DIRECTION('center_axis',(0.,1.,0.));
#7653=DIRECTION('ref_axis',(-1.,0.,0.));
#7654=DIRECTION('',(1.,0.,0.));
#7655=DIRECTION('',(-1.,0.,0.));
#7656=DIRECTION('',(0.,0.,1.));
#7657=DIRECTION('center_axis',(0.,0.,1.));
#7658=DIRECTION('ref_axis',(1.,0.,0.));
#7659=DIRECTION('center_axis',(0.,0.,1.));
#7660=DIRECTION('ref_axis',(1.,0.,0.));
#7661=DIRECTION('',(0.,0.,1.));
#7662=DIRECTION('center_axis',(0.,0.,-1.));
#7663=DIRECTION('ref_axis',(1.,0.,0.));
#7664=DIRECTION('',(0.,0.,1.));
#7665=DIRECTION('center_axis',(-1.,0.,0.));
#7666=DIRECTION('ref_axis',(0.,-1.,0.));
#7667=DIRECTION('',(0.,1.,0.));
#7668=DIRECTION('',(0.,-1.,0.));
#7669=DIRECTION('',(0.,0.,1.));
#7670=DIRECTION('center_axis',(0.,0.,1.));
#7671=DIRECTION('ref_axis',(0.,-1.,0.));
#7672=DIRECTION('center_axis',(0.,0.,1.));
#7673=DIRECTION('ref_axis',(0.,-1.,0.));
#7674=DIRECTION('center_axis',(0.,0.,-1.));
#7675=DIRECTION('ref_axis',(0.,-1.,0.));
#7676=DIRECTION('',(0.,0.,1.));
#7677=DIRECTION('center_axis',(0.,1.,0.));
#7678=DIRECTION('ref_axis',(-1.,0.,0.));
#7679=DIRECTION('',(1.,0.,0.));
#7680=DIRECTION('',(-1.,0.,0.));
#7681=DIRECTION('',(0.,0.,1.));
#7682=DIRECTION('',(0.654653670707977,-0.65465367070798,-0.377964473009223));
#7683=DIRECTION('center_axis',(0.,0.,1.));
#7684=DIRECTION('ref_axis',(1.,0.,0.));
#7685=DIRECTION('',(0.,-1.,0.));
#7686=DIRECTION('center_axis',(0.,0.,1.));
#7687=DIRECTION('ref_axis',(-1.,0.,0.));
#7688=DIRECTION('',(1.,4.13106241720989E-16,0.));
#7689=DIRECTION('center_axis',(0.,0.,-1.));
#7690=DIRECTION('ref_axis',(1.,0.,0.));
#7691=DIRECTION('',(0.,-1.,0.));
#7692=DIRECTION('center_axis',(0.,0.,1.));
#7693=DIRECTION('ref_axis',(-1.,0.,0.));
#7694=DIRECTION('center_axis',(0.,0.,1.));
#7695=DIRECTION('ref_axis',(0.,-1.,0.));
#7696=DIRECTION('',(0.,0.,1.));
#7697=DIRECTION('center_axis',(0.,0.,1.));
#7698=DIRECTION('ref_axis',(-1.,0.,0.));
#7699=DIRECTION('center_axis',(0.,0.,1.));
#7700=DIRECTION('ref_axis',(-1.,0.,0.));
#7701=DIRECTION('center_axis',(0.,0.,-1.));
#7702=DIRECTION('ref_axis',(-1.,0.,0.));
#7703=DIRECTION('',(0.,0.,1.));
#7704=DIRECTION('center_axis',(1.,0.,0.));
#7705=DIRECTION('ref_axis',(0.,1.,0.));
#7706=DIRECTION('',(0.,-1.,0.));
#7707=DIRECTION('',(0.,1.,0.));
#7708=DIRECTION('',(0.,0.,1.));
#7709=DIRECTION('center_axis',(0.,0.,1.));
#7710=DIRECTION('ref_axis',(0.,1.,0.));
#7711=DIRECTION('center_axis',(0.,0.,1.));
#7712=DIRECTION('ref_axis',(0.,1.,0.));
#7713=DIRECTION('center_axis',(0.,0.,-1.));
#7714=DIRECTION('ref_axis',(0.,1.,0.));
#7715=DIRECTION('',(0.,0.,1.));
#7716=DIRECTION('center_axis',(0.,-1.,0.));
#7717=DIRECTION('ref_axis',(1.,0.,0.));
#7718=DIRECTION('',(-1.,0.,0.));
#7719=DIRECTION('',(1.,0.,0.));
#7720=DIRECTION('center_axis',(6.40513283437591E-17,1.,0.));
#7721=DIRECTION('ref_axis',(1.,-6.40513283437591E-17,0.));
#7722=DIRECTION('',(0.,0.,-1.));
#7723=DIRECTION('',(1.,-6.40513283437591E-17,0.));
#7724=DIRECTION('',(0.,0.,1.));
#7725=DIRECTION('',(1.,-6.40513283437591E-17,0.));
#7726=DIRECTION('',(0.,0.,1.));
#7727=DIRECTION('center_axis',(0.,0.,-1.));
#7728=DIRECTION('ref_axis',(1.,-2.64338815386941E-16,0.));
#7729=DIRECTION('center_axis',(0.,0.,-1.));
#7730=DIRECTION('ref_axis',(1.,0.,0.));
#7731=DIRECTION('center_axis',(0.,0.,-1.));
#7732=DIRECTION('ref_axis',(-1.,0.,0.));
#7733=DIRECTION('',(0.,0.,-1.));
#7734=DIRECTION('center_axis',(0.,0.,-1.));
#7735=DIRECTION('ref_axis',(-1.,0.,0.));
#7736=DIRECTION('center_axis',(-1.,0.,0.));
#7737=DIRECTION('ref_axis',(0.,1.,0.));
#7738=DIRECTION('',(0.,0.,-1.));
#7739=DIRECTION('',(0.,1.,0.));
#7740=DIRECTION('center_axis',(0.,0.,-1.));
#7741=DIRECTION('ref_axis',(0.,1.,0.));
#7742=DIRECTION('',(0.,0.,-1.));
#7743=DIRECTION('center_axis',(0.,0.,-1.));
#7744=DIRECTION('ref_axis',(0.,1.,0.));
#7745=DIRECTION('center_axis',(-2.1350442781253E-17,1.,0.));
#7746=DIRECTION('ref_axis',(1.,2.1350442781253E-17,0.));
#7747=DIRECTION('',(0.,0.,-1.));
#7748=DIRECTION('',(1.,2.1350442781253E-17,0.));
#7749=DIRECTION('',(0.,0.,1.));
#7750=DIRECTION('',(1.,2.1350442781253E-17,0.));
#7751=DIRECTION('center_axis',(0.,1.,0.));
#7752=DIRECTION('ref_axis',(1.,0.,0.));
#7753=DIRECTION('',(0.,0.,-1.));
#7754=DIRECTION('',(1.,0.,0.));
#7755=DIRECTION('',(0.,0.,-1.));
#7756=DIRECTION('center_axis',(-1.,0.,0.));
#7757=DIRECTION('ref_axis',(0.,1.,0.));
#7758=DIRECTION('',(0.,0.,1.));
#7759=DIRECTION('',(0.,1.,0.));
#7760=DIRECTION('',(0.,0.,1.));
#7761=DIRECTION('',(0.,1.,0.));
#7762=DIRECTION('center_axis',(1.,0.,0.));
#7763=DIRECTION('ref_axis',(0.,-1.,0.));
#7764=DIRECTION('',(0.,0.,-1.));
#7765=DIRECTION('center_axis',(0.,0.,-1.));
#7766=DIRECTION('ref_axis',(-1.,0.,0.));
#7767=DIRECTION('',(0.,0.,-1.));
#7768=DIRECTION('center_axis',(-4.13106241720989E-16,1.,0.));
#7769=DIRECTION('ref_axis',(1.,4.13106241720989E-16,0.));
#7770=DIRECTION('',(0.,0.,-1.));
#7771=DIRECTION('center_axis',(0.,0.,-1.));
#7772=DIRECTION('ref_axis',(1.,0.,0.));
#7773=DIRECTION('',(0.,0.,-1.));
#7774=DIRECTION('center_axis',(1.,0.,0.));
#7775=DIRECTION('ref_axis',(0.,-1.,0.));
#7776=DIRECTION('',(0.,0.,-1.));
#7777=DIRECTION('center_axis',(0.,0.,-1.));
#7778=DIRECTION('ref_axis',(-1.,0.,0.));
#7779=DIRECTION('center_axis',(0.,0.,-1.));
#7780=DIRECTION('ref_axis',(0.,-1.,0.));
#7781=DIRECTION('center_axis',(1.,0.,0.));
#7782=DIRECTION('ref_axis',(0.,-1.,0.));
#7783=DIRECTION('',(0.,-1.,0.));
#7784=DIRECTION('',(0.,0.,1.));
#7785=DIRECTION('',(0.,-1.,0.));
#7786=DIRECTION('',(0.,0.,1.));
#7787=DIRECTION('center_axis',(0.,0.,1.));
#7788=DIRECTION('ref_axis',(1.,0.,0.));
#7789=DIRECTION('',(1.,0.,0.));
#7790=DIRECTION('',(-1.,0.,0.));
#7791=DIRECTION('center_axis',(0.,0.,1.));
#7792=DIRECTION('ref_axis',(1.,0.,0.));
#7793=DIRECTION('',(0.,1.,0.));
#7794=DIRECTION('center_axis',(0.,0.,1.));
#7795=DIRECTION('ref_axis',(1.,0.,0.));
#7796=DIRECTION('',(-1.,-8.54017711250121E-17,0.));
#7797=DIRECTION('',(0.,-1.,0.));
#7798=DIRECTION('',(0.,1.,0.));
#7799=DIRECTION('',(-1.,-4.2700885562506E-17,0.));
#7800=DIRECTION('center_axis',(0.,0.,1.));
#7801=DIRECTION('ref_axis',(0.,1.,0.));
#7802=DIRECTION('',(0.,-1.,0.));
#7803=DIRECTION('center_axis',(0.,0.,1.));
#7804=DIRECTION('ref_axis',(-1.,0.,0.));
#7805=DIRECTION('',(1.,1.24818665593947E-16,0.));
#7806=DIRECTION('center_axis',(0.,0.,1.));
#7807=DIRECTION('ref_axis',(0.,-1.,0.));
#7808=DIRECTION('center_axis',(1.,0.,0.));
#7809=DIRECTION('ref_axis',(0.,1.,0.));
#7810=DIRECTION('',(0.,-1.,0.));
#7811=DIRECTION('',(0.,0.,1.));
#7812=DIRECTION('',(0.,0.,1.));
#7813=DIRECTION('center_axis',(0.,0.,1.));
#7814=DIRECTION('ref_axis',(1.,0.,0.));
#7815=DIRECTION('center_axis',(0.,0.,-1.));
#7816=DIRECTION('ref_axis',(1.,0.,0.));
#7817=DIRECTION('',(0.,0.,1.));
#7818=DIRECTION('center_axis',(-8.54017711250121E-17,1.,0.));
#7819=DIRECTION('ref_axis',(-1.,-8.54017711250121E-17,0.));
#7820=DIRECTION('',(1.,8.54017711250121E-17,0.));
#7821=DIRECTION('',(0.,0.,1.));
#7822=DIRECTION('center_axis',(-1.,0.,0.));
#7823=DIRECTION('ref_axis',(0.,-1.,0.));
#7824=DIRECTION('',(0.,1.,0.));
#7825=DIRECTION('center_axis',(1.,0.,0.));
#7826=DIRECTION('ref_axis',(0.,1.,0.));
#7827=DIRECTION('',(0.,-1.,0.));
#7828=DIRECTION('',(0.,0.,1.));
#7829=DIRECTION('center_axis',(-4.2700885562506E-17,1.,0.));
#7830=DIRECTION('ref_axis',(-1.,-4.2700885562506E-17,0.));
#7831=DIRECTION('',(1.,4.2700885562506E-17,0.));
#7832=DIRECTION('',(0.,0.,1.));
#7833=DIRECTION('center_axis',(0.,0.,1.));
#7834=DIRECTION('ref_axis',(0.,1.,0.));
#7835=DIRECTION('center_axis',(0.,0.,-1.));
#7836=DIRECTION('ref_axis',(0.,1.,0.));
#7837=DIRECTION('',(0.,0.,1.));
#7838=DIRECTION('center_axis',(-1.,0.,0.));
#7839=DIRECTION('ref_axis',(0.,-1.,0.));
#7840=DIRECTION('',(0.,1.,0.));
#7841=DIRECTION('',(0.,0.,1.));
#7842=DIRECTION('center_axis',(0.,0.,1.));
#7843=DIRECTION('ref_axis',(-1.,0.,0.));
#7844=DIRECTION('center_axis',(0.,0.,-1.));
#7845=DIRECTION('ref_axis',(-1.,0.,0.));
#7846=DIRECTION('',(0.,0.,1.));
#7847=DIRECTION('center_axis',(1.24818665593947E-16,-1.,0.));
#7848=DIRECTION('ref_axis',(1.,1.24818665593947E-16,0.));
#7849=DIRECTION('',(-1.,-1.24818665593947E-16,0.));
#7850=DIRECTION('',(0.,0.,1.));
#7851=DIRECTION('center_axis',(0.,0.,1.));
#7852=DIRECTION('ref_axis',(0.,-1.,0.));
#7853=DIRECTION('center_axis',(0.,0.,-1.));
#7854=DIRECTION('ref_axis',(0.,-1.,0.));
#7855=DIRECTION('center_axis',(0.,0.,1.));
#7856=DIRECTION('ref_axis',(1.,0.,0.));
#7857=DIRECTION('',(-1.,0.,0.));
#7858=DIRECTION('center_axis',(0.,1.,0.));
#7859=DIRECTION('ref_axis',(-1.,0.,0.));
#7860=DIRECTION('center_axis',(0.,0.,1.));
#7861=DIRECTION('ref_axis',(4.17270601713225E-6,-0.999999999991294,0.));
#7862=DIRECTION('',(0.,0.,1.));
#7863=DIRECTION('center_axis',(0.,0.,1.));
#7864=DIRECTION('ref_axis',(4.17270601713225E-6,-0.999999999991294,0.));
#7865=DIRECTION('',(0.,0.,1.));
#7866=DIRECTION('center_axis',(1.,4.57569364589154E-13,0.));
#7867=DIRECTION('ref_axis',(-4.57569364589154E-13,1.,0.));
#7868=DIRECTION('',(0.,0.,1.));
#7869=DIRECTION('',(-4.57569364589154E-13,1.,0.));
#7870=DIRECTION('center_axis',(0.,0.,1.));
#7871=DIRECTION('ref_axis',(1.,2.53241871917441E-11,0.));
#7872=DIRECTION('',(0.,0.,1.));
#7873=DIRECTION('center_axis',(0.,0.,1.));
#7874=DIRECTION('ref_axis',(1.,2.53241871917441E-11,0.));
#7875=DIRECTION('center_axis',(-4.89354663987511E-16,1.,0.));
#7876=DIRECTION('ref_axis',(-1.,-4.89354663987511E-16,0.));
#7877=DIRECTION('',(0.,0.,1.));
#7878=DIRECTION('',(-1.,-4.89354663987511E-16,0.));
#7879=DIRECTION('center_axis',(0.,0.,1.));
#7880=DIRECTION('ref_axis',(1.99724187177184E-7,0.99999999999998,0.));
#7881=DIRECTION('',(0.,0.,1.));
#7882=DIRECTION('center_axis',(0.,0.,1.));
#7883=DIRECTION('ref_axis',(1.99724187177184E-7,0.99999999999998,0.));
#7884=DIRECTION('center_axis',(-1.,3.55460342013856E-12,0.));
#7885=DIRECTION('ref_axis',(-3.55460342013856E-12,-1.,0.));
#7886=DIRECTION('',(0.,0.,1.));
#7887=DIRECTION('',(-3.55460342013856E-12,-1.,0.));
#7888=DIRECTION('center_axis',(0.,0.,1.));
#7889=DIRECTION('ref_axis',(-1.,2.17492690501556E-11,0.));
#7890=DIRECTION('',(0.,0.,1.));
#7891=DIRECTION('center_axis',(0.,0.,1.));
#7892=DIRECTION('ref_axis',(-1.,2.17492690501556E-11,0.));
#7893=DIRECTION('center_axis',(1.54929630486144E-12,-1.,0.));
#7894=DIRECTION('ref_axis',(1.,1.54929630486144E-12,0.));
#7895=DIRECTION('',(1.,1.54929630486144E-12,0.));
#7896=DIRECTION('center_axis',(0.,0.,1.));
#7897=DIRECTION('ref_axis',(1.,0.,0.));
#7898=DIRECTION('center_axis',(0.,0.,1.));
#7899=DIRECTION('ref_axis',(1.,0.,0.));
#7900=DIRECTION('',(0.,0.,1.));
#7901=DIRECTION('center_axis',(0.,0.,1.));
#7902=DIRECTION('ref_axis',(1.,0.,0.));
#7903=DIRECTION('center_axis',(0.,0.,1.));
#7904=DIRECTION('ref_axis',(1.,0.,0.));
#7905=DIRECTION('',(0.,0.,1.));
#7906=DIRECTION('center_axis',(0.,0.,1.));
#7907=DIRECTION('ref_axis',(1.,0.,0.));
#7908=DIRECTION('center_axis',(0.,0.,1.));
#7909=DIRECTION('ref_axis',(1.,0.,0.));
#7910=DIRECTION('',(0.,0.,1.));
#7911=DIRECTION('center_axis',(0.,0.,1.));
#7912=DIRECTION('ref_axis',(1.,0.,0.));
#7913=DIRECTION('center_axis',(0.,0.,1.));
#7914=DIRECTION('ref_axis',(1.,0.,0.));
#7915=DIRECTION('center_axis',(0.,0.,-1.));
#7916=DIRECTION('ref_axis',(0.707106781186553,0.707106781186542,0.));
#7917=DIRECTION('',(-1.,0.,0.));
#7918=DIRECTION('center_axis',(0.,0.,-1.));
#7919=DIRECTION('ref_axis',(-0.70710678118654,0.707106781186555,0.));
#7920=DIRECTION('',(0.,-1.,0.));
#7921=DIRECTION('',(0.,1.,0.));
#7922=DIRECTION('center_axis',(0.,0.,1.));
#7923=DIRECTION('ref_axis',(0.707106781186553,0.707106781186542,0.));
#7924=DIRECTION('center_axis',(0.,0.,-1.));
#7925=DIRECTION('ref_axis',(0.707106781186547,0.707106781186548,0.));
#7926=DIRECTION('',(0.,0.,-1.));
#7927=DIRECTION('center_axis',(1.,0.,0.));
#7928=DIRECTION('ref_axis',(0.,1.,0.));
#7929=DIRECTION('',(0.,-1.,0.));
#7930=DIRECTION('center_axis',(0.,1.,0.));
#7931=DIRECTION('ref_axis',(-1.,0.,0.));
#7932=DIRECTION('',(1.,0.,0.));
#7933=DIRECTION('center_axis',(-1.,0.,0.));
#7934=DIRECTION('ref_axis',(0.,-1.,0.));
#7935=DIRECTION('',(0.,1.,0.));
#7936=DIRECTION('',(0.,0.,1.));
#7937=DIRECTION('center_axis',(0.,0.,1.));
#7938=DIRECTION('ref_axis',(-0.70710678118654,0.707106781186555,0.));
#7939=DIRECTION('center_axis',(0.,0.,-1.));
#7940=DIRECTION('ref_axis',(-0.707106781186547,0.707106781186548,0.));
#7941=DIRECTION('',(0.,0.,-1.));
#7942=DIRECTION('center_axis',(0.,1.,0.));
#7943=DIRECTION('ref_axis',(-1.,0.,0.));
#7944=DIRECTION('',(1.,0.,0.));
#7945=DIRECTION('center_axis',(1.,0.,0.));
#7946=DIRECTION('ref_axis',(0.,0.707106781186548,-0.707106781186547));
#7947=DIRECTION('center_axis',(1.,0.,0.));
#7948=DIRECTION('ref_axis',(0.,0.,-1.));
#7949=DIRECTION('',(-1.,0.,0.));
#7950=DIRECTION('center_axis',(-1.,0.,0.));
#7951=DIRECTION('ref_axis',(0.,1.,0.));
#7952=DIRECTION('center_axis',(1.,0.,0.));
#7953=DIRECTION('ref_axis',(0.,0.707106781186548,-0.707106781186547));
#7954=DIRECTION('center_axis',(1.,0.,0.));
#7955=DIRECTION('ref_axis',(0.,0.,-1.));
#7956=DIRECTION('',(-1.,0.,0.));
#7957=DIRECTION('center_axis',(-1.,0.,0.));
#7958=DIRECTION('ref_axis',(0.,1.,0.));
#7959=DIRECTION('center_axis',(-4.16333634234433E-15,-1.,0.));
#7960=DIRECTION('ref_axis',(0.,0.,-1.));
#7961=DIRECTION('center_axis',(0.,0.,1.));
#7962=DIRECTION('ref_axis',(0.707106781186547,0.707106781186548,0.));
#7963=DIRECTION('center_axis',(0.,-1.,0.));
#7964=DIRECTION('ref_axis',(0.707106781186556,0.,-0.707106781186539));
#7965=DIRECTION('center_axis',(-2.77555756156295E-15,-1.,0.));
#7966=DIRECTION('ref_axis',(0.,0.,-1.));
#7967=DIRECTION('',(0.,1.,0.));
#7968=DIRECTION('center_axis',(0.,0.,-1.));
#7969=DIRECTION('ref_axis',(-1.,0.,0.));
#7970=DIRECTION('center_axis',(0.,0.,-1.));
#7971=DIRECTION('ref_axis',(-0.707106781186547,-0.707106781186547,0.));
#7972=DIRECTION('center_axis',(0.,0.,-1.));
#7973=DIRECTION('ref_axis',(-1.,0.,0.));
#7974=DIRECTION('center_axis',(0.,1.,0.));
#7975=DIRECTION('ref_axis',(0.,0.,-1.));
#7976=DIRECTION('center_axis',(0.,0.,-1.));
#7977=DIRECTION('ref_axis',(0.707106781186547,-0.707106781186547,0.));
#7978=DIRECTION('center_axis',(0.,1.,0.));
#7979=DIRECTION('ref_axis',(-0.707106781186556,0.,-0.707106781186539));
#7980=DIRECTION('center_axis',(0.,1.,0.));
#7981=DIRECTION('ref_axis',(0.,0.,-1.));
#7982=DIRECTION('',(0.,-1.,0.));
#7983=DIRECTION('center_axis',(1.,0.,0.));
#7984=DIRECTION('ref_axis',(0.,0.,-1.));
#7985=DIRECTION('center_axis',(0.,0.,1.));
#7986=DIRECTION('ref_axis',(-0.707106781186547,0.707106781186548,0.));
#7987=DIRECTION('center_axis',(1.,0.,0.));
#7988=DIRECTION('ref_axis',(0.,0.707106781186548,-0.707106781186547));
#7989=DIRECTION('center_axis',(1.,-2.22044604925031E-14,0.));
#7990=DIRECTION('ref_axis',(0.,0.,-1.));
#7991=DIRECTION('',(-1.,0.,0.));
#7992=DIRECTION('center_axis',(0.,0.,1.));
#7993=DIRECTION('ref_axis',(1.,0.,0.));
#7994=DIRECTION('center_axis',(0.,-1.,0.));
#7995=DIRECTION('ref_axis',(0.,0.,-1.));
#7996=DIRECTION('center_axis',(0.,0.,1.));
#7997=DIRECTION('ref_axis',(0.707106781186547,0.707106781186548,0.));
#7998=DIRECTION('center_axis',(0.,-1.,0.));
#7999=DIRECTION('ref_axis',(0.70710678118654,0.,-0.707106781186555));
#8000=DIRECTION('center_axis',(0.,-1.,0.));
#8001=DIRECTION('ref_axis',(0.,0.,-1.));
#8002=DIRECTION('',(0.,1.,0.));
#8003=DIRECTION('center_axis',(0.,0.,1.));
#8004=DIRECTION('ref_axis',(1.,0.,0.));
#8005=DIRECTION('center_axis',(-1.,-2.22044604925036E-14,0.));
#8006=DIRECTION('ref_axis',(0.,0.,-1.));
#8007=DIRECTION('center_axis',(0.,0.,1.));
#8008=DIRECTION('ref_axis',(0.707106781186548,-0.707106781186548,0.));
#8009=DIRECTION('center_axis',(0.,0.,1.));
#8010=DIRECTION('ref_axis',(1.,0.,0.));
#8011=DIRECTION('center_axis',(-1.,-2.22044604925026E-14,0.));
#8012=DIRECTION('ref_axis',(0.,0.,-1.));
#8013=DIRECTION('center_axis',(0.,1.,0.));
#8014=DIRECTION('ref_axis',(0.,0.,-1.));
#8015=DIRECTION('center_axis',(0.,0.,1.));
#8016=DIRECTION('ref_axis',(-0.707106781186548,-0.707106781186548,0.));
#8017=DIRECTION('center_axis',(0.,1.,0.));
#8018=DIRECTION('ref_axis',(-0.70710678118654,0.,-0.707106781186555));
#8019=DIRECTION('center_axis',(-1.38777878078144E-15,1.,0.));
#8020=DIRECTION('ref_axis',(0.,0.,-1.));
#8021=DIRECTION('',(0.,-1.,0.));
#8022=DIRECTION('center_axis',(0.,0.,1.));
#8023=DIRECTION('ref_axis',(1.,0.,0.));
#8024=DIRECTION('center_axis',(0.,0.,1.));
#8025=DIRECTION('ref_axis',(-0.707106781186548,0.707106781186547,0.));
#8026=DIRECTION('center_axis',(-1.,0.,0.));
#8027=DIRECTION('ref_axis',(0.,-0.70710678118654,-0.707106781186555));
#8028=DIRECTION('center_axis',(-0.250000000000003,-0.433012701892218,-0.866025403784439));
#8029=DIRECTION('ref_axis',(0.968245836551853,-0.11180339887499,-0.223606797749982));
#8030=DIRECTION('center_axis',(-0.250000000000003,-0.433012701892218,-0.866025403784439));
#8031=DIRECTION('ref_axis',(0.968245836551853,-0.11180339887499,-0.223606797749982));
#8032=DIRECTION('',(1.,0.,0.));
#8033=DIRECTION('center_axis',(-1.,0.,0.));
#8034=DIRECTION('ref_axis',(0.,-0.70710678118654,-0.707106781186555));
#8035=DIRECTION('center_axis',(0.249999999999994,-0.433012701892223,-0.866025403784439));
#8036=DIRECTION('ref_axis',(-0.968245836551856,-0.111803398874987,-0.223606797749973));
#8037=DIRECTION('',(1.,0.,0.));
#8038=DIRECTION('center_axis',(0.249999999999994,-0.433012701892223,-0.866025403784439));
#8039=DIRECTION('ref_axis',(-0.968245836551856,-0.111803398874987,-0.223606797749973));
#8040=DIRECTION('center_axis',(0.,0.,1.));
#8041=DIRECTION('ref_axis',(1.,0.,0.));
#8042=DIRECTION('',(0.866025403784435,-0.500000000000005,0.));
#8043=DIRECTION('',(1.,-1.50155347999137E-15,0.));
#8044=DIRECTION('',(0.866025403784446,0.499999999999987,0.));
#8045=DIRECTION('',(0.433012701892224,0.749999999999997,-0.5));
#8046=DIRECTION('center_axis',(0.249999999999994,-0.433012701892223,-0.866025403784439));
#8047=DIRECTION('ref_axis',(-0.433012701892208,0.750000000000006,-0.5));
#8048=DIRECTION('',(-0.433012701892208,0.750000000000006,-0.5));
#8049=DIRECTION('center_axis',(-7.50776739995685E-16,-0.5,-0.866025403784439));
#8050=DIRECTION('ref_axis',(1.30038345881345E-15,0.866025403784439,-0.5));
#8051=DIRECTION('',(1.30038345881345E-15,0.866025403784439,-0.5));
#8052=DIRECTION('center_axis',(-0.250000000000003,-0.433012701892218,-0.866025403784439));
#8053=DIRECTION('ref_axis',(0.433012701892224,0.749999999999997,-0.5));
#8054=DIRECTION('',(0.,0.,1.));
#8055=DIRECTION('',(1.,0.,0.));
#8056=CARTESIAN_POINT('',(0.,0.,0.));
#8057=CARTESIAN_POINT('',(0.,0.,0.));
#8058=CARTESIAN_POINT('Origin',(-20.6000000000994,-214.78,0.8));
#8059=CARTESIAN_POINT('',(-21.6000000000994,-214.779999999989,0.8));
#8060=CARTESIAN_POINT('',(-20.6000000000998,-215.78,0.8));
#8061=CARTESIAN_POINT('Origin',(-20.6000000000994,-214.78,0.8));
#8062=CARTESIAN_POINT('',(-21.6000000000994,-214.779999999989,1.7));
#8063=CARTESIAN_POINT('',(-21.6000000000994,-214.779999999989,0.8));
#8064=CARTESIAN_POINT('',(-20.6000000000998,-215.78,1.7));
#8065=CARTESIAN_POINT('Origin',(-20.6000000000994,-214.78,1.7));
#8066=CARTESIAN_POINT('',(-20.6000000000998,-215.78,0.8));
#8067=CARTESIAN_POINT('Origin',(0.,-114.49,0.8));
#8068=CARTESIAN_POINT('',(-6.60000000013192,-215.780000000006,0.8));
#8069=CARTESIAN_POINT('',(-2.80000000006105,-215.780000000007,0.8));
#8070=CARTESIAN_POINT('',(-5.60000000013154,-214.780000000016,0.8));
#8071=CARTESIAN_POINT('Origin',(-6.60000000013154,-214.780000000006,0.8));
#8072=CARTESIAN_POINT('',(-5.6000000001005,-211.879999999879,0.8));
#8073=CARTESIAN_POINT('',(-5.5999999995793,-163.18499999991,0.8));
#8074=CARTESIAN_POINT('',(28.0999999999501,-211.879999999879,0.8));
#8075=CARTESIAN_POINT('',(14.0499999999751,-211.879999999879,0.8));
#8076=CARTESIAN_POINT('',(28.0999999999191,-214.780000000018,0.8));
#8077=CARTESIAN_POINT('',(28.1000000004665,-163.635000000114,0.8));
#8078=CARTESIAN_POINT('',(29.0999999999185,-215.780000000029,0.8));
#8079=CARTESIAN_POINT('Origin',(29.0999999999191,-214.780000000029,0.8));
#8080=CARTESIAN_POINT('',(43.0999999999132,-215.780000000037,0.8));
#8081=CARTESIAN_POINT('',(22.0499999999364,-215.780000000024,0.8));
#8082=CARTESIAN_POINT('',(44.0999999999138,-214.780000000048,0.8));
#8083=CARTESIAN_POINT('Origin',(43.0999999999138,-214.780000000037,0.8));
#8084=CARTESIAN_POINT('',(44.0999999999448,-211.879999999879,0.8));
#8085=CARTESIAN_POINT('',(44.100000000466,-163.185000000176,0.8));
#8086=CARTESIAN_POINT('',(65.7000104440658,-211.879999999879,0.8));
#8087=CARTESIAN_POINT('',(32.8500052220329,-211.879999999879,0.8));
#8088=CARTESIAN_POINT('',(69.6000000004115,-207.979999999911,0.8));
#8089=CARTESIAN_POINT('Origin',(65.7000000000298,-207.980000000097,0.8));
#8090=CARTESIAN_POINT('',(69.5999999999346,-137.480000000021,0.8));
#8091=CARTESIAN_POINT('',(69.6000000000594,-155.934999999766,0.8));
#8092=CARTESIAN_POINT('',(65.7000043372568,-133.580000000001,0.8));
#8093=CARTESIAN_POINT('Origin',(65.6999999999084,-137.480000000025,0.8));
#8094=CARTESIAN_POINT('',(-43.2000889466515,-133.580000000127,0.8));
#8095=CARTESIAN_POINT('',(-21.6000444732375,-133.579999999927,0.8));
#8096=CARTESIAN_POINT('',(-47.1000000000628,-137.480000000176,0.8));
#8097=CARTESIAN_POINT('Origin',(-43.199999999878,-137.480000000183,0.8));
#8098=CARTESIAN_POINT('',(-47.0999999995458,-207.979999999785,0.8));
#8099=CARTESIAN_POINT('',(-47.1000000001192,-129.785000000782,0.8));
#8100=CARTESIAN_POINT('',(-43.2000197542582,-211.879999999879,0.8));
#8101=CARTESIAN_POINT('Origin',(-43.1999999999822,-207.979999999777,0.8));
#8102=CARTESIAN_POINT('',(-21.6000000000684,-211.879999999879,0.8));
#8103=CARTESIAN_POINT('',(-10.8000000000342,-211.879999999879,0.8));
#8104=CARTESIAN_POINT('',(-21.5999999995521,-163.634999999844,0.8));
#8105=CARTESIAN_POINT('',(65.700013352689,-211.179999999759,0.8));
#8106=CARTESIAN_POINT('',(-43.1999898789877,-211.179999999928,0.8));
#8107=CARTESIAN_POINT('',(-21.599994939419,-211.179999999894,0.8));
#8108=CARTESIAN_POINT('',(-46.4000000003134,-207.979999999777,0.8));
#8109=CARTESIAN_POINT('Origin',(-43.1999999999822,-207.979999999847,0.8));
#8110=CARTESIAN_POINT('',(-46.4000000000628,-137.480000000165,0.8));
#8111=CARTESIAN_POINT('',(-46.400000000022,-125.985,0.8));
#8112=CARTESIAN_POINT('',(-43.1999993607606,-134.280000000076,0.8));
#8113=CARTESIAN_POINT('Origin',(-43.199999999878,-137.480000000261,0.8));
#8114=CARTESIAN_POINT('',(65.6999644155479,-134.280000000076,0.8));
#8115=CARTESIAN_POINT('',(32.8499822077739,-134.280000000076,0.8));
#8116=CARTESIAN_POINT('',(68.8999999999028,-137.480000000022,0.8));
#8117=CARTESIAN_POINT('Origin',(65.6999999999084,-137.480000000103,0.8));
#8118=CARTESIAN_POINT('',(68.8999999999351,-207.979999999963,0.8));
#8119=CARTESIAN_POINT('',(68.8999999999137,-161.234999999966,0.8));
#8120=CARTESIAN_POINT('Origin',(65.7000000000298,-207.980000000022,0.8));
#8121=CARTESIAN_POINT('Origin',(-5.60000000008342,-215.780000000006,0.8));
#8122=CARTESIAN_POINT('',(-6.60000000013192,-215.780000000006,1.7));
#8123=CARTESIAN_POINT('',(2.82499999992088,-215.780000000009,1.7));
#8124=CARTESIAN_POINT('',(-6.60000000013192,-215.780000000006,0.8));
#8125=CARTESIAN_POINT('Origin',(-6.60000000013154,-214.780000000006,0.8));
#8126=CARTESIAN_POINT('',(-5.60000000013154,-214.780000000016,1.7));
#8127=CARTESIAN_POINT('Origin',(-6.60000000013154,-214.780000000006,1.7));
#8128=CARTESIAN_POINT('',(-5.60000000013154,-214.780000000016,0.8));
#8129=CARTESIAN_POINT('Origin',(29.0999999999191,-214.780000000029,0.8));
#8130=CARTESIAN_POINT('',(28.0999999999191,-214.780000000018,1.7));
#8131=CARTESIAN_POINT('',(28.0999999999191,-214.780000000018,0.8));
#8132=CARTESIAN_POINT('',(29.0999999999185,-215.780000000029,1.7));
#8133=CARTESIAN_POINT('Origin',(29.0999999999191,-214.780000000029,1.7));
#8134=CARTESIAN_POINT('',(29.0999999999185,-215.780000000029,0.8));
#8135=CARTESIAN_POINT('Origin',(28.0999999999405,-212.779999999927,0.8));
#8136=CARTESIAN_POINT('',(28.0999999999501,-211.879999999879,1.7));
#8137=CARTESIAN_POINT('',(28.0999999999501,-211.879999999879,0.8));
#8138=CARTESIAN_POINT('',(28.0999999999405,-212.779999999927,1.7));
#8139=CARTESIAN_POINT('Origin',(43.0999999999138,-214.780000000037,0.8));
#8140=CARTESIAN_POINT('',(43.0999999999132,-215.780000000037,1.7));
#8141=CARTESIAN_POINT('',(43.0999999999132,-215.780000000037,0.8));
#8142=CARTESIAN_POINT('',(44.0999999999138,-214.780000000048,1.7));
#8143=CARTESIAN_POINT('Origin',(43.0999999999138,-214.780000000037,1.7));
#8144=CARTESIAN_POINT('',(44.0999999999138,-214.780000000048,0.8));
#8145=CARTESIAN_POINT('Origin',(44.0999999999448,-211.879999999879,0.8));
#8146=CARTESIAN_POINT('',(44.0999999999448,-211.879999999879,1.7));
#8147=CARTESIAN_POINT('',(44.0999999999352,-212.77999999993,1.7));
#8148=CARTESIAN_POINT('',(44.0999999999448,-211.879999999879,0.8));
#8149=CARTESIAN_POINT('Origin',(84.7500000000394,-121.964101615138,1.8));
#8150=CARTESIAN_POINT('',(84.7500000000394,-120.964101615138,2.));
#8151=CARTESIAN_POINT('',(83.7500000000298,-121.964101615138,2.));
#8152=CARTESIAN_POINT('Origin',(84.7500000000394,-121.964101615138,2.));
#8153=CARTESIAN_POINT('',(84.7500000000394,-120.964101615138,2.5));
#8154=CARTESIAN_POINT('',(84.7500000000394,-120.964101615138,1.8));
#8155=CARTESIAN_POINT('',(83.7500000000298,-121.964101615138,2.5));
#8156=CARTESIAN_POINT('Origin',(84.7500000000394,-121.964101615138,2.5));
#8157=CARTESIAN_POINT('',(83.7500000000395,-121.964101615138,1.8));
#8158=CARTESIAN_POINT('Origin',(-92.9641016151378,-120.964101615138,2.8));
#8159=CARTESIAN_POINT('',(-62.2499999999762,-120.964101615138,2.5));
#8160=CARTESIAN_POINT('',(-40.8570508075555,-120.964101615138,2.5));
#8161=CARTESIAN_POINT('',(115.464101615138,-120.964101615138,2.));
#8162=CARTESIAN_POINT('',(-46.4820508075689,-120.964101615138,2.));
#8163=CARTESIAN_POINT('',(115.464101615138,-120.964101615138,2.8));
#8164=CARTESIAN_POINT('',(115.464101615138,-120.964101615138,2.8));
#8165=CARTESIAN_POINT('',(-92.9641016151378,-120.964101615138,2.8));
#8166=CARTESIAN_POINT('',(-46.4820508075689,-120.964101615138,2.8));
#8167=CARTESIAN_POINT('',(-92.9641016151378,-120.964101615138,2.));
#8168=CARTESIAN_POINT('',(-92.9641016151378,-120.964101615138,2.8));
#8169=CARTESIAN_POINT('',(-62.2499999999762,-120.964101615138,2.));
#8170=CARTESIAN_POINT('',(-46.4820508075689,-120.964101615138,2.));
#8171=CARTESIAN_POINT('',(-62.2499999999762,-120.964101615138,1.8));
#8172=CARTESIAN_POINT('Origin',(82.7500000000226,-211.779999999937,0.8));
#8173=CARTESIAN_POINT('',(82.7500000000224,-212.779999999937,1.7));
#8174=CARTESIAN_POINT('',(83.750000000024,-211.779999999937,1.7));
#8175=CARTESIAN_POINT('Origin',(82.7500000000226,-211.779999999937,1.7));
#8176=CARTESIAN_POINT('',(82.7500000000224,-212.779999999937,2.));
#8177=CARTESIAN_POINT('',(82.7500000000224,-212.779999999937,0.8));
#8178=CARTESIAN_POINT('',(83.7500000000225,-211.779999999937,2.));
#8179=CARTESIAN_POINT('Origin',(82.7500000000226,-211.779999999937,2.));
#8180=CARTESIAN_POINT('',(83.7500000000225,-211.779999999937,0.8));
#8181=CARTESIAN_POINT('Origin',(83.7500000000238,-212.779999999937,0.8));
#8182=CARTESIAN_POINT('',(83.7500000000225,-212.779999999937,2.));
#8183=CARTESIAN_POINT('',(-22.6197754037775,-212.779999999919,2.));
#8184=CARTESIAN_POINT('',(69.6000000003508,-212.779999999935,1.7));
#8185=CARTESIAN_POINT('',(83.7500000000238,-212.779999999937,1.7));
#8186=CARTESIAN_POINT('',(69.6000000003508,-212.779999999935,3.8));
#8187=CARTESIAN_POINT('',(69.6000000003508,-212.779999999935,2.3));
#8188=CARTESIAN_POINT('',(83.7500000000238,-212.779999999937,3.8));
#8189=CARTESIAN_POINT('',(83.7500000000238,-212.779999999937,3.8));
#8190=CARTESIAN_POINT('',(83.7500000000238,-212.779999999937,0.8));
#8191=CARTESIAN_POINT('Origin',(82.7500000000236,-198.380000000007,0.8));
#8192=CARTESIAN_POINT('',(83.7500000000263,-198.380000000007,1.7));
#8193=CARTESIAN_POINT('',(82.750000000025,-197.380000000007,1.7));
#8194=CARTESIAN_POINT('Origin',(82.7500000000236,-198.380000000007,1.7));
#8195=CARTESIAN_POINT('',(83.7500000000236,-198.380000000007,2.));
#8196=CARTESIAN_POINT('',(83.7500000000236,-198.380000000007,0.8));
#8197=CARTESIAN_POINT('',(82.750000000025,-197.380000000007,2.));
#8198=CARTESIAN_POINT('Origin',(82.7500000000236,-198.380000000007,2.));
#8199=CARTESIAN_POINT('',(82.750000000025,-197.380000000007,0.8));
#8200=CARTESIAN_POINT('Origin',(-41.4250000000223,-205.07999999996,1.7));
#8201=CARTESIAN_POINT('',(83.7500000000213,-226.980000000025,1.7));
#8202=CARTESIAN_POINT('',(80.2499999999337,-197.380000000003,1.7));
#8203=CARTESIAN_POINT('',(79.2499999999328,-197.380000000002,1.7));
#8204=CARTESIAN_POINT('',(79.2499999999323,-198.380000000003,1.7));
#8205=CARTESIAN_POINT('Origin',(80.2499999999323,-198.380000000003,1.7));
#8206=CARTESIAN_POINT('',(79.249999999927,-204.979999999968,1.7));
#8207=CARTESIAN_POINT('',(79.2499999999289,-205.029999999973,1.7));
#8208=CARTESIAN_POINT('',(76.2499999999492,-207.979999999886,1.7));
#8209=CARTESIAN_POINT('Origin',(76.2499999999289,-204.979999999888,1.7));
#8210=CARTESIAN_POINT('',(69.5999999998266,-207.979999999911,1.7));
#8211=CARTESIAN_POINT('',(66.7625000002078,-207.97999999995,1.7));
#8212=CARTESIAN_POINT('',(65.7000104440658,-211.879999999879,1.7));
#8213=CARTESIAN_POINT('Origin',(65.7000000000298,-207.980000000097,1.7));
#8214=CARTESIAN_POINT('',(-43.2000197542582,-211.879999999879,1.7));
#8215=CARTESIAN_POINT('',(27.6749999999299,-215.780000000028,1.7));
#8216=CARTESIAN_POINT('',(-5.6000000001005,-211.879999999879,1.7));
#8217=CARTESIAN_POINT('',(-43.2000197542582,-211.879999999879,1.7));
#8218=CARTESIAN_POINT('',(-5.60000000011014,-212.779999999922,1.7));
#8219=CARTESIAN_POINT('',(-21.6000000000684,-211.879999999879,1.7));
#8220=CARTESIAN_POINT('',(-21.600000000078,-212.779999999919,1.7));
#8221=CARTESIAN_POINT('',(-43.2000197542582,-211.879999999879,1.7));
#8222=CARTESIAN_POINT('',(-43.2000197542582,-211.879999999879,1.7));
#8223=CARTESIAN_POINT('',(-47.0999999995458,-207.979999999785,1.7));
#8224=CARTESIAN_POINT('Origin',(-43.1999999999822,-207.979999999777,1.7));
#8225=CARTESIAN_POINT('',(-53.7500000000505,-207.979999999833,1.7));
#8226=CARTESIAN_POINT('',(-47.5875000000258,-207.979999999788,1.7));
#8227=CARTESIAN_POINT('',(-56.7500000000725,-204.979999999852,1.7));
#8228=CARTESIAN_POINT('Origin',(-53.7500000000725,-204.979999999833,1.7));
#8229=CARTESIAN_POINT('',(-56.7500000001145,-198.379999999996,1.7));
#8230=CARTESIAN_POINT('',(-56.7500000000964,-201.23000000003,1.7));
#8231=CARTESIAN_POINT('',(-57.7500000001145,-197.380000000002,1.7));
#8232=CARTESIAN_POINT('Origin',(-57.7500000001145,-198.380000000002,1.7));
#8233=CARTESIAN_POINT('',(-60.2499999999762,-197.380000000002,1.7));
#8234=CARTESIAN_POINT('',(-56.7500000001209,-197.380000000002,1.7));
#8235=CARTESIAN_POINT('',(-61.2499999999762,-198.380000000002,1.7));
#8236=CARTESIAN_POINT('Origin',(-60.2499999999762,-198.380000000002,1.7));
#8237=CARTESIAN_POINT('',(-61.2499999999762,-211.779999999912,1.7));
#8238=CARTESIAN_POINT('',(-61.2499999999762,-226.98,1.7));
#8239=CARTESIAN_POINT('',(-60.2499999999764,-212.779999999912,1.7));
#8240=CARTESIAN_POINT('Origin',(-60.2499999999762,-211.779999999912,1.7));
#8241=CARTESIAN_POINT('',(-47.0999999995458,-212.779999999914,1.7));
#8242=CARTESIAN_POINT('',(83.7500000000238,-212.779999999937,1.7));
#8243=CARTESIAN_POINT('',(-47.0999999995458,-226.18,1.7));
#8244=CARTESIAN_POINT('',(-47.0999999995458,-223.579999999974,1.7));
#8245=CARTESIAN_POINT('',(-46.0999999995459,-227.18,1.7));
#8246=CARTESIAN_POINT('Origin',(-46.0999999995459,-226.18,1.7));
#8247=CARTESIAN_POINT('',(54.915,-227.18,1.7));
#8248=CARTESIAN_POINT('',(32.5825000002029,-227.18,1.7));
#8249=CARTESIAN_POINT('',(53.915,-226.18,1.7));
#8250=CARTESIAN_POINT('Origin',(54.915,-226.18,1.7));
#8251=CARTESIAN_POINT('',(53.915,-223.180000000013,1.7));
#8252=CARTESIAN_POINT('',(53.915,-223.479999999989,1.7));
#8253=CARTESIAN_POINT('',(54.9149999999993,-222.180000000013,1.7));
#8254=CARTESIAN_POINT('Origin',(54.915,-223.180000000013,1.7));
#8255=CARTESIAN_POINT('',(69.6000000003575,-222.180000000013,1.7));
#8256=CARTESIAN_POINT('',(32.5825000002037,-222.180000000029,1.7));
#8257=CARTESIAN_POINT('',(69.6000000003534,-216.379999999925,1.7));
#8258=CARTESIAN_POINT('Origin',(72.0999999999349,-197.379999999992,0.8));
#8259=CARTESIAN_POINT('',(83.7500000000237,-197.380000000008,2.));
#8260=CARTESIAN_POINT('',(-28.4447754038453,-197.379999999857,2.));
#8261=CARTESIAN_POINT('',(83.7500000000337,-197.380000000008,3.8));
#8262=CARTESIAN_POINT('',(83.7500000000337,-197.380000000008,0.8));
#8263=CARTESIAN_POINT('',(72.0999999999349,-197.380000000002,3.8));
#8264=CARTESIAN_POINT('',(79.2499999999328,-197.380000000002,3.8));
#8265=CARTESIAN_POINT('',(72.0999999999349,-197.380000000002,2.5));
#8266=CARTESIAN_POINT('',(72.0999999999349,-197.380000000002,0.8));
#8267=CARTESIAN_POINT('',(80.2499999999337,-197.380000000003,2.5));
#8268=CARTESIAN_POINT('',(79.2499999999328,-197.380000000002,2.5));
#8269=CARTESIAN_POINT('',(80.2499999999337,-197.380000000003,0.8));
#8270=CARTESIAN_POINT('Origin',(71.0999999999348,-191.380000000002,0.8));
#8271=CARTESIAN_POINT('',(72.0999999999348,-191.380000000002,1.7));
#8272=CARTESIAN_POINT('',(71.0999999999349,-190.380000000002,1.7));
#8273=CARTESIAN_POINT('Origin',(71.0999999999348,-191.380000000002,1.7));
#8274=CARTESIAN_POINT('',(72.0999999999348,-191.380000000002,3.8));
#8275=CARTESIAN_POINT('',(72.0999999999348,-191.380000000002,0.8));
#8276=CARTESIAN_POINT('',(71.0999999999349,-190.380000000002,3.8));
#8277=CARTESIAN_POINT('Origin',(71.0999999999348,-191.380000000002,3.8));
#8278=CARTESIAN_POINT('',(71.0999999999349,-190.380000000002,0.8));
#8279=CARTESIAN_POINT('Origin',(72.0999999999348,-190.380000000002,0.8));
#8280=CARTESIAN_POINT('',(72.0999999999349,-196.380000000002,1.7));
#8281=CARTESIAN_POINT('',(72.0999999999349,-197.380000000002,1.7));
#8282=CARTESIAN_POINT('',(72.0999999999349,-196.380000000002,2.5));
#8283=CARTESIAN_POINT('',(72.0999999999349,-196.380000000002,0.8));
#8284=CARTESIAN_POINT('',(72.0999999999349,-196.529999999984,2.5));
#8285=CARTESIAN_POINT('',(72.0999999999349,-197.380000000002,3.8));
#8286=CARTESIAN_POINT('Origin',(71.0999999999349,-196.380000000002,0.8));
#8287=CARTESIAN_POINT('',(71.0999999999349,-197.380000000002,1.7));
#8288=CARTESIAN_POINT('Origin',(71.0999999999349,-196.380000000002,1.7));
#8289=CARTESIAN_POINT('',(71.0999999999349,-197.380000000002,2.5));
#8290=CARTESIAN_POINT('',(71.0999999999349,-197.380000000002,0.8));
#8291=CARTESIAN_POINT('Origin',(71.0999999999349,-196.380000000002,2.5));
#8292=CARTESIAN_POINT('Origin',(70.8500000001136,-193.880000000002,1.7));
#8293=CARTESIAN_POINT('',(69.6000000002924,-190.380000000002,1.7));
#8294=CARTESIAN_POINT('',(72.0999999999348,-190.380000000002,1.7));
#8295=CARTESIAN_POINT('',(69.6000000003398,-197.380000000002,1.7));
#8296=CARTESIAN_POINT('',(69.6000000004115,-207.979999999911,1.7));
#8297=CARTESIAN_POINT('',(75.0500000000232,-197.380000000002,1.7));
#8298=CARTESIAN_POINT('Origin',(80.2499999999323,-198.380000000003,0.8));
#8299=CARTESIAN_POINT('',(79.2499999999323,-198.380000000003,2.5));
#8300=CARTESIAN_POINT('Origin',(80.2499999999323,-198.380000000003,2.5));
#8301=CARTESIAN_POINT('',(79.2499999999323,-198.380000000003,0.8));
#8302=CARTESIAN_POINT('Origin',(-60.2499999999762,-211.779999999912,0.8));
#8303=CARTESIAN_POINT('',(-61.2499999999762,-211.779999999912,2.));
#8304=CARTESIAN_POINT('',(-61.2499999999762,-211.779999999912,0.8));
#8305=CARTESIAN_POINT('',(-60.2499999999764,-212.779999999912,2.));
#8306=CARTESIAN_POINT('Origin',(-60.2499999999762,-211.779999999912,2.));
#8307=CARTESIAN_POINT('',(-60.2499999999764,-212.779999999912,0.8));
#8308=CARTESIAN_POINT('Origin',(-61.2499999999762,-222.18,0.8));
#8309=CARTESIAN_POINT('',(-61.2499999999762,-198.380000000002,2.));
#8310=CARTESIAN_POINT('',(-61.2499999999762,-198.380000000002,0.8));
#8311=CARTESIAN_POINT('',(-61.2499999999762,-222.18,2.));
#8312=CARTESIAN_POINT('Origin',(-60.2499999999762,-198.380000000002,0.8));
#8313=CARTESIAN_POINT('',(-60.2499999999762,-197.380000000002,2.));
#8314=CARTESIAN_POINT('',(-60.2499999999762,-197.380000000002,0.8));
#8315=CARTESIAN_POINT('Origin',(-60.2499999999762,-198.380000000002,2.));
#8316=CARTESIAN_POINT('Origin',(-61.2499999999762,-197.380000000002,0.8));
#8317=CARTESIAN_POINT('',(-61.2499999999762,-197.380000000002,2.));
#8318=CARTESIAN_POINT('',(-95.1197754037726,-197.380000000002,2.));
#8319=CARTESIAN_POINT('',(-57.7500000001145,-197.380000000002,2.5));
#8320=CARTESIAN_POINT('',(-57.7500000001145,-197.380000000002,0.8));
#8321=CARTESIAN_POINT('',(-49.6000000002676,-197.380000000002,2.5));
#8322=CARTESIAN_POINT('',(-46.5999999995459,-197.380000000002,2.5));
#8323=CARTESIAN_POINT('',(-49.6000000002676,-197.380000000002,3.8));
#8324=CARTESIAN_POINT('',(-49.6000000002676,-197.380000000002,0.8));
#8325=CARTESIAN_POINT('',(-61.2499999999762,-197.380000000002,3.8));
#8326=CARTESIAN_POINT('',(-56.7500000001209,-197.380000000002,3.8));
#8327=CARTESIAN_POINT('',(-61.2499999999762,-197.380000000002,0.8));
#8328=CARTESIAN_POINT('Origin',(-57.7500000001145,-198.380000000002,0.8));
#8329=CARTESIAN_POINT('',(-56.7500000001145,-198.379999999996,2.5));
#8330=CARTESIAN_POINT('',(-56.7500000001145,-198.379999999996,0.8));
#8331=CARTESIAN_POINT('Origin',(-57.7500000001145,-198.380000000002,2.5));
#8332=CARTESIAN_POINT('Origin',(-56.7500000001209,-197.380000000002,0.8));
#8333=CARTESIAN_POINT('',(-56.7500000000725,-204.979999999852,2.5));
#8334=CARTESIAN_POINT('',(-56.7500000000725,-204.979999999852,0.8));
#8335=CARTESIAN_POINT('',(-56.7500000000725,-204.979999999852,2.5));
#8336=CARTESIAN_POINT('Origin',(-48.6000000002676,-196.380000000002,0.8));
#8337=CARTESIAN_POINT('',(-49.6000000002676,-196.380000000002,1.7));
#8338=CARTESIAN_POINT('',(-48.6000000002676,-197.380000000002,1.7));
#8339=CARTESIAN_POINT('Origin',(-48.6000000002676,-196.380000000002,1.7));
#8340=CARTESIAN_POINT('',(-49.6000000002676,-196.380000000002,2.5));
#8341=CARTESIAN_POINT('',(-49.6000000002676,-196.380000000002,0.8));
#8342=CARTESIAN_POINT('',(-48.6000000002676,-197.380000000002,2.5));
#8343=CARTESIAN_POINT('Origin',(-48.6000000002676,-196.380000000002,2.5));
#8344=CARTESIAN_POINT('',(-48.6000000002676,-197.380000000002,0.8));
#8345=CARTESIAN_POINT('Origin',(-49.6000000002676,-197.380000000002,0.8));
#8346=CARTESIAN_POINT('',(-49.6000000002676,-200.02999999996,2.5));
#8347=CARTESIAN_POINT('',(-49.6000000002676,-191.380000000013,1.7));
#8348=CARTESIAN_POINT('',(-49.6000000002676,-197.380000000002,1.7));
#8349=CARTESIAN_POINT('',(-49.6000000002676,-191.380000000013,3.8));
#8350=CARTESIAN_POINT('',(-49.6000000002676,-191.380000000013,0.8));
#8351=CARTESIAN_POINT('',(-49.6000000002676,-197.380000000002,3.8));
#8352=CARTESIAN_POINT('Origin',(-48.6000000002676,-191.380000000013,0.8));
#8353=CARTESIAN_POINT('',(-48.6000000002563,-190.380000000013,1.7));
#8354=CARTESIAN_POINT('Origin',(-48.6000000002676,-191.380000000013,1.7));
#8355=CARTESIAN_POINT('',(-48.6000000002563,-190.380000000013,3.8));
#8356=CARTESIAN_POINT('',(-48.6000000002563,-190.380000000013,0.8));
#8357=CARTESIAN_POINT('Origin',(-48.6000000002676,-191.380000000013,3.8));
#8358=CARTESIAN_POINT('Origin',(-48.3499999999456,-193.880000000002,1.7));
#8359=CARTESIAN_POINT('',(-47.0999999996236,-197.380000000002,1.7));
#8360=CARTESIAN_POINT('',(-47.7249999997846,-197.380000000002,1.7));
#8361=CARTESIAN_POINT('',(-47.0999999996749,-190.38000000003,1.7));
#8362=CARTESIAN_POINT('',(-47.1000000000628,-137.480000000176,1.7));
#8363=CARTESIAN_POINT('',(-49.6000000002676,-190.380000000002,1.7));
#8364=CARTESIAN_POINT('Origin',(-62.2499999999762,-121.964101615138,1.8));
#8365=CARTESIAN_POINT('',(-61.2499999999762,-121.964101615138,2.));
#8366=CARTESIAN_POINT('Origin',(-62.2499999999762,-121.964101615138,2.));
#8367=CARTESIAN_POINT('',(-61.2499999999762,-121.964101615138,2.5));
#8368=CARTESIAN_POINT('',(-61.2499999999762,-121.964101615138,1.8));
#8369=CARTESIAN_POINT('Origin',(-62.2499999999762,-121.964101615138,2.5));
#8370=CARTESIAN_POINT('Origin',(-61.2499999999762,-130.079999999711,0.8));
#8371=CARTESIAN_POINT('',(-61.2499999999762,-138.189550807569,2.));
#8372=CARTESIAN_POINT('',(-61.2499999999762,-187.379999999189,3.8));
#8373=CARTESIAN_POINT('',(-61.2499999999762,-226.98,3.8));
#8374=CARTESIAN_POINT('',(-61.2499999999762,-187.379999999189,2.5));
#8375=CARTESIAN_POINT('',(-61.2499999999762,-187.379999999189,0.8));
#8376=CARTESIAN_POINT('',(-61.2499999999762,-127.143076211684,2.5));
#8377=CARTESIAN_POINT('Origin',(84.7500000000215,-226.18,1.8));
#8378=CARTESIAN_POINT('',(83.7500000000215,-226.18,2.));
#8379=CARTESIAN_POINT('',(84.7500000000215,-227.18,2.));
#8380=CARTESIAN_POINT('Origin',(84.7500000000215,-226.18,2.));
#8381=CARTESIAN_POINT('',(83.7500000000213,-226.18,3.8));
#8382=CARTESIAN_POINT('',(83.7500000000215,-226.18,1.8));
#8383=CARTESIAN_POINT('',(84.7500000000215,-227.18,3.8));
#8384=CARTESIAN_POINT('Origin',(84.7500000000215,-226.18,3.8));
#8385=CARTESIAN_POINT('',(84.7500000000215,-227.18,1.8));
#8386=CARTESIAN_POINT('Origin',(-128.989550807569,-155.215,2.));
#8387=CARTESIAN_POINT('',(83.7500000000298,-138.089550807569,2.));
#8388=CARTESIAN_POINT('',(83.7500000000298,-121.164101615138,2.));
#8389=CARTESIAN_POINT('',(83.7500000000323,-163.634999999976,2.));
#8390=CARTESIAN_POINT('',(142.315,-227.18,2.));
#8391=CARTESIAN_POINT('',(71.1575,-227.18,2.));
#8392=CARTESIAN_POINT('',(146.515,-222.98,2.));
#8393=CARTESIAN_POINT('Origin',(142.315,-222.98,2.));
#8394=CARTESIAN_POINT('',(146.515,-6.00000000000001,2.));
#8395=CARTESIAN_POINT('',(146.515,-60.245,2.));
#8396=CARTESIAN_POINT('',(142.315,-1.8,2.));
#8397=CARTESIAN_POINT('Origin',(142.315,-6.00000000000001,2.));
#8398=CARTESIAN_POINT('',(129.315,-1.8,2.));
#8399=CARTESIAN_POINT('',(64.6575,-1.79999999999999,2.));
#8400=CARTESIAN_POINT('',(129.315,-10.65,2.));
#8401=CARTESIAN_POINT('',(129.315,-1.8,2.));
#8402=CARTESIAN_POINT('',(128.315,-11.65,2.));
#8403=CARTESIAN_POINT('Origin',(128.315,-10.65,2.));
#8404=CARTESIAN_POINT('',(129.315,-11.65,2.));
#8405=CARTESIAN_POINT('',(64.6575,-11.65,2.));
#8406=CARTESIAN_POINT('',(129.315,-13.45,2.));
#8407=CARTESIAN_POINT('',(129.315,-63.97,2.));
#8408=CARTESIAN_POINT('',(-129.315,-13.45,2.));
#8409=CARTESIAN_POINT('',(-64.6575,-13.45,2.));
#8410=CARTESIAN_POINT('',(-129.315,-11.65,2.));
#8411=CARTESIAN_POINT('',(-129.315,-58.145,2.));
#8412=CARTESIAN_POINT('',(-128.315,-11.65,2.));
#8413=CARTESIAN_POINT('',(64.6575,-11.65,2.));
#8414=CARTESIAN_POINT('',(-129.315,-10.65,2.));
#8415=CARTESIAN_POINT('Origin',(-128.315,-10.65,2.));
#8416=CARTESIAN_POINT('',(-129.315,-1.8,2.));
#8417=CARTESIAN_POINT('',(-129.315,-10.65,2.));
#8418=CARTESIAN_POINT('',(-142.315,-1.8,2.));
#8419=CARTESIAN_POINT('',(-71.1575,-1.8,2.));
#8420=CARTESIAN_POINT('',(-146.515,-6.00000000000001,2.));
#8421=CARTESIAN_POINT('Origin',(-142.315,-6.,2.));
#8422=CARTESIAN_POINT('',(-146.515,-222.98,2.));
#8423=CARTESIAN_POINT('',(-146.515,-168.735,2.));
#8424=CARTESIAN_POINT('',(-142.315,-227.18,2.));
#8425=CARTESIAN_POINT('Origin',(-142.315,-222.98,2.));
#8426=CARTESIAN_POINT('',(-72.315,-227.18,2.));
#8427=CARTESIAN_POINT('',(71.1575,-227.18,2.));
#8428=CARTESIAN_POINT('',(-73.315,-226.18,2.));
#8429=CARTESIAN_POINT('Origin',(-72.315,-226.18,2.));
#8430=CARTESIAN_POINT('',(-73.315,-223.18,2.));
#8431=CARTESIAN_POINT('',(-73.315,-222.18,2.));
#8432=CARTESIAN_POINT('',(-72.315,-222.18,2.));
#8433=CARTESIAN_POINT('Origin',(-72.315,-223.18,2.));
#8434=CARTESIAN_POINT('',(-61.2499999999762,-222.18,2.));
#8435=CARTESIAN_POINT('',(-61.2499999999762,-222.18,2.));
#8436=CARTESIAN_POINT('',(-61.2499999999762,-212.779999999912,2.));
#8437=CARTESIAN_POINT('',(-61.2499999999762,-122.284999999856,2.));
#8438=CARTESIAN_POINT('',(-22.6197754037775,-212.779999999919,2.));
#8439=CARTESIAN_POINT('',(-93.9641016151378,-119.964101615138,2.));
#8440=CARTESIAN_POINT('Origin',(-92.9641016151378,-119.964101615138,2.));
#8441=CARTESIAN_POINT('',(-93.9641016151378,-104.964101615138,2.));
#8442=CARTESIAN_POINT('',(-93.9641016151378,-109.727050807569,2.));
#8443=CARTESIAN_POINT('',(-94.9641016151378,-103.964101615138,2.));
#8444=CARTESIAN_POINT('Origin',(-94.9641016151378,-104.964101615138,2.));
#8445=CARTESIAN_POINT('',(-137.964101615138,-103.964101615138,2.));
#8446=CARTESIAN_POINT('',(-68.9820508075689,-103.964101615138,2.));
#8447=CARTESIAN_POINT('',(-138.964101615138,-102.964101615138,2.));
#8448=CARTESIAN_POINT('Origin',(-137.964101615138,-102.964101615138,2.));
#8449=CARTESIAN_POINT('',(-138.964101615138,-29.0358983848622,2.));
#8450=CARTESIAN_POINT('',(-138.964101615138,-71.7629491924311,2.));
#8451=CARTESIAN_POINT('',(-137.964101615138,-28.0358983848622,2.));
#8452=CARTESIAN_POINT('Origin',(-137.964101615138,-29.0358983848622,2.));
#8453=CARTESIAN_POINT('',(137.964101615138,-28.0358983848622,2.));
#8454=CARTESIAN_POINT('',(68.9820508075689,-28.0358983848622,2.));
#8455=CARTESIAN_POINT('',(138.964101615138,-29.0358983848622,2.));
#8456=CARTESIAN_POINT('Origin',(137.964101615138,-29.0358983848622,2.));
#8457=CARTESIAN_POINT('',(138.964101615138,-102.964101615138,2.));
#8458=CARTESIAN_POINT('',(138.964101615138,-108.727050807569,2.));
#8459=CARTESIAN_POINT('',(137.964101615138,-103.964101615138,2.));
#8460=CARTESIAN_POINT('Origin',(137.964101615138,-102.964101615138,2.));
#8461=CARTESIAN_POINT('',(117.464101615138,-103.964101615138,2.));
#8462=CARTESIAN_POINT('',(58.7320508075689,-103.964101615138,2.));
#8463=CARTESIAN_POINT('',(116.464101615138,-104.964101615138,2.));
#8464=CARTESIAN_POINT('Origin',(117.464101615138,-104.964101615138,2.));
#8465=CARTESIAN_POINT('',(116.464101615138,-119.964101615138,2.));
#8466=CARTESIAN_POINT('',(116.464101615138,-117.227050807569,2.));
#8467=CARTESIAN_POINT('Origin',(115.464101615138,-119.964101615138,2.));
#8468=CARTESIAN_POINT('',(-65.5,-125.,2.));
#8469=CARTESIAN_POINT('Origin',(-67.5,-125.,2.));
#8470=CARTESIAN_POINT('',(137.115,-203.18,2.));
#8471=CARTESIAN_POINT('Origin',(133.315,-203.18,2.));
#8472=CARTESIAN_POINT('',(131.515,-210.18,2.));
#8473=CARTESIAN_POINT('Origin',(129.515,-210.18,2.));
#8474=CARTESIAN_POINT('',(145.,-99.3,2.));
#8475=CARTESIAN_POINT('Origin',(143.,-99.3,2.));
#8476=CARTESIAN_POINT('',(65.,-24.,2.));
#8477=CARTESIAN_POINT('Origin',(63.,-24.,2.));
#8478=CARTESIAN_POINT('',(1.99999999999999,-16.65,2.));
#8479=CARTESIAN_POINT('Origin',(0.,-16.65,2.));
#8480=CARTESIAN_POINT('',(145.,-32.7,2.));
#8481=CARTESIAN_POINT('Origin',(143.,-32.7,2.));
#8482=CARTESIAN_POINT('',(140.815,-5.,2.));
#8483=CARTESIAN_POINT('Origin',(138.815,-5.,2.));
#8484=CARTESIAN_POINT('',(-145.715,-5.6,2.));
#8485=CARTESIAN_POINT('Origin',(-144.365,-5.6,2.));
#8486=CARTESIAN_POINT('',(-122.115,-16.9,2.));
#8487=CARTESIAN_POINT('Origin',(-120.765,-16.9,2.));
#8488=CARTESIAN_POINT('',(-140.815,-5.,2.));
#8489=CARTESIAN_POINT('Origin',(-138.815,-5.,2.));
#8490=CARTESIAN_POINT('',(-144.965,-20.9,2.));
#8491=CARTESIAN_POINT('',(-143.965,-21.9,2.));
#8492=CARTESIAN_POINT('Origin',(-143.965,-20.9,2.));
#8493=CARTESIAN_POINT('',(-144.965,-10.6,2.));
#8494=CARTESIAN_POINT('',(-144.965,-20.6375,2.));
#8495=CARTESIAN_POINT('',(-143.965,-9.6,2.));
#8496=CARTESIAN_POINT('Origin',(-143.965,-10.6,2.));
#8497=CARTESIAN_POINT('',(-133.665,-9.6,2.));
#8498=CARTESIAN_POINT('',(-123.79875,-9.6,2.));
#8499=CARTESIAN_POINT('',(-132.665,-10.6,2.));
#8500=CARTESIAN_POINT('Origin',(-133.665,-10.6,2.));
#8501=CARTESIAN_POINT('',(-132.665,-20.9,2.));
#8502=CARTESIAN_POINT('',(-132.665,-14.4875,2.));
#8503=CARTESIAN_POINT('',(-133.665,-21.9,2.));
#8504=CARTESIAN_POINT('Origin',(-133.665,-20.9,2.));
#8505=CARTESIAN_POINT('',(-117.64875,-21.9,2.));
#8506=CARTESIAN_POINT('',(-65.,-24.0000003576279,2.));
#8507=CARTESIAN_POINT('Origin',(-63.,-24.0000003576279,2.));
#8508=CARTESIAN_POINT('',(-145.,-32.7,2.));
#8509=CARTESIAN_POINT('Origin',(-143.,-32.7,2.));
#8510=CARTESIAN_POINT('',(-145.715,-24.2,2.));
#8511=CARTESIAN_POINT('Origin',(-144.365,-24.2,2.));
#8512=CARTESIAN_POINT('',(-102.065,-22.85,2.));
#8513=CARTESIAN_POINT('Origin',(-100.715,-22.85,2.));
#8514=CARTESIAN_POINT('',(117.015000000002,-210.179999999996,2.));
#8515=CARTESIAN_POINT('',(122.015000000006,-210.18,2.));
#8516=CARTESIAN_POINT('',(122.015000000006,-210.18,2.));
#8517=CARTESIAN_POINT('',(122.014999999998,-215.179999999995,2.));
#8518=CARTESIAN_POINT('',(122.014999999998,-215.179999999995,2.));
#8519=CARTESIAN_POINT('',(117.014999999998,-215.179999999996,2.));
#8520=CARTESIAN_POINT('',(61.0074999999989,-215.179999999995,2.));
#8521=CARTESIAN_POINT('',(117.015000000017,-155.935000000004,2.));
#8522=CARTESIAN_POINT('',(-137.714101615138,-110.214101615138,2.));
#8523=CARTESIAN_POINT('Origin',(-139.714101615138,-110.214101615138,2.));
#8524=CARTESIAN_POINT('',(-113.714101615138,-110.214101615138,2.));
#8525=CARTESIAN_POINT('Origin',(-115.714101615138,-110.214101615138,2.));
#8526=CARTESIAN_POINT('',(-115.764101615138,-171.214101615138,2.));
#8527=CARTESIAN_POINT('Origin',(-127.714101615138,-171.214101615138,2.));
#8528=CARTESIAN_POINT('',(-137.714101615138,-180.214101615138,2.));
#8529=CARTESIAN_POINT('Origin',(-139.714101615138,-180.214101615138,2.));
#8530=CARTESIAN_POINT('',(-129.515,-203.18,2.));
#8531=CARTESIAN_POINT('Origin',(-133.315,-203.18,2.));
#8532=CARTESIAN_POINT('',(-141.,-99.3,2.));
#8533=CARTESIAN_POINT('Origin',(-143.,-99.3,2.));
#8534=CARTESIAN_POINT('',(-115.764101615138,-119.214101615138,2.));
#8535=CARTESIAN_POINT('Origin',(-127.714101615138,-119.214101615138,2.));
#8536=CARTESIAN_POINT('',(-113.714101615138,-180.214101615138,2.));
#8537=CARTESIAN_POINT('Origin',(-115.714101615138,-180.214101615138,2.));
#8538=CARTESIAN_POINT('',(-127.515,-210.18,2.));
#8539=CARTESIAN_POINT('Origin',(-129.515,-210.18,2.));
#8540=CARTESIAN_POINT('',(-115.764101615138,-145.214101615138,2.));
#8541=CARTESIAN_POINT('Origin',(-127.714101615138,-145.214101615138,2.));
#8542=CARTESIAN_POINT('',(-117.015,-215.18,2.));
#8543=CARTESIAN_POINT('',(-117.015,-210.18,2.));
#8544=CARTESIAN_POINT('',(-117.015,-162.335,2.));
#8545=CARTESIAN_POINT('',(-122.015,-215.18,2.));
#8546=CARTESIAN_POINT('',(-73.1575,-215.18,2.));
#8547=CARTESIAN_POINT('',(-122.015,-210.18,2.));
#8548=CARTESIAN_POINT('',(-122.015,-210.18,2.));
#8549=CARTESIAN_POINT('',(-117.015,-210.18,2.));
#8550=CARTESIAN_POINT('Origin',(142.315,-227.18,2.8));
#8551=CARTESIAN_POINT('',(72.315,-227.18,3.8));
#8552=CARTESIAN_POINT('',(110.423750000005,-227.18,3.8));
#8553=CARTESIAN_POINT('',(72.315,-227.18,0.8));
#8554=CARTESIAN_POINT('',(72.315,-227.18,1.8));
#8555=CARTESIAN_POINT('',(54.915,-227.18,0.8));
#8556=CARTESIAN_POINT('',(-71.1575,-227.18,0.8));
#8557=CARTESIAN_POINT('',(54.915,-227.18,1.8));
#8558=CARTESIAN_POINT('',(-46.0999999995459,-227.18,3.8));
#8559=CARTESIAN_POINT('',(-46.0999999995459,-227.18,3.3));
#8560=CARTESIAN_POINT('',(-54.915,-227.18,3.8));
#8561=CARTESIAN_POINT('',(71.1575,-227.18,3.8));
#8562=CARTESIAN_POINT('',(-54.915,-227.18,0.8));
#8563=CARTESIAN_POINT('',(-54.915,-227.18,1.8));
#8564=CARTESIAN_POINT('',(-72.315,-227.18,0.8));
#8565=CARTESIAN_POINT('',(-71.1575,-227.18,0.8));
#8566=CARTESIAN_POINT('',(-72.315,-227.18,1.8));
#8567=CARTESIAN_POINT('',(-142.315,-227.18,5.5));
#8568=CARTESIAN_POINT('',(-142.315,-227.18,2.8));
#8569=CARTESIAN_POINT('',(142.315,-227.18,5.5));
#8570=CARTESIAN_POINT('',(71.1575,-227.18,5.5));
#8571=CARTESIAN_POINT('',(142.315,-227.18,2.8));
#8572=CARTESIAN_POINT('Origin',(54.915,-223.180000000013,0.8));
#8573=CARTESIAN_POINT('',(54.9149999999993,-222.180000000013,0.8));
#8574=CARTESIAN_POINT('',(53.915,-223.180000000013,0.8));
#8575=CARTESIAN_POINT('Origin',(54.915,-223.180000000013,0.8));
#8576=CARTESIAN_POINT('',(54.9149999999993,-222.180000000013,0.8));
#8577=CARTESIAN_POINT('',(53.915,-223.180000000013,0.8));
#8578=CARTESIAN_POINT('Origin',(53.915,-222.180000000014,0.8));
#8579=CARTESIAN_POINT('',(72.3149999999993,-222.180000000001,0.8));
#8580=CARTESIAN_POINT('',(26.9575000000386,-222.180000000033,0.8));
#8581=CARTESIAN_POINT('',(72.3149999999993,-222.180000000001,3.8));
#8582=CARTESIAN_POINT('',(72.3149999999993,-222.180000000001,0.8));
#8583=CARTESIAN_POINT('',(69.6000000003575,-222.180000000013,3.8));
#8584=CARTESIAN_POINT('',(73.315,-222.18,3.8));
#8585=CARTESIAN_POINT('',(69.6000000003575,-222.180000000003,2.3));
#8586=CARTESIAN_POINT('Origin',(72.315,-226.18,1.8));
#8587=CARTESIAN_POINT('',(73.315,-226.18,0.8));
#8588=CARTESIAN_POINT('Origin',(72.315,-226.18,0.8));
#8589=CARTESIAN_POINT('',(73.315,-226.18,3.8));
#8590=CARTESIAN_POINT('Origin',(72.315,-226.18,3.8));
#8591=CARTESIAN_POINT('',(73.315,-226.18,1.8));
#8592=CARTESIAN_POINT('Origin',(0.,-114.49,0.8));
#8593=CARTESIAN_POINT('',(53.915,-226.18,0.8));
#8594=CARTESIAN_POINT('',(53.915,-170.73500000001,0.8));
#8595=CARTESIAN_POINT('Origin',(54.915,-226.18,0.8));
#8596=CARTESIAN_POINT('',(73.315,-223.180000000001,0.8));
#8597=CARTESIAN_POINT('',(73.315,-170.735000000012,0.8));
#8598=CARTESIAN_POINT('Origin',(72.315,-223.180000000001,0.8));
#8599=CARTESIAN_POINT('Origin',(73.315,-222.18,0.8));
#8600=CARTESIAN_POINT('',(73.315,-223.180000000001,3.8));
#8601=CARTESIAN_POINT('',(73.315,-222.18,3.8));
#8602=CARTESIAN_POINT('',(73.315,-223.180000000001,0.8));
#8603=CARTESIAN_POINT('Origin',(72.315,-223.180000000001,0.8));
#8604=CARTESIAN_POINT('Origin',(72.315,-223.180000000001,3.8));
#8605=CARTESIAN_POINT('Origin',(54.915,-226.18,1.8));
#8606=CARTESIAN_POINT('',(53.915,-226.18,1.8));
#8607=CARTESIAN_POINT('Origin',(-54.915,-223.18,0.8));
#8608=CARTESIAN_POINT('',(-53.915,-223.18,0.8));
#8609=CARTESIAN_POINT('',(-54.915,-222.18,0.8));
#8610=CARTESIAN_POINT('Origin',(-54.915,-223.18,0.8));
#8611=CARTESIAN_POINT('',(-53.915,-223.18,3.8));
#8612=CARTESIAN_POINT('',(-53.915,-223.18,0.8));
#8613=CARTESIAN_POINT('',(-54.915,-222.18,3.8));
#8614=CARTESIAN_POINT('Origin',(-54.915,-223.18,3.8));
#8615=CARTESIAN_POINT('',(-54.915,-222.18,0.8));
#8616=CARTESIAN_POINT('Origin',(0.,-114.49,0.8));
#8617=CARTESIAN_POINT('',(-72.315,-222.18,0.8));
#8618=CARTESIAN_POINT('',(-30.6249999999881,-222.18,0.8));
#8619=CARTESIAN_POINT('',(-73.315,-223.18,0.8));
#8620=CARTESIAN_POINT('Origin',(-72.315,-223.18,0.8));
#8621=CARTESIAN_POINT('',(-73.315,-226.18,0.8));
#8622=CARTESIAN_POINT('',(-73.315,-170.835,0.8));
#8623=CARTESIAN_POINT('Origin',(-72.315,-226.18,0.8));
#8624=CARTESIAN_POINT('',(-53.915,-226.18,0.8));
#8625=CARTESIAN_POINT('Origin',(-54.915,-226.18,0.8));
#8626=CARTESIAN_POINT('',(-53.915,-170.735000000001,0.8));
#8627=CARTESIAN_POINT('Origin',(-61.2499999999762,-222.18,0.8));
#8628=CARTESIAN_POINT('',(-61.2499999999762,-222.18,3.8));
#8629=CARTESIAN_POINT('',(-73.315,-222.18,3.8));
#8630=CARTESIAN_POINT('',(-61.2499999999762,-222.18,0.8));
#8631=CARTESIAN_POINT('',(-72.315,-222.18,0.8));
#8632=CARTESIAN_POINT('Origin',(-72.315,-223.18,0.8));
#8633=CARTESIAN_POINT('',(-73.315,-223.18,0.8));
#8634=CARTESIAN_POINT('Origin',(-72.315,-226.18,1.8));
#8635=CARTESIAN_POINT('',(-73.315,-226.18,1.8));
#8636=CARTESIAN_POINT('Origin',(-54.915,-226.18,1.8));
#8637=CARTESIAN_POINT('',(-53.915,-226.18,3.8));
#8638=CARTESIAN_POINT('Origin',(-54.915,-226.18,3.8));
#8639=CARTESIAN_POINT('',(-53.915,-226.18,1.8));
#8640=CARTESIAN_POINT('Origin',(-53.915,-222.18,0.8));
#8641=CARTESIAN_POINT('',(-53.915,-222.18,3.8));
#8642=CARTESIAN_POINT('Origin',(-46.0999999995459,-226.18,3.3));
#8643=CARTESIAN_POINT('',(-47.0999999995458,-226.18,3.8));
#8644=CARTESIAN_POINT('',(-47.0999999995458,-226.18,3.3));
#8645=CARTESIAN_POINT('Origin',(-46.0999999995459,-226.18,3.8));
#8646=CARTESIAN_POINT('Origin',(-143.965,-10.6,0.8));
#8647=CARTESIAN_POINT('',(-143.965,-9.60000000000001,0.8));
#8648=CARTESIAN_POINT('',(-144.965,-10.6,0.8));
#8649=CARTESIAN_POINT('Origin',(-143.965,-10.6,0.8));
#8650=CARTESIAN_POINT('',(-143.965,-9.6,0.8));
#8651=CARTESIAN_POINT('',(-144.965,-10.6,0.8));
#8652=CARTESIAN_POINT('Origin',(-144.965,-21.9,0.8));
#8653=CARTESIAN_POINT('',(-144.965,-20.9,0.8));
#8654=CARTESIAN_POINT('',(-144.965,-20.9,0.8));
#8655=CARTESIAN_POINT('',(-144.965,-68.195,0.8));
#8656=CARTESIAN_POINT('Origin',(-133.665,-10.6,0.8));
#8657=CARTESIAN_POINT('',(-132.665,-10.6,0.8));
#8658=CARTESIAN_POINT('',(-133.665,-9.60000000000001,0.8));
#8659=CARTESIAN_POINT('Origin',(-133.665,-10.6,0.8));
#8660=CARTESIAN_POINT('',(-132.665,-10.6,0.8));
#8661=CARTESIAN_POINT('',(-133.665,-9.6,0.8));
#8662=CARTESIAN_POINT('Origin',(-144.965,-9.6,0.8));
#8663=CARTESIAN_POINT('',(-72.4825,-9.60000000000001,0.8));
#8664=CARTESIAN_POINT('Origin',(-133.665,-20.9,0.8));
#8665=CARTESIAN_POINT('',(-133.665,-21.9,0.8));
#8666=CARTESIAN_POINT('',(-132.665,-20.9,0.8));
#8667=CARTESIAN_POINT('Origin',(-133.665,-20.9,0.8));
#8668=CARTESIAN_POINT('',(-133.665,-21.9,0.8));
#8669=CARTESIAN_POINT('',(-132.665,-20.9,0.8));
#8670=CARTESIAN_POINT('Origin',(-132.665,-9.6,0.8));
#8671=CARTESIAN_POINT('',(-132.665,-62.0450000000001,0.8));
#8672=CARTESIAN_POINT('Origin',(-143.965,-20.9,0.8));
#8673=CARTESIAN_POINT('',(-143.965,-21.9,0.8));
#8674=CARTESIAN_POINT('Origin',(-143.965,-20.9,0.8));
#8675=CARTESIAN_POINT('',(-143.965,-21.9,0.8));
#8676=CARTESIAN_POINT('Origin',(-132.665,-21.9,0.8));
#8677=CARTESIAN_POINT('',(-66.3325,-21.9,0.8));
#8678=CARTESIAN_POINT('Origin',(11.2500000000301,-133.12205080823,2.5));
#8679=CARTESIAN_POINT('',(-47.0999999996969,-187.379999999189,2.5));
#8680=CARTESIAN_POINT('',(-50.6374999997672,-187.379999999189,2.5));
#8681=CARTESIAN_POINT('',(-47.1000000000628,-137.480000000176,2.5));
#8682=CARTESIAN_POINT('',(-47.0999999999295,-155.655000000685,2.5));
#8683=CARTESIAN_POINT('',(-43.2000889466515,-133.580000000127,2.5));
#8684=CARTESIAN_POINT('Origin',(-43.199999999878,-137.480000000183,2.5));
#8685=CARTESIAN_POINT('',(65.7000043372568,-133.580000000001,2.5));
#8686=CARTESIAN_POINT('',(65.7000043372568,-133.57999999912,2.5));
#8687=CARTESIAN_POINT('',(69.5999999999346,-137.480000000021,2.5));
#8688=CARTESIAN_POINT('Origin',(65.6999999999084,-137.480000000025,2.5));
#8689=CARTESIAN_POINT('',(69.6000000002721,-187.379999999186,2.5));
#8690=CARTESIAN_POINT('',(69.6000000004115,-207.979999999911,2.5));
#8691=CARTESIAN_POINT('',(83.7500000000282,-187.37999999909,2.5));
#8692=CARTESIAN_POINT('',(80.212500000091,-187.379999999114,2.5));
#8693=CARTESIAN_POINT('',(83.7500000000298,-121.164101615138,2.5));
#8694=CARTESIAN_POINT('',(-50.5499999998184,-139.879999999269,2.5));
#8695=CARTESIAN_POINT('Origin',(-51.5499999998184,-139.879999999269,2.5));
#8696=CARTESIAN_POINT('',(74.6000000001816,-134.879999999269,2.5));
#8697=CARTESIAN_POINT('Origin',(74.0500000001816,-134.879999999269,2.5));
#8698=CARTESIAN_POINT('',(75.0500000001816,-139.879999999269,2.5));
#8699=CARTESIAN_POINT('Origin',(74.0500000001816,-139.879999999269,2.5));
#8700=CARTESIAN_POINT('',(-50.9999999998184,-134.879999999269,2.5));
#8701=CARTESIAN_POINT('Origin',(-51.5499999998184,-134.879999999269,2.5));
#8702=CARTESIAN_POINT('',(69.5,-125.000001743436,2.5));
#8703=CARTESIAN_POINT('Origin',(67.5,-125.000001743436,2.5));
#8704=CARTESIAN_POINT('Origin',(0.,-114.49,1.7));
#8705=CARTESIAN_POINT('',(76.5500000000184,-218.98,1.7));
#8706=CARTESIAN_POINT('Origin',(75.7500000000184,-218.98,1.7));
#8707=CARTESIAN_POINT('Origin',(0.,-114.49,1.7));
#8708=CARTESIAN_POINT('',(-52.4499999999762,-218.98,1.7));
#8709=CARTESIAN_POINT('Origin',(-53.2499999999762,-218.98,1.7));
#8710=CARTESIAN_POINT('Origin',(0.,-114.49,2.5));
#8711=CARTESIAN_POINT('',(76.5500000000113,-191.379999999144,2.5));
#8712=CARTESIAN_POINT('Origin',(75.7500000000113,-191.379999999144,2.5));
#8713=CARTESIAN_POINT('Origin',(0.,-114.49,2.5));
#8714=CARTESIAN_POINT('',(-52.4499999999762,-191.379999999189,2.5));
#8715=CARTESIAN_POINT('Origin',(-53.2499999999762,-191.379999999189,2.5));
#8716=CARTESIAN_POINT('Origin',(75.2499999999288,-205.179999999656,3.5));
#8717=CARTESIAN_POINT('',(75.7999999999288,-205.179999999656,2.5));
#8718=CARTESIAN_POINT('Origin',(75.2499999999288,-205.179999999656,2.5));
#8719=CARTESIAN_POINT('',(75.7999999999288,-205.179999999656,1.1));
#8720=CARTESIAN_POINT('',(75.7999999999288,-205.179999999656,3.5));
#8721=CARTESIAN_POINT('Origin',(75.2499999999288,-205.179999999656,1.1));
#8722=CARTESIAN_POINT('Origin',(75.2499999999288,-205.179999999656,1.1));
#8723=CARTESIAN_POINT('Origin',(-51.5499999998184,-134.879999999269,3.5));
#8724=CARTESIAN_POINT('',(-50.9999999998184,-134.879999999269,1.1));
#8725=CARTESIAN_POINT('',(-50.9999999998184,-134.879999999269,3.5));
#8726=CARTESIAN_POINT('Origin',(-51.5499999998184,-134.879999999269,1.1));
#8727=CARTESIAN_POINT('Origin',(-51.5499999998184,-134.879999999269,1.1));
#8728=CARTESIAN_POINT('Origin',(-52.7500000000712,-205.179999999656,3.5));
#8729=CARTESIAN_POINT('',(-52.2000000000712,-205.179999999656,2.5));
#8730=CARTESIAN_POINT('Origin',(-52.7500000000712,-205.179999999656,2.5));
#8731=CARTESIAN_POINT('',(-52.2000000000712,-205.179999999656,1.1));
#8732=CARTESIAN_POINT('',(-52.2000000000712,-205.179999999656,3.5));
#8733=CARTESIAN_POINT('Origin',(-52.7500000000712,-205.179999999656,1.1));
#8734=CARTESIAN_POINT('Origin',(-52.7500000000712,-205.179999999656,1.1));
#8735=CARTESIAN_POINT('Origin',(74.0500000001816,-134.879999999269,3.5));
#8736=CARTESIAN_POINT('',(74.6000000001816,-134.879999999269,1.1));
#8737=CARTESIAN_POINT('',(74.6000000001816,-134.879999999269,3.5));
#8738=CARTESIAN_POINT('Origin',(74.0500000001816,-134.879999999269,1.1));
#8739=CARTESIAN_POINT('Origin',(74.0500000001816,-134.879999999269,1.1));
#8740=CARTESIAN_POINT('Origin',(83.7500000000238,-212.779999999937,0.8));
#8741=CARTESIAN_POINT('',(83.7500000000282,-187.37999999909,3.8));
#8742=CARTESIAN_POINT('',(83.7500000000282,-187.37999999909,0.8));
#8743=CARTESIAN_POINT('',(83.7500000000213,-226.980000000025,3.8));
#8744=CARTESIAN_POINT('Origin',(69.6000000003508,-212.779999999935,3.8));
#8745=CARTESIAN_POINT('',(69.6000000003533,-216.329999999931,3.8));
#8746=CARTESIAN_POINT('Origin',(-47.0999999995458,-227.17999999999,3.8));
#8747=CARTESIAN_POINT('',(-47.0999999995458,-212.779999999914,3.8));
#8748=CARTESIAN_POINT('',(-47.0999999995458,-212.779999999914,2.3));
#8749=CARTESIAN_POINT('',(-47.0999999995458,-223.529999999979,3.8));
#8750=CARTESIAN_POINT('Origin',(11.2500000000238,-219.879999999969,3.8));
#8751=CARTESIAN_POINT('',(83.7500000000213,-226.980000000025,3.8));
#8752=CARTESIAN_POINT('',(76.5500000000184,-218.98,3.8));
#8753=CARTESIAN_POINT('Origin',(75.7500000000184,-218.98,3.8));
#8754=CARTESIAN_POINT('Origin',(11.2500000000238,-219.879999999969,3.8));
#8755=CARTESIAN_POINT('',(-61.2499999999762,-212.779999999912,3.8));
#8756=CARTESIAN_POINT('',(83.7500000000238,-212.779999999937,3.8));
#8757=CARTESIAN_POINT('',(-61.2499999999762,-226.98,3.8));
#8758=CARTESIAN_POINT('',(-52.4499999999762,-218.98,3.8));
#8759=CARTESIAN_POINT('Origin',(-53.2499999999762,-218.98,3.8));
#8760=CARTESIAN_POINT('Origin',(-73.315,-227.18,0.8));
#8761=CARTESIAN_POINT('Origin',(-128.315,-10.65,0.8));
#8762=CARTESIAN_POINT('',(-128.315,-11.65,0.8));
#8763=CARTESIAN_POINT('',(-129.315,-10.65,0.8));
#8764=CARTESIAN_POINT('Origin',(-128.315,-10.65,0.8));
#8765=CARTESIAN_POINT('',(-129.315,-10.65,0.8));
#8766=CARTESIAN_POINT('',(-128.315,-11.65,0.8));
#8767=CARTESIAN_POINT('Origin',(128.315,-10.65,0.8));
#8768=CARTESIAN_POINT('',(128.315,-11.65,0.8));
#8769=CARTESIAN_POINT('',(129.315,-10.65,0.8));
#8770=CARTESIAN_POINT('Origin',(128.315,-10.65,0.8));
#8771=CARTESIAN_POINT('',(128.315,-11.65,0.8));
#8772=CARTESIAN_POINT('',(129.315,-10.65,0.8));
#8773=CARTESIAN_POINT('Origin',(83.7500000000298,-121.164101615138,0.8));
#8774=CARTESIAN_POINT('Origin',(-146.315,-215.18,0.8));
#8775=CARTESIAN_POINT('',(-117.015,-215.18,5.));
#8776=CARTESIAN_POINT('',(-117.015,-215.18,0.8));
#8777=CARTESIAN_POINT('',(-122.015,-215.18,5.));
#8778=CARTESIAN_POINT('',(-122.015,-215.18,5.));
#8779=CARTESIAN_POINT('',(-122.015,-215.18,0.8));
#8780=CARTESIAN_POINT('Origin',(-117.015,-210.18,0.8));
#8781=CARTESIAN_POINT('',(-117.015,-210.18,5.));
#8782=CARTESIAN_POINT('',(-117.015,-210.18,0.8));
#8783=CARTESIAN_POINT('',(-117.015,-215.18,5.));
#8784=CARTESIAN_POINT('Origin',(117.015000000017,-197.380000000008,0.8));
#8785=CARTESIAN_POINT('',(117.014999999998,-215.179999999996,5.));
#8786=CARTESIAN_POINT('',(117.014999999998,-215.179999999996,0.8));
#8787=CARTESIAN_POINT('',(117.015000000002,-210.179999999996,5.));
#8788=CARTESIAN_POINT('',(117.015000000001,-211.429999999995,5.));
#8789=CARTESIAN_POINT('',(117.015000000002,-210.179999999996,0.8));
#8790=CARTESIAN_POINT('Origin',(122.014999999998,-215.179999999995,0.8));
#8791=CARTESIAN_POINT('',(122.014999999998,-215.179999999995,5.));
#8792=CARTESIAN_POINT('',(122.014999999998,-215.179999999995,0.8));
#8793=CARTESIAN_POINT('',(118.265,-215.179999999995,5.));
#8794=CARTESIAN_POINT('Origin',(116.464101615138,-119.964101615138,2.8));
#8795=CARTESIAN_POINT('',(116.464101615138,-104.964101615138,2.8));
#8796=CARTESIAN_POINT('',(116.464101615138,-104.964101615138,2.8));
#8797=CARTESIAN_POINT('',(116.464101615138,-119.964101615138,2.8));
#8798=CARTESIAN_POINT('',(116.464101615138,-117.227050807569,2.8));
#8799=CARTESIAN_POINT('',(116.464101615138,-119.964101615138,2.8));
#8800=CARTESIAN_POINT('Origin',(117.464101615138,-104.964101615138,2.8));
#8801=CARTESIAN_POINT('',(117.464101615138,-103.964101615138,2.8));
#8802=CARTESIAN_POINT('',(117.464101615138,-103.964101615138,2.8));
#8803=CARTESIAN_POINT('Origin',(117.464101615138,-104.964101615138,2.8));
#8804=CARTESIAN_POINT('Origin',(117.464101615138,-103.964101615138,2.8));
#8805=CARTESIAN_POINT('',(137.964101615138,-103.964101615138,2.8));
#8806=CARTESIAN_POINT('',(137.964101615138,-103.964101615138,2.8));
#8807=CARTESIAN_POINT('',(58.7320508075689,-103.964101615138,2.8));
#8808=CARTESIAN_POINT('Origin',(137.964101615138,-102.964101615138,2.8));
#8809=CARTESIAN_POINT('',(138.964101615138,-102.964101615138,2.8));
#8810=CARTESIAN_POINT('',(138.964101615138,-102.964101615138,2.8));
#8811=CARTESIAN_POINT('Origin',(137.964101615138,-102.964101615138,2.8));
#8812=CARTESIAN_POINT('Origin',(138.964101615138,-102.964101615138,2.8));
#8813=CARTESIAN_POINT('',(138.964101615138,-29.0358983848622,2.8));
#8814=CARTESIAN_POINT('',(138.964101615138,-29.0358983848622,2.8));
#8815=CARTESIAN_POINT('',(138.964101615138,-108.727050807569,2.8));
#8816=CARTESIAN_POINT('Origin',(137.964101615138,-29.0358983848622,2.8));
#8817=CARTESIAN_POINT('',(137.964101615138,-28.0358983848622,2.8));
#8818=CARTESIAN_POINT('',(137.964101615138,-28.0358983848622,2.8));
#8819=CARTESIAN_POINT('Origin',(137.964101615138,-29.0358983848622,2.8));
#8820=CARTESIAN_POINT('Origin',(137.964101615138,-28.0358983848622,2.8));
#8821=CARTESIAN_POINT('',(-137.964101615138,-28.0358983848622,2.8));
#8822=CARTESIAN_POINT('',(-137.964101615138,-28.0358983848622,2.8));
#8823=CARTESIAN_POINT('',(68.9820508075689,-28.0358983848622,2.8));
#8824=CARTESIAN_POINT('Origin',(-137.964101615138,-29.0358983848622,2.8));
#8825=CARTESIAN_POINT('',(-138.964101615138,-29.0358983848622,2.8));
#8826=CARTESIAN_POINT('',(-138.964101615138,-29.0358983848622,2.8));
#8827=CARTESIAN_POINT('Origin',(-137.964101615138,-29.0358983848622,2.8));
#8828=CARTESIAN_POINT('Origin',(146.515,-6.00000000000001,2.8));
#8829=CARTESIAN_POINT('',(146.515,-222.98,5.5));
#8830=CARTESIAN_POINT('',(146.515,-222.98,2.8));
#8831=CARTESIAN_POINT('',(146.515,-6.00000000000001,5.5));
#8832=CARTESIAN_POINT('',(146.515,-60.245,5.5));
#8833=CARTESIAN_POINT('',(146.515,-6.00000000000002,2.8));
#8834=CARTESIAN_POINT('Origin',(142.315,-222.98,2.8));
#8835=CARTESIAN_POINT('Origin',(142.315,-222.98,5.5));
#8836=CARTESIAN_POINT('Origin',(0.,-16.65,0.8));
#8837=CARTESIAN_POINT('',(2.,-16.65,3.7));
#8838=CARTESIAN_POINT('Origin',(0.,-16.65,3.7));
#8839=CARTESIAN_POINT('',(2.,-16.65,0.8));
#8840=CARTESIAN_POINT('Origin',(0.,-16.65,0.8));
#8841=CARTESIAN_POINT('',(0.8,-16.65,3.7));
#8842=CARTESIAN_POINT('Origin',(0.,-16.65,3.7));
#8843=CARTESIAN_POINT('',(0.8,-16.65,0.8));
#8844=CARTESIAN_POINT('',(0.8,-16.65,0.8));
#8845=CARTESIAN_POINT('Origin',(0.,-16.65,0.8));
#8846=CARTESIAN_POINT('Origin',(69.4075,-10.825,3.7));
#8847=CARTESIAN_POINT('Origin',(138.815,-5.,0.8));
#8848=CARTESIAN_POINT('',(140.815,-5.,3.7));
#8849=CARTESIAN_POINT('Origin',(138.815,-5.,3.7));
#8850=CARTESIAN_POINT('',(140.815,-5.,0.8));
#8851=CARTESIAN_POINT('Origin',(138.815,-5.,0.8));
#8852=CARTESIAN_POINT('',(139.615,-5.,3.7));
#8853=CARTESIAN_POINT('Origin',(138.815,-5.,3.7));
#8854=CARTESIAN_POINT('',(139.615,-5.,0.8));
#8855=CARTESIAN_POINT('',(139.615,-5.,0.8));
#8856=CARTESIAN_POINT('Origin',(138.815,-5.,0.8));
#8857=CARTESIAN_POINT('Origin',(69.4075,-10.825,3.7));
#8858=CARTESIAN_POINT('Origin',(143.,-32.7,0.8));
#8859=CARTESIAN_POINT('',(145.,-32.7,6.8));
#8860=CARTESIAN_POINT('Origin',(143.,-32.7,6.8));
#8861=CARTESIAN_POINT('',(145.,-32.7,0.8));
#8862=CARTESIAN_POINT('Origin',(143.,-32.7,0.8));
#8863=CARTESIAN_POINT('',(143.8,-32.7,6.8));
#8864=CARTESIAN_POINT('Origin',(143.,-32.7,6.8));
#8865=CARTESIAN_POINT('',(143.8,-32.7,0.8));
#8866=CARTESIAN_POINT('',(143.8,-32.7,0.8));
#8867=CARTESIAN_POINT('Origin',(143.,-32.7,0.8));
#8868=CARTESIAN_POINT('Origin',(103.,-28.35,6.8));
#8869=CARTESIAN_POINT('Origin',(63.,-24.,0.8));
#8870=CARTESIAN_POINT('',(65.,-24.,6.8));
#8871=CARTESIAN_POINT('Origin',(63.,-24.,6.8));
#8872=CARTESIAN_POINT('',(65.,-24.,0.8));
#8873=CARTESIAN_POINT('Origin',(63.,-24.,0.8));
#8874=CARTESIAN_POINT('',(63.8,-24.,6.8));
#8875=CARTESIAN_POINT('Origin',(63.,-24.,6.8));
#8876=CARTESIAN_POINT('',(63.8,-24.,0.8));
#8877=CARTESIAN_POINT('',(63.8,-24.,0.8));
#8878=CARTESIAN_POINT('Origin',(63.,-24.,0.8));
#8879=CARTESIAN_POINT('Origin',(103.,-28.35,6.8));
#8880=CARTESIAN_POINT('Origin',(0.,-114.49,0.8));
#8881=CARTESIAN_POINT('Origin',(0.,-114.49,0.8));
#8882=CARTESIAN_POINT('Origin',(0.,-114.49,0.8));
#8883=CARTESIAN_POINT('Origin',(143.,-99.3,0.8));
#8884=CARTESIAN_POINT('',(145.,-99.3,6.8));
#8885=CARTESIAN_POINT('Origin',(143.,-99.3,6.8));
#8886=CARTESIAN_POINT('',(145.,-99.3,0.8));
#8887=CARTESIAN_POINT('Origin',(143.,-99.3,0.8));
#8888=CARTESIAN_POINT('',(143.8,-99.3,6.8));
#8889=CARTESIAN_POINT('Origin',(143.,-99.3,6.8));
#8890=CARTESIAN_POINT('',(143.8,-99.3,0.8));
#8891=CARTESIAN_POINT('',(143.8,-99.3,0.8));
#8892=CARTESIAN_POINT('Origin',(143.,-99.3,0.8));
#8893=CARTESIAN_POINT('Origin',(143.,-99.3,6.8));
#8894=CARTESIAN_POINT('Origin',(133.315,-203.18,0.8));
#8895=CARTESIAN_POINT('',(137.115,-203.18,6.3));
#8896=CARTESIAN_POINT('Origin',(133.315,-203.18,6.3));
#8897=CARTESIAN_POINT('',(137.115,-203.18,0.8));
#8898=CARTESIAN_POINT('Origin',(133.315,-203.18,0.8));
#8899=CARTESIAN_POINT('',(134.715,-203.18,6.3));
#8900=CARTESIAN_POINT('Origin',(133.315,-203.18,6.3));
#8901=CARTESIAN_POINT('',(134.715,-203.18,0.8));
#8902=CARTESIAN_POINT('',(134.715,-203.18,0.8));
#8903=CARTESIAN_POINT('Origin',(133.315,-203.18,0.8));
#8904=CARTESIAN_POINT('Origin',(133.315,-203.18,6.3));
#8905=CARTESIAN_POINT('Origin',(129.515,-210.18,0.8));
#8906=CARTESIAN_POINT('',(131.515,-210.18,3.7));
#8907=CARTESIAN_POINT('Origin',(129.515,-210.18,3.7));
#8908=CARTESIAN_POINT('',(131.515,-210.18,0.8));
#8909=CARTESIAN_POINT('Origin',(129.515,-210.18,0.8));
#8910=CARTESIAN_POINT('',(130.315,-210.18,3.7));
#8911=CARTESIAN_POINT('Origin',(129.515,-210.18,3.7));
#8912=CARTESIAN_POINT('',(130.315,-210.18,0.8));
#8913=CARTESIAN_POINT('',(130.315,-210.18,0.8));
#8914=CARTESIAN_POINT('Origin',(129.515,-210.18,0.8));
#8915=CARTESIAN_POINT('Origin',(129.515,-210.18,3.7));
#8916=CARTESIAN_POINT('Origin',(122.015000000006,-210.18,0.8));
#8917=CARTESIAN_POINT('',(122.015000000006,-210.18,5.));
#8918=CARTESIAN_POINT('',(120.765000000005,-210.179999999999,5.));
#8919=CARTESIAN_POINT('',(122.015000000006,-210.18,0.8));
#8920=CARTESIAN_POINT('Origin',(122.014999999998,-215.179999999995,0.8));
#8921=CARTESIAN_POINT('',(122.015,-213.929999999997,5.));
#8922=CARTESIAN_POINT('Origin',(119.515000000002,-212.679999999996,5.));
#8923=CARTESIAN_POINT('Origin',(0.,-114.49,0.8));
#8924=CARTESIAN_POINT('Origin',(0.,-114.49,0.8));
#8925=CARTESIAN_POINT('Origin',(0.,-114.49,0.8));
#8926=CARTESIAN_POINT('Origin',(67.5,-125.000001743436,0.8));
#8927=CARTESIAN_POINT('',(69.5,-125.000001743436,6.8));
#8928=CARTESIAN_POINT('Origin',(67.5,-125.000001743436,6.8));
#8929=CARTESIAN_POINT('',(69.5,-125.000001743436,0.8));
#8930=CARTESIAN_POINT('Origin',(67.5,-125.000001743436,0.8));
#8931=CARTESIAN_POINT('',(68.3,-125.000001743436,6.8));
#8932=CARTESIAN_POINT('Origin',(67.5,-125.000001743436,6.8));
#8933=CARTESIAN_POINT('',(68.3,-125.000001743436,0.8));
#8934=CARTESIAN_POINT('',(68.3,-125.000001743436,0.8));
#8935=CARTESIAN_POINT('Origin',(67.5,-125.000001743436,0.8));
#8936=CARTESIAN_POINT('Origin',(67.5,-125.000001743436,6.8));
#8937=CARTESIAN_POINT('Origin',(-67.5,-125.,0.8));
#8938=CARTESIAN_POINT('',(-65.5,-125.,6.8));
#8939=CARTESIAN_POINT('Origin',(-67.5,-125.,6.8));
#8940=CARTESIAN_POINT('',(-65.5,-125.,0.8));
#8941=CARTESIAN_POINT('Origin',(-67.5,-125.,0.8));
#8942=CARTESIAN_POINT('',(-66.7,-125.,6.8));
#8943=CARTESIAN_POINT('Origin',(-67.5,-125.,6.8));
#8944=CARTESIAN_POINT('',(-66.7,-125.,0.8));
#8945=CARTESIAN_POINT('',(-66.7,-125.,0.8));
#8946=CARTESIAN_POINT('Origin',(-67.5,-125.,0.8));
#8947=CARTESIAN_POINT('Origin',(-67.5,-125.,6.8));
#8948=CARTESIAN_POINT('Origin',(-5.6000000001005,-211.879999999879,0.8));
#8949=CARTESIAN_POINT('',(-5.6000000001005,-211.879999999879,0.8));
#8950=CARTESIAN_POINT('Origin',(83.7500000000238,-212.779999999937,0.8));
#8951=CARTESIAN_POINT('',(-61.2499999999762,-212.779999999912,0.8));
#8952=CARTESIAN_POINT('Origin',(-47.0999999996969,-187.379999999189,0.8));
#8953=CARTESIAN_POINT('',(-47.0999999996969,-187.379999999189,3.8));
#8954=CARTESIAN_POINT('',(-46.5999999996969,-187.379999999189,3.8));
#8955=CARTESIAN_POINT('',(-47.0999999996969,-187.379999999189,0.8));
#8956=CARTESIAN_POINT('Origin',(83.7500000000282,-187.37999999909,0.8));
#8957=CARTESIAN_POINT('',(69.6000000002721,-187.379999999186,3.8));
#8958=CARTESIAN_POINT('',(69.6000000002721,-187.379999999186,0.8));
#8959=CARTESIAN_POINT('',(83.7500000000282,-187.37999999909,3.8));
#8960=CARTESIAN_POINT('Origin',(-53.2499999999762,-191.379999999189,0.8));
#8961=CARTESIAN_POINT('',(-52.4499999999762,-191.379999999189,3.8));
#8962=CARTESIAN_POINT('Origin',(-53.2499999999762,-191.379999999189,3.8));
#8963=CARTESIAN_POINT('',(-52.4499999999762,-191.379999999189,0.8));
#8964=CARTESIAN_POINT('Origin',(-49.6000000002676,-190.380000000002,0.8));
#8965=CARTESIAN_POINT('',(-47.0999999996749,-190.38000000003,3.8));
#8966=CARTESIAN_POINT('',(-47.0999999996749,-190.38000000003,0.8));
#8967=CARTESIAN_POINT('',(-49.6000000002676,-190.380000000002,3.8));
#8968=CARTESIAN_POINT('Origin',(-54.1749999998256,-192.379999999595,3.8));
#8969=CARTESIAN_POINT('',(-47.1000000000628,-137.480000000176,3.8));
#8970=CARTESIAN_POINT('Origin',(-53.2499999999762,-218.98,0.8));
#8971=CARTESIAN_POINT('',(-52.4499999999762,-218.98,0.8));
#8972=CARTESIAN_POINT('Origin',(75.7500000000184,-218.98,0.8));
#8973=CARTESIAN_POINT('',(76.5500000000184,-218.98,0.8));
#8974=CARTESIAN_POINT('Origin',(44.0999999999349,-215.780000000038,0.8));
#8975=CARTESIAN_POINT('Origin',(53.915,-226.98000000002,0.8));
#8976=CARTESIAN_POINT('Origin',(28.0999999999501,-211.879999999879,0.8));
#8977=CARTESIAN_POINT('Origin',(69.6000000002924,-190.380000000002,0.8));
#8978=CARTESIAN_POINT('',(69.6000000002924,-190.380000000002,3.8));
#8979=CARTESIAN_POINT('',(72.0999999999348,-190.380000000002,3.8));
#8980=CARTESIAN_POINT('',(69.6000000002924,-190.380000000002,0.8));
#8981=CARTESIAN_POINT('Origin',(75.7500000000113,-191.379999999144,0.8));
#8982=CARTESIAN_POINT('',(76.5500000000113,-191.379999999144,3.8));
#8983=CARTESIAN_POINT('Origin',(75.7500000000113,-191.379999999144,3.8));
#8984=CARTESIAN_POINT('',(76.5500000000113,-191.379999999144,0.8));
#8985=CARTESIAN_POINT('Origin',(76.6750000001529,-192.379999999549,3.8));
#8986=CARTESIAN_POINT('',(69.6000000004115,-207.979999999911,3.8));
#8987=CARTESIAN_POINT('Origin',(79.2499999999328,-197.380000000002,0.8));
#8988=CARTESIAN_POINT('',(69.6000000003398,-197.380000000002,2.5));
#8989=CARTESIAN_POINT('',(69.6000000003398,-197.380000000002,0.8));
#8990=CARTESIAN_POINT('',(79.2499999999328,-197.380000000002,2.5));
#8991=CARTESIAN_POINT('Origin',(75.2499999999288,-201.179999999656,0.8));
#8992=CARTESIAN_POINT('',(76.2499999999288,-201.179999999656,3.5));
#8993=CARTESIAN_POINT('Origin',(75.2499999999288,-201.179999999656,3.5));
#8994=CARTESIAN_POINT('',(76.2499999999288,-201.179999999656,2.5));
#8995=CARTESIAN_POINT('',(76.2499999999288,-201.179999999656,0.8));
#8996=CARTESIAN_POINT('Origin',(75.2499999999288,-201.179999999656,2.5));
#8997=CARTESIAN_POINT('Origin',(75.2499999999288,-201.179999999656,3.5));
#8998=CARTESIAN_POINT('Origin',(65.7000104440658,-211.879999999879,0.8));
#8999=CARTESIAN_POINT('',(65.7000104440658,-211.879999999879,0.8));
#9000=CARTESIAN_POINT('Origin',(65.7000000000298,-207.980000000097,0.8));
#9001=CARTESIAN_POINT('',(69.6000000004115,-207.979999999911,0.8));
#9002=CARTESIAN_POINT('Origin',(83.7500000000238,-212.779999999937,0.8));
#9003=CARTESIAN_POINT('Origin',(69.6000000004115,-207.979999999931,0.8));
#9004=CARTESIAN_POINT('',(76.2499999999492,-207.979999999886,2.5));
#9005=CARTESIAN_POINT('',(76.2499999999492,-207.979999999886,0.8));
#9006=CARTESIAN_POINT('',(69.6000000004115,-207.979999999911,2.5));
#9007=CARTESIAN_POINT('',(69.1000000004115,-207.979999999935,2.5));
#9008=CARTESIAN_POINT('',(69.6000000004115,-207.979999999911,0.8));
#9009=CARTESIAN_POINT('Origin',(76.2499999999289,-204.979999999888,0.8));
#9010=CARTESIAN_POINT('',(79.249999999927,-204.979999999968,2.5));
#9011=CARTESIAN_POINT('',(79.249999999927,-204.979999999968,0.8));
#9012=CARTESIAN_POINT('Origin',(76.2499999999289,-204.979999999888,2.5));
#9013=CARTESIAN_POINT('Origin',(79.2499999999289,-204.979999999968,0.8));
#9014=CARTESIAN_POINT('',(79.2499999999289,-204.979999999968,2.5));
#9015=CARTESIAN_POINT('Origin',(69.6000000003398,-197.380000000002,0.8));
#9016=CARTESIAN_POINT('',(69.5999999999346,-137.480000000021,0.8));
#9017=CARTESIAN_POINT('',(69.6000000004115,-207.979999999911,2.5));
#9018=CARTESIAN_POINT('Origin',(74.4250000001363,-202.679999999966,2.5));
#9019=CARTESIAN_POINT('Origin',(-52.7500000000712,-201.179999999656,0.8));
#9020=CARTESIAN_POINT('',(-51.7500000000712,-201.179999999656,3.5));
#9021=CARTESIAN_POINT('Origin',(-52.7500000000712,-201.179999999656,3.5));
#9022=CARTESIAN_POINT('',(-51.7500000000712,-201.179999999656,2.5));
#9023=CARTESIAN_POINT('',(-51.7500000000712,-201.179999999656,0.8));
#9024=CARTESIAN_POINT('Origin',(-52.7500000000712,-201.179999999656,2.5));
#9025=CARTESIAN_POINT('Origin',(-52.7500000000712,-201.179999999656,3.5));
#9026=CARTESIAN_POINT('Origin',(-43.1999999999822,-207.979999999777,0.8));
#9027=CARTESIAN_POINT('',(-47.0999999995458,-207.979999999785,0.8));
#9028=CARTESIAN_POINT('',(-43.2000197542582,-211.879999999879,0.8));
#9029=CARTESIAN_POINT('Origin',(-21.6000000000684,-211.879999999879,0.8));
#9030=CARTESIAN_POINT('',(-21.6000000000684,-211.879999999879,0.8));
#9031=CARTESIAN_POINT('Origin',(-21.600000000078,-212.779999999919,0.8));
#9032=CARTESIAN_POINT('Origin',(-53.7500000000725,-204.979999999833,0.8));
#9033=CARTESIAN_POINT('',(-53.7500000000505,-207.979999999833,2.5));
#9034=CARTESIAN_POINT('',(-53.7500000000505,-207.979999999833,0.8));
#9035=CARTESIAN_POINT('Origin',(-53.7500000000725,-204.979999999833,2.5));
#9036=CARTESIAN_POINT('Origin',(-53.7500000000505,-207.979999999833,0.8));
#9037=CARTESIAN_POINT('',(-47.0999999995458,-207.979999999785,2.5));
#9038=CARTESIAN_POINT('',(-47.0999999995458,-207.979999999785,0.8));
#9039=CARTESIAN_POINT('',(-46.5999999995459,-207.979999999781,2.5));
#9040=CARTESIAN_POINT('Origin',(-47.0999999996236,-197.380000000002,0.8));
#9041=CARTESIAN_POINT('',(-47.0999999996236,-197.380000000002,2.5));
#9042=CARTESIAN_POINT('',(-46.5999999995459,-197.380000000002,2.5));
#9043=CARTESIAN_POINT('',(-47.0999999996236,-197.380000000002,0.8));
#9044=CARTESIAN_POINT('Origin',(-51.9249999998334,-202.679999999918,2.5));
#9045=CARTESIAN_POINT('',(-47.1000000000628,-137.480000000176,2.5));
#9046=CARTESIAN_POINT('Origin',(74.0500000001816,-139.879999999269,0.8));
#9047=CARTESIAN_POINT('',(75.0500000001816,-139.879999999269,3.5));
#9048=CARTESIAN_POINT('Origin',(74.0500000001816,-139.879999999269,3.5));
#9049=CARTESIAN_POINT('',(75.0500000001816,-139.879999999269,0.8));
#9050=CARTESIAN_POINT('Origin',(74.0500000001816,-139.879999999269,3.5));
#9051=CARTESIAN_POINT('Origin',(-51.5499999998184,-139.879999999269,0.8));
#9052=CARTESIAN_POINT('',(-50.5499999998184,-139.879999999269,3.5));
#9053=CARTESIAN_POINT('Origin',(-51.5499999998184,-139.879999999269,3.5));
#9054=CARTESIAN_POINT('',(-50.5499999998184,-139.879999999269,0.8));
#9055=CARTESIAN_POINT('Origin',(-51.5499999998184,-139.879999999269,3.5));
#9056=CARTESIAN_POINT('Origin',(65.6999999999084,-137.480000000025,0.8));
#9057=CARTESIAN_POINT('',(65.7000043372568,-133.580000000001,0.8));
#9058=CARTESIAN_POINT('Origin',(-43.2000889466515,-133.580000000127,0.8));
#9059=CARTESIAN_POINT('',(-43.2000889466515,-133.580000000127,0.8));
#9060=CARTESIAN_POINT('Origin',(-43.199999999878,-137.480000000183,0.8));
#9061=CARTESIAN_POINT('',(-47.1000000000628,-137.480000000176,0.8));
#9062=CARTESIAN_POINT('Origin',(-47.1000000000071,-145.080000001218,0.8));
#9063=CARTESIAN_POINT('Origin',(-61.2499999999762,-130.079999999711,0.8));
#9064=CARTESIAN_POINT('Origin',(0.,-114.49,0.8));
#9065=CARTESIAN_POINT('Origin',(0.,-114.49,0.8));
#9066=CARTESIAN_POINT('Origin',(-129.515,-210.18,0.8));
#9067=CARTESIAN_POINT('',(-127.515,-210.18,3.7));
#9068=CARTESIAN_POINT('Origin',(-129.515,-210.18,3.7));
#9069=CARTESIAN_POINT('',(-127.515,-210.18,0.8));
#9070=CARTESIAN_POINT('Origin',(-129.515,-210.18,0.8));
#9071=CARTESIAN_POINT('',(-128.715,-210.18,3.7));
#9072=CARTESIAN_POINT('Origin',(-129.515,-210.18,3.7));
#9073=CARTESIAN_POINT('',(-128.715,-210.18,0.8));
#9074=CARTESIAN_POINT('',(-128.715,-210.18,0.8));
#9075=CARTESIAN_POINT('Origin',(-129.515,-210.18,0.8));
#9076=CARTESIAN_POINT('Origin',(-129.515,-210.18,3.7));
#9077=CARTESIAN_POINT('Origin',(-122.015,-210.18,0.8));
#9078=CARTESIAN_POINT('',(-122.015,-210.18,5.));
#9079=CARTESIAN_POINT('',(-122.015,-210.18,5.));
#9080=CARTESIAN_POINT('',(-122.015,-210.18,0.8));
#9081=CARTESIAN_POINT('Origin',(-117.015,-210.18,0.8));
#9082=CARTESIAN_POINT('',(-117.015,-210.18,5.));
#9083=CARTESIAN_POINT('Origin',(-119.515,-212.68,5.));
#9084=CARTESIAN_POINT('Origin',(-133.315,-203.18,0.8));
#9085=CARTESIAN_POINT('',(-129.515,-203.18,6.3));
#9086=CARTESIAN_POINT('Origin',(-133.315,-203.18,6.3));
#9087=CARTESIAN_POINT('',(-129.515,-203.18,0.8));
#9088=CARTESIAN_POINT('Origin',(-133.315,-203.18,0.8));
#9089=CARTESIAN_POINT('',(-131.915,-203.18,6.3));
#9090=CARTESIAN_POINT('Origin',(-133.315,-203.18,6.3));
#9091=CARTESIAN_POINT('',(-131.915,-203.18,0.8));
#9092=CARTESIAN_POINT('',(-131.915,-203.18,0.8));
#9093=CARTESIAN_POINT('Origin',(-133.315,-203.18,0.8));
#9094=CARTESIAN_POINT('Origin',(-133.315,-203.18,6.3));
#9095=CARTESIAN_POINT('Origin',(-115.714101615138,-180.214101615138,0.8));
#9096=CARTESIAN_POINT('',(-113.714101615138,-180.214101615138,9.7));
#9097=CARTESIAN_POINT('Origin',(-115.714101615138,-180.214101615138,9.7));
#9098=CARTESIAN_POINT('',(-113.714101615138,-180.214101615138,0.8));
#9099=CARTESIAN_POINT('Origin',(-115.714101615138,-180.214101615138,0.8));
#9100=CARTESIAN_POINT('',(-114.914101615138,-180.214101615138,9.7));
#9101=CARTESIAN_POINT('Origin',(-115.714101615138,-180.214101615138,9.7));
#9102=CARTESIAN_POINT('',(-114.914101615138,-180.214101615138,0.8));
#9103=CARTESIAN_POINT('',(-114.914101615138,-180.214101615138,0.8));
#9104=CARTESIAN_POINT('Origin',(-115.714101615138,-180.214101615138,0.8));
#9105=CARTESIAN_POINT('Origin',(-115.714101615138,-180.214101615138,9.7));
#9106=CARTESIAN_POINT('Origin',(-139.714101615138,-110.214101615138,0.8));
#9107=CARTESIAN_POINT('',(-137.714101615138,-110.214101615138,9.7));
#9108=CARTESIAN_POINT('Origin',(-139.714101615138,-110.214101615138,9.7));
#9109=CARTESIAN_POINT('',(-137.714101615138,-110.214101615138,0.8));
#9110=CARTESIAN_POINT('Origin',(-139.714101615138,-110.214101615138,0.8));
#9111=CARTESIAN_POINT('',(-138.914101615138,-110.214101615138,9.7));
#9112=CARTESIAN_POINT('Origin',(-139.714101615138,-110.214101615138,9.7));
#9113=CARTESIAN_POINT('',(-138.914101615138,-110.214101615138,0.8));
#9114=CARTESIAN_POINT('',(-138.914101615138,-110.214101615138,0.8));
#9115=CARTESIAN_POINT('Origin',(-139.714101615138,-110.214101615138,0.8));
#9116=CARTESIAN_POINT('Origin',(-139.714101615138,-110.214101615138,9.7));
#9117=CARTESIAN_POINT('Origin',(-139.714101615138,-180.214101615138,0.8));
#9118=CARTESIAN_POINT('',(-137.714101615138,-180.214101615138,9.7));
#9119=CARTESIAN_POINT('Origin',(-139.714101615138,-180.214101615138,9.7));
#9120=CARTESIAN_POINT('',(-137.714101615138,-180.214101615138,0.8));
#9121=CARTESIAN_POINT('Origin',(-139.714101615138,-180.214101615138,0.8));
#9122=CARTESIAN_POINT('',(-138.914101615138,-180.214101615138,9.7));
#9123=CARTESIAN_POINT('Origin',(-139.714101615138,-180.214101615138,9.7));
#9124=CARTESIAN_POINT('',(-138.914101615138,-180.214101615138,0.8));
#9125=CARTESIAN_POINT('',(-138.914101615138,-180.214101615138,0.8));
#9126=CARTESIAN_POINT('Origin',(-139.714101615138,-180.214101615138,0.8));
#9127=CARTESIAN_POINT('Origin',(-139.714101615138,-180.214101615138,9.7));
#9128=CARTESIAN_POINT('Origin',(-115.714101615138,-110.214101615138,0.8));
#9129=CARTESIAN_POINT('',(-113.714101615138,-110.214101615138,9.7));
#9130=CARTESIAN_POINT('Origin',(-115.714101615138,-110.214101615138,9.7));
#9131=CARTESIAN_POINT('',(-113.714101615138,-110.214101615138,0.8));
#9132=CARTESIAN_POINT('Origin',(-115.714101615138,-110.214101615138,0.8));
#9133=CARTESIAN_POINT('',(-114.914101615138,-110.214101615138,9.7));
#9134=CARTESIAN_POINT('Origin',(-115.714101615138,-110.214101615138,9.7));
#9135=CARTESIAN_POINT('',(-114.914101615138,-110.214101615138,0.8));
#9136=CARTESIAN_POINT('',(-114.914101615138,-110.214101615138,0.8));
#9137=CARTESIAN_POINT('Origin',(-115.714101615138,-110.214101615138,0.8));
#9138=CARTESIAN_POINT('Origin',(-115.714101615138,-110.214101615138,9.7));
#9139=CARTESIAN_POINT('Origin',(-143.,-99.3,0.8));
#9140=CARTESIAN_POINT('',(-141.,-99.3,6.8));
#9141=CARTESIAN_POINT('Origin',(-143.,-99.3,6.8));
#9142=CARTESIAN_POINT('',(-141.,-99.3,0.8));
#9143=CARTESIAN_POINT('Origin',(-143.,-99.3,0.8));
#9144=CARTESIAN_POINT('',(-142.2,-99.3,6.8));
#9145=CARTESIAN_POINT('Origin',(-143.,-99.3,6.8));
#9146=CARTESIAN_POINT('',(-142.2,-99.3,0.8));
#9147=CARTESIAN_POINT('',(-142.2,-99.3,0.8));
#9148=CARTESIAN_POINT('Origin',(-143.,-99.3,0.8));
#9149=CARTESIAN_POINT('Origin',(-143.,-99.3,6.8));
#9150=CARTESIAN_POINT('Origin',(-127.714101615138,-145.214101615138,0.8));
#9151=CARTESIAN_POINT('',(-115.764101615138,-145.214101615138,0.8));
#9152=CARTESIAN_POINT('',(-115.764101615138,-145.214101615138,0.8));
#9153=CARTESIAN_POINT('Origin',(-127.714101615138,-145.214101615138,0.8));
#9154=CARTESIAN_POINT('Origin',(-127.714101615138,-119.214101615138,0.8));
#9155=CARTESIAN_POINT('',(-115.764101615138,-119.214101615138,0.8));
#9156=CARTESIAN_POINT('',(-115.764101615138,-119.214101615138,0.8));
#9157=CARTESIAN_POINT('Origin',(-127.714101615138,-119.214101615138,0.8));
#9158=CARTESIAN_POINT('Origin',(-127.714101615138,-171.214101615138,0.8));
#9159=CARTESIAN_POINT('',(-115.764101615138,-171.214101615138,0.8));
#9160=CARTESIAN_POINT('',(-115.764101615138,-171.214101615138,0.8));
#9161=CARTESIAN_POINT('Origin',(-127.714101615138,-171.214101615138,0.8));
#9162=CARTESIAN_POINT('Origin',(0.,-114.49,0.8));
#9163=CARTESIAN_POINT('Origin',(0.,-114.49,0.8));
#9164=CARTESIAN_POINT('',(-138.964101615138,-171.214101615138,0.8));
#9165=CARTESIAN_POINT('Origin',(-127.714101615138,-171.214101615138,0.8));
#9166=CARTESIAN_POINT('Origin',(0.,-114.49,0.8));
#9167=CARTESIAN_POINT('',(-138.964101615138,-119.214101615138,0.8));
#9168=CARTESIAN_POINT('Origin',(-127.714101615138,-119.214101615138,0.8));
#9169=CARTESIAN_POINT('Origin',(0.,-114.49,0.8));
#9170=CARTESIAN_POINT('',(-138.964101615138,-145.214101615138,0.8));
#9171=CARTESIAN_POINT('Origin',(-127.714101615138,-145.214101615138,0.8));
#9172=CARTESIAN_POINT('Origin',(0.,-114.49,0.8));
#9173=CARTESIAN_POINT('Origin',(0.,-114.49,0.8));
#9174=CARTESIAN_POINT('Origin',(0.,-114.49,0.8));
#9175=CARTESIAN_POINT('Origin',(0.,-114.49,0.8));
#9176=CARTESIAN_POINT('Origin',(0.,-114.49,0.8));
#9177=CARTESIAN_POINT('Origin',(0.,-114.49,0.8));
#9178=CARTESIAN_POINT('Origin',(-63.,-24.0000003576279,0.8));
#9179=CARTESIAN_POINT('',(-65.,-24.0000003576279,6.8));
#9180=CARTESIAN_POINT('Origin',(-63.,-24.0000003576279,6.8));
#9181=CARTESIAN_POINT('',(-65.,-24.0000003576279,0.8));
#9182=CARTESIAN_POINT('Origin',(-63.,-24.0000003576279,0.8));
#9183=CARTESIAN_POINT('',(-63.8,-24.0000003576279,6.8));
#9184=CARTESIAN_POINT('Origin',(-63.,-24.0000003576279,6.8));
#9185=CARTESIAN_POINT('',(-63.8,-24.0000003576279,0.8));
#9186=CARTESIAN_POINT('',(-63.8,-24.0000003576279,0.8));
#9187=CARTESIAN_POINT('Origin',(-63.,-24.0000003576279,0.8));
#9188=CARTESIAN_POINT('Origin',(-63.,-24.0000003576279,6.8));
#9189=CARTESIAN_POINT('Origin',(-143.,-32.7,0.8));
#9190=CARTESIAN_POINT('',(-145.,-32.7,6.8));
#9191=CARTESIAN_POINT('Origin',(-143.,-32.7,6.8));
#9192=CARTESIAN_POINT('',(-145.,-32.7,0.8));
#9193=CARTESIAN_POINT('Origin',(-143.,-32.7,0.8));
#9194=CARTESIAN_POINT('',(-143.8,-32.7,6.8));
#9195=CARTESIAN_POINT('Origin',(-143.,-32.7,6.8));
#9196=CARTESIAN_POINT('',(-143.8,-32.7,0.8));
#9197=CARTESIAN_POINT('',(-143.8,-32.7,0.8));
#9198=CARTESIAN_POINT('Origin',(-143.,-32.7,0.8));
#9199=CARTESIAN_POINT('Origin',(-143.,-32.7,6.8));
#9200=CARTESIAN_POINT('Origin',(-138.815,-5.,0.8));
#9201=CARTESIAN_POINT('',(-140.815,-5.,3.7));
#9202=CARTESIAN_POINT('Origin',(-138.815,-5.,3.7));
#9203=CARTESIAN_POINT('',(-140.815,-5.,0.8));
#9204=CARTESIAN_POINT('Origin',(-138.815,-5.,0.8));
#9205=CARTESIAN_POINT('',(-139.615,-5.,3.7));
#9206=CARTESIAN_POINT('Origin',(-138.815,-5.,3.7));
#9207=CARTESIAN_POINT('',(-139.615,-5.,0.8));
#9208=CARTESIAN_POINT('',(-139.615,-5.,0.8));
#9209=CARTESIAN_POINT('Origin',(-138.815,-5.,0.8));
#9210=CARTESIAN_POINT('Origin',(-138.815,-5.,3.7));
#9211=CARTESIAN_POINT('Origin',(-144.365,-24.2,0.8));
#9212=CARTESIAN_POINT('',(-145.715,-24.2,4.6));
#9213=CARTESIAN_POINT('Origin',(-144.365,-24.2,4.6));
#9214=CARTESIAN_POINT('',(-145.715,-24.2,0.8));
#9215=CARTESIAN_POINT('Origin',(-144.365,-24.2,0.8));
#9216=CARTESIAN_POINT('',(-144.915,-24.2,4.6));
#9217=CARTESIAN_POINT('Origin',(-144.365,-24.2,4.6));
#9218=CARTESIAN_POINT('',(-144.915,-24.2,0.8));
#9219=CARTESIAN_POINT('',(-144.915,-24.2,0.8));
#9220=CARTESIAN_POINT('Origin',(-144.365,-24.2,0.8));
#9221=CARTESIAN_POINT('Origin',(-144.365,-24.2,4.6));
#9222=CARTESIAN_POINT('Origin',(-100.715,-22.85,0.8));
#9223=CARTESIAN_POINT('',(-102.065,-22.85,3.6));
#9224=CARTESIAN_POINT('Origin',(-100.715,-22.85,3.6));
#9225=CARTESIAN_POINT('',(-102.065,-22.85,0.8));
#9226=CARTESIAN_POINT('Origin',(-100.715,-22.85,0.8));
#9227=CARTESIAN_POINT('',(-101.265,-22.85,3.6));
#9228=CARTESIAN_POINT('Origin',(-100.715,-22.85,3.6));
#9229=CARTESIAN_POINT('',(-101.265,-22.85,0.8));
#9230=CARTESIAN_POINT('',(-101.265,-22.85,0.8));
#9231=CARTESIAN_POINT('Origin',(-100.715,-22.85,0.8));
#9232=CARTESIAN_POINT('Origin',(-100.715,-22.85,3.6));
#9233=CARTESIAN_POINT('Origin',(-120.765,-16.9,0.8));
#9234=CARTESIAN_POINT('',(-122.115,-16.9,3.6));
#9235=CARTESIAN_POINT('Origin',(-120.765,-16.9,3.6));
#9236=CARTESIAN_POINT('',(-122.115,-16.9,0.8));
#9237=CARTESIAN_POINT('Origin',(-120.765,-16.9,0.8));
#9238=CARTESIAN_POINT('',(-121.315,-16.9,3.6));
#9239=CARTESIAN_POINT('Origin',(-120.765,-16.9,3.6));
#9240=CARTESIAN_POINT('',(-121.315,-16.9,0.8));
#9241=CARTESIAN_POINT('',(-121.315,-16.9,0.8));
#9242=CARTESIAN_POINT('Origin',(-120.765,-16.9,0.8));
#9243=CARTESIAN_POINT('Origin',(-120.765,-16.9,3.6));
#9244=CARTESIAN_POINT('Origin',(-144.365,-5.6,0.8));
#9245=CARTESIAN_POINT('',(-145.715,-5.6,3.4));
#9246=CARTESIAN_POINT('Origin',(-144.365,-5.6,3.4));
#9247=CARTESIAN_POINT('',(-145.715,-5.6,0.8));
#9248=CARTESIAN_POINT('Origin',(-144.365,-5.6,0.8));
#9249=CARTESIAN_POINT('',(-144.915,-5.6,3.4));
#9250=CARTESIAN_POINT('Origin',(-144.365,-5.6,3.4));
#9251=CARTESIAN_POINT('',(-144.915,-5.6,0.8));
#9252=CARTESIAN_POINT('',(-144.915,-5.6,0.8));
#9253=CARTESIAN_POINT('Origin',(-144.365,-5.6,0.8));
#9254=CARTESIAN_POINT('Origin',(-144.365,-5.6,3.4));
#9255=CARTESIAN_POINT('Origin',(0.,-114.49,0.8));
#9256=CARTESIAN_POINT('Origin',(0.,-114.49,0.8));
#9257=CARTESIAN_POINT('Origin',(0.,-114.49,0.8));
#9258=CARTESIAN_POINT('Origin',(0.,-114.49,0.8));
#9259=CARTESIAN_POINT('Origin',(0.,-114.49,0.8));
#9260=CARTESIAN_POINT('Origin',(0.,-114.49,0.8));
#9261=CARTESIAN_POINT('Origin',(0.,-114.49,0.8));
#9262=CARTESIAN_POINT('Origin',(0.,-114.49,0.8));
#9263=CARTESIAN_POINT('Origin',(-142.315,-6.,0.));
#9264=CARTESIAN_POINT('',(-148.315,-6.,0.8));
#9265=CARTESIAN_POINT('',(-142.315,0.,0.8));
#9266=CARTESIAN_POINT('Origin',(-142.315,-6.,0.8));
#9267=CARTESIAN_POINT('',(-148.315,-6.,4.));
#9268=CARTESIAN_POINT('',(-148.315,-6.,0.));
#9269=CARTESIAN_POINT('',(-142.315,0.,4.));
#9270=CARTESIAN_POINT('Origin',(-142.315,-6.,4.));
#9271=CARTESIAN_POINT('',(-142.315,0.,0.));
#9272=CARTESIAN_POINT('Origin',(-148.315,-6.00000000000001,0.));
#9273=CARTESIAN_POINT('',(-148.315,-222.98,0.8));
#9274=CARTESIAN_POINT('',(-148.315,-60.245,0.8));
#9275=CARTESIAN_POINT('',(-148.315,-222.98,4.));
#9276=CARTESIAN_POINT('',(-148.315,-222.98,0.));
#9277=CARTESIAN_POINT('',(-148.315,-222.98,4.));
#9278=CARTESIAN_POINT('Origin',(-142.315,-222.98,0.));
#9279=CARTESIAN_POINT('',(-142.315,-228.98,0.8));
#9280=CARTESIAN_POINT('Origin',(-142.315,-222.98,0.8));
#9281=CARTESIAN_POINT('',(-142.315,-228.98,4.));
#9282=CARTESIAN_POINT('',(-142.315,-228.98,0.));
#9283=CARTESIAN_POINT('Origin',(-142.315,-222.98,4.));
#9284=CARTESIAN_POINT('Origin',(-142.315,-228.98,0.));
#9285=CARTESIAN_POINT('',(29.1569219381652,-228.98,0.8));
#9286=CARTESIAN_POINT('',(24.237604307034,-228.98,2.22008467928146));
#9287=CARTESIAN_POINT('',(-52.4862138937189,-228.98,24.368343225012));
#9288=CARTESIAN_POINT('',(142.315,-228.98,0.8));
#9289=CARTESIAN_POINT('',(-71.1575,-228.98,0.8));
#9290=CARTESIAN_POINT('',(142.315,-228.98,4.));
#9291=CARTESIAN_POINT('',(142.315,-228.98,0.));
#9292=CARTESIAN_POINT('',(142.315,-228.98,4.));
#9293=CARTESIAN_POINT('',(-29.1569219381655,-228.98,0.8));
#9294=CARTESIAN_POINT('',(-71.1575,-228.98,0.8));
#9295=CARTESIAN_POINT('',(-24.237604307034,-228.98,2.22008467928149));
#9296=CARTESIAN_POINT('',(-81.0081069468597,-228.98,-14.168147811285));
#9297=CARTESIAN_POINT('',(-23.6602540378443,-228.98,2.30940107675853));
#9298=CARTESIAN_POINT('Ctrl Pts',(-23.6602540378443,-228.98,2.30940107675853));
#9299=CARTESIAN_POINT('Ctrl Pts',(-23.7504198229394,-228.98,2.30940107675853));
#9300=CARTESIAN_POINT('Ctrl Pts',(-23.8390680050698,-228.98,2.30235194287212));
#9301=CARTESIAN_POINT('Ctrl Pts',(-24.0329040443385,-228.98,2.2733911525766));
#9302=CARTESIAN_POINT('Ctrl Pts',(-24.136188528379,-228.98,2.24936089283475));
#9303=CARTESIAN_POINT('Ctrl Pts',(-24.2376043070339,-228.98,2.2200846792815));
#9304=CARTESIAN_POINT('',(23.6602540378443,-228.98,2.3094010767585));
#9305=CARTESIAN_POINT('',(-82.9876270189222,-228.98,2.3094010767586));
#9306=CARTESIAN_POINT('Ctrl Pts',(24.237604307034,-228.98,2.22008467928146));
#9307=CARTESIAN_POINT('Ctrl Pts',(24.1366235214638,-228.98,2.24923532114742));
#9308=CARTESIAN_POINT('Ctrl Pts',(24.033787964081,-228.979999999991,2.27318551004794));
#9309=CARTESIAN_POINT('Ctrl Pts',(23.8399705549771,-228.979999999991,2.30227939585091));
#9310=CARTESIAN_POINT('Ctrl Pts',(23.7508815456443,-228.98,2.30940107675849));
#9311=CARTESIAN_POINT('Ctrl Pts',(23.6602540378443,-228.98,2.30940107675849));
#9312=CARTESIAN_POINT('Origin',(142.315,-222.98,0.));
#9313=CARTESIAN_POINT('',(148.315,-222.98,0.8));
#9314=CARTESIAN_POINT('Origin',(142.315,-222.98,0.8));
#9315=CARTESIAN_POINT('',(148.315,-222.98,4.));
#9316=CARTESIAN_POINT('',(148.315,-222.98,0.));
#9317=CARTESIAN_POINT('Origin',(142.315,-222.98,4.));
#9318=CARTESIAN_POINT('Origin',(148.315,-222.98,0.));
#9319=CARTESIAN_POINT('',(148.315,-6.00000000000001,0.8));
#9320=CARTESIAN_POINT('',(148.315,-168.735,0.8));
#9321=CARTESIAN_POINT('',(148.315,-6.00000000000001,4.));
#9322=CARTESIAN_POINT('',(148.315,-6.00000000000001,0.));
#9323=CARTESIAN_POINT('',(148.315,-6.00000000000001,4.));
#9324=CARTESIAN_POINT('Origin',(142.315,-6.00000000000001,0.));
#9325=CARTESIAN_POINT('',(142.315,0.,0.8));
#9326=CARTESIAN_POINT('Origin',(142.315,-6.00000000000001,0.8));
#9327=CARTESIAN_POINT('',(142.315,0.,4.));
#9328=CARTESIAN_POINT('',(142.315,0.,0.));
#9329=CARTESIAN_POINT('Origin',(142.315,-6.00000000000001,4.));
#9330=CARTESIAN_POINT('Origin',(-129.315,0.,0.));
#9331=CARTESIAN_POINT('',(-130.315,0.,0.8));
#9332=CARTESIAN_POINT('',(-64.6575,0.,0.8));
#9333=CARTESIAN_POINT('',(-130.315,0.,4.));
#9334=CARTESIAN_POINT('',(-142.315,0.,4.));
#9335=CARTESIAN_POINT('',(-130.315,0.,0.));
#9336=CARTESIAN_POINT('Origin',(-133.965,-10.9,0.));
#9337=CARTESIAN_POINT('',(-133.465,-10.9,0.8));
#9338=CARTESIAN_POINT('',(-133.965,-10.4,0.8));
#9339=CARTESIAN_POINT('Origin',(-133.965,-10.9,0.8));
#9340=CARTESIAN_POINT('',(-133.965,-10.4,0.));
#9341=CARTESIAN_POINT('',(-133.965,-10.4,0.));
#9342=CARTESIAN_POINT('',(-133.465,-10.9,0.));
#9343=CARTESIAN_POINT('Origin',(-133.965,-10.9,0.));
#9344=CARTESIAN_POINT('',(-133.465,-10.9,0.));
#9345=CARTESIAN_POINT('Origin',(-133.465,-10.9,0.));
#9346=CARTESIAN_POINT('',(-133.465,-20.6,0.8));
#9347=CARTESIAN_POINT('',(-133.465,-62.695,0.8));
#9348=CARTESIAN_POINT('',(-133.465,-20.6,0.));
#9349=CARTESIAN_POINT('',(-133.465,-10.9,0.));
#9350=CARTESIAN_POINT('',(-133.465,-20.6,0.));
#9351=CARTESIAN_POINT('Origin',(-133.965,-20.6,0.));
#9352=CARTESIAN_POINT('',(-133.965,-21.1,0.8));
#9353=CARTESIAN_POINT('Origin',(-133.965,-20.6,0.8));
#9354=CARTESIAN_POINT('',(-133.965,-21.1,0.));
#9355=CARTESIAN_POINT('Origin',(-133.965,-20.6,0.));
#9356=CARTESIAN_POINT('',(-133.965,-21.1,0.));
#9357=CARTESIAN_POINT('Origin',(-133.965,-21.1,0.));
#9358=CARTESIAN_POINT('',(-143.665,-21.1,0.8));
#9359=CARTESIAN_POINT('',(-66.9825,-21.1,0.8));
#9360=CARTESIAN_POINT('',(-143.665,-21.1,0.));
#9361=CARTESIAN_POINT('',(-133.965,-21.1,0.));
#9362=CARTESIAN_POINT('',(-143.665,-21.1,0.));
#9363=CARTESIAN_POINT('Ctrl Pts',(135.5,-99.5,2.));
#9364=CARTESIAN_POINT('Ctrl Pts',(136.654700538379,-100.654700538379,1.33333333333333));
#9365=CARTESIAN_POINT('Ctrl Pts',(137.809401076759,-101.809401076759,0.666666666666667));
#9366=CARTESIAN_POINT('Ctrl Pts',(138.964101615138,-102.964101615138,0.));
#9367=CARTESIAN_POINT('Ctrl Pts',(135.5,-88.3333333333334,2.));
#9368=CARTESIAN_POINT('Ctrl Pts',(136.654707660215,-89.2992719125855,1.33333333333333));
#9369=CARTESIAN_POINT('Ctrl Pts',(137.809393954923,-90.2651893751081,0.666666666666668));
#9370=CARTESIAN_POINT('Ctrl Pts',(138.964101615138,-91.2311279543603,0.));
#9371=CARTESIAN_POINT('Ctrl Pts',(135.50001497208,-71.583322440083,2.));
#9372=CARTESIAN_POINT('Ctrl Pts',(136.654705605369,-71.8247955354641,1.33333333333334));
#9373=CARTESIAN_POINT('Ctrl Pts',(137.8094201518,-72.066302395767,0.666666666666666));
#9374=CARTESIAN_POINT('Ctrl Pts',(138.964110785089,-72.3077754911481,0.));
#9375=CARTESIAN_POINT('Ctrl Pts',(135.499357550434,-52.0414928248163,2.00000000000001));
#9376=CARTESIAN_POINT('Ctrl Pts',(136.65406643544,-51.4377938613838,1.33333333333334));
#9377=CARTESIAN_POINT('Ctrl Pts',(137.809037649007,-50.8342836001389,0.666666666666666));
#9378=CARTESIAN_POINT('Ctrl Pts',(138.963746534013,-50.2305846367064,0.));
#9379=CARTESIAN_POINT('Ctrl Pts',(135.499655084683,-42.2707208021644,2.00000000000001));
#9380=CARTESIAN_POINT('Ctrl Pts',(136.654341001573,-41.3409374060306,1.33333333333334));
#9381=CARTESIAN_POINT('Ctrl Pts',(137.809226213662,-40.4113239952611,0.666666666666667));
#9382=CARTESIAN_POINT('Ctrl Pts',(138.963912130552,-39.4815405991274,0.));
#9383=CARTESIAN_POINT('Ctrl Pts',(135.499034199778,-37.3851545396273,2.00000000000001));
#9384=CARTESIAN_POINT('Ctrl Pts',(136.653766527941,-36.3285861322575,1.33333333333335));
#9385=CARTESIAN_POINT('Ctrl Pts',(137.808835537568,-35.2722448665669,0.666666666666666));
#9386=CARTESIAN_POINT('Ctrl Pts',(138.96356786573,-34.2156764591971,0.));
#9387=CARTESIAN_POINT('Ctrl Pts',(135.499833011731,-34.5936713736938,2.00000000000001));
#9388=CARTESIAN_POINT('Ctrl Pts',(136.654466390863,-33.4765971793358,1.33333333333335));
#9389=CARTESIAN_POINT('Ctrl Pts',(137.809377944249,-32.3597981991245,0.666666666666667));
#9390=CARTESIAN_POINT('Ctrl Pts',(138.964011323381,-31.2427240047664,0.));
#9391=CARTESIAN_POINT('Ctrl Pts',(135.498223499795,-33.1974635607283,2.00000000000001));
#9392=CARTESIAN_POINT('Ctrl Pts',(136.653073518235,-32.0547072896284,1.33333333333335));
#9393=CARTESIAN_POINT('Ctrl Pts',(137.808268074312,-30.9120853295709,0.666666666666666));
#9394=CARTESIAN_POINT('Ctrl Pts',(138.963118092753,-29.769329058471,0.));
#9395=CARTESIAN_POINT('Ctrl Pts',(135.501964779727,-32.2512498982516,2.00000000000001));
#9396=CARTESIAN_POINT('Ctrl Pts',(136.656429656323,-31.0921214018606,1.33333333333335));
#9397=CARTESIAN_POINT('Ctrl Pts',(137.810729762981,-29.9330621786624,0.666666666666666));
#9398=CARTESIAN_POINT('Ctrl Pts',(138.965194639577,-28.7739336822713,0.));
#9399=CARTESIAN_POINT('Ctrl Pts',(135.295379168757,-31.7210000824694,2.00000000000001));
#9400=CARTESIAN_POINT('Ctrl Pts',(136.446194435866,-30.5652000184189,1.33333333333335));
#9401=CARTESIAN_POINT('Ctrl Pts',(137.596803738204,-29.4086716920483,0.666666666666667));
#9402=CARTESIAN_POINT('Ctrl Pts',(138.747619005313,-28.2528716279978,0.));
#9403=CARTESIAN_POINT('Ctrl Pts',(134.758552711811,-31.4973922311464,2.00000000000001));
#9404=CARTESIAN_POINT('Ctrl Pts',(135.914414035516,-30.3428756678792,1.33333333333335));
#9405=CARTESIAN_POINT('Ctrl Pts',(137.070287112305,-29.1890189315961,0.666666666666667));
#9406=CARTESIAN_POINT('Ctrl Pts',(138.226148436009,-28.0345023683289,0.));
#9407=CARTESIAN_POINT('Ctrl Pts',(128.898648228354,-31.5033052836326,2.00000000000001));
#9408=CARTESIAN_POINT('Ctrl Pts',(130.029727980689,-30.3485430183594,1.33333333333334));
#9409=CARTESIAN_POINT('Ctrl Pts',(131.159424509953,-29.1917923058424,0.666666666666668));
#9410=CARTESIAN_POINT('Ctrl Pts',(132.290504262288,-28.0370300405692,0.));
#9411=CARTESIAN_POINT('Ctrl Pts',(117.687564115384,-31.4992879081647,2.));
#9412=CARTESIAN_POINT('Ctrl Pts',(118.762290244758,-30.3446069409709,1.33333333333334));
#9413=CARTESIAN_POINT('Ctrl Pts',(119.83703138596,-29.1901851221918,0.666666666666666));
#9414=CARTESIAN_POINT('Ctrl Pts',(120.911757515333,-28.0355041549979,0.));
#9415=CARTESIAN_POINT('Ctrl Pts',(95.2718598390308,-31.5012518954798,2.00000000000001));
#9416=CARTESIAN_POINT('Ctrl Pts',(96.2016250005664,-30.3465405539306,1.33333333333334));
#9417=CARTESIAN_POINT('Ctrl Pts',(97.1308664971832,-29.1910467989586,0.666666666666667));
#9418=CARTESIAN_POINT('Ctrl Pts',(98.0606316587188,-28.0363354574094,0.));
#9419=CARTESIAN_POINT('Ctrl Pts',(67.2497532206233,-31.4994641428736,2.));
#9420=CARTESIAN_POINT('Ctrl Pts',(67.9466227432478,-30.3447713084638,1.33333333333333));
#9421=CARTESIAN_POINT('Ctrl Pts',(68.6436345981945,-29.1903623373758,0.666666666666666));
#9422=CARTESIAN_POINT('Ctrl Pts',(69.3405041208189,-28.035669502966,0.));
#9423=CARTESIAN_POINT('Ctrl Pts',(33.6251693819135,-31.5002881248255,2.));
#9424=CARTESIAN_POINT('Ctrl Pts',(33.9873936257198,-30.3455822498391,1.33333333333333));
#9425=CARTESIAN_POINT('Ctrl Pts',(34.3495273523546,-29.1907160259209,0.666666666666667));
#9426=CARTESIAN_POINT('Ctrl Pts',(34.7117515961609,-28.0360101509345,0.));
#9427=CARTESIAN_POINT('Ctrl Pts',(-11.2084197976272,-31.4997261505655,2.));
#9428=CARTESIAN_POINT('Ctrl Pts',(-11.3291626730525,-30.3450334711355,1.33333333333334));
#9429=CARTESIAN_POINT('Ctrl Pts',(-11.4498570148374,-29.1904755107819,0.666666666666666));
#9430=CARTESIAN_POINT('Ctrl Pts',(-11.5705998902627,-28.0357828313518,0.));
#9431=CARTESIAN_POINT('Ctrl Pts',(-56.041688082844,-31.5002998154842,2.));
#9432=CARTESIAN_POINT('Ctrl Pts',(-56.6453910222091,-30.3455869485881,1.33333333333334));
#9433=CARTESIAN_POINT('Ctrl Pts',(-57.2490872290606,-29.190739600138,0.666666666666668));
#9434=CARTESIAN_POINT('Ctrl Pts',(-57.8527901684257,-28.0360267332419,0.));
#9435=CARTESIAN_POINT('Ctrl Pts',(-95.2708843073436,-31.4997488037059,2.00000000000002));
#9436=CARTESIAN_POINT('Ctrl Pts',(-96.2006585491574,-30.3450612040153,1.33333333333336));
#9437=CARTESIAN_POINT('Ctrl Pts',(-97.1304153688332,-29.1904388521231,0.666666666666666));
#9438=CARTESIAN_POINT('Ctrl Pts',(-98.0601896106469,-28.0357512524326,0.));
#9439=CARTESIAN_POINT('Ctrl Pts',(-114.885737222844,-31.5003173206206,2.00000000000005));
#9440=CARTESIAN_POINT('Ctrl Pts',(-115.942328664197,-30.3455978036031,1.33333333333338));
#9441=CARTESIAN_POINT('Ctrl Pts',(-116.998787054756,-29.1906942356766,0.666666666666667));
#9442=CARTESIAN_POINT('Ctrl Pts',(-118.055378496109,-28.0359747186591,0.));
#9443=CARTESIAN_POINT('Ctrl Pts',(-126.093892152722,-31.4994743239623,2.00000000000006));
#9444=CARTESIAN_POINT('Ctrl Pts',(-127.210917039517,-30.3448113048718,1.3333333333334));
#9445=CARTESIAN_POINT('Ctrl Pts',(-128.327880483643,-29.1902298578673,0.666666666666666));
#9446=CARTESIAN_POINT('Ctrl Pts',(-129.444905370438,-28.0355668387767,0.));
#9447=CARTESIAN_POINT('Ctrl Pts',(-131.698586605232,-31.5010794502446,2.00000000000008));
#9448=CARTESIAN_POINT('Ctrl Pts',(-132.841447029756,-30.3462858124804,1.33333333333341));
#9449=CARTESIAN_POINT('Ctrl Pts',(-133.984064350453,-29.1910825317515,0.666666666666667));
#9450=CARTESIAN_POINT('Ctrl Pts',(-135.126924774976,-28.0362888939873,0.));
#9451=CARTESIAN_POINT('Ctrl Pts',(-134.758378751581,-31.4980193692322,2.00000000000008));
#9452=CARTESIAN_POINT('Ctrl Pts',(-135.914260703066,-30.3435308754126,1.33333333333342));
#9453=CARTESIAN_POINT('Ctrl Pts',(-137.070105408364,-29.1893451384892,0.666666666666667));
#9454=CARTESIAN_POINT('Ctrl Pts',(-138.225987359849,-28.0348566446696,0.));
#9455=CARTESIAN_POINT('Ctrl Pts',(-135.29412368929,-31.7214752159621,2.00000000000009));
#9456=CARTESIAN_POINT('Ctrl Pts',(-136.444864156363,-30.565604715639,1.33333333333342));
#9457=CARTESIAN_POINT('Ctrl Pts',(-137.596103487574,-29.409233060868,0.666666666666667));
#9458=CARTESIAN_POINT('Ctrl Pts',(-138.746843954647,-28.253362560545,0.));
#9459=CARTESIAN_POINT('Ctrl Pts',(-135.502347067468,-32.2519565311095,2.00000000000009));
#9460=CARTESIAN_POINT('Ctrl Pts',(-136.656892665604,-31.0928928615129,1.33333333333342));
#9461=CARTESIAN_POINT('Ctrl Pts',(-137.810803638384,-29.9332820449223,0.666666666666667));
#9462=CARTESIAN_POINT('Ctrl Pts',(-138.96534923652,-28.7742183753256,0.));
#9463=CARTESIAN_POINT('Ctrl Pts',(-135.496945921941,-38.0817550699936,2.00000000000008));
#9464=CARTESIAN_POINT('Ctrl Pts',(-136.651706016563,-37.0214901347048,1.33333333333341));
#9465=CARTESIAN_POINT('Ctrl Pts',(-137.807800368346,-35.9623600880702,0.666666666666666));
#9466=CARTESIAN_POINT('Ctrl Pts',(-138.962560462968,-34.9020951527813,0.));
#9467=CARTESIAN_POINT('Ctrl Pts',(-135.501017838549,-49.2503907931352,2.00000000000002));
#9468=CARTESIAN_POINT('Ctrl Pts',(-136.655687206576,-48.5259261216146,1.33333333333336));
#9469=CARTESIAN_POINT('Ctrl Pts',(-137.809982003496,-47.8011829496718,0.666666666666668));
#9470=CARTESIAN_POINT('Ctrl Pts',(-138.964651371522,-47.0767182781512,0.));
#9471=CARTESIAN_POINT('Ctrl Pts',(-135.498493186342,-66.0001990871509,2.00000000000003));
#9472=CARTESIAN_POINT('Ctrl Pts',(-136.653216699828,-66.0002000773805,1.33333333333336));
#9473=CARTESIAN_POINT('Ctrl Pts',(-137.808578376288,-66.0001158583469,0.666666666666665));
#9474=CARTESIAN_POINT('Ctrl Pts',(-138.963301889774,-66.0001168485765,0.));
#9475=CARTESIAN_POINT('Ctrl Pts',(-135.500906752404,-82.7499238847325,2.00000000000001));
#9476=CARTESIAN_POINT('Ctrl Pts',(-136.655580212375,-83.4743860585835,1.33333333333334));
#9477=CARTESIAN_POINT('Ctrl Pts',(-137.80997352004,-84.1989618663138,0.666666666666669));
#9478=CARTESIAN_POINT('Ctrl Pts',(-138.964646980011,-84.9234240401648,0.));
#9479=CARTESIAN_POINT('Ctrl Pts',(-135.497230460754,-93.9189352524747,2.00000000000002));
#9480=CARTESIAN_POINT('Ctrl Pts',(-136.65197697229,-94.9792046383903,1.33333333333335));
#9481=CARTESIAN_POINT('Ctrl Pts',(-137.807795188737,-96.0380465189904,0.666666666666665));
#9482=CARTESIAN_POINT('Ctrl Pts',(-138.962541700273,-97.0983159049061,0.));
#9483=CARTESIAN_POINT('Ctrl Pts',(-135.501944139699,-99.7489993133269,2.00000000000002));
#9484=CARTESIAN_POINT('Ctrl Pts',(-136.656530578776,-100.908052144498,1.33333333333335));
#9485=CARTESIAN_POINT('Ctrl Pts',(-137.810742230144,-102.067176389095,0.666666666666667));
#9486=CARTESIAN_POINT('Ctrl Pts',(-138.96532866922,-103.226229220266,0.));
#9487=CARTESIAN_POINT('Ctrl Pts',(-135.295779947234,-100.27601247275,2.00000000000002));
#9488=CARTESIAN_POINT('Ctrl Pts',(-136.445936649658,-101.433054766879,1.33333333333335));
#9489=CARTESIAN_POINT('Ctrl Pts',(-137.596665776014,-102.590046735777,0.666666666666667));
#9490=CARTESIAN_POINT('Ctrl Pts',(-138.746822478438,-103.747089029906,0.));
#9491=CARTESIAN_POINT('Ctrl Pts',(-134.761682444307,-100.502677929007,2.00000000000002));
#9492=CARTESIAN_POINT('Ctrl Pts',(-135.916430065806,-101.657219031288,1.33333333333335));
#9493=CARTESIAN_POINT('Ctrl Pts',(-137.071220060721,-102.811046070284,0.666666666666667));
#9494=CARTESIAN_POINT('Ctrl Pts',(-138.22596768222,-103.965587172565,0.));
#9495=CARTESIAN_POINT('Ctrl Pts',(-123.75142245033,-100.494373085652,2.00000000000006));
#9496=CARTESIAN_POINT('Ctrl Pts',(-124.906086806757,-101.649194378095,1.33333333333339));
#9497=CARTESIAN_POINT('Ctrl Pts',(-126.060109807064,-102.806448924893,0.666666666666665));
#9498=CARTESIAN_POINT('Ctrl Pts',(-127.21477416349,-103.961270217336,0.));
#9499=CARTESIAN_POINT('Ctrl Pts',(-111.208301018535,-100.500907300702,2.00000000000015));
#9500=CARTESIAN_POINT('Ctrl Pts',(-112.363016556089,-101.655558090535,1.33333333333348));
#9501=CARTESIAN_POINT('Ctrl Pts',(-113.517789248181,-102.809828749642,0.666666666666668));
#9502=CARTESIAN_POINT('Ctrl Pts',(-114.672504785735,-103.964479539475,0.));
#9503=CARTESIAN_POINT('Ctrl Pts',(-97.7711159399761,-100.499521372437,2.00000000000018));
#9504=CARTESIAN_POINT('Ctrl Pts',(-98.9258131411847,-101.654232940878,1.33333333333351));
#9505=CARTESIAN_POINT('Ctrl Pts',(-100.080449268246,-102.809045435479,0.666666666666666));
#9506=CARTESIAN_POINT('Ctrl Pts',(-101.235146469455,-103.96375700392,0.));
#9507=CARTESIAN_POINT('Ctrl Pts',(-94.1877683270102,-100.499710432623,2.00000000000019));
#9508=CARTESIAN_POINT('Ctrl Pts',(-95.3424709928621,-101.654403948729,1.33333333333352));
#9509=CARTESIAN_POINT('Ctrl Pts',(-96.4971203157231,-102.809153617499,0.666666666666667));
#9510=CARTESIAN_POINT('Ctrl Pts',(-97.6518229815751,-103.963847133606,0.));
#9511=CARTESIAN_POINT('Ctrl Pts',(-92.3960859733335,-100.499643983492,2.0000000000002));
#9512=CARTESIAN_POINT('Ctrl Pts',(-93.5507849872847,-101.65434954125,1.33333333333353));
#9513=CARTESIAN_POINT('Ctrl Pts',(-94.7054345767804,-102.809098702354,0.666666666666666));
#9514=CARTESIAN_POINT('Ctrl Pts',(-95.8601335907316,-103.963804260112,0.));
#9515=CARTESIAN_POINT('Ctrl Pts',(-91.3040007349909,-100.499680153566,2.0000000000002));
#9516=CARTESIAN_POINT('Ctrl Pts',(-92.4587016024542,-101.654379639333,1.33333333333353));
#9517=CARTESIAN_POINT('Ctrl Pts',(-93.6133482604193,-102.809135497859,0.666666666666668));
#9518=CARTESIAN_POINT('Ctrl Pts',(-94.7680491278827,-103.963834983625,0.));
#9519=CARTESIAN_POINT('Ctrl Pts',(-90.91155417666,-100.619524273998,2.0000000000002));
#9520=CARTESIAN_POINT('Ctrl Pts',(-92.0662544705458,-101.774225508775,1.33333333333354));
#9521=CARTESIAN_POINT('Ctrl Pts',(-93.2209022837048,-102.928977685219,0.666666666666665));
#9522=CARTESIAN_POINT('Ctrl Pts',(-94.3756025775906,-104.083678919996,0.));
#9523=CARTESIAN_POINT('Ctrl Pts',(-90.564662543997,-101.041634764417,2.0000000000002));
#9524=CARTESIAN_POINT('Ctrl Pts',(-91.719363251413,-102.196334922451,1.33333333333353));
#9525=CARTESIAN_POINT('Ctrl Pts',(-92.8740102101288,-103.351089089378,0.666666666666668));
#9526=CARTESIAN_POINT('Ctrl Pts',(-94.0287109175448,-104.505789247412,0.));
#9527=CARTESIAN_POINT('Ctrl Pts',(-90.50026414734,-101.369348653064,2.0000000000002));
#9528=CARTESIAN_POINT('Ctrl Pts',(-91.6549646025458,-102.524049195348,1.33333333333354));
#9529=CARTESIAN_POINT('Ctrl Pts',(-92.8096120518156,-103.678802483201,0.666666666666666));
#9530=CARTESIAN_POINT('Ctrl Pts',(-93.9643125070213,-104.833503025486,0.));
#9531=CARTESIAN_POINT('Ctrl Pts',(-90.4998869910318,-102.749756140295,2.0000000000002));
#9532=CARTESIAN_POINT('Ctrl Pts',(-91.6545883849885,-103.904457419586,1.33333333333353));
#9533=CARTESIAN_POINT('Ctrl Pts',(-92.8092336595678,-105.059207798549,0.666666666666666));
#9534=CARTESIAN_POINT('Ctrl Pts',(-93.9639350535245,-106.21390907784,0.));
#9535=CARTESIAN_POINT('Ctrl Pts',(-90.500146570659,-105.250084341259,2.0000000000002));
#9536=CARTESIAN_POINT('Ctrl Pts',(-91.6548457814289,-106.404783690344,1.33333333333353));
#9537=CARTESIAN_POINT('Ctrl Pts',(-92.8094826698864,-107.559501747037,0.666666666666668));
#9538=CARTESIAN_POINT('Ctrl Pts',(-93.9641818806563,-108.714201096122,0.));
#9539=CARTESIAN_POINT('Ctrl Pts',(-90.49984615393,-110.249625174548,2.0000000000002));
#9540=CARTESIAN_POINT('Ctrl Pts',(-91.6545494400012,-111.404328208173,1.33333333333353));
#9541=CARTESIAN_POINT('Ctrl Pts',(-92.8092030955015,-112.559109808828,0.666666666666666));
#9542=CARTESIAN_POINT('Ctrl Pts',(-93.9639063815727,-113.713812842453,0.));
#9543=CARTESIAN_POINT('Ctrl Pts',(-90.5005838643641,-114.00059503637,2.00000000000021));
#9544=CARTESIAN_POINT('Ctrl Pts',(-91.6552799383591,-115.15529143915,1.33333333333354));
#9545=CARTESIAN_POINT('Ctrl Pts',(-92.8098538630355,-116.309854695973,0.666666666666667));
#9546=CARTESIAN_POINT('Ctrl Pts',(-93.9645499370304,-117.464551098754,0.));
#9547=CARTESIAN_POINT('Ctrl Pts',(-90.4998514405827,-116.630398073712,2.00000000000021));
#9548=CARTESIAN_POINT('Ctrl Pts',(-91.6545574081899,-117.785103866661,1.33333333333355));
#9549=CARTESIAN_POINT('Ctrl Pts',(-92.8092065668808,-118.939908241679,0.666666666666667));
#9550=CARTESIAN_POINT('Ctrl Pts',(-93.963912534488,-120.094614034627,0.));
#9551=CARTESIAN_POINT('Ctrl Pts',(-90.4354083829541,-116.959671324627,2.00000000000021));
#9552=CARTESIAN_POINT('Ctrl Pts',(-91.5901033404963,-118.113859009748,1.33333333333355));
#9553=CARTESIAN_POINT('Ctrl Pts',(-92.7448143595768,-119.268133934759,0.666666666666666));
#9554=CARTESIAN_POINT('Ctrl Pts',(-93.899509317119,-120.42232161988,0.));
#9555=CARTESIAN_POINT('Ctrl Pts',(-90.08446624726,-117.383447159194,2.00000000000021));
#9556=CARTESIAN_POINT('Ctrl Pts',(-91.2405583734323,-118.537050086806,1.33333333333355));
#9557=CARTESIAN_POINT('Ctrl Pts',(-92.3965283072262,-119.690832479038,0.666666666666667));
#9558=CARTESIAN_POINT('Ctrl Pts',(-93.5526204333985,-120.84443540665,0.));
#9559=CARTESIAN_POINT('Ctrl Pts',(-89.6926804866428,-117.500149415276,2.00000000000021));
#9560=CARTESIAN_POINT('Ctrl Pts',(-90.8484836554468,-118.654847725033,1.33333333333355));
#9561=CARTESIAN_POINT('Ctrl Pts',(-92.0043691478215,-119.809578964343,0.666666666666667));
#9562=CARTESIAN_POINT('Ctrl Pts',(-93.1601723166255,-120.964277274101,0.));
#9563=CARTESIAN_POINT('Ctrl Pts',(-88.4502581528414,-117.500193989819,2.00000000000021));
#9564=CARTESIAN_POINT('Ctrl Pts',(-89.5990518746389,-118.65489544291,1.33333333333354));
#9565=CARTESIAN_POINT('Ctrl Pts',(-90.747968639204,-119.809606539159,0.666666666666667));
#9566=CARTESIAN_POINT('Ctrl Pts',(-91.8967623610015,-120.96430799225,0.));
#9567=CARTESIAN_POINT('Ctrl Pts',(-86.3512619998712,-117.500167206201,2.0000000000002));
#9568=CARTESIAN_POINT('Ctrl Pts',(-87.4876941793856,-118.654867359096,1.33333333333353));
#9569=CARTESIAN_POINT('Ctrl Pts',(-88.624222442076,-119.809585221011,0.666666666666667));
#9570=CARTESIAN_POINT('Ctrl Pts',(-89.7606546215904,-120.964285373907,0.));
#9571=CARTESIAN_POINT('Ctrl Pts',(-82.1533961421439,-117.500167082401,2.00000000000018));
#9572=CARTESIAN_POINT('Ctrl Pts',(-83.2628517293213,-118.654867772787,1.33333333333352));
#9573=CARTESIAN_POINT('Ctrl Pts',(-84.3724035647458,-119.809580535646,0.666666666666666));
#9574=CARTESIAN_POINT('Ctrl Pts',(-85.4818591519233,-120.964281226032,0.));
#9575=CARTESIAN_POINT('Ctrl Pts',(-74.8070662459726,-117.500133700459,2.00000000000015));
#9576=CARTESIAN_POINT('Ctrl Pts',(-75.8636668445675,-118.654834153603,1.33333333333349));
#9577=CARTESIAN_POINT('Ctrl Pts',(-76.9203459235237,-119.809546928905,0.666666666666667));
#9578=CARTESIAN_POINT('Ctrl Pts',(-77.9769465221186,-120.964247382049,0.));
#9579=CARTESIAN_POINT('Ctrl Pts',(-60.1144392180456,-117.500097452277,2.00000000000011));
#9580=CARTESIAN_POINT('Ctrl Pts',(-61.0442075755191,-118.65479804792,1.33333333333344));
#9581=CARTESIAN_POINT('Ctrl Pts',(-61.974030933579,-119.809505642498,0.666666666666667));
#9582=CARTESIAN_POINT('Ctrl Pts',(-62.9037992910525,-120.964206238141,0.));
#9583=CARTESIAN_POINT('Ctrl Pts',(-39.1249313311979,-117.500038517815,2.00000000000005));
#9584=CARTESIAN_POINT('Ctrl Pts',(-39.8217993990343,-118.654739037592,1.33333333333338));
#9585=CARTESIAN_POINT('Ctrl Pts',(-40.5186912842965,-119.809443558267,0.666666666666666));
#9586=CARTESIAN_POINT('Ctrl Pts',(-41.2155593521329,-120.964144078043,0.));
#9587=CARTESIAN_POINT('Ctrl Pts',(-13.9374770926148,-117.500015373299,2.00000000000001));
#9588=CARTESIAN_POINT('Ctrl Pts',(-14.2997012645867,-118.6547158933,1.33333333333335));
#9589=CARTESIAN_POINT('Ctrl Pts',(-14.6619330419419,-119.809417673436,0.666666666666667));
#9590=CARTESIAN_POINT('Ctrl Pts',(-15.0241572139138,-120.964118193437,0.));
#9591=CARTESIAN_POINT('Ctrl Pts',(19.6458124497326,-117.499995997011,2.00000000000001));
#9592=CARTESIAN_POINT('Ctrl Pts',(19.7665537891154,-118.654696604092,1.33333333333334));
#9593=CARTESIAN_POINT('Ctrl Pts',(19.8872971556289,-119.809397219354,0.666666666666667));
#9594=CARTESIAN_POINT('Ctrl Pts',(20.0080384950117,-120.964097826435,0.));
#9595=CARTESIAN_POINT('Ctrl Pts',(53.2291955736153,-117.500022765917,1.99999999999999));
#9596=CARTESIAN_POINT('Ctrl Pts',(53.8329027840623,-118.654723142757,1.33333333333333));
#9597=CARTESIAN_POINT('Ctrl Pts',(54.4366105663982,-119.809428793159,0.666666666666666));
#9598=CARTESIAN_POINT('Ctrl Pts',(55.0403177768451,-120.964129169999,0.));
#9599=CARTESIAN_POINT('Ctrl Pts',(82.6143912535715,-117.499980722072,1.99999999999998));
#9600=CARTESIAN_POINT('Ctrl Pts',(83.54416026635,-118.654681449668,1.33333333333332));
#9601=CARTESIAN_POINT('Ctrl Pts',(84.4739742184384,-119.809390207185,0.666666666666667));
#9602=CARTESIAN_POINT('Ctrl Pts',(85.4037432312169,-120.964090934781,0.));
#9603=CARTESIAN_POINT('Ctrl Pts',(99.4061526557677,-117.500044115125,1.99999999999997));
#9604=CARTESIAN_POINT('Ctrl Pts',(100.480871006772,-118.654744315097,1.33333333333331));
#9605=CARTESIAN_POINT('Ctrl Pts',(101.555632728961,-119.809466851576,0.666666666666667));
#9606=CARTESIAN_POINT('Ctrl Pts',(102.630351079965,-120.964167051549,0.));
#9607=CARTESIAN_POINT('Ctrl Pts',(107.801699724832,-117.499961484027,1.99999999999996));
#9608=CARTESIAN_POINT('Ctrl Pts',(108.9328044715,-118.654662660935,1.3333333333333));
#9609=CARTESIAN_POINT('Ctrl Pts',(110.06399859694,-119.809379072425,0.666666666666667));
#9610=CARTESIAN_POINT('Ctrl Pts',(111.195103343608,-120.964080249333,0.));
#9611=CARTESIAN_POINT('Ctrl Pts',(112.128614152608,-117.500068204891,1.99999999999996));
#9612=CARTESIAN_POINT('Ctrl Pts',(113.28403763501,-118.654767512267,1.33333333333329));
#9613=CARTESIAN_POINT('Ctrl Pts',(114.439519561888,-119.809500766021,0.666666666666667));
#9614=CARTESIAN_POINT('Ctrl Pts',(115.594943044291,-120.964200073397,0.));
#9615=CARTESIAN_POINT('Ctrl Pts',(112.388080341789,-117.449533513442,1.99999999999996));
#9616=CARTESIAN_POINT('Ctrl Pts',(113.54419625547,-118.603700351303,1.33333333333329));
#9617=CARTESIAN_POINT('Ctrl Pts',(114.700359816058,-119.75789149652,0.666666666666666));
#9618=CARTESIAN_POINT('Ctrl Pts',(115.856475729739,-120.912058334381,0.));
#9619=CARTESIAN_POINT('Ctrl Pts',(112.779333640521,-117.191583794176,1.99999999999996));
#9620=CARTESIAN_POINT('Ctrl Pts',(113.934701099438,-118.345291562995,1.33333333333329));
#9621=CARTESIAN_POINT('Ctrl Pts',(115.090099588052,-119.499047328727,0.666666666666667));
#9622=CARTESIAN_POINT('Ctrl Pts',(116.24546704697,-120.652755097546,0.));
#9623=CARTESIAN_POINT('Ctrl Pts',(112.974942680326,-116.828183390062,1.99999999999996));
#9624=CARTESIAN_POINT('Ctrl Pts',(114.12959935097,-117.982683138887,1.33333333333329));
#9625=CARTESIAN_POINT('Ctrl Pts',(115.284307667011,-119.137224769965,0.666666666666666));
#9626=CARTESIAN_POINT('Ctrl Pts',(116.438964337654,-120.29172451879,0.));
#9627=CARTESIAN_POINT('Ctrl Pts',(112.999829697248,-116.565407004909,1.99999999999996));
#9628=CARTESIAN_POINT('Ctrl Pts',(114.15453649838,-117.720109774511,1.33333333333329));
#9629=CARTESIAN_POINT('Ctrl Pts',(115.309277198958,-118.8748532514,0.666666666666667));
#9630=CARTESIAN_POINT('Ctrl Pts',(116.463984000091,-120.029556021002,0.));
#9631=CARTESIAN_POINT('Ctrl Pts',(113.000738902959,-114.000400596741,1.99999999999997));
#9632=CARTESIAN_POINT('Ctrl Pts',(114.155435959239,-115.155099884601,1.3333333333333));
#9633=CARTESIAN_POINT('Ctrl Pts',(115.310057544169,-116.309798094745,0.666666666666667));
#9634=CARTESIAN_POINT('Ctrl Pts',(116.464754600449,-117.464497382604,0.));
#9635=CARTESIAN_POINT('Ctrl Pts',(112.999854558921,-108.999962939972,1.99999999999998));
#9636=CARTESIAN_POINT('Ctrl Pts',(114.154558145715,-110.154664588156,1.33333333333332));
#9637=CARTESIAN_POINT('Ctrl Pts',(115.309276661116,-111.309402740033,0.666666666666667));
#9638=CARTESIAN_POINT('Ctrl Pts',(116.46398024791,-112.464104388217,0.));
#9639=CARTESIAN_POINT('Ctrl Pts',(113.000623055928,-104.000402492848,1.99999999999999));
#9640=CARTESIAN_POINT('Ctrl Pts',(114.155322220723,-105.15510251436,1.33333333333333));
#9641=CARTESIAN_POINT('Ctrl Pts',(115.309999823674,-106.309831038061,0.666666666666667));
#9642=CARTESIAN_POINT('Ctrl Pts',(116.464698988468,-107.464531059572,0.));
#9643=CARTESIAN_POINT('Ctrl Pts',(112.999995816979,-101.369137504328,2.));
#9644=CARTESIAN_POINT('Ctrl Pts',(114.154696497927,-102.523838140656,1.33333333333333));
#9645=CARTESIAN_POINT('Ctrl Pts',(115.309381588929,-103.678572841714,0.666666666666666));
#9646=CARTESIAN_POINT('Ctrl Pts',(116.464082269877,-104.833273478042,0.));
#9647=CARTESIAN_POINT('Ctrl Pts',(113.052157780847,-101.107578055488,2.));
#9648=CARTESIAN_POINT('Ctrl Pts',(114.206858183921,-102.262278305435,1.33333333333333));
#9649=CARTESIAN_POINT('Ctrl Pts',(115.361543455778,-103.417013465565,0.666666666666668));
#9650=CARTESIAN_POINT('Ctrl Pts',(116.516243858852,-104.571713715512,0.));
#9651=CARTESIAN_POINT('Ctrl Pts',(113.311433292461,-100.718657389889,2.));
#9652=CARTESIAN_POINT('Ctrl Pts',(114.466133968865,-101.873358422589,1.33333333333333));
#9653=CARTESIAN_POINT('Ctrl Pts',(115.620818986178,-103.028092510612,0.666666666666666));
#9654=CARTESIAN_POINT('Ctrl Pts',(116.775519662581,-104.182793543312,0.));
#9655=CARTESIAN_POINT('Ctrl Pts',(113.672483212221,-100.525113969698,2.));
#9656=CARTESIAN_POINT('Ctrl Pts',(114.827183546992,-101.679813449729,1.33333333333333));
#9657=CARTESIAN_POINT('Ctrl Pts',(115.981869068776,-102.834550053072,0.666666666666667));
#9658=CARTESIAN_POINT('Ctrl Pts',(117.136569403548,-103.989249533103,0.));
#9659=CARTESIAN_POINT('Ctrl Pts',(113.934644353189,-100.500105360129,2.));
#9660=CARTESIAN_POINT('Ctrl Pts',(115.089345099496,-101.65480713874,1.33333333333333));
#9661=CARTESIAN_POINT('Ctrl Pts',(116.244029978432,-102.809540032209,0.666666666666667));
#9662=CARTESIAN_POINT('Ctrl Pts',(117.398730724739,-103.964241810821,0.));
#9663=CARTESIAN_POINT('Ctrl Pts',(119.124559280169,-100.499078649281,2.));
#9664=CARTESIAN_POINT('Ctrl Pts',(120.279257668666,-101.653766036615,1.33333333333333));
#9665=CARTESIAN_POINT('Ctrl Pts',(121.433934094811,-102.808432411406,0.666666666666666));
#9666=CARTESIAN_POINT('Ctrl Pts',(122.588632483308,-103.96311979874,0.));
#9667=CARTESIAN_POINT('Ctrl Pts',(125.103771598672,-100.498587510941,2.));
#9668=CARTESIAN_POINT('Ctrl Pts',(126.258475770477,-101.653310333303,1.33333333333333));
#9669=CARTESIAN_POINT('Ctrl Pts',(127.413262236672,-102.808560881484,0.666666666666667));
#9670=CARTESIAN_POINT('Ctrl Pts',(128.567966408477,-103.963283703845,0.));
#9671=CARTESIAN_POINT('Ctrl Pts',(131.937593676274,-100.500337086241,2.));
#9672=CARTESIAN_POINT('Ctrl Pts',(133.092290855455,-101.655016982282,1.33333333333333));
#9673=CARTESIAN_POINT('Ctrl Pts',(134.246962520568,-102.809610171106,0.666666666666667));
#9674=CARTESIAN_POINT('Ctrl Pts',(135.401659699748,-103.964290067147,0.));
#9675=CARTESIAN_POINT('Ctrl Pts',(133.645148312081,-100.49778801234,2.));
#9676=CARTESIAN_POINT('Ctrl Pts',(134.799859684462,-101.65255598788,1.33333333333333));
#9677=CARTESIAN_POINT('Ctrl Pts',(135.954670825019,-102.807927886593,0.666666666666667));
#9678=CARTESIAN_POINT('Ctrl Pts',(137.109382197401,-103.962695862133,0.));
#9679=CARTESIAN_POINT('Ctrl Pts',(134.762106800261,-100.500994914093,2.));
#9680=CARTESIAN_POINT('Ctrl Pts',(135.916788273589,-101.65557194289,1.33333333333333));
#9681=CARTESIAN_POINT('Ctrl Pts',(137.071454665762,-102.810158250589,0.666666666666666));
#9682=CARTESIAN_POINT('Ctrl Pts',(138.22613613909,-103.964735279386,0.));
#9683=CARTESIAN_POINT('Ctrl Pts',(135.161202455641,-100.332874915834,2.));
#9684=CARTESIAN_POINT('Ctrl Pts',(136.31277042407,-101.488956720513,1.33333333333333));
#9685=CARTESIAN_POINT('Ctrl Pts',(137.464381482481,-102.645525289268,0.666666666666667));
#9686=CARTESIAN_POINT('Ctrl Pts',(138.61594945091,-103.801607093947,0.));
#9687=CARTESIAN_POINT('Ctrl Pts',(135.452251558885,-99.879519690204,2.));
#9688=CARTESIAN_POINT('Ctrl Pts',(136.605442457179,-101.038460949364,1.33333333333333));
#9689=CARTESIAN_POINT('Ctrl Pts',(137.758602637544,-102.197227305355,0.666666666666666));
#9690=CARTESIAN_POINT('Ctrl Pts',(138.911793535839,-103.356168564514,0.));
#9691=CARTESIAN_POINT('Ctrl Pts',(135.5,-99.6245816525978,2.));
#9692=CARTESIAN_POINT('Ctrl Pts',(136.654675416917,-100.781314241246,1.33333333333333));
#9693=CARTESIAN_POINT('Ctrl Pts',(137.80942619822,-101.938268720389,0.666666666666667));
#9694=CARTESIAN_POINT('Ctrl Pts',(138.964101615138,-103.095001309037,0.));
#9695=CARTESIAN_POINT('Ctrl Pts',(135.5,-99.5,2.));
#9696=CARTESIAN_POINT('Ctrl Pts',(136.654700538379,-100.654700538379,1.33333333333333));
#9697=CARTESIAN_POINT('Ctrl Pts',(137.809401076759,-101.809401076759,0.666666666666667));
#9698=CARTESIAN_POINT('Ctrl Pts',(138.964101615138,-102.964101615138,0.));
#9699=CARTESIAN_POINT('',(135.5,-99.5,2.));
#9700=CARTESIAN_POINT('Ctrl Pts',(135.5,-99.5,2.));
#9701=CARTESIAN_POINT('Ctrl Pts',(135.5,-99.6245816525978,2.));
#9702=CARTESIAN_POINT('Ctrl Pts',(135.452251558885,-99.879519690204,2.));
#9703=CARTESIAN_POINT('Ctrl Pts',(135.161202455641,-100.332874915834,2.));
#9704=CARTESIAN_POINT('Ctrl Pts',(134.762106800261,-100.500994914093,2.));
#9705=CARTESIAN_POINT('Ctrl Pts',(133.645148312081,-100.49778801234,2.));
#9706=CARTESIAN_POINT('Ctrl Pts',(131.937593676274,-100.500337086241,2.));
#9707=CARTESIAN_POINT('Ctrl Pts',(125.103771598672,-100.498587510941,2.));
#9708=CARTESIAN_POINT('Ctrl Pts',(119.124559280169,-100.499078649281,2.));
#9709=CARTESIAN_POINT('Ctrl Pts',(113.934644353189,-100.500105360129,2.));
#9710=CARTESIAN_POINT('Ctrl Pts',(113.672483212221,-100.525113969698,2.));
#9711=CARTESIAN_POINT('Ctrl Pts',(113.311433292461,-100.718657389889,2.));
#9712=CARTESIAN_POINT('Ctrl Pts',(113.052157780847,-101.107578055488,2.));
#9713=CARTESIAN_POINT('Ctrl Pts',(112.999995816979,-101.369137504328,2.));
#9714=CARTESIAN_POINT('Ctrl Pts',(113.000623055928,-104.000402492848,1.99999999999999));
#9715=CARTESIAN_POINT('Ctrl Pts',(112.999854558921,-108.999962939972,1.99999999999998));
#9716=CARTESIAN_POINT('Ctrl Pts',(113.000738902959,-114.000400596741,1.99999999999997));
#9717=CARTESIAN_POINT('Ctrl Pts',(112.999829697248,-116.565407004909,1.99999999999996));
#9718=CARTESIAN_POINT('Ctrl Pts',(112.974942680326,-116.828183390062,1.99999999999996));
#9719=CARTESIAN_POINT('Ctrl Pts',(112.779333640521,-117.191583794176,1.99999999999996));
#9720=CARTESIAN_POINT('Ctrl Pts',(112.388080341789,-117.449533513442,1.99999999999996));
#9721=CARTESIAN_POINT('Ctrl Pts',(112.128614152608,-117.500068204891,1.99999999999996));
#9722=CARTESIAN_POINT('Ctrl Pts',(107.801699724832,-117.499961484027,1.99999999999996));
#9723=CARTESIAN_POINT('Ctrl Pts',(99.4061526557677,-117.500044115125,1.99999999999997));
#9724=CARTESIAN_POINT('Ctrl Pts',(82.6143912535715,-117.499980722072,1.99999999999998));
#9725=CARTESIAN_POINT('Ctrl Pts',(53.2291955736153,-117.500022765917,1.99999999999999));
#9726=CARTESIAN_POINT('Ctrl Pts',(19.6458124497326,-117.499995997011,2.00000000000001));
#9727=CARTESIAN_POINT('Ctrl Pts',(-13.9374770926148,-117.500015373299,2.00000000000001));
#9728=CARTESIAN_POINT('Ctrl Pts',(-39.1249313311979,-117.500038517815,2.00000000000005));
#9729=CARTESIAN_POINT('Ctrl Pts',(-60.1144392180456,-117.500097452277,2.00000000000011));
#9730=CARTESIAN_POINT('Ctrl Pts',(-74.8070662459726,-117.500133700459,2.00000000000015));
#9731=CARTESIAN_POINT('Ctrl Pts',(-82.1533961421439,-117.500167082401,2.00000000000018));
#9732=CARTESIAN_POINT('Ctrl Pts',(-86.3512619998712,-117.500167206201,2.0000000000002));
#9733=CARTESIAN_POINT('Ctrl Pts',(-88.4502581528414,-117.500193989819,2.00000000000021));
#9734=CARTESIAN_POINT('Ctrl Pts',(-89.6926804866428,-117.500149415276,2.00000000000021));
#9735=CARTESIAN_POINT('Ctrl Pts',(-90.08446624726,-117.383447159194,2.00000000000021));
#9736=CARTESIAN_POINT('Ctrl Pts',(-90.4354083829541,-116.959671324627,2.00000000000021));
#9737=CARTESIAN_POINT('Ctrl Pts',(-90.4998514405827,-116.630398073712,2.00000000000021));
#9738=CARTESIAN_POINT('Ctrl Pts',(-90.5005838643641,-114.00059503637,2.00000000000021));
#9739=CARTESIAN_POINT('Ctrl Pts',(-90.49984615393,-110.249625174548,2.0000000000002));
#9740=CARTESIAN_POINT('Ctrl Pts',(-90.500146570659,-105.250084341259,2.0000000000002));
#9741=CARTESIAN_POINT('Ctrl Pts',(-90.4998869910318,-102.749756140295,2.0000000000002));
#9742=CARTESIAN_POINT('Ctrl Pts',(-90.50026414734,-101.369348653064,2.0000000000002));
#9743=CARTESIAN_POINT('Ctrl Pts',(-90.564662543997,-101.041634764417,2.0000000000002));
#9744=CARTESIAN_POINT('Ctrl Pts',(-90.91155417666,-100.619524273998,2.0000000000002));
#9745=CARTESIAN_POINT('Ctrl Pts',(-91.3040007349909,-100.499680153566,2.0000000000002));
#9746=CARTESIAN_POINT('Ctrl Pts',(-92.3960859733335,-100.499643983492,2.0000000000002));
#9747=CARTESIAN_POINT('Ctrl Pts',(-94.1877683270102,-100.499710432623,2.00000000000019));
#9748=CARTESIAN_POINT('Ctrl Pts',(-97.7711159399761,-100.499521372437,2.00000000000018));
#9749=CARTESIAN_POINT('Ctrl Pts',(-111.208301018535,-100.500907300702,2.00000000000015));
#9750=CARTESIAN_POINT('Ctrl Pts',(-123.75142245033,-100.494373085652,2.00000000000006));
#9751=CARTESIAN_POINT('Ctrl Pts',(-134.761682444307,-100.502677929007,2.00000000000002));
#9752=CARTESIAN_POINT('Ctrl Pts',(-135.295779947234,-100.27601247275,2.00000000000002));
#9753=CARTESIAN_POINT('Ctrl Pts',(-135.501944139699,-99.7489993133269,2.00000000000002));
#9754=CARTESIAN_POINT('Ctrl Pts',(-135.497230460754,-93.9189352524747,2.00000000000002));
#9755=CARTESIAN_POINT('Ctrl Pts',(-135.500906752404,-82.7499238847325,2.00000000000001));
#9756=CARTESIAN_POINT('Ctrl Pts',(-135.498493186342,-66.0001990871509,2.00000000000003));
#9757=CARTESIAN_POINT('Ctrl Pts',(-135.501017838549,-49.2503907931352,2.00000000000002));
#9758=CARTESIAN_POINT('Ctrl Pts',(-135.496945921941,-38.0817550699936,2.00000000000008));
#9759=CARTESIAN_POINT('Ctrl Pts',(-135.502347067468,-32.2519565311095,2.00000000000009));
#9760=CARTESIAN_POINT('Ctrl Pts',(-135.29412368929,-31.7214752159621,2.00000000000009));
#9761=CARTESIAN_POINT('Ctrl Pts',(-134.758378751581,-31.4980193692322,2.00000000000008));
#9762=CARTESIAN_POINT('Ctrl Pts',(-131.698586605232,-31.5010794502446,2.00000000000008));
#9763=CARTESIAN_POINT('Ctrl Pts',(-126.093892152722,-31.4994743239623,2.00000000000006));
#9764=CARTESIAN_POINT('Ctrl Pts',(-114.885737222844,-31.5003173206206,2.00000000000005));
#9765=CARTESIAN_POINT('Ctrl Pts',(-95.2708843073436,-31.4997488037059,2.00000000000002));
#9766=CARTESIAN_POINT('Ctrl Pts',(-56.041688082844,-31.5002998154842,2.));
#9767=CARTESIAN_POINT('Ctrl Pts',(-11.2084197976272,-31.4997261505655,2.));
#9768=CARTESIAN_POINT('Ctrl Pts',(33.6251693819135,-31.5002881248255,2.));
#9769=CARTESIAN_POINT('Ctrl Pts',(67.2497532206233,-31.4994641428736,2.));
#9770=CARTESIAN_POINT('Ctrl Pts',(95.2718598390308,-31.5012518954798,2.00000000000001));
#9771=CARTESIAN_POINT('Ctrl Pts',(117.687564115384,-31.4992879081647,2.));
#9772=CARTESIAN_POINT('Ctrl Pts',(128.898648228354,-31.5033052836326,2.00000000000001));
#9773=CARTESIAN_POINT('Ctrl Pts',(134.758552711811,-31.4973922311464,2.00000000000001));
#9774=CARTESIAN_POINT('Ctrl Pts',(135.295379168757,-31.7210000824694,2.00000000000001));
#9775=CARTESIAN_POINT('Ctrl Pts',(135.501964779727,-32.2512498982516,2.00000000000001));
#9776=CARTESIAN_POINT('Ctrl Pts',(135.498223499795,-33.1974635607283,2.00000000000001));
#9777=CARTESIAN_POINT('Ctrl Pts',(135.499833011731,-34.5936713736938,2.00000000000001));
#9778=CARTESIAN_POINT('Ctrl Pts',(135.499034199778,-37.3851545396273,2.00000000000001));
#9779=CARTESIAN_POINT('Ctrl Pts',(135.499655084683,-42.2707208021644,2.00000000000001));
#9780=CARTESIAN_POINT('Ctrl Pts',(135.499357550434,-52.0414928248163,2.00000000000001));
#9781=CARTESIAN_POINT('Ctrl Pts',(135.50001497208,-71.583322440083,2.));
#9782=CARTESIAN_POINT('Ctrl Pts',(135.5,-88.3333333333334,2.));
#9783=CARTESIAN_POINT('Ctrl Pts',(135.5,-99.5,2.));
#9784=CARTESIAN_POINT('',(138.964101615138,-102.964101615138,0.));
#9785=CARTESIAN_POINT('',(135.5,-99.5,2.));
#9786=CARTESIAN_POINT('Ctrl Pts',(138.964101615138,-102.964101615138,0.));
#9787=CARTESIAN_POINT('Ctrl Pts',(138.964101615138,-91.2311279543603,0.));
#9788=CARTESIAN_POINT('Ctrl Pts',(138.964110785089,-72.3077754911481,0.));
#9789=CARTESIAN_POINT('Ctrl Pts',(138.963746534013,-50.2305846367064,0.));
#9790=CARTESIAN_POINT('Ctrl Pts',(138.963912130552,-39.4815405991274,0.));
#9791=CARTESIAN_POINT('Ctrl Pts',(138.96356786573,-34.2156764591971,0.));
#9792=CARTESIAN_POINT('Ctrl Pts',(138.964011323381,-31.2427240047664,0.));
#9793=CARTESIAN_POINT('Ctrl Pts',(138.963118092753,-29.769329058471,0.));
#9794=CARTESIAN_POINT('Ctrl Pts',(138.965194639577,-28.7739336822713,0.));
#9795=CARTESIAN_POINT('Ctrl Pts',(138.747619005313,-28.2528716279978,0.));
#9796=CARTESIAN_POINT('Ctrl Pts',(138.226148436009,-28.0345023683289,0.));
#9797=CARTESIAN_POINT('Ctrl Pts',(132.290504262288,-28.0370300405692,0.));
#9798=CARTESIAN_POINT('Ctrl Pts',(120.911757515333,-28.0355041549979,0.));
#9799=CARTESIAN_POINT('Ctrl Pts',(98.0606316587188,-28.0363354574094,0.));
#9800=CARTESIAN_POINT('Ctrl Pts',(69.3405041208189,-28.035669502966,0.));
#9801=CARTESIAN_POINT('Ctrl Pts',(34.7117515961609,-28.0360101509345,0.));
#9802=CARTESIAN_POINT('Ctrl Pts',(-11.5705998902627,-28.0357828313518,0.));
#9803=CARTESIAN_POINT('Ctrl Pts',(-57.8527901684257,-28.0360267332419,0.));
#9804=CARTESIAN_POINT('Ctrl Pts',(-98.0601896106469,-28.0357512524326,0.));
#9805=CARTESIAN_POINT('Ctrl Pts',(-118.055378496109,-28.0359747186591,0.));
#9806=CARTESIAN_POINT('Ctrl Pts',(-129.444905370438,-28.0355668387767,0.));
#9807=CARTESIAN_POINT('Ctrl Pts',(-135.126924774976,-28.0362888939873,0.));
#9808=CARTESIAN_POINT('Ctrl Pts',(-138.225987359849,-28.0348566446696,0.));
#9809=CARTESIAN_POINT('Ctrl Pts',(-138.746843954647,-28.253362560545,0.));
#9810=CARTESIAN_POINT('Ctrl Pts',(-138.96534923652,-28.7742183753256,0.));
#9811=CARTESIAN_POINT('Ctrl Pts',(-138.962560462968,-34.9020951527813,0.));
#9812=CARTESIAN_POINT('Ctrl Pts',(-138.964651371522,-47.0767182781512,0.));
#9813=CARTESIAN_POINT('Ctrl Pts',(-138.963301889774,-66.0001168485765,0.));
#9814=CARTESIAN_POINT('Ctrl Pts',(-138.964646980011,-84.9234240401648,0.));
#9815=CARTESIAN_POINT('Ctrl Pts',(-138.962541700273,-97.0983159049061,0.));
#9816=CARTESIAN_POINT('Ctrl Pts',(-138.96532866922,-103.226229220266,0.));
#9817=CARTESIAN_POINT('Ctrl Pts',(-138.746822478438,-103.747089029906,0.));
#9818=CARTESIAN_POINT('Ctrl Pts',(-138.22596768222,-103.965587172565,0.));
#9819=CARTESIAN_POINT('Ctrl Pts',(-127.21477416349,-103.961270217336,0.));
#9820=CARTESIAN_POINT('Ctrl Pts',(-114.672504785735,-103.964479539475,0.));
#9821=CARTESIAN_POINT('Ctrl Pts',(-101.235146469455,-103.96375700392,0.));
#9822=CARTESIAN_POINT('Ctrl Pts',(-97.6518229815751,-103.963847133606,0.));
#9823=CARTESIAN_POINT('Ctrl Pts',(-95.8601335907316,-103.963804260112,0.));
#9824=CARTESIAN_POINT('Ctrl Pts',(-94.7680491278827,-103.963834983625,0.));
#9825=CARTESIAN_POINT('Ctrl Pts',(-94.3756025775906,-104.083678919996,0.));
#9826=CARTESIAN_POINT('Ctrl Pts',(-94.0287109175448,-104.505789247412,0.));
#9827=CARTESIAN_POINT('Ctrl Pts',(-93.9643125070213,-104.833503025486,0.));
#9828=CARTESIAN_POINT('Ctrl Pts',(-93.9639350535245,-106.21390907784,0.));
#9829=CARTESIAN_POINT('Ctrl Pts',(-93.9641818806563,-108.714201096122,0.));
#9830=CARTESIAN_POINT('Ctrl Pts',(-93.9639063815727,-113.713812842453,0.));
#9831=CARTESIAN_POINT('Ctrl Pts',(-93.9645499370304,-117.464551098754,0.));
#9832=CARTESIAN_POINT('Ctrl Pts',(-93.963912534488,-120.094614034627,0.));
#9833=CARTESIAN_POINT('Ctrl Pts',(-93.899509317119,-120.42232161988,0.));
#9834=CARTESIAN_POINT('Ctrl Pts',(-93.5526204333985,-120.84443540665,0.));
#9835=CARTESIAN_POINT('Ctrl Pts',(-93.1601723166255,-120.964277274101,0.));
#9836=CARTESIAN_POINT('Ctrl Pts',(-91.8967623610015,-120.96430799225,0.));
#9837=CARTESIAN_POINT('Ctrl Pts',(-89.7606546215904,-120.964285373907,0.));
#9838=CARTESIAN_POINT('Ctrl Pts',(-85.4818591519233,-120.964281226032,0.));
#9839=CARTESIAN_POINT('Ctrl Pts',(-77.9769465221186,-120.964247382049,0.));
#9840=CARTESIAN_POINT('Ctrl Pts',(-62.9037992910525,-120.964206238141,0.));
#9841=CARTESIAN_POINT('Ctrl Pts',(-41.2155593521329,-120.964144078043,0.));
#9842=CARTESIAN_POINT('Ctrl Pts',(-15.0241572139138,-120.964118193437,0.));
#9843=CARTESIAN_POINT('Ctrl Pts',(20.0080384950117,-120.964097826435,0.));
#9844=CARTESIAN_POINT('Ctrl Pts',(55.0403177768451,-120.964129169999,0.));
#9845=CARTESIAN_POINT('Ctrl Pts',(85.4037432312169,-120.964090934781,0.));
#9846=CARTESIAN_POINT('Ctrl Pts',(102.630351079965,-120.964167051549,0.));
#9847=CARTESIAN_POINT('Ctrl Pts',(111.195103343608,-120.964080249333,0.));
#9848=CARTESIAN_POINT('Ctrl Pts',(115.594943044291,-120.964200073397,0.));
#9849=CARTESIAN_POINT('Ctrl Pts',(115.856475729739,-120.912058334381,0.));
#9850=CARTESIAN_POINT('Ctrl Pts',(116.24546704697,-120.652755097546,0.));
#9851=CARTESIAN_POINT('Ctrl Pts',(116.438964337654,-120.29172451879,0.));
#9852=CARTESIAN_POINT('Ctrl Pts',(116.463984000091,-120.029556021002,0.));
#9853=CARTESIAN_POINT('Ctrl Pts',(116.464754600449,-117.464497382604,0.));
#9854=CARTESIAN_POINT('Ctrl Pts',(116.46398024791,-112.464104388217,0.));
#9855=CARTESIAN_POINT('Ctrl Pts',(116.464698988468,-107.464531059572,0.));
#9856=CARTESIAN_POINT('Ctrl Pts',(116.464082269877,-104.833273478042,0.));
#9857=CARTESIAN_POINT('Ctrl Pts',(116.516243858852,-104.571713715512,0.));
#9858=CARTESIAN_POINT('Ctrl Pts',(116.775519662581,-104.182793543312,0.));
#9859=CARTESIAN_POINT('Ctrl Pts',(117.136569403548,-103.989249533103,0.));
#9860=CARTESIAN_POINT('Ctrl Pts',(117.398730724739,-103.964241810821,0.));
#9861=CARTESIAN_POINT('Ctrl Pts',(122.588632483308,-103.96311979874,0.));
#9862=CARTESIAN_POINT('Ctrl Pts',(128.567966408477,-103.963283703845,0.));
#9863=CARTESIAN_POINT('Ctrl Pts',(135.401659699748,-103.964290067147,0.));
#9864=CARTESIAN_POINT('Ctrl Pts',(137.109382197401,-103.962695862133,0.));
#9865=CARTESIAN_POINT('Ctrl Pts',(138.22613613909,-103.964735279386,0.));
#9866=CARTESIAN_POINT('Ctrl Pts',(138.61594945091,-103.801607093947,0.));
#9867=CARTESIAN_POINT('Ctrl Pts',(138.911793535839,-103.356168564514,0.));
#9868=CARTESIAN_POINT('Ctrl Pts',(138.964101615138,-103.095001309037,0.));
#9869=CARTESIAN_POINT('Ctrl Pts',(138.964101615138,-102.964101615138,0.));
#9870=CARTESIAN_POINT('Origin',(0.,-114.49,2.8));
#9871=CARTESIAN_POINT('',(-138.964101615138,-102.964101615138,2.8));
#9872=CARTESIAN_POINT('',(-138.964101615138,-71.7629491924311,2.8));
#9873=CARTESIAN_POINT('',(-137.964101615138,-103.964101615138,2.8));
#9874=CARTESIAN_POINT('Origin',(-137.964101615138,-102.964101615138,2.8));
#9875=CARTESIAN_POINT('',(-94.9641016151378,-103.964101615138,2.8));
#9876=CARTESIAN_POINT('',(-68.9820508075689,-103.964101615138,2.8));
#9877=CARTESIAN_POINT('',(-93.9641016151378,-104.964101615138,2.8));
#9878=CARTESIAN_POINT('Origin',(-94.9641016151378,-104.964101615138,2.8));
#9879=CARTESIAN_POINT('',(-93.9641016151378,-119.964101615138,2.8));
#9880=CARTESIAN_POINT('',(-93.9641016151378,-109.727050807569,2.8));
#9881=CARTESIAN_POINT('Origin',(-92.9641016151378,-119.964101615138,2.8));
#9882=CARTESIAN_POINT('Origin',(115.464101615138,-119.964101615138,2.8));
#9883=CARTESIAN_POINT('',(135.5,-99.5,2.8));
#9884=CARTESIAN_POINT('Ctrl Pts',(135.5,-99.5,2.8));
#9885=CARTESIAN_POINT('Ctrl Pts',(135.5,-99.7461199285726,2.8));
#9886=CARTESIAN_POINT('Ctrl Pts',(135.401968763962,-100.004886306411,2.8));
#9887=CARTESIAN_POINT('Ctrl Pts',(135.220541349425,-100.193411972617,2.8));
#9888=CARTESIAN_POINT('Ctrl Pts',(135.034627082033,-100.386600037424,2.8));
#9889=CARTESIAN_POINT('Ctrl Pts',(134.764997106404,-100.5,2.8));
#9890=CARTESIAN_POINT('Ctrl Pts',(134.5,-100.5,2.8));
#9891=CARTESIAN_POINT('Ctrl Pts',(127.666666666667,-100.5,2.8));
#9892=CARTESIAN_POINT('Ctrl Pts',(120.833333333333,-100.5,2.8));
#9893=CARTESIAN_POINT('Ctrl Pts',(114.,-100.5,2.8));
#9894=CARTESIAN_POINT('Ctrl Pts',(113.741398330806,-100.5,2.8));
#9895=CARTESIAN_POINT('Ctrl Pts',(113.484313784848,-100.605046062184,2.8));
#9896=CARTESIAN_POINT('Ctrl Pts',(113.299709037087,-100.786142474115,2.8));
#9897=CARTESIAN_POINT('Ctrl Pts',(113.110538858343,-100.971717552928,2.8));
#9898=CARTESIAN_POINT('Ctrl Pts',(113.,-101.235002893596,2.8));
#9899=CARTESIAN_POINT('Ctrl Pts',(113.,-101.5,2.8));
#9900=CARTESIAN_POINT('Ctrl Pts',(113.,-106.5,2.8));
#9901=CARTESIAN_POINT('Ctrl Pts',(113.,-111.5,2.8));
#9902=CARTESIAN_POINT('Ctrl Pts',(113.,-116.5,2.8));
#9903=CARTESIAN_POINT('Ctrl Pts',(113.,-116.758601669194,2.8));
#9904=CARTESIAN_POINT('Ctrl Pts',(112.894062257994,-117.01778035966,2.8));
#9905=CARTESIAN_POINT('Ctrl Pts',(112.711601819288,-117.202582984982,2.8));
#9906=CARTESIAN_POINT('Ctrl Pts',(112.524628980168,-117.391955934967,2.8));
#9907=CARTESIAN_POINT('Ctrl Pts',(112.260602632163,-117.5,2.8));
#9908=CARTESIAN_POINT('Ctrl Pts',(112.,-117.5,2.8));
#9909=CARTESIAN_POINT('Ctrl Pts',(44.8333333333333,-117.5,2.8));
#9910=CARTESIAN_POINT('Ctrl Pts',(-22.3333333333333,-117.5,2.8));
#9911=CARTESIAN_POINT('Ctrl Pts',(-89.5,-117.5,2.8));
#9912=CARTESIAN_POINT('Ctrl Pts',(-89.7543132511449,-117.5,2.8));
#9913=CARTESIAN_POINT('Ctrl Pts',(-90.0119855217329,-117.397378094215,2.8));
#9914=CARTESIAN_POINT('Ctrl Pts',(-90.1979347444264,-117.216161359278,2.8));
#9915=CARTESIAN_POINT('Ctrl Pts',(-90.3884826481018,-117.030462981768,2.8));
#9916=CARTESIAN_POINT('Ctrl Pts',(-90.5,-116.764997106404,2.8));
#9917=CARTESIAN_POINT('Ctrl Pts',(-90.5,-116.5,2.8));
#9918=CARTESIAN_POINT('Ctrl Pts',(-90.5,-111.5,2.8));
#9919=CARTESIAN_POINT('Ctrl Pts',(-90.5,-106.5,2.8));
#9920=CARTESIAN_POINT('Ctrl Pts',(-90.5,-101.5,2.8));
#9921=CARTESIAN_POINT('Ctrl Pts',(-90.5,-101.241398330806,2.8));
#9922=CARTESIAN_POINT('Ctrl Pts',(-90.6050460621842,-100.984313784848,2.8));
#9923=CARTESIAN_POINT('Ctrl Pts',(-90.7861424741151,-100.799709037087,2.8));
#9924=CARTESIAN_POINT('Ctrl Pts',(-90.971717552928,-100.610538858343,2.8));
#9925=CARTESIAN_POINT('Ctrl Pts',(-91.2350028935958,-100.5,2.8));
#9926=CARTESIAN_POINT('Ctrl Pts',(-91.5,-100.5,2.8));
#9927=CARTESIAN_POINT('Ctrl Pts',(-105.833333333333,-100.5,2.8));
#9928=CARTESIAN_POINT('Ctrl Pts',(-120.166666666667,-100.5,2.8));
#9929=CARTESIAN_POINT('Ctrl Pts',(-134.5,-100.5,2.8));
#9930=CARTESIAN_POINT('Ctrl Pts',(-134.758601669194,-100.5,2.8));
#9931=CARTESIAN_POINT('Ctrl Pts',(-135.021780269345,-100.392346897952,2.8));
#9932=CARTESIAN_POINT('Ctrl Pts',(-135.206941831437,-100.207271692467,2.8));
#9933=CARTESIAN_POINT('Ctrl Pts',(-135.396682595,-100.017619421182,2.8));
#9934=CARTESIAN_POINT('Ctrl Pts',(-135.5,-99.7522066818184,2.8));
#9935=CARTESIAN_POINT('Ctrl Pts',(-135.5,-99.5,2.8));
#9936=CARTESIAN_POINT('Ctrl Pts',(-135.5,-77.1666666666667,2.8));
#9937=CARTESIAN_POINT('Ctrl Pts',(-135.5,-54.8333333333333,2.8));
#9938=CARTESIAN_POINT('Ctrl Pts',(-135.5,-32.5,2.8));
#9939=CARTESIAN_POINT('Ctrl Pts',(-135.5,-32.2538800714275,2.8));
#9940=CARTESIAN_POINT('Ctrl Pts',(-135.401318871743,-31.9935269731333,2.8));
#9941=CARTESIAN_POINT('Ctrl Pts',(-135.218861912521,-31.8048471026264,2.8));
#9942=CARTESIAN_POINT('Ctrl Pts',(-135.031892638936,-31.611501019916,2.8));
#9943=CARTESIAN_POINT('Ctrl Pts',(-134.761691579891,-31.5,2.8));
#9944=CARTESIAN_POINT('Ctrl Pts',(-134.5,-31.5,2.8));
#9945=CARTESIAN_POINT('Ctrl Pts',(-44.8333333333333,-31.5,2.8));
#9946=CARTESIAN_POINT('Ctrl Pts',(44.8333333333333,-31.5,2.8));
#9947=CARTESIAN_POINT('Ctrl Pts',(134.5,-31.5,2.8));
#9948=CARTESIAN_POINT('Ctrl Pts',(134.755375918221,-31.5,2.8));
#9949=CARTESIAN_POINT('Ctrl Pts',(135.01900918327,-31.6058079268082,2.8));
#9950=CARTESIAN_POINT('Ctrl Pts',(135.20518649399,-31.7909781324293,2.8));
#9951=CARTESIAN_POINT('Ctrl Pts',(135.395968126502,-31.9807277532836,2.8));
#9952=CARTESIAN_POINT('Ctrl Pts',(135.5,-32.2477933181817,2.8));
#9953=CARTESIAN_POINT('Ctrl Pts',(135.5,-32.5,2.8));
#9954=CARTESIAN_POINT('Ctrl Pts',(135.5,-54.8333333333333,2.8));
#9955=CARTESIAN_POINT('Ctrl Pts',(135.5,-77.1666666666667,2.8));
#9956=CARTESIAN_POINT('Ctrl Pts',(135.5,-99.5,2.8));
#9957=CARTESIAN_POINT('Ctrl Pts',(135.5,-99.5,2.));
#9958=CARTESIAN_POINT('Ctrl Pts',(135.5,-99.5,2.8));
#9959=CARTESIAN_POINT('Ctrl Pts',(135.5,-99.7461199285726,2.));
#9960=CARTESIAN_POINT('Ctrl Pts',(135.5,-99.7461199285726,2.8));
#9961=CARTESIAN_POINT('Ctrl Pts',(135.401968763962,-100.004886306411,2.));
#9962=CARTESIAN_POINT('Ctrl Pts',(135.401968763962,-100.004886306411,2.8));
#9963=CARTESIAN_POINT('Ctrl Pts',(135.220541349425,-100.193411972617,2.));
#9964=CARTESIAN_POINT('Ctrl Pts',(135.220541349425,-100.193411972617,2.8));
#9965=CARTESIAN_POINT('Ctrl Pts',(135.034627082033,-100.386600037424,2.));
#9966=CARTESIAN_POINT('Ctrl Pts',(135.034627082033,-100.386600037424,2.8));
#9967=CARTESIAN_POINT('Ctrl Pts',(134.764997106404,-100.5,2.));
#9968=CARTESIAN_POINT('Ctrl Pts',(134.764997106404,-100.5,2.8));
#9969=CARTESIAN_POINT('Ctrl Pts',(134.5,-100.5,2.));
#9970=CARTESIAN_POINT('Ctrl Pts',(134.5,-100.5,2.8));
#9971=CARTESIAN_POINT('Ctrl Pts',(127.666666666667,-100.5,2.));
#9972=CARTESIAN_POINT('Ctrl Pts',(127.666666666667,-100.5,2.8));
#9973=CARTESIAN_POINT('Ctrl Pts',(120.833333333333,-100.5,2.));
#9974=CARTESIAN_POINT('Ctrl Pts',(120.833333333333,-100.5,2.8));
#9975=CARTESIAN_POINT('Ctrl Pts',(114.,-100.5,2.));
#9976=CARTESIAN_POINT('Ctrl Pts',(114.,-100.5,2.8));
#9977=CARTESIAN_POINT('Ctrl Pts',(113.741398330806,-100.5,2.));
#9978=CARTESIAN_POINT('Ctrl Pts',(113.741398330806,-100.5,2.8));
#9979=CARTESIAN_POINT('Ctrl Pts',(113.484313784848,-100.605046062184,2.));
#9980=CARTESIAN_POINT('Ctrl Pts',(113.484313784848,-100.605046062184,2.8));
#9981=CARTESIAN_POINT('Ctrl Pts',(113.299709037087,-100.786142474115,2.));
#9982=CARTESIAN_POINT('Ctrl Pts',(113.299709037087,-100.786142474115,2.8));
#9983=CARTESIAN_POINT('Ctrl Pts',(113.110538858343,-100.971717552928,2.));
#9984=CARTESIAN_POINT('Ctrl Pts',(113.110538858343,-100.971717552928,2.8));
#9985=CARTESIAN_POINT('Ctrl Pts',(113.,-101.235002893596,2.));
#9986=CARTESIAN_POINT('Ctrl Pts',(113.,-101.235002893596,2.8));
#9987=CARTESIAN_POINT('Ctrl Pts',(113.,-101.5,2.));
#9988=CARTESIAN_POINT('Ctrl Pts',(113.,-101.5,2.8));
#9989=CARTESIAN_POINT('Ctrl Pts',(113.,-106.5,2.));
#9990=CARTESIAN_POINT('Ctrl Pts',(113.,-106.5,2.8));
#9991=CARTESIAN_POINT('Ctrl Pts',(113.,-111.5,2.));
#9992=CARTESIAN_POINT('Ctrl Pts',(113.,-111.5,2.8));
#9993=CARTESIAN_POINT('Ctrl Pts',(113.,-116.5,2.));
#9994=CARTESIAN_POINT('Ctrl Pts',(113.,-116.5,2.8));
#9995=CARTESIAN_POINT('Ctrl Pts',(113.,-116.758601669194,2.));
#9996=CARTESIAN_POINT('Ctrl Pts',(113.,-116.758601669194,2.8));
#9997=CARTESIAN_POINT('Ctrl Pts',(112.894062257994,-117.01778035966,2.));
#9998=CARTESIAN_POINT('Ctrl Pts',(112.894062257994,-117.01778035966,2.8));
#9999=CARTESIAN_POINT('Ctrl Pts',(112.711601819288,-117.202582984982,2.));
#10000=CARTESIAN_POINT('Ctrl Pts',(112.711601819288,-117.202582984982,2.8));
#10001=CARTESIAN_POINT('Ctrl Pts',(112.524628980168,-117.391955934967,2.));
#10002=CARTESIAN_POINT('Ctrl Pts',(112.524628980168,-117.391955934967,2.8));
#10003=CARTESIAN_POINT('Ctrl Pts',(112.260602632163,-117.5,2.));
#10004=CARTESIAN_POINT('Ctrl Pts',(112.260602632163,-117.5,2.8));
#10005=CARTESIAN_POINT('Ctrl Pts',(112.,-117.5,2.));
#10006=CARTESIAN_POINT('Ctrl Pts',(112.,-117.5,2.8));
#10007=CARTESIAN_POINT('Ctrl Pts',(44.8333333333333,-117.5,2.));
#10008=CARTESIAN_POINT('Ctrl Pts',(44.8333333333333,-117.5,2.8));
#10009=CARTESIAN_POINT('Ctrl Pts',(-22.3333333333333,-117.5,2.));
#10010=CARTESIAN_POINT('Ctrl Pts',(-22.3333333333333,-117.5,2.8));
#10011=CARTESIAN_POINT('Ctrl Pts',(-89.5,-117.5,2.));
#10012=CARTESIAN_POINT('Ctrl Pts',(-89.5,-117.5,2.8));
#10013=CARTESIAN_POINT('Ctrl Pts',(-89.7543132511449,-117.5,2.));
#10014=CARTESIAN_POINT('Ctrl Pts',(-89.7543132511449,-117.5,2.8));
#10015=CARTESIAN_POINT('Ctrl Pts',(-90.0119855217329,-117.397378094215,
2.));
#10016=CARTESIAN_POINT('Ctrl Pts',(-90.0119855217329,-117.397378094215,
2.8));
#10017=CARTESIAN_POINT('Ctrl Pts',(-90.1979347444264,-117.216161359278,
2.));
#10018=CARTESIAN_POINT('Ctrl Pts',(-90.1979347444264,-117.216161359278,
2.8));
#10019=CARTESIAN_POINT('Ctrl Pts',(-90.3884826481018,-117.030462981768,
2.));
#10020=CARTESIAN_POINT('Ctrl Pts',(-90.3884826481018,-117.030462981768,
2.8));
#10021=CARTESIAN_POINT('Ctrl Pts',(-90.5,-116.764997106404,2.));
#10022=CARTESIAN_POINT('Ctrl Pts',(-90.5,-116.764997106404,2.8));
#10023=CARTESIAN_POINT('Ctrl Pts',(-90.5,-116.5,2.));
#10024=CARTESIAN_POINT('Ctrl Pts',(-90.5,-116.5,2.8));
#10025=CARTESIAN_POINT('Ctrl Pts',(-90.5,-111.5,2.));
#10026=CARTESIAN_POINT('Ctrl Pts',(-90.5,-111.5,2.8));
#10027=CARTESIAN_POINT('Ctrl Pts',(-90.5,-106.5,2.));
#10028=CARTESIAN_POINT('Ctrl Pts',(-90.5,-106.5,2.8));
#10029=CARTESIAN_POINT('Ctrl Pts',(-90.5,-101.5,2.));
#10030=CARTESIAN_POINT('Ctrl Pts',(-90.5,-101.5,2.8));
#10031=CARTESIAN_POINT('Ctrl Pts',(-90.5,-101.241398330806,2.));
#10032=CARTESIAN_POINT('Ctrl Pts',(-90.5,-101.241398330806,2.8));
#10033=CARTESIAN_POINT('Ctrl Pts',(-90.6050460621842,-100.984313784848,
2.));
#10034=CARTESIAN_POINT('Ctrl Pts',(-90.6050460621842,-100.984313784848,
2.8));
#10035=CARTESIAN_POINT('Ctrl Pts',(-90.7861424741151,-100.799709037087,
2.));
#10036=CARTESIAN_POINT('Ctrl Pts',(-90.7861424741151,-100.799709037087,
2.8));
#10037=CARTESIAN_POINT('Ctrl Pts',(-90.971717552928,-100.610538858343,2.));
#10038=CARTESIAN_POINT('Ctrl Pts',(-90.971717552928,-100.610538858343,2.8));
#10039=CARTESIAN_POINT('Ctrl Pts',(-91.2350028935958,-100.5,2.));
#10040=CARTESIAN_POINT('Ctrl Pts',(-91.2350028935958,-100.5,2.8));
#10041=CARTESIAN_POINT('Ctrl Pts',(-91.5,-100.5,2.));
#10042=CARTESIAN_POINT('Ctrl Pts',(-91.5,-100.5,2.8));
#10043=CARTESIAN_POINT('Ctrl Pts',(-105.833333333333,-100.5,2.));
#10044=CARTESIAN_POINT('Ctrl Pts',(-105.833333333333,-100.5,2.8));
#10045=CARTESIAN_POINT('Ctrl Pts',(-120.166666666667,-100.5,2.));
#10046=CARTESIAN_POINT('Ctrl Pts',(-120.166666666667,-100.5,2.8));
#10047=CARTESIAN_POINT('Ctrl Pts',(-134.5,-100.5,2.));
#10048=CARTESIAN_POINT('Ctrl Pts',(-134.5,-100.5,2.8));
#10049=CARTESIAN_POINT('Ctrl Pts',(-134.758601669194,-100.5,2.));
#10050=CARTESIAN_POINT('Ctrl Pts',(-134.758601669194,-100.5,2.8));
#10051=CARTESIAN_POINT('Ctrl Pts',(-135.021780269345,-100.392346897952,
2.));
#10052=CARTESIAN_POINT('Ctrl Pts',(-135.021780269345,-100.392346897952,
2.8));
#10053=CARTESIAN_POINT('Ctrl Pts',(-135.206941831437,-100.207271692467,
2.));
#10054=CARTESIAN_POINT('Ctrl Pts',(-135.206941831437,-100.207271692467,
2.8));
#10055=CARTESIAN_POINT('Ctrl Pts',(-135.396682595,-100.017619421182,2.));
#10056=CARTESIAN_POINT('Ctrl Pts',(-135.396682595,-100.017619421182,2.8));
#10057=CARTESIAN_POINT('Ctrl Pts',(-135.5,-99.7522066818184,2.));
#10058=CARTESIAN_POINT('Ctrl Pts',(-135.5,-99.7522066818184,2.8));
#10059=CARTESIAN_POINT('Ctrl Pts',(-135.5,-99.5,2.));
#10060=CARTESIAN_POINT('Ctrl Pts',(-135.5,-99.5,2.8));
#10061=CARTESIAN_POINT('Ctrl Pts',(-135.5,-77.1666666666667,2.));
#10062=CARTESIAN_POINT('Ctrl Pts',(-135.5,-77.1666666666667,2.8));
#10063=CARTESIAN_POINT('Ctrl Pts',(-135.5,-54.8333333333333,2.));
#10064=CARTESIAN_POINT('Ctrl Pts',(-135.5,-54.8333333333333,2.8));
#10065=CARTESIAN_POINT('Ctrl Pts',(-135.5,-32.5,2.));
#10066=CARTESIAN_POINT('Ctrl Pts',(-135.5,-32.5,2.8));
#10067=CARTESIAN_POINT('Ctrl Pts',(-135.5,-32.2538800714275,2.));
#10068=CARTESIAN_POINT('Ctrl Pts',(-135.5,-32.2538800714275,2.8));
#10069=CARTESIAN_POINT('Ctrl Pts',(-135.401318871743,-31.9935269731333,
2.));
#10070=CARTESIAN_POINT('Ctrl Pts',(-135.401318871743,-31.9935269731333,
2.8));
#10071=CARTESIAN_POINT('Ctrl Pts',(-135.218861912521,-31.8048471026264,
2.));
#10072=CARTESIAN_POINT('Ctrl Pts',(-135.218861912521,-31.8048471026264,
2.8));
#10073=CARTESIAN_POINT('Ctrl Pts',(-135.031892638936,-31.611501019916,2.));
#10074=CARTESIAN_POINT('Ctrl Pts',(-135.031892638936,-31.611501019916,2.8));
#10075=CARTESIAN_POINT('Ctrl Pts',(-134.761691579891,-31.5,2.));
#10076=CARTESIAN_POINT('Ctrl Pts',(-134.761691579891,-31.5,2.8));
#10077=CARTESIAN_POINT('Ctrl Pts',(-134.5,-31.5,2.));
#10078=CARTESIAN_POINT('Ctrl Pts',(-134.5,-31.5,2.8));
#10079=CARTESIAN_POINT('Ctrl Pts',(-44.8333333333333,-31.5,2.));
#10080=CARTESIAN_POINT('Ctrl Pts',(-44.8333333333333,-31.5,2.8));
#10081=CARTESIAN_POINT('Ctrl Pts',(44.8333333333333,-31.5,2.));
#10082=CARTESIAN_POINT('Ctrl Pts',(44.8333333333333,-31.5,2.8));
#10083=CARTESIAN_POINT('Ctrl Pts',(134.5,-31.5,2.));
#10084=CARTESIAN_POINT('Ctrl Pts',(134.5,-31.5,2.8));
#10085=CARTESIAN_POINT('Ctrl Pts',(134.755375918221,-31.5,2.));
#10086=CARTESIAN_POINT('Ctrl Pts',(134.755375918221,-31.5,2.8));
#10087=CARTESIAN_POINT('Ctrl Pts',(135.01900918327,-31.6058079268082,2.));
#10088=CARTESIAN_POINT('Ctrl Pts',(135.01900918327,-31.6058079268082,2.8));
#10089=CARTESIAN_POINT('Ctrl Pts',(135.20518649399,-31.7909781324293,2.));
#10090=CARTESIAN_POINT('Ctrl Pts',(135.20518649399,-31.7909781324293,2.8));
#10091=CARTESIAN_POINT('Ctrl Pts',(135.395968126502,-31.9807277532836,2.));
#10092=CARTESIAN_POINT('Ctrl Pts',(135.395968126502,-31.9807277532836,2.8));
#10093=CARTESIAN_POINT('Ctrl Pts',(135.5,-32.2477933181817,2.));
#10094=CARTESIAN_POINT('Ctrl Pts',(135.5,-32.2477933181817,2.8));
#10095=CARTESIAN_POINT('Ctrl Pts',(135.5,-32.5,2.));
#10096=CARTESIAN_POINT('Ctrl Pts',(135.5,-32.5,2.8));
#10097=CARTESIAN_POINT('Ctrl Pts',(135.5,-54.8333333333333,2.));
#10098=CARTESIAN_POINT('Ctrl Pts',(135.5,-54.8333333333333,2.8));
#10099=CARTESIAN_POINT('Ctrl Pts',(135.5,-77.1666666666667,2.));
#10100=CARTESIAN_POINT('Ctrl Pts',(135.5,-77.1666666666667,2.8));
#10101=CARTESIAN_POINT('Ctrl Pts',(135.5,-99.5,2.));
#10102=CARTESIAN_POINT('Ctrl Pts',(135.5,-99.5,2.8));
#10103=CARTESIAN_POINT('',(135.5,-99.5,2.));
#10104=CARTESIAN_POINT('Origin',(-143.665,-20.6,0.));
#10105=CARTESIAN_POINT('',(-144.165,-20.6,0.8));
#10106=CARTESIAN_POINT('Origin',(-143.665,-20.6,0.8));
#10107=CARTESIAN_POINT('',(-144.165,-20.6,0.));
#10108=CARTESIAN_POINT('Origin',(-143.665,-20.6,0.));
#10109=CARTESIAN_POINT('',(-144.165,-20.6,0.));
#10110=CARTESIAN_POINT('Origin',(-144.165,-20.6,0.));
#10111=CARTESIAN_POINT('',(-144.165,-10.9,0.8));
#10112=CARTESIAN_POINT('',(-144.165,-67.545,0.8));
#10113=CARTESIAN_POINT('',(-144.165,-10.9,0.));
#10114=CARTESIAN_POINT('',(-144.165,-20.6,0.));
#10115=CARTESIAN_POINT('',(-144.165,-10.9,0.));
#10116=CARTESIAN_POINT('Origin',(-143.665,-10.9,0.));
#10117=CARTESIAN_POINT('',(-143.665,-10.4,0.8));
#10118=CARTESIAN_POINT('Origin',(-143.665,-10.9,0.8));
#10119=CARTESIAN_POINT('',(-143.665,-10.4,0.));
#10120=CARTESIAN_POINT('Origin',(-143.665,-10.9,0.));
#10121=CARTESIAN_POINT('',(-143.665,-10.4,0.));
#10122=CARTESIAN_POINT('Origin',(-143.665,-10.4,0.));
#10123=CARTESIAN_POINT('',(-71.8325,-10.4,0.8));
#10124=CARTESIAN_POINT('',(-143.665,-10.4,0.));
#10125=CARTESIAN_POINT('Origin',(129.315,-1.79999999999999,2.8));
#10126=CARTESIAN_POINT('',(142.315,-1.8,5.5));
#10127=CARTESIAN_POINT('',(142.315,-1.8,2.8));
#10128=CARTESIAN_POINT('',(132.315,-1.8,5.5));
#10129=CARTESIAN_POINT('',(66.1575,-1.8,5.5));
#10130=CARTESIAN_POINT('',(132.315,-1.8,4.));
#10131=CARTESIAN_POINT('',(132.315,-1.8,4.));
#10132=CARTESIAN_POINT('',(129.315,-1.8,4.));
#10133=CARTESIAN_POINT('',(64.6575,-1.8,4.));
#10134=CARTESIAN_POINT('',(129.315,-1.79999999999999,1.4));
#10135=CARTESIAN_POINT('Origin',(142.315,-6.00000000000001,2.8));
#10136=CARTESIAN_POINT('Origin',(142.315,-6.00000000000001,5.5));
#10137=CARTESIAN_POINT('Origin',(-142.315,-222.98,2.8));
#10138=CARTESIAN_POINT('',(-146.515,-222.98,5.5));
#10139=CARTESIAN_POINT('',(-146.515,-222.98,2.8));
#10140=CARTESIAN_POINT('Origin',(-142.315,-222.98,5.5));
#10141=CARTESIAN_POINT('Origin',(-146.515,-222.98,2.8));
#10142=CARTESIAN_POINT('',(-146.515,-6.00000000000001,5.5));
#10143=CARTESIAN_POINT('',(-146.515,-6.00000000000001,2.8));
#10144=CARTESIAN_POINT('',(-146.515,-168.735,5.5));
#10145=CARTESIAN_POINT('Origin',(-142.315,-6.,2.8));
#10146=CARTESIAN_POINT('',(-142.315,-1.8,5.5));
#10147=CARTESIAN_POINT('',(-142.315,-1.8,2.8));
#10148=CARTESIAN_POINT('Origin',(-142.315,-6.,5.5));
#10149=CARTESIAN_POINT('Origin',(-142.315,-1.8,2.8));
#10150=CARTESIAN_POINT('',(-129.315,-1.8,4.));
#10151=CARTESIAN_POINT('',(-129.315,-1.8,1.4));
#10152=CARTESIAN_POINT('',(-132.315,-1.8,4.));
#10153=CARTESIAN_POINT('',(-71.1575,-1.8,4.));
#10154=CARTESIAN_POINT('',(-132.315,-1.8,5.5));
#10155=CARTESIAN_POINT('',(-132.315,-1.8,4.));
#10156=CARTESIAN_POINT('',(-71.1575,-1.8,5.5));
#10157=CARTESIAN_POINT('Origin',(-129.315,-13.45,2.8));
#10158=CARTESIAN_POINT('',(129.315,-13.45,5.5));
#10159=CARTESIAN_POINT('',(129.315,-13.45,2.8));
#10160=CARTESIAN_POINT('',(-129.315,-13.45,5.5));
#10161=CARTESIAN_POINT('',(-64.6575,-13.45,5.5));
#10162=CARTESIAN_POINT('',(-129.315,-13.45,2.8));
#10163=CARTESIAN_POINT('Origin',(129.315,-13.45,2.8));
#10164=CARTESIAN_POINT('',(129.315,-11.65,4.));
#10165=CARTESIAN_POINT('',(129.315,-11.65,0.));
#10166=CARTESIAN_POINT('',(129.315,-12.65,4.));
#10167=CARTESIAN_POINT('',(129.315,-63.97,4.));
#10168=CARTESIAN_POINT('',(129.315,-12.65,5.5));
#10169=CARTESIAN_POINT('',(129.315,-12.65,4.));
#10170=CARTESIAN_POINT('',(129.315,-63.97,5.5));
#10171=CARTESIAN_POINT('Origin',(-138.964101615138,-29.0358983848622,2.8));
#10172=CARTESIAN_POINT('',(-138.964101615138,-102.964101615138,2.8));
#10173=CARTESIAN_POINT('Origin',(-137.964101615138,-102.964101615138,2.8));
#10174=CARTESIAN_POINT('',(-137.964101615138,-103.964101615138,2.8));
#10175=CARTESIAN_POINT('Origin',(-137.964101615138,-103.964101615138,2.8));
#10176=CARTESIAN_POINT('',(-94.9641016151378,-103.964101615138,2.8));
#10177=CARTESIAN_POINT('Origin',(-94.9641016151378,-104.964101615138,2.8));
#10178=CARTESIAN_POINT('',(-93.9641016151378,-104.964101615138,2.8));
#10179=CARTESIAN_POINT('Origin',(-93.9641016151378,-104.964101615138,2.8));
#10180=CARTESIAN_POINT('',(-93.9641016151378,-119.964101615138,2.8));
#10181=CARTESIAN_POINT('Origin',(-92.9641016151378,-119.964101615138,2.8));
#10182=CARTESIAN_POINT('Origin',(115.464101615138,-119.964101615138,2.8));
#10183=CARTESIAN_POINT('Origin',(-129.315,-1.8,2.8));
#10184=CARTESIAN_POINT('',(-129.315,-12.65,5.5));
#10185=CARTESIAN_POINT('',(-129.315,-63.57,5.5));
#10186=CARTESIAN_POINT('',(-129.315,-12.65,4.));
#10187=CARTESIAN_POINT('',(-129.315,-12.65,4.));
#10188=CARTESIAN_POINT('',(-129.315,-11.65,4.));
#10189=CARTESIAN_POINT('',(-129.315,-58.145,4.));
#10190=CARTESIAN_POINT('',(-129.315,-11.65,0.));
#10191=CARTESIAN_POINT('Origin',(0.,-114.49,4.));
#10192=CARTESIAN_POINT('',(64.6575,-12.65,4.));
#10193=CARTESIAN_POINT('',(-129.315,-11.65,4.));
#10194=CARTESIAN_POINT('Origin',(0.,-114.49,5.5));
#10195=CARTESIAN_POINT('',(147.315,-222.98,5.5));
#10196=CARTESIAN_POINT('',(147.315,-6.00000000000001,5.5));
#10197=CARTESIAN_POINT('',(147.315,-168.735,5.5));
#10198=CARTESIAN_POINT('',(142.315,-0.999999999999996,5.5));
#10199=CARTESIAN_POINT('Origin',(142.315,-6.00000000000001,5.5));
#10200=CARTESIAN_POINT('',(132.315,-1.,5.5));
#10201=CARTESIAN_POINT('',(71.1575,-1.00000000000001,5.5));
#10202=CARTESIAN_POINT('',(132.315,-57.745,5.5));
#10203=CARTESIAN_POINT('',(-132.315,-1.,5.5));
#10204=CARTESIAN_POINT('',(-132.315,-58.145,5.5));
#10205=CARTESIAN_POINT('',(-142.315,-1.,5.5));
#10206=CARTESIAN_POINT('',(-66.1575,-0.999999999999996,5.5));
#10207=CARTESIAN_POINT('',(-147.315,-6.00000000000001,5.5));
#10208=CARTESIAN_POINT('Origin',(-142.315,-6.,5.5));
#10209=CARTESIAN_POINT('',(-147.315,-222.98,5.5));
#10210=CARTESIAN_POINT('',(-147.315,-60.245,5.5));
#10211=CARTESIAN_POINT('',(-142.315,-227.98,5.5));
#10212=CARTESIAN_POINT('Origin',(-142.315,-222.98,5.5));
#10213=CARTESIAN_POINT('',(142.315,-227.98,5.5));
#10214=CARTESIAN_POINT('',(-71.1575,-227.98,5.5));
#10215=CARTESIAN_POINT('Origin',(142.315,-222.98,5.5));
#10216=CARTESIAN_POINT('Origin',(147.315,-222.98,4.));
#10217=CARTESIAN_POINT('',(147.315,-6.00000000000001,4.));
#10218=CARTESIAN_POINT('',(147.315,-222.98,4.));
#10219=CARTESIAN_POINT('',(147.315,-168.735,4.));
#10220=CARTESIAN_POINT('',(147.315,-6.00000000000001,4.));
#10221=CARTESIAN_POINT('',(147.315,-222.98,4.));
#10222=CARTESIAN_POINT('Origin',(142.315,-6.00000000000001,4.));
#10223=CARTESIAN_POINT('',(142.315,-0.999999999999996,4.));
#10224=CARTESIAN_POINT('Origin',(142.315,-6.00000000000001,4.));
#10225=CARTESIAN_POINT('',(142.315,-0.999999999999996,4.));
#10226=CARTESIAN_POINT('Origin',(142.315,-0.999999999999999,4.));
#10227=CARTESIAN_POINT('',(132.315,-1.,4.));
#10228=CARTESIAN_POINT('',(71.1575,-1.00000000000001,4.));
#10229=CARTESIAN_POINT('',(132.315,-1.,4.));
#10230=CARTESIAN_POINT('Origin',(132.315,-1.00000000000001,4.));
#10231=CARTESIAN_POINT('',(132.315,-57.745,4.));
#10232=CARTESIAN_POINT('Origin',(-132.315,-1.8,4.));
#10233=CARTESIAN_POINT('',(-132.315,-1.,4.));
#10234=CARTESIAN_POINT('',(-132.315,-58.145,4.));
#10235=CARTESIAN_POINT('',(-132.315,-1.,4.));
#10236=CARTESIAN_POINT('Origin',(-132.315,-0.999999999999999,4.));
#10237=CARTESIAN_POINT('',(-142.315,-1.,4.));
#10238=CARTESIAN_POINT('',(-66.1575,-0.999999999999996,4.));
#10239=CARTESIAN_POINT('',(-142.315,-1.,4.));
#10240=CARTESIAN_POINT('Origin',(-142.315,-6.,4.));
#10241=CARTESIAN_POINT('',(-147.315,-6.00000000000001,4.));
#10242=CARTESIAN_POINT('Origin',(-142.315,-6.,4.));
#10243=CARTESIAN_POINT('',(-147.315,-6.00000000000001,4.));
#10244=CARTESIAN_POINT('Origin',(-147.315,-6.00000000000001,4.));
#10245=CARTESIAN_POINT('',(-147.315,-222.98,4.));
#10246=CARTESIAN_POINT('',(-147.315,-60.245,4.));
#10247=CARTESIAN_POINT('',(-147.315,-222.98,4.));
#10248=CARTESIAN_POINT('Origin',(-142.315,-222.98,4.));
#10249=CARTESIAN_POINT('',(-142.315,-227.98,4.));
#10250=CARTESIAN_POINT('Origin',(-142.315,-222.98,4.));
#10251=CARTESIAN_POINT('',(-142.315,-227.98,4.));
#10252=CARTESIAN_POINT('Origin',(-142.315,-227.98,4.));
#10253=CARTESIAN_POINT('',(142.315,-227.98,4.));
#10254=CARTESIAN_POINT('',(-71.1575,-227.98,4.));
#10255=CARTESIAN_POINT('',(142.315,-227.98,4.));
#10256=CARTESIAN_POINT('Origin',(142.315,-222.98,4.));
#10257=CARTESIAN_POINT('Origin',(142.315,-222.98,4.));
#10258=CARTESIAN_POINT('Origin',(0.,-114.49,5.5));
#10259=CARTESIAN_POINT('',(64.6575,-12.65,5.5));
#10260=CARTESIAN_POINT('Origin',(129.315,-12.65,4.));
#10261=CARTESIAN_POINT('Origin',(65.7000000000298,-207.980000000022,0.));
#10262=CARTESIAN_POINT('',(68.8999999999351,-207.979999999963,0.));
#10263=CARTESIAN_POINT('',(68.8999999999351,-207.979999999963,0.));
#10264=CARTESIAN_POINT('',(65.700013352689,-211.179999999759,0.));
#10265=CARTESIAN_POINT('Origin',(65.7000000000298,-207.980000000022,0.));
#10266=CARTESIAN_POINT('',(65.700013352689,-211.179999999759,0.));
#10267=CARTESIAN_POINT('Origin',(68.8999999999351,-207.979999999963,0.));
#10268=CARTESIAN_POINT('',(68.8999999999028,-137.480000000022,0.));
#10269=CARTESIAN_POINT('',(68.8999999999028,-137.480000000022,0.));
#10270=CARTESIAN_POINT('',(68.8999999999137,-161.234999999966,0.));
#10271=CARTESIAN_POINT('Origin',(65.6999999999084,-137.480000000103,0.));
#10272=CARTESIAN_POINT('',(65.6999644155479,-134.280000000076,0.));
#10273=CARTESIAN_POINT('',(65.6999644155479,-134.280000000076,0.));
#10274=CARTESIAN_POINT('Origin',(65.6999999999084,-137.480000000103,0.));
#10275=CARTESIAN_POINT('Origin',(65.6999644155479,-134.280000000076,0.));
#10276=CARTESIAN_POINT('',(-43.1999993607606,-134.280000000076,0.));
#10277=CARTESIAN_POINT('',(-43.1999993607606,-134.280000000076,0.));
#10278=CARTESIAN_POINT('',(32.8499822077739,-134.280000000076,0.));
#10279=CARTESIAN_POINT('Origin',(-43.199999999878,-137.480000000261,0.));
#10280=CARTESIAN_POINT('',(-46.4000000000628,-137.480000000165,0.));
#10281=CARTESIAN_POINT('',(-46.4000000000628,-137.480000000165,0.));
#10282=CARTESIAN_POINT('Origin',(-43.199999999878,-137.480000000261,0.));
#10283=CARTESIAN_POINT('Origin',(-46.4000000000628,-137.480000000165,0.));
#10284=CARTESIAN_POINT('',(-46.4000000003134,-207.979999999777,0.));
#10285=CARTESIAN_POINT('',(-46.4000000003134,-207.979999999777,0.));
#10286=CARTESIAN_POINT('',(-46.400000000022,-125.985,0.));
#10287=CARTESIAN_POINT('Origin',(-43.1999999999822,-207.979999999847,0.));
#10288=CARTESIAN_POINT('',(-43.1999898789877,-211.179999999928,0.));
#10289=CARTESIAN_POINT('',(-43.1999898789877,-211.179999999928,0.));
#10290=CARTESIAN_POINT('Origin',(-43.1999999999822,-207.979999999847,0.));
#10291=CARTESIAN_POINT('Origin',(-43.1999898789877,-211.179999999928,0.));
#10292=CARTESIAN_POINT('',(-21.599994939419,-211.179999999894,0.));
#10293=CARTESIAN_POINT('Origin',(-127.714101615138,-171.214101615138,0.));
#10294=CARTESIAN_POINT('',(-138.964101615138,-171.214101615138,0.));
#10295=CARTESIAN_POINT('Origin',(-127.714101615138,-171.214101615138,0.));
#10296=CARTESIAN_POINT('',(-138.964101615138,-171.214101615138,0.));
#10297=CARTESIAN_POINT('Origin',(-127.714101615138,-145.214101615138,0.));
#10298=CARTESIAN_POINT('',(-138.964101615138,-145.214101615138,0.));
#10299=CARTESIAN_POINT('Origin',(-127.714101615138,-145.214101615138,0.));
#10300=CARTESIAN_POINT('',(-138.964101615138,-145.214101615138,0.));
#10301=CARTESIAN_POINT('Origin',(-127.714101615138,-119.214101615138,0.));
#10302=CARTESIAN_POINT('',(-138.964101615138,-119.214101615138,0.));
#10303=CARTESIAN_POINT('Origin',(-127.714101615138,-119.214101615138,0.));
#10304=CARTESIAN_POINT('',(-138.964101615138,-119.214101615138,0.));
#10305=CARTESIAN_POINT('Origin',(0.,-114.49,0.8));
#10306=CARTESIAN_POINT('Origin',(0.,-114.49,4.));
#10307=CARTESIAN_POINT('',(-129.315,-1.,4.));
#10308=CARTESIAN_POINT('Origin',(-130.315,-1.,4.));
#10309=CARTESIAN_POINT('',(130.315,0.,4.));
#10310=CARTESIAN_POINT('',(129.315,0.,4.));
#10311=CARTESIAN_POINT('',(129.315,-1.,4.));
#10312=CARTESIAN_POINT('Origin',(130.315,-1.,4.));
#10313=CARTESIAN_POINT('',(129.315,-1.8,4.));
#10314=CARTESIAN_POINT('',(-129.315,-1.63500402912804,4.));
#10315=CARTESIAN_POINT('Origin',(-130.315,-1.,0.));
#10316=CARTESIAN_POINT('',(-129.315,-1.,0.8));
#10317=CARTESIAN_POINT('Origin',(-130.315,-1.,0.8));
#10318=CARTESIAN_POINT('',(-129.315,-1.,0.));
#10319=CARTESIAN_POINT('Origin',(-129.315,-11.65,0.));
#10320=CARTESIAN_POINT('',(-129.315,-63.07,0.8));
#10321=CARTESIAN_POINT('Origin',(129.315,-11.65,0.));
#10322=CARTESIAN_POINT('',(64.6575,-11.65,0.8));
#10323=CARTESIAN_POINT('Origin',(129.315,0.,0.));
#10324=CARTESIAN_POINT('',(129.315,-1.,0.8));
#10325=CARTESIAN_POINT('',(129.315,-57.245,0.8));
#10326=CARTESIAN_POINT('',(129.315,-1.,0.));
#10327=CARTESIAN_POINT('Origin',(130.315,-1.,0.));
#10328=CARTESIAN_POINT('',(130.315,0.,0.8));
#10329=CARTESIAN_POINT('Origin',(130.315,-1.,0.8));
#10330=CARTESIAN_POINT('',(130.315,0.,0.));
#10331=CARTESIAN_POINT('Origin',(142.315,0.,0.));
#10332=CARTESIAN_POINT('',(71.1575,0.,0.8));
#10333=CARTESIAN_POINT('Origin',(64.6575,-12.45,0.8));
#10334=CARTESIAN_POINT('',(128.315,-12.45,0.));
#10335=CARTESIAN_POINT('Origin',(128.315,-12.45,0.8));
#10336=CARTESIAN_POINT('',(-128.315,-12.45,0.));
#10337=CARTESIAN_POINT('',(64.6575,-12.45,0.));
#10338=CARTESIAN_POINT('Origin',(-128.315,-12.45,0.8));
#10339=CARTESIAN_POINT('Origin',(-64.6575,-0.800000000000001,0.8));
#10340=CARTESIAN_POINT('',(-130.315,-0.8,0.));
#10341=CARTESIAN_POINT('Origin',(-130.315,-0.8,0.8));
#10342=CARTESIAN_POINT('',(-142.315,-0.800000000000001,0.));
#10343=CARTESIAN_POINT('',(-64.6575,-0.800000000000001,0.));
#10344=CARTESIAN_POINT('Origin',(-142.315,-0.800000000000001,0.8));
#10345=CARTESIAN_POINT('Ctrl Pts',(-130.115,-1.,0.));
#10346=CARTESIAN_POINT('Ctrl Pts',(-130.115,-0.800000000000004,0.));
#10347=CARTESIAN_POINT('Ctrl Pts',(-130.315,-0.800000000000004,0.));
#10348=CARTESIAN_POINT('Ctrl Pts',(-129.315,-1.,-4.03059666146044E-15));
#10349=CARTESIAN_POINT('Ctrl Pts',(-129.315,-3.60822483003176E-15,-4.03059666146044E-15));
#10350=CARTESIAN_POINT('Ctrl Pts',(-130.315,-3.33066907387547E-15,-4.02455846426619E-15));
#10351=CARTESIAN_POINT('Ctrl Pts',(-129.315,-1.,0.8));
#10352=CARTESIAN_POINT('Ctrl Pts',(-129.315,-3.60822483003176E-15,0.8));
#10353=CARTESIAN_POINT('Ctrl Pts',(-130.315,-3.33066907387547E-15,0.8));
#10354=CARTESIAN_POINT('',(-130.115,-0.999999999999996,0.));
#10355=CARTESIAN_POINT('Origin',(-130.115,-0.999999999999996,0.8));
#10356=CARTESIAN_POINT('Origin',(-130.315,-1.,0.));
#10357=CARTESIAN_POINT('Origin',(-130.115,-63.07,0.8));
#10358=CARTESIAN_POINT('',(-130.115,-10.65,0.));
#10359=CARTESIAN_POINT('Origin',(-130.115,-10.65,0.8));
#10360=CARTESIAN_POINT('',(-130.115,-63.07,0.));
#10361=CARTESIAN_POINT('Origin',(-128.315,-10.65,0.8));
#10362=CARTESIAN_POINT('Origin',(-128.315,-10.65,0.));
#10363=CARTESIAN_POINT('Origin',(128.315,-10.65,0.8));
#10364=CARTESIAN_POINT('',(130.115,-10.65,0.));
#10365=CARTESIAN_POINT('Origin',(130.115,-10.65,0.8));
#10366=CARTESIAN_POINT('Origin',(128.315,-10.65,0.));
#10367=CARTESIAN_POINT('Origin',(130.115,-57.245,0.8));
#10368=CARTESIAN_POINT('',(130.115,-1.,0.));
#10369=CARTESIAN_POINT('Origin',(130.115,-1.,0.8));
#10370=CARTESIAN_POINT('',(130.115,-57.245,0.));
#10371=CARTESIAN_POINT('Ctrl Pts',(130.315,-0.800000000000004,0.));
#10372=CARTESIAN_POINT('Ctrl Pts',(130.115,-0.800000000000004,0.));
#10373=CARTESIAN_POINT('Ctrl Pts',(130.115,-1.,0.));
#10374=CARTESIAN_POINT('Ctrl Pts',(130.315,-3.60822483003176E-15,-4.02455846426619E-15));
#10375=CARTESIAN_POINT('Ctrl Pts',(129.315,-3.88578058618805E-15,-4.01852026707195E-15));
#10376=CARTESIAN_POINT('Ctrl Pts',(129.315,-1.,-4.01852026707195E-15));
#10377=CARTESIAN_POINT('Ctrl Pts',(130.315,-3.60822483003176E-15,0.8));
#10378=CARTESIAN_POINT('Ctrl Pts',(129.315,-3.88578058618805E-15,0.8));
#10379=CARTESIAN_POINT('Ctrl Pts',(129.315,-1.,0.8));
#10380=CARTESIAN_POINT('',(130.315,-0.800000000000001,0.));
#10381=CARTESIAN_POINT('Origin',(130.315,-0.800000000000001,0.8));
#10382=CARTESIAN_POINT('Origin',(130.315,-1.,0.));
#10383=CARTESIAN_POINT('Origin',(71.1575,-0.800000000000001,0.8));
#10384=CARTESIAN_POINT('',(142.315,-0.8,0.));
#10385=CARTESIAN_POINT('Origin',(142.315,-0.8,0.8));
#10386=CARTESIAN_POINT('',(71.1575,-0.800000000000001,0.));
#10387=CARTESIAN_POINT('Origin',(142.315,-6.00000000000001,0.8));
#10388=CARTESIAN_POINT('',(147.515,-6.00000000000001,0.));
#10389=CARTESIAN_POINT('Origin',(147.515,-6.00000000000001,0.8));
#10390=CARTESIAN_POINT('Origin',(142.315,-6.00000000000001,0.));
#10391=CARTESIAN_POINT('Origin',(147.515,-168.735,0.8));
#10392=CARTESIAN_POINT('',(147.515,-222.98,0.));
#10393=CARTESIAN_POINT('Origin',(147.515,-222.98,0.8));
#10394=CARTESIAN_POINT('',(147.515,-168.735,0.));
#10395=CARTESIAN_POINT('Origin',(142.315,-222.98,0.8));
#10396=CARTESIAN_POINT('',(142.315,-228.18,0.));
#10397=CARTESIAN_POINT('Origin',(142.315,-228.18,0.8));
#10398=CARTESIAN_POINT('Origin',(142.315,-222.98,0.));
#10399=CARTESIAN_POINT('Origin',(-142.315,-222.98,0.8));
#10400=CARTESIAN_POINT('',(-142.315,-228.18,0.));
#10401=CARTESIAN_POINT('Origin',(-142.315,-228.18,0.8));
#10402=CARTESIAN_POINT('',(-147.515,-222.98,0.));
#10403=CARTESIAN_POINT('Origin',(-147.515,-222.98,0.8));
#10404=CARTESIAN_POINT('Origin',(-142.315,-222.98,0.));
#10405=CARTESIAN_POINT('Origin',(-147.515,-60.245,0.8));
#10406=CARTESIAN_POINT('',(-147.515,-6.,0.));
#10407=CARTESIAN_POINT('Origin',(-147.515,-6.,0.8));
#10408=CARTESIAN_POINT('',(-147.515,-60.245,0.));
#10409=CARTESIAN_POINT('Origin',(-142.315,-6.,0.8));
#10410=CARTESIAN_POINT('Origin',(-142.315,-6.,0.));
#10411=CARTESIAN_POINT('Origin',(-71.1575,-228.18,0.8));
#10412=CARTESIAN_POINT('',(30.4582398855774,-228.84655927397,0.357621503364962));
#10413=CARTESIAN_POINT('Origin',(27.7712812921101,-228.18,0.8));
#10414=CARTESIAN_POINT('',(30.7553321196727,-228.331980429983,0.0145689407068637));
#10415=CARTESIAN_POINT('Ctrl Pts',(30.7553321196727,-228.331980429982,0.0145689407068585));
#10416=CARTESIAN_POINT('Ctrl Pts',(30.7897343120172,-228.364381858055,0.0208385972378667));
#10417=CARTESIAN_POINT('Ctrl Pts',(30.8231556459117,-228.40142639079,0.0301240794908445));
#10418=CARTESIAN_POINT('Ctrl Pts',(30.8613801138565,-228.466216078264,0.0524702831415866));
#10419=CARTESIAN_POINT('Ctrl Pts',(30.8723785022656,-228.492976503738,0.0631324552729564));
#10420=CARTESIAN_POINT('Ctrl Pts',(30.8790475907118,-228.537387517691,0.0840246518165906));
#10421=CARTESIAN_POINT('Ctrl Pts',(30.8789239213695,-228.553913784067,0.0925161379952673));
#10422=CARTESIAN_POINT('Ctrl Pts',(30.8737031948668,-228.583820638683,0.109221543606895));
#10423=CARTESIAN_POINT('Ctrl Pts',(30.8694537299666,-228.596883178758,0.117045718048762));
#10424=CARTESIAN_POINT('Ctrl Pts',(30.8562618298151,-228.625268077238,0.135099678892318));
#10425=CARTESIAN_POINT('Ctrl Pts',(30.8464462238787,-228.639989144416,0.145253560387133));
#10426=CARTESIAN_POINT('Ctrl Pts',(30.8101188416734,-228.683553352369,0.177247926005866));
#10427=CARTESIAN_POINT('Ctrl Pts',(30.7767818293542,-228.709048383353,0.199206446946403));
#10428=CARTESIAN_POINT('Ctrl Pts',(30.6608031730059,-228.780901519193,0.267267936688551));
#10429=CARTESIAN_POINT('Ctrl Pts',(30.5536967827754,-228.819188333867,0.316380000667236));
#10430=CARTESIAN_POINT('Ctrl Pts',(30.4582398855775,-228.84655927397,0.357621503364961));
#10431=CARTESIAN_POINT('',(30.5425625842203,-228.18,0.));
#10432=CARTESIAN_POINT('Origin',(27.7712812921101,-228.18,0.8));
#10433=CARTESIAN_POINT('',(-71.1575,-228.18,0.));
#10434=CARTESIAN_POINT('Origin',(-71.1575,-228.18,0.8));
#10435=CARTESIAN_POINT('',(-30.4582398855774,-228.84655927397,0.357621503365093));
#10436=CARTESIAN_POINT('Origin',(-27.7712812921104,-228.18,0.8));
#10437=CARTESIAN_POINT('',(-30.5425625842206,-228.18,0.));
#10438=CARTESIAN_POINT('',(-71.1575,-228.18,0.));
#10439=CARTESIAN_POINT('',(-30.7553321196728,-228.331980429982,0.0145689407068324));
#10440=CARTESIAN_POINT('Origin',(-27.7712812921104,-228.18,0.8));
#10441=CARTESIAN_POINT('Ctrl Pts',(-30.4582398855774,-228.84655927397,0.357621503365109));
#10442=CARTESIAN_POINT('Ctrl Pts',(-30.589263354657,-228.808990113129,0.301013705373272));
#10443=CARTESIAN_POINT('Ctrl Pts',(-30.718264255011,-228.757811101009,0.239845587198694));
#10444=CARTESIAN_POINT('Ctrl Pts',(-30.817762650803,-228.673801244088,0.1702127628905));
#10445=CARTESIAN_POINT('Ctrl Pts',(-30.8360028412653,-228.654832294354,
0.155638773583804));
#10446=CARTESIAN_POINT('Ctrl Pts',(-30.858375139675,-228.620980049412,0.132340153613472));
#10447=CARTESIAN_POINT('Ctrl Pts',(-30.8652490596118,-228.60756563981,0.123637698790488));
#10448=CARTESIAN_POINT('Ctrl Pts',(-30.8746750099538,-228.580003983298,
0.107008473696389));
#10449=CARTESIAN_POINT('Ctrl Pts',(-30.8774094410647,-228.566234221858,
0.0992263752182307));
#10450=CARTESIAN_POINT('Ctrl Pts',(-30.8791653924674,-228.531374342091,
0.0809201491050094));
#10451=CARTESIAN_POINT('Ctrl Pts',(-30.8759743509252,-228.510785462935,
0.0712501120692951));
#10452=CARTESIAN_POINT('Ctrl Pts',(-30.8615529916868,-228.466843660171,
0.0527606488519792));
#10453=CARTESIAN_POINT('Ctrl Pts',(-30.8494955599835,-228.444273342326,
0.0445813236395162));
#10454=CARTESIAN_POINT('Ctrl Pts',(-30.8130635740414,-228.390414188386,
0.0274090018274929));
#10455=CARTESIAN_POINT('Ctrl Pts',(-30.7846863102869,-228.35962743824,0.0199186199090458));
#10456=CARTESIAN_POINT('Ctrl Pts',(-30.7553321196728,-228.331980429982,
0.0145689407068397));
#10457=CARTESIAN_POINT('Origin',(0.,-114.49,0.));
#10458=CARTESIAN_POINT('',(26.1602540378443,-225.649872981078,0.));
#10459=CARTESIAN_POINT('',(-7.71665969711359,-206.091027716886,0.));
#10460=CARTESIAN_POINT('',(23.6602540378443,-224.98,0.));
#10461=CARTESIAN_POINT('Ctrl Pts',(23.6602540378443,-224.98,0.));
#10462=CARTESIAN_POINT('Ctrl Pts',(24.5329186638415,-224.98,0.));
#10463=CARTESIAN_POINT('Ctrl Pts',(25.4045043027467,-225.213540668079,0.));
#10464=CARTESIAN_POINT('Ctrl Pts',(26.1602540378443,-225.649872981078,0.));
#10465=CARTESIAN_POINT('',(-23.6602540378443,-224.98,0.));
#10466=CARTESIAN_POINT('',(-11.8301270189223,-224.98,0.));
#10467=CARTESIAN_POINT('',(-26.1602540378443,-225.649872981078,0.));
#10468=CARTESIAN_POINT('Ctrl Pts',(-26.1602540378443,-225.649872981078,
0.));
#10469=CARTESIAN_POINT('Ctrl Pts',(-25.4045043027467,-225.213540668079,
0.));
#10470=CARTESIAN_POINT('Ctrl Pts',(-24.5329186638415,-224.98,0.));
#10471=CARTESIAN_POINT('Ctrl Pts',(-23.6602540378443,-224.98,0.));
#10472=CARTESIAN_POINT('',(5.41281211981984,-207.421154735809,2.22044604925031E-15));
#10473=CARTESIAN_POINT('Ctrl Pts',(30.4582398855774,-228.84655927397,0.35762150336499));
#10474=CARTESIAN_POINT('Ctrl Pts',(30.5308050526365,-228.888454792705,0.35762150336499));
#10475=CARTESIAN_POINT('Ctrl Pts',(30.6043074259295,-228.928727011443,0.35762150336499));
#10476=CARTESIAN_POINT('Ctrl Pts',(30.6786734870806,-228.967335649198,0.35762150336499));
#10477=CARTESIAN_POINT('Ctrl Pts',(30.5572706302759,-228.675032992641,0.243270649145613));
#10478=CARTESIAN_POINT('Ctrl Pts',(30.6272781724178,-228.715451865942,0.243270649145613));
#10479=CARTESIAN_POINT('Ctrl Pts',(30.6981898881127,-228.754304653922,0.243270649145613));
#10480=CARTESIAN_POINT('Ctrl Pts',(30.7699348502063,-228.791552495334,0.243270649145613));
#10481=CARTESIAN_POINT('Ctrl Pts',(30.6563013749743,-228.503506711312,0.128919794926237));
#10482=CARTESIAN_POINT('Ctrl Pts',(30.7237512921991,-228.542448939178,0.128919794926237));
#10483=CARTESIAN_POINT('Ctrl Pts',(30.7920723502959,-228.5798822964,0.128919794926237));
#10484=CARTESIAN_POINT('Ctrl Pts',(30.861196213332,-228.615769341469,0.128919794926237));
#10485=CARTESIAN_POINT('Ctrl Pts',(30.7553321196727,-228.331980429982,0.0145689407068609));
#10486=CARTESIAN_POINT('Ctrl Pts',(30.8202244119805,-228.369446012415,0.0145689407068609));
#10487=CARTESIAN_POINT('Ctrl Pts',(30.8859548124791,-228.405459938878,0.0145689407068609));
#10488=CARTESIAN_POINT('Ctrl Pts',(30.9524575764577,-228.439986187605,0.0145689407068609));
#10489=CARTESIAN_POINT('',(30.767949192431,-228.310127018922,0.));
#10490=CARTESIAN_POINT('Origin',(-28.6028856829701,-232.060127018922,2.5));
#10491=CARTESIAN_POINT('Ctrl Pts',(-30.4582398855774,-228.84655927397,0.357621503365129));
#10492=CARTESIAN_POINT('Ctrl Pts',(-30.5572706302759,-228.675032992641,
0.243270649145697));
#10493=CARTESIAN_POINT('Ctrl Pts',(-30.6563013749744,-228.503506711312,
0.128919794926265));
#10494=CARTESIAN_POINT('Ctrl Pts',(-30.7553321196728,-228.331980429982,
0.0145689407068328));
#10495=CARTESIAN_POINT('',(-26.1602540378443,-225.649872981078,0.));
#10496=CARTESIAN_POINT('Ctrl Pts',(-30.6785711425474,-228.96728251364,0.357621503365129));
#10497=CARTESIAN_POINT('Ctrl Pts',(-30.6042399883622,-228.928690062031,
0.357621503365129));
#10498=CARTESIAN_POINT('Ctrl Pts',(-30.5307717637607,-228.888435573364,
0.357621503365129));
#10499=CARTESIAN_POINT('Ctrl Pts',(-30.4582398855774,-228.84655927397,0.357621503365129));
#10500=CARTESIAN_POINT('Ctrl Pts',(-30.7698361128988,-228.791501232587,
0.243270649145697));
#10501=CARTESIAN_POINT('Ctrl Pts',(-30.6981248274435,-228.754269006824,
0.243270649145697));
#10502=CARTESIAN_POINT('Ctrl Pts',(-30.6272460568386,-228.715433324003,
0.243270649145697));
#10503=CARTESIAN_POINT('Ctrl Pts',(-30.5572706302759,-228.675032992641,
0.243270649145697));
#10504=CARTESIAN_POINT('Ctrl Pts',(-30.8611010832501,-228.615719951533,
0.128919794926265));
#10505=CARTESIAN_POINT('Ctrl Pts',(-30.7920096665248,-228.579847951618,
0.128919794926265));
#10506=CARTESIAN_POINT('Ctrl Pts',(-30.7237203499165,-228.542431074643,
0.128919794926265));
#10507=CARTESIAN_POINT('Ctrl Pts',(-30.6563013749744,-228.503506711312,
0.128919794926265));
#10508=CARTESIAN_POINT('Ctrl Pts',(-30.9523660536015,-228.439938670479,
0.0145689407068328));
#10509=CARTESIAN_POINT('Ctrl Pts',(-30.885894505606,-228.405426896412,0.0145689407068328));
#10510=CARTESIAN_POINT('Ctrl Pts',(-30.8201946429944,-228.369428825282,
0.0145689407068328));
#10511=CARTESIAN_POINT('Ctrl Pts',(-30.7553321196728,-228.331980429982,
0.0145689407068328));
#10512=CARTESIAN_POINT('Ctrl Pts',(-24.1602540378443,-229.113974596216,
2.30940107675853));
#10513=CARTESIAN_POINT('Ctrl Pts',(-24.0091040908248,-229.026708133616,
2.30940107675853));
#10514=CARTESIAN_POINT('Ctrl Pts',(-23.8347869630438,-228.98,2.30940107675853));
#10515=CARTESIAN_POINT('Ctrl Pts',(-23.6602540378443,-228.98,2.30940107675853));
#10516=CARTESIAN_POINT('Ctrl Pts',(-24.826920704511,-227.959274057836,1.53960071783902));
#10517=CARTESIAN_POINT('Ctrl Pts',(-24.4742374947988,-227.75565231177,1.53960071783902));
#10518=CARTESIAN_POINT('Ctrl Pts',(-24.0674975299763,-227.646666666667,
1.53960071783902));
#10519=CARTESIAN_POINT('Ctrl Pts',(-23.6602540378443,-227.646666666667,
1.53960071783902));
#10520=CARTESIAN_POINT('Ctrl Pts',(-25.4935873711776,-226.804573519457,
0.76980035891951));
#10521=CARTESIAN_POINT('Ctrl Pts',(-24.9393708987727,-226.484596489925,
0.76980035891951));
#10522=CARTESIAN_POINT('Ctrl Pts',(-24.3002080969089,-226.313333333333,
0.76980035891951));
#10523=CARTESIAN_POINT('Ctrl Pts',(-23.6602540378443,-226.313333333333,
0.76980035891951));
#10524=CARTESIAN_POINT('Ctrl Pts',(-26.1602540378443,-225.649872981078,
0.));
#10525=CARTESIAN_POINT('Ctrl Pts',(-25.4045043027467,-225.213540668079,
0.));
#10526=CARTESIAN_POINT('Ctrl Pts',(-24.5329186638415,-224.98,0.));
#10527=CARTESIAN_POINT('Ctrl Pts',(-23.6602540378443,-224.98,0.));
#10528=CARTESIAN_POINT('Ctrl Pts',(-23.6602540378443,-228.98,2.30940107675853));
#10529=CARTESIAN_POINT('Ctrl Pts',(-23.6602540378443,-227.646666666667,
1.53960071783902));
#10530=CARTESIAN_POINT('Ctrl Pts',(-23.6602540378443,-226.313333333333,
0.76980035891951));
#10531=CARTESIAN_POINT('Ctrl Pts',(-23.6602540378443,-224.98,0.));
#10532=CARTESIAN_POINT('Origin',(-23.6602540378443,-229.310127018922,2.5));
#10533=CARTESIAN_POINT('',(23.6602540378443,-224.98,0.));
#10534=CARTESIAN_POINT('Ctrl Pts',(23.6602540378443,-228.98,2.3094010767585));
#10535=CARTESIAN_POINT('Ctrl Pts',(23.8347869630438,-228.98,2.3094010767585));
#10536=CARTESIAN_POINT('Ctrl Pts',(24.0091040908248,-229.026708133616,2.3094010767585));
#10537=CARTESIAN_POINT('Ctrl Pts',(24.1602540378443,-229.113974596216,2.3094010767585));
#10538=CARTESIAN_POINT('Ctrl Pts',(23.6602540378443,-227.646666666667,1.539600717839));
#10539=CARTESIAN_POINT('Ctrl Pts',(24.0674975299764,-227.646666666667,1.539600717839));
#10540=CARTESIAN_POINT('Ctrl Pts',(24.4742374947988,-227.75565231177,1.539600717839));
#10541=CARTESIAN_POINT('Ctrl Pts',(24.826920704511,-227.959274057836,1.539600717839));
#10542=CARTESIAN_POINT('Ctrl Pts',(23.6602540378443,-226.313333333333,0.769800358919498));
#10543=CARTESIAN_POINT('Ctrl Pts',(24.3002080969089,-226.313333333333,0.769800358919498));
#10544=CARTESIAN_POINT('Ctrl Pts',(24.9393708987728,-226.484596489925,0.769800358919498));
#10545=CARTESIAN_POINT('Ctrl Pts',(25.4935873711777,-226.804573519457,0.769800358919498));
#10546=CARTESIAN_POINT('Ctrl Pts',(23.6602540378443,-224.98,0.));
#10547=CARTESIAN_POINT('Ctrl Pts',(24.5329186638415,-224.98,0.));
#10548=CARTESIAN_POINT('Ctrl Pts',(25.4045043027467,-225.213540668079,0.));
#10549=CARTESIAN_POINT('Ctrl Pts',(26.1602540378443,-225.649872981078,0.));
#10550=CARTESIAN_POINT('Ctrl Pts',(24.237604307034,-228.98,2.22008467928146));
#10551=CARTESIAN_POINT('Ctrl Pts',(24.8784875506374,-227.869957660359,1.48005645285431));
#10552=CARTESIAN_POINT('Ctrl Pts',(25.5193707942409,-226.759915320719,0.740028226427154));
#10553=CARTESIAN_POINT('Ctrl Pts',(26.1602540378443,-225.649872981078,0.));
#10554=CARTESIAN_POINT('Origin',(23.9951905283832,-229.399872981078,2.5));
#10555=CARTESIAN_POINT('',(0.,0.,0.));
#10556=UNCERTAINTY_MEASURE_WITH_UNIT(LENGTH_MEASURE(0.01),#10562,
'DISTANCE_ACCURACY_VALUE',
'Maximum model space distance between geometric entities at asserted c
onnectivities');
#10557=UNCERTAINTY_MEASURE_WITH_UNIT(LENGTH_MEASURE(0.01),#10562,
'DISTANCE_ACCURACY_VALUE',
'Maximum model space distance between geometric entities at asserted c
onnectivities');
#10558=UNCERTAINTY_MEASURE_WITH_UNIT(LENGTH_MEASURE(0.01),#10562,
'DISTANCE_ACCURACY_VALUE',
'Maximum model space distance between geometric entities at asserted c
onnectivities');
#10559=(
GEOMETRIC_REPRESENTATION_CONTEXT(3)
GLOBAL_UNCERTAINTY_ASSIGNED_CONTEXT((#10556))
GLOBAL_UNIT_ASSIGNED_CONTEXT((#10562,#10564,#10565))
REPRESENTATION_CONTEXT('','3D')
);
#10560=(
GEOMETRIC_REPRESENTATION_CONTEXT(3)
GLOBAL_UNCERTAINTY_ASSIGNED_CONTEXT((#10557))
GLOBAL_UNIT_ASSIGNED_CONTEXT((#10562,#10564,#10565))
REPRESENTATION_CONTEXT('','3D')
);
#10561=(
GEOMETRIC_REPRESENTATION_CONTEXT(3)
GLOBAL_UNCERTAINTY_ASSIGNED_CONTEXT((#10558))
GLOBAL_UNIT_ASSIGNED_CONTEXT((#10562,#10564,#10565))
REPRESENTATION_CONTEXT('','3D')
);
#10562=(
LENGTH_UNIT()
NAMED_UNIT(*)
SI_UNIT(.MILLI.,.METRE.)
);
#10563=(
LENGTH_UNIT()
NAMED_UNIT(*)
SI_UNIT($,.METRE.)
);
#10564=(
NAMED_UNIT(*)
PLANE_ANGLE_UNIT()
SI_UNIT($,.RADIAN.)
);
#10565=(
NAMED_UNIT(*)
SI_UNIT($,.STERADIAN.)
SOLID_ANGLE_UNIT()
);
#10566=SHAPE_DEFINITION_REPRESENTATION(#10568,#10571);
#10567=SHAPE_DEFINITION_REPRESENTATION(#10569,#10572);
#10568=PRODUCT_DEFINITION_SHAPE('',$,#10574);
#10569=PRODUCT_DEFINITION_SHAPE('',$,#10575);
#10570=PRODUCT_DEFINITION_SHAPE($,$,#14);
#10571=SHAPE_REPRESENTATION('',(#5700,#6322),#10559);
#10572=SHAPE_REPRESENTATION('',(#5701),#10560);
#10573=PRODUCT_DEFINITION_CONTEXT('part definition',#10581,'design');
#10574=PRODUCT_DEFINITION('chassis-top-revB','chassis-top-revB v3',#10576,
#10573);
#10575=PRODUCT_DEFINITION('chassis-top','chassis-top',#10577,#10573);
#10576=PRODUCT_DEFINITION_FORMATION('',$,#10583);
#10577=PRODUCT_DEFINITION_FORMATION('',$,#10584);
#10578=PRODUCT_RELATED_PRODUCT_CATEGORY('chassis-top-revB v3',
'chassis-top-revB v3',(#10583));
#10579=PRODUCT_RELATED_PRODUCT_CATEGORY('chassis-top','chassis-top',(#10584));
#10580=APPLICATION_PROTOCOL_DEFINITION('international standard',
'automotive_design',2009,#10581);
#10581=APPLICATION_CONTEXT(
'Core Data for Automotive Mechanical Design Process');
#10582=PRODUCT_CONTEXT('part definition',#10581,'mechanical');
#10583=PRODUCT('chassis-top-revB','chassis-top-revB v3',$,(#10582));
#10584=PRODUCT('chassis-top','chassis-top',$,(#10582));
#10585=PRESENTATION_STYLE_ASSIGNMENT((#10586));
#10586=SURFACE_STYLE_USAGE(.BOTH.,#10587);
#10587=SURFACE_SIDE_STYLE('',(#10588));
#10588=SURFACE_STYLE_FILL_AREA(#10589);
#10589=FILL_AREA_STYLE('Steel - Satin',(#10590));
#10590=FILL_AREA_STYLE_COLOUR('Steel - Satin',#10591);
#10591=COLOUR_RGB('Steel - Satin',0.627450980392157,0.627450980392157,0.627450980392157);
ENDSEC;
END-ISO-10303-21;
