ISO-10303-21;
HEADER;
/* Generated by software containing ST-Developer
 * from STEP Tools, Inc. (www.steptools.com) 
 */

FILE_DESCRIPTION(
/* description */ (''),
/* implementation_level */ '2;1');

FILE_NAME(
/* name */ 'bottom-bracket-R.step',
/* time_stamp */ '2026-09-06T15:50:51-07:00',
/* author */ (''),
/* organization */ (''),
/* preprocessor_version */ 'ST-DEVELOPER v20.2',
/* originating_system */ 'Autodesk Translation Framework v15.15.0.0',
/* authorisation */ '');

FILE_SCHEMA (('AUTOMOTIVE_DESIGN { 1 0 10303 214 3 1 1 }'));
ENDSEC;

DATA;
#10=MECHANICAL_DESIGN_GEOMETRIC_PRESENTATION_REPRESENTATION('',(#17),#2484);
#11=ITEM_DEFINED_TRANSFORMATION($,$,#1511,#1639);
#12=(
REPRESENTATION_RELATIONSHIP($,$,#2494,#2493)
REPRESENTATION_RELATIONSHIP_WITH_TRANSFORMATION(#11)
SHAPE_REPRESENTATION_RELATIONSHIP()
);
#13=CONTEXT_DEPENDENT_SHAPE_REPRESENTATION(#12,#2492);
#14=NEXT_ASSEMBLY_USAGE_OCCURRENCE('bottom-bracket-R:1',
'bottom-bracket-R:1','bottom-bracket-R:1',#2496,#2497,
'bottom-bracket-R:1');
#15=SHAPE_REPRESENTATION_RELATIONSHIP('SRR','None',#2494,#16);
#16=ADVANCED_BREP_SHAPE_REPRESENTATION('',(#18),#2483);
#17=STYLED_ITEM('',(#2507),#18);
#18=MANIFOLD_SOLID_BREP('Body4',#1509);
#19=FACE_BOUND('',#192,.T.);
#20=FACE_BOUND('',#194,.T.);
#21=FACE_BOUND('',#195,.T.);
#22=FACE_BOUND('',#196,.T.);
#23=FACE_BOUND('',#197,.T.);
#24=FACE_BOUND('',#198,.T.);
#25=FACE_BOUND('',#199,.T.);
#26=FACE_BOUND('',#200,.T.);
#27=FACE_BOUND('',#204,.T.);
#28=FACE_BOUND('',#208,.T.);
#29=FACE_BOUND('',#216,.T.);
#30=FACE_BOUND('',#217,.T.);
#31=FACE_BOUND('',#218,.T.);
#32=FACE_BOUND('',#219,.T.);
#33=FACE_BOUND('',#220,.T.);
#34=FACE_BOUND('',#223,.T.);
#35=FACE_BOUND('',#225,.T.);
#36=FACE_BOUND('',#226,.T.);
#37=FACE_BOUND('',#228,.T.);
#38=FACE_BOUND('',#230,.T.);
#39=FACE_BOUND('',#257,.T.);
#40=FACE_BOUND('',#260,.T.);
#41=FACE_BOUND('',#265,.T.);
#42=FACE_BOUND('',#267,.T.);
#43=FACE_BOUND('',#279,.T.);
#44=FACE_BOUND('',#280,.T.);
#45=FACE_BOUND('',#281,.T.);
#46=FACE_BOUND('',#282,.T.);
#47=FACE_BOUND('',#286,.T.);
#48=FACE_BOUND('',#292,.T.);
#49=FACE_BOUND('',#296,.T.);
#50=PLANE('',#1518);
#51=PLANE('',#1519);
#52=PLANE('',#1531);
#53=PLANE('',#1537);
#54=PLANE('',#1538);
#55=PLANE('',#1539);
#56=PLANE('',#1540);
#57=PLANE('',#1541);
#58=PLANE('',#1542);
#59=PLANE('',#1543);
#60=PLANE('',#1544);
#61=PLANE('',#1549);
#62=PLANE('',#1550);
#63=PLANE('',#1551);
#64=PLANE('',#1553);
#65=PLANE('',#1555);
#66=PLANE('',#1556);
#67=PLANE('',#1557);
#68=PLANE('',#1558);
#69=PLANE('',#1559);
#70=PLANE('',#1560);
#71=PLANE('',#1561);
#72=PLANE('',#1562);
#73=PLANE('',#1563);
#74=PLANE('',#1564);
#75=PLANE('',#1565);
#76=PLANE('',#1566);
#77=PLANE('',#1567);
#78=PLANE('',#1568);
#79=PLANE('',#1572);
#80=PLANE('',#1579);
#81=PLANE('',#1583);
#82=PLANE('',#1584);
#83=PLANE('',#1585);
#84=PLANE('',#1586);
#85=PLANE('',#1592);
#86=PLANE('',#1593);
#87=PLANE('',#1594);
#88=PLANE('',#1595);
#89=PLANE('',#1596);
#90=PLANE('',#1597);
#91=PLANE('',#1598);
#92=PLANE('',#1599);
#93=PLANE('',#1600);
#94=PLANE('',#1601);
#95=PLANE('',#1605);
#96=PLANE('',#1609);
#97=PLANE('',#1614);
#98=PLANE('',#1615);
#99=PLANE('',#1616);
#100=PLANE('',#1621);
#101=PLANE('',#1624);
#102=PLANE('',#1629);
#103=PLANE('',#1634);
#104=PLANE('',#1635);
#105=PLANE('',#1636);
#106=PLANE('',#1637);
#107=PLANE('',#1638);
#108=FACE_OUTER_BOUND('',#189,.T.);
#109=FACE_OUTER_BOUND('',#190,.T.);
#110=FACE_OUTER_BOUND('',#191,.T.);
#111=FACE_OUTER_BOUND('',#193,.T.);
#112=FACE_OUTER_BOUND('',#201,.T.);
#113=FACE_OUTER_BOUND('',#202,.T.);
#114=FACE_OUTER_BOUND('',#203,.T.);
#115=FACE_OUTER_BOUND('',#205,.T.);
#116=FACE_OUTER_BOUND('',#206,.T.);
#117=FACE_OUTER_BOUND('',#207,.T.);
#118=FACE_OUTER_BOUND('',#209,.T.);
#119=FACE_OUTER_BOUND('',#210,.T.);
#120=FACE_OUTER_BOUND('',#211,.T.);
#121=FACE_OUTER_BOUND('',#212,.T.);
#122=FACE_OUTER_BOUND('',#213,.T.);
#123=FACE_OUTER_BOUND('',#214,.T.);
#124=FACE_OUTER_BOUND('',#215,.T.);
#125=FACE_OUTER_BOUND('',#221,.T.);
#126=FACE_OUTER_BOUND('',#222,.T.);
#127=FACE_OUTER_BOUND('',#224,.T.);
#128=FACE_OUTER_BOUND('',#227,.T.);
#129=FACE_OUTER_BOUND('',#229,.T.);
#130=FACE_OUTER_BOUND('',#231,.T.);
#131=FACE_OUTER_BOUND('',#232,.T.);
#132=FACE_OUTER_BOUND('',#233,.T.);
#133=FACE_OUTER_BOUND('',#234,.T.);
#134=FACE_OUTER_BOUND('',#235,.T.);
#135=FACE_OUTER_BOUND('',#236,.T.);
#136=FACE_OUTER_BOUND('',#237,.T.);
#137=FACE_OUTER_BOUND('',#238,.T.);
#138=FACE_OUTER_BOUND('',#239,.T.);
#139=FACE_OUTER_BOUND('',#240,.T.);
#140=FACE_OUTER_BOUND('',#241,.T.);
#141=FACE_OUTER_BOUND('',#242,.T.);
#142=FACE_OUTER_BOUND('',#243,.T.);
#143=FACE_OUTER_BOUND('',#244,.T.);
#144=FACE_OUTER_BOUND('',#245,.T.);
#145=FACE_OUTER_BOUND('',#246,.T.);
#146=FACE_OUTER_BOUND('',#247,.T.);
#147=FACE_OUTER_BOUND('',#248,.T.);
#148=FACE_OUTER_BOUND('',#249,.T.);
#149=FACE_OUTER_BOUND('',#250,.T.);
#150=FACE_OUTER_BOUND('',#251,.T.);
#151=FACE_OUTER_BOUND('',#252,.T.);
#152=FACE_OUTER_BOUND('',#253,.T.);
#153=FACE_OUTER_BOUND('',#254,.T.);
#154=FACE_OUTER_BOUND('',#255,.T.);
#155=FACE_OUTER_BOUND('',#256,.T.);
#156=FACE_OUTER_BOUND('',#258,.T.);
#157=FACE_OUTER_BOUND('',#259,.T.);
#158=FACE_OUTER_BOUND('',#261,.T.);
#159=FACE_OUTER_BOUND('',#262,.T.);
#160=FACE_OUTER_BOUND('',#263,.T.);
#161=FACE_OUTER_BOUND('',#264,.T.);
#162=FACE_OUTER_BOUND('',#266,.T.);
#163=FACE_OUTER_BOUND('',#268,.T.);
#164=FACE_OUTER_BOUND('',#269,.T.);
#165=FACE_OUTER_BOUND('',#270,.T.);
#166=FACE_OUTER_BOUND('',#271,.T.);
#167=FACE_OUTER_BOUND('',#272,.T.);
#168=FACE_OUTER_BOUND('',#273,.T.);
#169=FACE_OUTER_BOUND('',#274,.T.);
#170=FACE_OUTER_BOUND('',#275,.T.);
#171=FACE_OUTER_BOUND('',#276,.T.);
#172=FACE_OUTER_BOUND('',#277,.T.);
#173=FACE_OUTER_BOUND('',#278,.T.);
#174=FACE_OUTER_BOUND('',#283,.T.);
#175=FACE_OUTER_BOUND('',#284,.T.);
#176=FACE_OUTER_BOUND('',#285,.T.);
#177=FACE_OUTER_BOUND('',#287,.T.);
#178=FACE_OUTER_BOUND('',#288,.T.);
#179=FACE_OUTER_BOUND('',#289,.T.);
#180=FACE_OUTER_BOUND('',#290,.T.);
#181=FACE_OUTER_BOUND('',#291,.T.);
#182=FACE_OUTER_BOUND('',#293,.T.);
#183=FACE_OUTER_BOUND('',#294,.T.);
#184=FACE_OUTER_BOUND('',#295,.T.);
#185=FACE_OUTER_BOUND('',#297,.T.);
#186=FACE_OUTER_BOUND('',#298,.T.);
#187=FACE_OUTER_BOUND('',#299,.T.);
#188=FACE_OUTER_BOUND('',#300,.T.);
#189=EDGE_LOOP('',(#999,#1000,#1001,#1002));
#190=EDGE_LOOP('',(#1003,#1004,#1005,#1006));
#191=EDGE_LOOP('',(#1007));
#192=EDGE_LOOP('',(#1008));
#193=EDGE_LOOP('',(#1009,#1010,#1011,#1012,#1013,#1014,#1015,#1016,#1017,
#1018,#1019,#1020,#1021,#1022,#1023,#1024,#1025,#1026,#1027,#1028));
#194=EDGE_LOOP('',(#1029));
#195=EDGE_LOOP('',(#1030));
#196=EDGE_LOOP('',(#1031));
#197=EDGE_LOOP('',(#1032));
#198=EDGE_LOOP('',(#1033));
#199=EDGE_LOOP('',(#1034));
#200=EDGE_LOOP('',(#1035));
#201=EDGE_LOOP('',(#1036,#1037,#1038,#1039));
#202=EDGE_LOOP('',(#1040,#1041,#1042,#1043));
#203=EDGE_LOOP('',(#1044));
#204=EDGE_LOOP('',(#1045));
#205=EDGE_LOOP('',(#1046,#1047,#1048,#1049));
#206=EDGE_LOOP('',(#1050,#1051,#1052,#1053));
#207=EDGE_LOOP('',(#1054));
#208=EDGE_LOOP('',(#1055));
#209=EDGE_LOOP('',(#1056,#1057,#1058,#1059,#1060));
#210=EDGE_LOOP('',(#1061,#1062,#1063,#1064));
#211=EDGE_LOOP('',(#1065,#1066,#1067,#1068));
#212=EDGE_LOOP('',(#1069,#1070,#1071,#1072));
#213=EDGE_LOOP('',(#1073,#1074,#1075,#1076,#1077));
#214=EDGE_LOOP('',(#1078,#1079,#1080,#1081,#1082));
#215=EDGE_LOOP('',(#1083,#1084,#1085,#1086,#1087,#1088,#1089,#1090,#1091,
#1092,#1093,#1094,#1095,#1096,#1097,#1098));
#216=EDGE_LOOP('',(#1099));
#217=EDGE_LOOP('',(#1100));
#218=EDGE_LOOP('',(#1101));
#219=EDGE_LOOP('',(#1102));
#220=EDGE_LOOP('',(#1103));
#221=EDGE_LOOP('',(#1104,#1105,#1106,#1107,#1108,#1109,#1110,#1111,#1112,
#1113));
#222=EDGE_LOOP('',(#1114,#1115,#1116,#1117));
#223=EDGE_LOOP('',(#1118));
#224=EDGE_LOOP('',(#1119,#1120,#1121,#1122,#1123,#1124));
#225=EDGE_LOOP('',(#1125));
#226=EDGE_LOOP('',(#1126));
#227=EDGE_LOOP('',(#1127,#1128,#1129,#1130,#1131,#1132));
#228=EDGE_LOOP('',(#1133));
#229=EDGE_LOOP('',(#1134,#1135,#1136,#1137,#1138));
#230=EDGE_LOOP('',(#1139,#1140,#1141,#1142));
#231=EDGE_LOOP('',(#1143,#1144,#1145,#1146,#1147,#1148));
#232=EDGE_LOOP('',(#1149,#1150,#1151,#1152));
#233=EDGE_LOOP('',(#1153,#1154,#1155,#1156));
#234=EDGE_LOOP('',(#1157,#1158,#1159,#1160));
#235=EDGE_LOOP('',(#1161,#1162,#1163,#1164));
#236=EDGE_LOOP('',(#1165,#1166,#1167,#1168));
#237=EDGE_LOOP('',(#1169,#1170,#1171,#1172));
#238=EDGE_LOOP('',(#1173,#1174,#1175,#1176));
#239=EDGE_LOOP('',(#1177,#1178,#1179,#1180));
#240=EDGE_LOOP('',(#1181,#1182,#1183,#1184));
#241=EDGE_LOOP('',(#1185,#1186,#1187,#1188));
#242=EDGE_LOOP('',(#1189,#1190,#1191,#1192));
#243=EDGE_LOOP('',(#1193,#1194,#1195,#1196));
#244=EDGE_LOOP('',(#1197,#1198,#1199,#1200));
#245=EDGE_LOOP('',(#1201,#1202,#1203,#1204));
#246=EDGE_LOOP('',(#1205,#1206,#1207,#1208));
#247=EDGE_LOOP('',(#1209,#1210,#1211,#1212));
#248=EDGE_LOOP('',(#1213,#1214,#1215,#1216));
#249=EDGE_LOOP('',(#1217,#1218,#1219,#1220));
#250=EDGE_LOOP('',(#1221,#1222,#1223,#1224,#1225,#1226,#1227,#1228,#1229,
#1230,#1231,#1232));
#251=EDGE_LOOP('',(#1233,#1234,#1235,#1236));
#252=EDGE_LOOP('',(#1237,#1238,#1239,#1240));
#253=EDGE_LOOP('',(#1241,#1242,#1243,#1244,#1245,#1246,#1247));
#254=EDGE_LOOP('',(#1248,#1249,#1250,#1251));
#255=EDGE_LOOP('',(#1252,#1253,#1254,#1255));
#256=EDGE_LOOP('',(#1256));
#257=EDGE_LOOP('',(#1257));
#258=EDGE_LOOP('',(#1258,#1259,#1260,#1261));
#259=EDGE_LOOP('',(#1262,#1263,#1264,#1265));
#260=EDGE_LOOP('',(#1266));
#261=EDGE_LOOP('',(#1267,#1268,#1269,#1270));
#262=EDGE_LOOP('',(#1271,#1272,#1273,#1274,#1275,#1276,#1277));
#263=EDGE_LOOP('',(#1278,#1279,#1280,#1281));
#264=EDGE_LOOP('',(#1282,#1283,#1284,#1285));
#265=EDGE_LOOP('',(#1286,#1287,#1288,#1289,#1290,#1291,#1292,#1293));
#266=EDGE_LOOP('',(#1294,#1295,#1296,#1297,#1298));
#267=EDGE_LOOP('',(#1299,#1300,#1301,#1302));
#268=EDGE_LOOP('',(#1303,#1304,#1305,#1306));
#269=EDGE_LOOP('',(#1307,#1308,#1309,#1310));
#270=EDGE_LOOP('',(#1311,#1312,#1313,#1314));
#271=EDGE_LOOP('',(#1315));
#272=EDGE_LOOP('',(#1316,#1317,#1318,#1319));
#273=EDGE_LOOP('',(#1320));
#274=EDGE_LOOP('',(#1321,#1322,#1323,#1324));
#275=EDGE_LOOP('',(#1325,#1326,#1327,#1328));
#276=EDGE_LOOP('',(#1329,#1330,#1331,#1332,#1333,#1334));
#277=EDGE_LOOP('',(#1335,#1336,#1337,#1338,#1339,#1340,#1341));
#278=EDGE_LOOP('',(#1342,#1343,#1344,#1345));
#279=EDGE_LOOP('',(#1346));
#280=EDGE_LOOP('',(#1347));
#281=EDGE_LOOP('',(#1348));
#282=EDGE_LOOP('',(#1349));
#283=EDGE_LOOP('',(#1350,#1351,#1352,#1353));
#284=EDGE_LOOP('',(#1354,#1355,#1356,#1357));
#285=EDGE_LOOP('',(#1358));
#286=EDGE_LOOP('',(#1359));
#287=EDGE_LOOP('',(#1360,#1361,#1362,#1363));
#288=EDGE_LOOP('',(#1364));
#289=EDGE_LOOP('',(#1365,#1366,#1367,#1368));
#290=EDGE_LOOP('',(#1369,#1370,#1371,#1372));
#291=EDGE_LOOP('',(#1373));
#292=EDGE_LOOP('',(#1374));
#293=EDGE_LOOP('',(#1375,#1376,#1377,#1378));
#294=EDGE_LOOP('',(#1379,#1380,#1381,#1382));
#295=EDGE_LOOP('',(#1383));
#296=EDGE_LOOP('',(#1384));
#297=EDGE_LOOP('',(#1385,#1386,#1387,#1388));
#298=EDGE_LOOP('',(#1389,#1390,#1391,#1392));
#299=EDGE_LOOP('',(#1393,#1394,#1395,#1396,#1397,#1398));
#300=EDGE_LOOP('',(#1399,#1400,#1401,#1402,#1403,#1404));
#301=ELLIPSE('',#1514,1.10420182129768,1.09999999999999);
#302=ELLIPSE('',#1534,1.10420182129768,1.09999999999999);
#303=ELLIPSE('',#1552,1.65630273194651,1.64999999999999);
#304=ELLIPSE('',#1554,1.65630273194651,1.64999999999999);
#305=LINE('',#2063,#462);
#306=LINE('',#2069,#463);
#307=LINE('',#2075,#464);
#308=LINE('',#2077,#465);
#309=LINE('',#2079,#466);
#310=LINE('',#2081,#467);
#311=LINE('',#2083,#468);
#312=LINE('',#2085,#469);
#313=LINE('',#2087,#470);
#314=LINE('',#2089,#471);
#315=LINE('',#2091,#472);
#316=LINE('',#2093,#473);
#317=LINE('',#2095,#474);
#318=LINE('',#2097,#475);
#319=LINE('',#2099,#476);
#320=LINE('',#2101,#477);
#321=LINE('',#2103,#478);
#322=LINE('',#2105,#479);
#323=LINE('',#2107,#480);
#324=LINE('',#2109,#481);
#325=LINE('',#2111,#482);
#326=LINE('',#2112,#483);
#327=LINE('',#2129,#484);
#328=LINE('',#2134,#485);
#329=LINE('',#2140,#486);
#330=LINE('',#2145,#487);
#331=LINE('',#2150,#488);
#332=LINE('',#2151,#489);
#333=LINE('',#2153,#490);
#334=LINE('',#2154,#491);
#335=LINE('',#2157,#492);
#336=LINE('',#2158,#493);
#337=LINE('',#2161,#494);
#338=LINE('',#2162,#495);
#339=LINE('',#2166,#496);
#340=LINE('',#2167,#497);
#341=LINE('',#2168,#498);
#342=LINE('',#2171,#499);
#343=LINE('',#2173,#500);
#344=LINE('',#2174,#501);
#345=LINE('',#2177,#502);
#346=LINE('',#2179,#503);
#347=LINE('',#2180,#504);
#348=LINE('',#2183,#505);
#349=LINE('',#2185,#506);
#350=LINE('',#2187,#507);
#351=LINE('',#2189,#508);
#352=LINE('',#2191,#509);
#353=LINE('',#2193,#510);
#354=LINE('',#2195,#511);
#355=LINE('',#2197,#512);
#356=LINE('',#2199,#513);
#357=LINE('',#2201,#514);
#358=LINE('',#2202,#515);
#359=LINE('',#2203,#516);
#360=LINE('',#2214,#517);
#361=LINE('',#2216,#518);
#362=LINE('',#2218,#519);
#363=LINE('',#2220,#520);
#364=LINE('',#2222,#521);
#365=LINE('',#2224,#522);
#366=LINE('',#2226,#523);
#367=LINE('',#2227,#524);
#368=LINE('',#2229,#525);
#369=LINE('',#2231,#526);
#370=LINE('',#2237,#527);
#371=LINE('',#2238,#528);
#372=LINE('',#2239,#529);
#373=LINE('',#2240,#530);
#374=LINE('',#2245,#531);
#375=LINE('',#2246,#532);
#376=LINE('',#2249,#533);
#377=LINE('',#2251,#534);
#378=LINE('',#2253,#535);
#379=LINE('',#2254,#536);
#380=LINE('',#2257,#537);
#381=LINE('',#2259,#538);
#382=LINE('',#2261,#539);
#383=LINE('',#2262,#540);
#384=LINE('',#2267,#541);
#385=LINE('',#2269,#542);
#386=LINE('',#2271,#543);
#387=LINE('',#2272,#544);
#388=LINE('',#2275,#545);
#389=LINE('',#2277,#546);
#390=LINE('',#2278,#547);
#391=LINE('',#2281,#548);
#392=LINE('',#2283,#549);
#393=LINE('',#2284,#550);
#394=LINE('',#2286,#551);
#395=LINE('',#2288,#552);
#396=LINE('',#2292,#553);
#397=LINE('',#2294,#554);
#398=LINE('',#2296,#555);
#399=LINE('',#2297,#556);
#400=LINE('',#2299,#557);
#401=LINE('',#2300,#558);
#402=LINE('',#2302,#559);
#403=LINE('',#2303,#560);
#404=LINE('',#2309,#561);
#405=LINE('',#2311,#562);
#406=LINE('',#2313,#563);
#407=LINE('',#2314,#564);
#408=LINE('',#2320,#565);
#409=LINE('',#2323,#566);
#410=LINE('',#2325,#567);
#411=LINE('',#2326,#568);
#412=LINE('',#2334,#569);
#413=LINE('',#2338,#570);
#414=LINE('',#2340,#571);
#415=LINE('',#2341,#572);
#416=LINE('',#2347,#573);
#417=LINE('',#2349,#574);
#418=LINE('',#2350,#575);
#419=LINE('',#2353,#576);
#420=LINE('',#2354,#577);
#421=LINE('',#2357,#578);
#422=LINE('',#2358,#579);
#423=LINE('',#2361,#580);
#424=LINE('',#2363,#581);
#425=LINE('',#2364,#582);
#426=LINE('',#2369,#583);
#427=LINE('',#2374,#584);
#428=LINE('',#2378,#585);
#429=LINE('',#2380,#586);
#430=LINE('',#2381,#587);
#431=LINE('',#2384,#588);
#432=LINE('',#2386,#589);
#433=LINE('',#2387,#590);
#434=LINE('',#2389,#591);
#435=LINE('',#2390,#592);
#436=LINE('',#2393,#593);
#437=LINE('',#2395,#594);
#438=LINE('',#2396,#595);
#439=LINE('',#2397,#596);
#440=LINE('',#2400,#597);
#441=LINE('',#2401,#598);
#442=LINE('',#2403,#599);
#443=LINE('',#2407,#600);
#444=LINE('',#2412,#601);
#445=LINE('',#2419,#602);
#446=LINE('',#2425,#603);
#447=LINE('',#2429,#604);
#448=LINE('',#2432,#605);
#449=LINE('',#2433,#606);
#450=LINE('',#2436,#607);
#451=LINE('',#2437,#608);
#452=LINE('',#2438,#609);
#453=LINE('',#2440,#610);
#454=LINE('',#2444,#611);
#455=LINE('',#2448,#612);
#456=LINE('',#2453,#613);
#457=LINE('',#2458,#614);
#458=LINE('',#2462,#615);
#459=LINE('',#2467,#616);
#460=LINE('',#2471,#617);
#461=LINE('',#2474,#618);
#462=VECTOR('',#1648,1.09999999999999);
#463=VECTOR('',#1655,2.29999999999999);
#464=VECTOR('',#1662,10.);
#465=VECTOR('',#1663,10.);
#466=VECTOR('',#1664,10.);
#467=VECTOR('',#1665,10.);
#468=VECTOR('',#1666,10.);
#469=VECTOR('',#1667,10.);
#470=VECTOR('',#1668,10.);
#471=VECTOR('',#1669,10.);
#472=VECTOR('',#1670,10.);
#473=VECTOR('',#1671,10.);
#474=VECTOR('',#1672,10.);
#475=VECTOR('',#1673,10.);
#476=VECTOR('',#1674,10.);
#477=VECTOR('',#1675,10.);
#478=VECTOR('',#1676,10.);
#479=VECTOR('',#1677,10.);
#480=VECTOR('',#1678,10.);
#481=VECTOR('',#1679,10.);
#482=VECTOR('',#1680,10.);
#483=VECTOR('',#1681,10.);
#484=VECTOR('',#1698,1.09999999999999);
#485=VECTOR('',#1705,2.29999999999999);
#486=VECTOR('',#1712,1.09999999999999);
#487=VECTOR('',#1719,2.29999999999999);
#488=VECTOR('',#1724,10.);
#489=VECTOR('',#1725,10.);
#490=VECTOR('',#1726,10.);
#491=VECTOR('',#1727,10.);
#492=VECTOR('',#1730,10.);
#493=VECTOR('',#1731,10.);
#494=VECTOR('',#1734,10.);
#495=VECTOR('',#1735,10.);
#496=VECTOR('',#1738,10.);
#497=VECTOR('',#1739,10.);
#498=VECTOR('',#1740,10.);
#499=VECTOR('',#1743,10.);
#500=VECTOR('',#1744,10.);
#501=VECTOR('',#1745,10.);
#502=VECTOR('',#1748,10.);
#503=VECTOR('',#1749,10.);
#504=VECTOR('',#1750,10.);
#505=VECTOR('',#1753,10.);
#506=VECTOR('',#1754,10.);
#507=VECTOR('',#1755,10.);
#508=VECTOR('',#1756,10.);
#509=VECTOR('',#1757,10.);
#510=VECTOR('',#1758,10.);
#511=VECTOR('',#1759,10.);
#512=VECTOR('',#1760,10.);
#513=VECTOR('',#1761,10.);
#514=VECTOR('',#1762,10.);
#515=VECTOR('',#1763,10.);
#516=VECTOR('',#1764,10.);
#517=VECTOR('',#1775,10.);
#518=VECTOR('',#1776,10.);
#519=VECTOR('',#1777,10.);
#520=VECTOR('',#1778,10.);
#521=VECTOR('',#1779,10.);
#522=VECTOR('',#1780,10.);
#523=VECTOR('',#1781,10.);
#524=VECTOR('',#1782,10.);
#525=VECTOR('',#1785,10.);
#526=VECTOR('',#1788,10.);
#527=VECTOR('',#1793,10.);
#528=VECTOR('',#1794,10.);
#529=VECTOR('',#1795,10.);
#530=VECTOR('',#1796,10.);
#531=VECTOR('',#1801,10.);
#532=VECTOR('',#1802,10.);
#533=VECTOR('',#1803,10.);
#534=VECTOR('',#1804,10.);
#535=VECTOR('',#1805,10.);
#536=VECTOR('',#1806,10.);
#537=VECTOR('',#1809,10.);
#538=VECTOR('',#1810,10.);
#539=VECTOR('',#1811,10.);
#540=VECTOR('',#1812,10.);
#541=VECTOR('',#1817,10.);
#542=VECTOR('',#1818,10.);
#543=VECTOR('',#1819,10.);
#544=VECTOR('',#1820,10.);
#545=VECTOR('',#1823,10.);
#546=VECTOR('',#1824,10.);
#547=VECTOR('',#1825,10.);
#548=VECTOR('',#1828,10.);
#549=VECTOR('',#1829,10.);
#550=VECTOR('',#1830,10.);
#551=VECTOR('',#1833,10.);
#552=VECTOR('',#1836,10.);
#553=VECTOR('',#1839,10.);
#554=VECTOR('',#1840,10.);
#555=VECTOR('',#1841,10.);
#556=VECTOR('',#1842,10.);
#557=VECTOR('',#1845,10.);
#558=VECTOR('',#1846,10.);
#559=VECTOR('',#1849,10.);
#560=VECTOR('',#1850,10.);
#561=VECTOR('',#1857,10.);
#562=VECTOR('',#1858,10.);
#563=VECTOR('',#1859,10.);
#564=VECTOR('',#1860,10.);
#565=VECTOR('',#1867,10.);
#566=VECTOR('',#1870,10.);
#567=VECTOR('',#1871,10.);
#568=VECTOR('',#1872,10.);
#569=VECTOR('',#1883,10.);
#570=VECTOR('',#1888,10.);
#571=VECTOR('',#1889,10.);
#572=VECTOR('',#1890,10.);
#573=VECTOR('',#1899,10.);
#574=VECTOR('',#1900,10.);
#575=VECTOR('',#1901,10.);
#576=VECTOR('',#1904,10.);
#577=VECTOR('',#1905,10.);
#578=VECTOR('',#1908,10.);
#579=VECTOR('',#1909,10.);
#580=VECTOR('',#1912,10.);
#581=VECTOR('',#1913,10.);
#582=VECTOR('',#1914,10.);
#583=VECTOR('',#1919,2.85);
#584=VECTOR('',#1926,1.65000000000001);
#585=VECTOR('',#1931,10.);
#586=VECTOR('',#1932,10.);
#587=VECTOR('',#1933,10.);
#588=VECTOR('',#1936,10.);
#589=VECTOR('',#1937,10.);
#590=VECTOR('',#1938,10.);
#591=VECTOR('',#1941,10.);
#592=VECTOR('',#1942,10.);
#593=VECTOR('',#1945,10.);
#594=VECTOR('',#1946,10.);
#595=VECTOR('',#1947,10.);
#596=VECTOR('',#1948,10.);
#597=VECTOR('',#1951,10.);
#598=VECTOR('',#1952,10.);
#599=VECTOR('',#1955,10.);
#600=VECTOR('',#1962,10.);
#601=VECTOR('',#1967,0.999999999999996);
#602=VECTOR('',#1976,0.999999999999996);
#603=VECTOR('',#1985,1.64999999999999);
#604=VECTOR('',#1990,1.64999999999999);
#605=VECTOR('',#1993,10.);
#606=VECTOR('',#1994,10.);
#607=VECTOR('',#1997,10.);
#608=VECTOR('',#1998,10.);
#609=VECTOR('',#1999,10.);
#610=VECTOR('',#2002,10.);
#611=VECTOR('',#2007,4.04999999999999);
#612=VECTOR('',#2012,1.64999999999999);
#613=VECTOR('',#2019,0.999999999999996);
#614=VECTOR('',#2026,1.90000000000001);
#615=VECTOR('',#2031,1.10000000000001);
#616=VECTOR('',#2038,1.90000000000001);
#617=VECTOR('',#2043,1.10000000000001);
#618=VECTOR('',#2048,10.);
#619=CIRCLE('',#1513,1.09999999999999);
#620=CIRCLE('',#1516,2.29999999999999);
#621=CIRCLE('',#1517,2.29999999999999);
#622=CIRCLE('',#1520,2.29999999999999);
#623=CIRCLE('',#1521,0.999999999999996);
#624=CIRCLE('',#1522,1.90000000000001);
#625=CIRCLE('',#1523,4.04999999999999);
#626=CIRCLE('',#1524,1.90000000000001);
#627=CIRCLE('',#1525,2.29999999999999);
#628=CIRCLE('',#1527,1.09999999999999);
#629=CIRCLE('',#1528,1.09999999999999);
#630=CIRCLE('',#1530,2.29999999999999);
#631=CIRCLE('',#1533,1.09999999999999);
#632=CIRCLE('',#1536,2.29999999999999);
#633=CIRCLE('',#1545,1.10000000000001);
#634=CIRCLE('',#1546,1.10000000000001);
#635=CIRCLE('',#1547,1.64999999999999);
#636=CIRCLE('',#1548,1.65000000000001);
#637=CIRCLE('',#1570,1.5);
#638=CIRCLE('',#1571,1.5);
#639=CIRCLE('',#1574,1.5);
#640=CIRCLE('',#1575,1.5);
#641=CIRCLE('',#1577,1.50000000000001);
#642=CIRCLE('',#1578,1.50000000000001);
#643=CIRCLE('',#1581,1.5);
#644=CIRCLE('',#1582,1.5);
#645=CIRCLE('',#1588,2.85);
#646=CIRCLE('',#1589,2.85);
#647=CIRCLE('',#1591,1.65000000000001);
#648=CIRCLE('',#1603,0.999999999999996);
#649=CIRCLE('',#1604,0.999999999999996);
#650=CIRCLE('',#1607,0.999999999999996);
#651=CIRCLE('',#1608,0.999999999999996);
#652=CIRCLE('',#1611,1.64999999999999);
#653=CIRCLE('',#1613,1.64999999999999);
#654=CIRCLE('',#1618,4.04999999999999);
#655=CIRCLE('',#1620,1.64999999999999);
#656=CIRCLE('',#1623,0.999999999999996);
#657=CIRCLE('',#1626,1.90000000000001);
#658=CIRCLE('',#1628,1.10000000000001);
#659=CIRCLE('',#1631,1.90000000000001);
#660=CIRCLE('',#1633,1.10000000000001);
#661=VERTEX_POINT('',#2060);
#662=VERTEX_POINT('',#2062);
#663=VERTEX_POINT('',#2066);
#664=VERTEX_POINT('',#2068);
#665=VERTEX_POINT('',#2073);
#666=VERTEX_POINT('',#2074);
#667=VERTEX_POINT('',#2076);
#668=VERTEX_POINT('',#2078);
#669=VERTEX_POINT('',#2080);
#670=VERTEX_POINT('',#2082);
#671=VERTEX_POINT('',#2084);
#672=VERTEX_POINT('',#2086);
#673=VERTEX_POINT('',#2088);
#674=VERTEX_POINT('',#2090);
#675=VERTEX_POINT('',#2092);
#676=VERTEX_POINT('',#2094);
#677=VERTEX_POINT('',#2096);
#678=VERTEX_POINT('',#2098);
#679=VERTEX_POINT('',#2100);
#680=VERTEX_POINT('',#2102);
#681=VERTEX_POINT('',#2104);
#682=VERTEX_POINT('',#2106);
#683=VERTEX_POINT('',#2108);
#684=VERTEX_POINT('',#2110);
#685=VERTEX_POINT('',#2113);
#686=VERTEX_POINT('',#2115);
#687=VERTEX_POINT('',#2117);
#688=VERTEX_POINT('',#2119);
#689=VERTEX_POINT('',#2121);
#690=VERTEX_POINT('',#2123);
#691=VERTEX_POINT('',#2126);
#692=VERTEX_POINT('',#2128);
#693=VERTEX_POINT('',#2132);
#694=VERTEX_POINT('',#2137);
#695=VERTEX_POINT('',#2139);
#696=VERTEX_POINT('',#2143);
#697=VERTEX_POINT('',#2148);
#698=VERTEX_POINT('',#2149);
#699=VERTEX_POINT('',#2152);
#700=VERTEX_POINT('',#2156);
#701=VERTEX_POINT('',#2160);
#702=VERTEX_POINT('',#2164);
#703=VERTEX_POINT('',#2165);
#704=VERTEX_POINT('',#2170);
#705=VERTEX_POINT('',#2172);
#706=VERTEX_POINT('',#2176);
#707=VERTEX_POINT('',#2178);
#708=VERTEX_POINT('',#2182);
#709=VERTEX_POINT('',#2184);
#710=VERTEX_POINT('',#2186);
#711=VERTEX_POINT('',#2188);
#712=VERTEX_POINT('',#2190);
#713=VERTEX_POINT('',#2192);
#714=VERTEX_POINT('',#2194);
#715=VERTEX_POINT('',#2196);
#716=VERTEX_POINT('',#2198);
#717=VERTEX_POINT('',#2200);
#718=VERTEX_POINT('',#2204);
#719=VERTEX_POINT('',#2206);
#720=VERTEX_POINT('',#2208);
#721=VERTEX_POINT('',#2210);
#722=VERTEX_POINT('',#2213);
#723=VERTEX_POINT('',#2215);
#724=VERTEX_POINT('',#2217);
#725=VERTEX_POINT('',#2219);
#726=VERTEX_POINT('',#2221);
#727=VERTEX_POINT('',#2223);
#728=VERTEX_POINT('',#2225);
#729=VERTEX_POINT('',#2232);
#730=VERTEX_POINT('',#2235);
#731=VERTEX_POINT('',#2236);
#732=VERTEX_POINT('',#2241);
#733=VERTEX_POINT('',#2244);
#734=VERTEX_POINT('',#2247);
#735=VERTEX_POINT('',#2248);
#736=VERTEX_POINT('',#2250);
#737=VERTEX_POINT('',#2252);
#738=VERTEX_POINT('',#2256);
#739=VERTEX_POINT('',#2258);
#740=VERTEX_POINT('',#2260);
#741=VERTEX_POINT('',#2265);
#742=VERTEX_POINT('',#2266);
#743=VERTEX_POINT('',#2268);
#744=VERTEX_POINT('',#2270);
#745=VERTEX_POINT('',#2274);
#746=VERTEX_POINT('',#2276);
#747=VERTEX_POINT('',#2280);
#748=VERTEX_POINT('',#2282);
#749=VERTEX_POINT('',#2290);
#750=VERTEX_POINT('',#2291);
#751=VERTEX_POINT('',#2293);
#752=VERTEX_POINT('',#2295);
#753=VERTEX_POINT('',#2307);
#754=VERTEX_POINT('',#2308);
#755=VERTEX_POINT('',#2310);
#756=VERTEX_POINT('',#2312);
#757=VERTEX_POINT('',#2316);
#758=VERTEX_POINT('',#2318);
#759=VERTEX_POINT('',#2322);
#760=VERTEX_POINT('',#2324);
#761=VERTEX_POINT('',#2331);
#762=VERTEX_POINT('',#2333);
#763=VERTEX_POINT('',#2337);
#764=VERTEX_POINT('',#2339);
#765=VERTEX_POINT('',#2346);
#766=VERTEX_POINT('',#2348);
#767=VERTEX_POINT('',#2352);
#768=VERTEX_POINT('',#2356);
#769=VERTEX_POINT('',#2360);
#770=VERTEX_POINT('',#2362);
#771=VERTEX_POINT('',#2366);
#772=VERTEX_POINT('',#2368);
#773=VERTEX_POINT('',#2372);
#774=VERTEX_POINT('',#2377);
#775=VERTEX_POINT('',#2379);
#776=VERTEX_POINT('',#2383);
#777=VERTEX_POINT('',#2385);
#778=VERTEX_POINT('',#2392);
#779=VERTEX_POINT('',#2394);
#780=VERTEX_POINT('',#2399);
#781=VERTEX_POINT('',#2409);
#782=VERTEX_POINT('',#2411);
#783=VERTEX_POINT('',#2416);
#784=VERTEX_POINT('',#2418);
#785=VERTEX_POINT('',#2423);
#786=VERTEX_POINT('',#2427);
#787=VERTEX_POINT('',#2431);
#788=VERTEX_POINT('',#2435);
#789=VERTEX_POINT('',#2442);
#790=VERTEX_POINT('',#2446);
#791=VERTEX_POINT('',#2451);
#792=VERTEX_POINT('',#2456);
#793=VERTEX_POINT('',#2460);
#794=VERTEX_POINT('',#2465);
#795=VERTEX_POINT('',#2469);
#796=EDGE_CURVE('',#661,#661,#619,.T.);
#797=EDGE_CURVE('',#661,#662,#305,.T.);
#798=EDGE_CURVE('',#662,#662,#301,.T.);
#799=EDGE_CURVE('',#663,#663,#620,.T.);
#800=EDGE_CURVE('',#663,#664,#306,.T.);
#801=EDGE_CURVE('',#664,#664,#621,.T.);
#802=EDGE_CURVE('',#665,#666,#307,.T.);
#803=EDGE_CURVE('',#666,#667,#308,.T.);
#804=EDGE_CURVE('',#667,#668,#309,.T.);
#805=EDGE_CURVE('',#668,#669,#310,.T.);
#806=EDGE_CURVE('',#669,#670,#311,.T.);
#807=EDGE_CURVE('',#670,#671,#312,.T.);
#808=EDGE_CURVE('',#671,#672,#313,.T.);
#809=EDGE_CURVE('',#672,#673,#314,.T.);
#810=EDGE_CURVE('',#673,#674,#315,.T.);
#811=EDGE_CURVE('',#675,#674,#316,.T.);
#812=EDGE_CURVE('',#676,#675,#317,.T.);
#813=EDGE_CURVE('',#676,#677,#318,.T.);
#814=EDGE_CURVE('',#677,#678,#319,.T.);
#815=EDGE_CURVE('',#678,#679,#320,.T.);
#816=EDGE_CURVE('',#679,#680,#321,.T.);
#817=EDGE_CURVE('',#680,#681,#322,.T.);
#818=EDGE_CURVE('',#681,#682,#323,.T.);
#819=EDGE_CURVE('',#682,#683,#324,.T.);
#820=EDGE_CURVE('',#683,#684,#325,.T.);
#821=EDGE_CURVE('',#684,#665,#326,.T.);
#822=EDGE_CURVE('',#685,#685,#622,.T.);
#823=EDGE_CURVE('',#686,#686,#623,.T.);
#824=EDGE_CURVE('',#687,#687,#624,.T.);
#825=EDGE_CURVE('',#688,#688,#625,.T.);
#826=EDGE_CURVE('',#689,#689,#626,.T.);
#827=EDGE_CURVE('',#690,#690,#627,.T.);
#828=EDGE_CURVE('',#691,#691,#628,.T.);
#829=EDGE_CURVE('',#691,#692,#327,.T.);
#830=EDGE_CURVE('',#692,#692,#629,.T.);
#831=EDGE_CURVE('',#693,#693,#630,.T.);
#832=EDGE_CURVE('',#693,#685,#328,.T.);
#833=EDGE_CURVE('',#694,#694,#631,.T.);
#834=EDGE_CURVE('',#694,#695,#329,.T.);
#835=EDGE_CURVE('',#695,#695,#302,.T.);
#836=EDGE_CURVE('',#696,#696,#632,.T.);
#837=EDGE_CURVE('',#696,#690,#330,.T.);
#838=EDGE_CURVE('',#697,#698,#331,.T.);
#839=EDGE_CURVE('',#684,#697,#332,.T.);
#840=EDGE_CURVE('',#699,#683,#333,.T.);
#841=EDGE_CURVE('',#698,#699,#334,.T.);
#842=EDGE_CURVE('',#700,#697,#335,.T.);
#843=EDGE_CURVE('',#665,#700,#336,.T.);
#844=EDGE_CURVE('',#701,#700,#337,.T.);
#845=EDGE_CURVE('',#666,#701,#338,.T.);
#846=EDGE_CURVE('',#702,#703,#339,.T.);
#847=EDGE_CURVE('',#669,#702,#340,.T.);
#848=EDGE_CURVE('',#668,#703,#341,.T.);
#849=EDGE_CURVE('',#703,#704,#342,.T.);
#850=EDGE_CURVE('',#705,#667,#343,.T.);
#851=EDGE_CURVE('',#704,#705,#344,.T.);
#852=EDGE_CURVE('',#706,#702,#345,.T.);
#853=EDGE_CURVE('',#707,#706,#346,.T.);
#854=EDGE_CURVE('',#670,#707,#347,.T.);
#855=EDGE_CURVE('',#699,#708,#348,.T.);
#856=EDGE_CURVE('',#708,#709,#349,.T.);
#857=EDGE_CURVE('',#709,#710,#350,.T.);
#858=EDGE_CURVE('',#711,#710,#351,.T.);
#859=EDGE_CURVE('',#711,#712,#352,.T.);
#860=EDGE_CURVE('',#712,#713,#353,.T.);
#861=EDGE_CURVE('',#713,#714,#354,.T.);
#862=EDGE_CURVE('',#714,#715,#355,.T.);
#863=EDGE_CURVE('',#715,#716,#356,.T.);
#864=EDGE_CURVE('',#716,#717,#357,.T.);
#865=EDGE_CURVE('',#717,#706,#358,.T.);
#866=EDGE_CURVE('',#704,#698,#359,.T.);
#867=EDGE_CURVE('',#718,#718,#633,.T.);
#868=EDGE_CURVE('',#719,#719,#634,.T.);
#869=EDGE_CURVE('',#720,#720,#635,.T.);
#870=EDGE_CURVE('',#721,#721,#636,.T.);
#871=EDGE_CURVE('',#707,#722,#360,.T.);
#872=EDGE_CURVE('',#722,#723,#361,.T.);
#873=EDGE_CURVE('',#724,#723,#362,.T.);
#874=EDGE_CURVE('',#725,#724,#363,.T.);
#875=EDGE_CURVE('',#725,#726,#364,.T.);
#876=EDGE_CURVE('',#726,#727,#365,.T.);
#877=EDGE_CURVE('',#728,#727,#366,.T.);
#878=EDGE_CURVE('',#671,#728,#367,.T.);
#879=EDGE_CURVE('',#722,#717,#368,.T.);
#880=EDGE_CURVE('',#701,#705,#369,.T.);
#881=EDGE_CURVE('',#729,#729,#303,.T.);
#882=EDGE_CURVE('',#730,#731,#370,.T.);
#883=EDGE_CURVE('',#726,#730,#371,.T.);
#884=EDGE_CURVE('',#714,#725,#372,.T.);
#885=EDGE_CURVE('',#731,#713,#373,.T.);
#886=EDGE_CURVE('',#732,#732,#304,.T.);
#887=EDGE_CURVE('',#733,#724,#374,.T.);
#888=EDGE_CURVE('',#715,#733,#375,.T.);
#889=EDGE_CURVE('',#734,#735,#376,.T.);
#890=EDGE_CURVE('',#735,#736,#377,.T.);
#891=EDGE_CURVE('',#736,#737,#378,.T.);
#892=EDGE_CURVE('',#737,#734,#379,.T.);
#893=EDGE_CURVE('',#730,#738,#380,.T.);
#894=EDGE_CURVE('',#739,#738,#381,.T.);
#895=EDGE_CURVE('',#740,#739,#382,.T.);
#896=EDGE_CURVE('',#727,#740,#383,.T.);
#897=EDGE_CURVE('',#741,#742,#384,.T.);
#898=EDGE_CURVE('',#743,#742,#385,.T.);
#899=EDGE_CURVE('',#744,#743,#386,.T.);
#900=EDGE_CURVE('',#741,#744,#387,.T.);
#901=EDGE_CURVE('',#745,#741,#388,.T.);
#902=EDGE_CURVE('',#746,#744,#389,.T.);
#903=EDGE_CURVE('',#745,#746,#390,.T.);
#904=EDGE_CURVE('',#747,#745,#391,.T.);
#905=EDGE_CURVE('',#748,#746,#392,.T.);
#906=EDGE_CURVE('',#747,#748,#393,.T.);
#907=EDGE_CURVE('',#742,#747,#394,.T.);
#908=EDGE_CURVE('',#748,#743,#395,.T.);
#909=EDGE_CURVE('',#749,#750,#396,.T.);
#910=EDGE_CURVE('',#749,#751,#397,.T.);
#911=EDGE_CURVE('',#752,#751,#398,.T.);
#912=EDGE_CURVE('',#750,#752,#399,.T.);
#913=EDGE_CURVE('',#750,#736,#400,.T.);
#914=EDGE_CURVE('',#737,#752,#401,.T.);
#915=EDGE_CURVE('',#735,#749,#402,.T.);
#916=EDGE_CURVE('',#751,#734,#403,.T.);
#917=EDGE_CURVE('',#753,#754,#404,.T.);
#918=EDGE_CURVE('',#753,#755,#405,.T.);
#919=EDGE_CURVE('',#756,#755,#406,.T.);
#920=EDGE_CURVE('',#754,#756,#407,.T.);
#921=EDGE_CURVE('',#754,#757,#637,.T.);
#922=EDGE_CURVE('',#758,#756,#638,.T.);
#923=EDGE_CURVE('',#757,#758,#408,.T.);
#924=EDGE_CURVE('',#757,#759,#409,.T.);
#925=EDGE_CURVE('',#760,#758,#410,.T.);
#926=EDGE_CURVE('',#759,#760,#411,.T.);
#927=EDGE_CURVE('',#759,#673,#639,.T.);
#928=EDGE_CURVE('',#674,#760,#640,.T.);
#929=EDGE_CURVE('',#761,#753,#641,.T.);
#930=EDGE_CURVE('',#761,#762,#412,.T.);
#931=EDGE_CURVE('',#755,#762,#642,.T.);
#932=EDGE_CURVE('',#763,#761,#413,.T.);
#933=EDGE_CURVE('',#763,#764,#414,.T.);
#934=EDGE_CURVE('',#762,#764,#415,.T.);
#935=EDGE_CURVE('',#676,#763,#643,.T.);
#936=EDGE_CURVE('',#764,#675,#644,.T.);
#937=EDGE_CURVE('',#672,#765,#416,.T.);
#938=EDGE_CURVE('',#766,#765,#417,.T.);
#939=EDGE_CURVE('',#677,#766,#418,.T.);
#940=EDGE_CURVE('',#767,#731,#419,.T.);
#941=EDGE_CURVE('',#738,#767,#420,.T.);
#942=EDGE_CURVE('',#768,#739,#421,.T.);
#943=EDGE_CURVE('',#768,#767,#422,.T.);
#944=EDGE_CURVE('',#712,#769,#423,.T.);
#945=EDGE_CURVE('',#770,#769,#424,.T.);
#946=EDGE_CURVE('',#768,#770,#425,.T.);
#947=EDGE_CURVE('',#771,#771,#645,.T.);
#948=EDGE_CURVE('',#771,#772,#426,.T.);
#949=EDGE_CURVE('',#772,#772,#646,.T.);
#950=EDGE_CURVE('',#773,#773,#647,.T.);
#951=EDGE_CURVE('',#773,#721,#427,.T.);
#952=EDGE_CURVE('',#774,#708,#428,.T.);
#953=EDGE_CURVE('',#775,#774,#429,.T.);
#954=EDGE_CURVE('',#709,#775,#430,.T.);
#955=EDGE_CURVE('',#776,#774,#431,.T.);
#956=EDGE_CURVE('',#777,#776,#432,.T.);
#957=EDGE_CURVE('',#777,#775,#433,.T.);
#958=EDGE_CURVE('',#776,#682,#434,.T.);
#959=EDGE_CURVE('',#777,#681,#435,.T.);
#960=EDGE_CURVE('',#740,#778,#436,.T.);
#961=EDGE_CURVE('',#779,#778,#437,.T.);
#962=EDGE_CURVE('',#779,#766,#438,.T.);
#963=EDGE_CURVE('',#765,#728,#439,.T.);
#964=EDGE_CURVE('',#723,#780,#440,.T.);
#965=EDGE_CURVE('',#780,#733,#441,.T.);
#966=EDGE_CURVE('',#716,#780,#442,.T.);
#967=EDGE_CURVE('',#678,#779,#443,.T.);
#968=EDGE_CURVE('',#781,#781,#648,.T.);
#969=EDGE_CURVE('',#781,#782,#444,.T.);
#970=EDGE_CURVE('',#782,#782,#649,.T.);
#971=EDGE_CURVE('',#783,#783,#650,.T.);
#972=EDGE_CURVE('',#783,#784,#445,.T.);
#973=EDGE_CURVE('',#784,#784,#651,.T.);
#974=EDGE_CURVE('',#785,#785,#652,.T.);
#975=EDGE_CURVE('',#785,#720,#446,.T.);
#976=EDGE_CURVE('',#786,#786,#653,.T.);
#977=EDGE_CURVE('',#786,#732,#447,.T.);
#978=EDGE_CURVE('',#787,#770,#448,.T.);
#979=EDGE_CURVE('',#778,#787,#449,.T.);
#980=EDGE_CURVE('',#779,#788,#450,.T.);
#981=EDGE_CURVE('',#769,#788,#451,.T.);
#982=EDGE_CURVE('',#711,#679,#452,.T.);
#983=EDGE_CURVE('',#788,#787,#453,.T.);
#984=EDGE_CURVE('',#789,#789,#654,.T.);
#985=EDGE_CURVE('',#789,#688,#454,.T.);
#986=EDGE_CURVE('',#790,#790,#655,.T.);
#987=EDGE_CURVE('',#790,#729,#455,.T.);
#988=EDGE_CURVE('',#791,#791,#656,.T.);
#989=EDGE_CURVE('',#791,#686,#456,.T.);
#990=EDGE_CURVE('',#792,#792,#657,.T.);
#991=EDGE_CURVE('',#792,#687,#457,.T.);
#992=EDGE_CURVE('',#793,#793,#658,.T.);
#993=EDGE_CURVE('',#793,#719,#458,.T.);
#994=EDGE_CURVE('',#794,#794,#659,.T.);
#995=EDGE_CURVE('',#794,#689,#459,.T.);
#996=EDGE_CURVE('',#795,#795,#660,.T.);
#997=EDGE_CURVE('',#795,#718,#460,.T.);
#998=EDGE_CURVE('',#710,#680,#461,.T.);
#999=ORIENTED_EDGE('',*,*,#796,.F.);
#1000=ORIENTED_EDGE('',*,*,#797,.T.);
#1001=ORIENTED_EDGE('',*,*,#798,.F.);
#1002=ORIENTED_EDGE('',*,*,#797,.F.);
#1003=ORIENTED_EDGE('',*,*,#799,.F.);
#1004=ORIENTED_EDGE('',*,*,#800,.T.);
#1005=ORIENTED_EDGE('',*,*,#801,.F.);
#1006=ORIENTED_EDGE('',*,*,#800,.F.);
#1007=ORIENTED_EDGE('',*,*,#799,.T.);
#1008=ORIENTED_EDGE('',*,*,#796,.T.);
#1009=ORIENTED_EDGE('',*,*,#802,.T.);
#1010=ORIENTED_EDGE('',*,*,#803,.T.);
#1011=ORIENTED_EDGE('',*,*,#804,.T.);
#1012=ORIENTED_EDGE('',*,*,#805,.T.);
#1013=ORIENTED_EDGE('',*,*,#806,.T.);
#1014=ORIENTED_EDGE('',*,*,#807,.T.);
#1015=ORIENTED_EDGE('',*,*,#808,.T.);
#1016=ORIENTED_EDGE('',*,*,#809,.T.);
#1017=ORIENTED_EDGE('',*,*,#810,.T.);
#1018=ORIENTED_EDGE('',*,*,#811,.F.);
#1019=ORIENTED_EDGE('',*,*,#812,.F.);
#1020=ORIENTED_EDGE('',*,*,#813,.T.);
#1021=ORIENTED_EDGE('',*,*,#814,.T.);
#1022=ORIENTED_EDGE('',*,*,#815,.T.);
#1023=ORIENTED_EDGE('',*,*,#816,.T.);
#1024=ORIENTED_EDGE('',*,*,#817,.T.);
#1025=ORIENTED_EDGE('',*,*,#818,.T.);
#1026=ORIENTED_EDGE('',*,*,#819,.T.);
#1027=ORIENTED_EDGE('',*,*,#820,.T.);
#1028=ORIENTED_EDGE('',*,*,#821,.T.);
#1029=ORIENTED_EDGE('',*,*,#822,.T.);
#1030=ORIENTED_EDGE('',*,*,#823,.T.);
#1031=ORIENTED_EDGE('',*,*,#824,.T.);
#1032=ORIENTED_EDGE('',*,*,#825,.T.);
#1033=ORIENTED_EDGE('',*,*,#826,.T.);
#1034=ORIENTED_EDGE('',*,*,#827,.T.);
#1035=ORIENTED_EDGE('',*,*,#801,.T.);
#1036=ORIENTED_EDGE('',*,*,#828,.F.);
#1037=ORIENTED_EDGE('',*,*,#829,.T.);
#1038=ORIENTED_EDGE('',*,*,#830,.F.);
#1039=ORIENTED_EDGE('',*,*,#829,.F.);
#1040=ORIENTED_EDGE('',*,*,#831,.F.);
#1041=ORIENTED_EDGE('',*,*,#832,.T.);
#1042=ORIENTED_EDGE('',*,*,#822,.F.);
#1043=ORIENTED_EDGE('',*,*,#832,.F.);
#1044=ORIENTED_EDGE('',*,*,#831,.T.);
#1045=ORIENTED_EDGE('',*,*,#828,.T.);
#1046=ORIENTED_EDGE('',*,*,#833,.F.);
#1047=ORIENTED_EDGE('',*,*,#834,.T.);
#1048=ORIENTED_EDGE('',*,*,#835,.F.);
#1049=ORIENTED_EDGE('',*,*,#834,.F.);
#1050=ORIENTED_EDGE('',*,*,#836,.F.);
#1051=ORIENTED_EDGE('',*,*,#837,.T.);
#1052=ORIENTED_EDGE('',*,*,#827,.F.);
#1053=ORIENTED_EDGE('',*,*,#837,.F.);
#1054=ORIENTED_EDGE('',*,*,#836,.T.);
#1055=ORIENTED_EDGE('',*,*,#833,.T.);
#1056=ORIENTED_EDGE('',*,*,#838,.F.);
#1057=ORIENTED_EDGE('',*,*,#839,.F.);
#1058=ORIENTED_EDGE('',*,*,#820,.F.);
#1059=ORIENTED_EDGE('',*,*,#840,.F.);
#1060=ORIENTED_EDGE('',*,*,#841,.F.);
#1061=ORIENTED_EDGE('',*,*,#842,.F.);
#1062=ORIENTED_EDGE('',*,*,#843,.F.);
#1063=ORIENTED_EDGE('',*,*,#821,.F.);
#1064=ORIENTED_EDGE('',*,*,#839,.T.);
#1065=ORIENTED_EDGE('',*,*,#844,.F.);
#1066=ORIENTED_EDGE('',*,*,#845,.F.);
#1067=ORIENTED_EDGE('',*,*,#802,.F.);
#1068=ORIENTED_EDGE('',*,*,#843,.T.);
#1069=ORIENTED_EDGE('',*,*,#846,.F.);
#1070=ORIENTED_EDGE('',*,*,#847,.F.);
#1071=ORIENTED_EDGE('',*,*,#805,.F.);
#1072=ORIENTED_EDGE('',*,*,#848,.T.);
#1073=ORIENTED_EDGE('',*,*,#849,.F.);
#1074=ORIENTED_EDGE('',*,*,#848,.F.);
#1075=ORIENTED_EDGE('',*,*,#804,.F.);
#1076=ORIENTED_EDGE('',*,*,#850,.F.);
#1077=ORIENTED_EDGE('',*,*,#851,.F.);
#1078=ORIENTED_EDGE('',*,*,#852,.F.);
#1079=ORIENTED_EDGE('',*,*,#853,.F.);
#1080=ORIENTED_EDGE('',*,*,#854,.F.);
#1081=ORIENTED_EDGE('',*,*,#806,.F.);
#1082=ORIENTED_EDGE('',*,*,#847,.T.);
#1083=ORIENTED_EDGE('',*,*,#841,.T.);
#1084=ORIENTED_EDGE('',*,*,#855,.T.);
#1085=ORIENTED_EDGE('',*,*,#856,.T.);
#1086=ORIENTED_EDGE('',*,*,#857,.T.);
#1087=ORIENTED_EDGE('',*,*,#858,.F.);
#1088=ORIENTED_EDGE('',*,*,#859,.T.);
#1089=ORIENTED_EDGE('',*,*,#860,.T.);
#1090=ORIENTED_EDGE('',*,*,#861,.T.);
#1091=ORIENTED_EDGE('',*,*,#862,.T.);
#1092=ORIENTED_EDGE('',*,*,#863,.T.);
#1093=ORIENTED_EDGE('',*,*,#864,.T.);
#1094=ORIENTED_EDGE('',*,*,#865,.T.);
#1095=ORIENTED_EDGE('',*,*,#852,.T.);
#1096=ORIENTED_EDGE('',*,*,#846,.T.);
#1097=ORIENTED_EDGE('',*,*,#849,.T.);
#1098=ORIENTED_EDGE('',*,*,#866,.T.);
#1099=ORIENTED_EDGE('',*,*,#830,.T.);
#1100=ORIENTED_EDGE('',*,*,#867,.F.);
#1101=ORIENTED_EDGE('',*,*,#868,.F.);
#1102=ORIENTED_EDGE('',*,*,#869,.F.);
#1103=ORIENTED_EDGE('',*,*,#870,.F.);
#1104=ORIENTED_EDGE('',*,*,#854,.T.);
#1105=ORIENTED_EDGE('',*,*,#871,.T.);
#1106=ORIENTED_EDGE('',*,*,#872,.T.);
#1107=ORIENTED_EDGE('',*,*,#873,.F.);
#1108=ORIENTED_EDGE('',*,*,#874,.F.);
#1109=ORIENTED_EDGE('',*,*,#875,.T.);
#1110=ORIENTED_EDGE('',*,*,#876,.T.);
#1111=ORIENTED_EDGE('',*,*,#877,.F.);
#1112=ORIENTED_EDGE('',*,*,#878,.F.);
#1113=ORIENTED_EDGE('',*,*,#807,.F.);
#1114=ORIENTED_EDGE('',*,*,#853,.T.);
#1115=ORIENTED_EDGE('',*,*,#865,.F.);
#1116=ORIENTED_EDGE('',*,*,#879,.F.);
#1117=ORIENTED_EDGE('',*,*,#871,.F.);
#1118=ORIENTED_EDGE('',*,*,#835,.T.);
#1119=ORIENTED_EDGE('',*,*,#844,.T.);
#1120=ORIENTED_EDGE('',*,*,#842,.T.);
#1121=ORIENTED_EDGE('',*,*,#838,.T.);
#1122=ORIENTED_EDGE('',*,*,#866,.F.);
#1123=ORIENTED_EDGE('',*,*,#851,.T.);
#1124=ORIENTED_EDGE('',*,*,#880,.F.);
#1125=ORIENTED_EDGE('',*,*,#798,.T.);
#1126=ORIENTED_EDGE('',*,*,#881,.F.);
#1127=ORIENTED_EDGE('',*,*,#882,.F.);
#1128=ORIENTED_EDGE('',*,*,#883,.F.);
#1129=ORIENTED_EDGE('',*,*,#875,.F.);
#1130=ORIENTED_EDGE('',*,*,#884,.F.);
#1131=ORIENTED_EDGE('',*,*,#861,.F.);
#1132=ORIENTED_EDGE('',*,*,#885,.F.);
#1133=ORIENTED_EDGE('',*,*,#886,.F.);
#1134=ORIENTED_EDGE('',*,*,#884,.T.);
#1135=ORIENTED_EDGE('',*,*,#874,.T.);
#1136=ORIENTED_EDGE('',*,*,#887,.F.);
#1137=ORIENTED_EDGE('',*,*,#888,.F.);
#1138=ORIENTED_EDGE('',*,*,#862,.F.);
#1139=ORIENTED_EDGE('',*,*,#889,.T.);
#1140=ORIENTED_EDGE('',*,*,#890,.T.);
#1141=ORIENTED_EDGE('',*,*,#891,.T.);
#1142=ORIENTED_EDGE('',*,*,#892,.T.);
#1143=ORIENTED_EDGE('',*,*,#883,.T.);
#1144=ORIENTED_EDGE('',*,*,#893,.T.);
#1145=ORIENTED_EDGE('',*,*,#894,.F.);
#1146=ORIENTED_EDGE('',*,*,#895,.F.);
#1147=ORIENTED_EDGE('',*,*,#896,.F.);
#1148=ORIENTED_EDGE('',*,*,#876,.F.);
#1149=ORIENTED_EDGE('',*,*,#845,.T.);
#1150=ORIENTED_EDGE('',*,*,#880,.T.);
#1151=ORIENTED_EDGE('',*,*,#850,.T.);
#1152=ORIENTED_EDGE('',*,*,#803,.F.);
#1153=ORIENTED_EDGE('',*,*,#897,.T.);
#1154=ORIENTED_EDGE('',*,*,#898,.F.);
#1155=ORIENTED_EDGE('',*,*,#899,.F.);
#1156=ORIENTED_EDGE('',*,*,#900,.F.);
#1157=ORIENTED_EDGE('',*,*,#901,.T.);
#1158=ORIENTED_EDGE('',*,*,#900,.T.);
#1159=ORIENTED_EDGE('',*,*,#902,.F.);
#1160=ORIENTED_EDGE('',*,*,#903,.F.);
#1161=ORIENTED_EDGE('',*,*,#904,.T.);
#1162=ORIENTED_EDGE('',*,*,#903,.T.);
#1163=ORIENTED_EDGE('',*,*,#905,.F.);
#1164=ORIENTED_EDGE('',*,*,#906,.F.);
#1165=ORIENTED_EDGE('',*,*,#904,.F.);
#1166=ORIENTED_EDGE('',*,*,#907,.F.);
#1167=ORIENTED_EDGE('',*,*,#897,.F.);
#1168=ORIENTED_EDGE('',*,*,#901,.F.);
#1169=ORIENTED_EDGE('',*,*,#905,.T.);
#1170=ORIENTED_EDGE('',*,*,#902,.T.);
#1171=ORIENTED_EDGE('',*,*,#899,.T.);
#1172=ORIENTED_EDGE('',*,*,#908,.F.);
#1173=ORIENTED_EDGE('',*,*,#909,.F.);
#1174=ORIENTED_EDGE('',*,*,#910,.T.);
#1175=ORIENTED_EDGE('',*,*,#911,.F.);
#1176=ORIENTED_EDGE('',*,*,#912,.F.);
#1177=ORIENTED_EDGE('',*,*,#913,.F.);
#1178=ORIENTED_EDGE('',*,*,#912,.T.);
#1179=ORIENTED_EDGE('',*,*,#914,.F.);
#1180=ORIENTED_EDGE('',*,*,#891,.F.);
#1181=ORIENTED_EDGE('',*,*,#915,.F.);
#1182=ORIENTED_EDGE('',*,*,#889,.F.);
#1183=ORIENTED_EDGE('',*,*,#916,.F.);
#1184=ORIENTED_EDGE('',*,*,#910,.F.);
#1185=ORIENTED_EDGE('',*,*,#915,.T.);
#1186=ORIENTED_EDGE('',*,*,#909,.T.);
#1187=ORIENTED_EDGE('',*,*,#913,.T.);
#1188=ORIENTED_EDGE('',*,*,#890,.F.);
#1189=ORIENTED_EDGE('',*,*,#916,.T.);
#1190=ORIENTED_EDGE('',*,*,#892,.F.);
#1191=ORIENTED_EDGE('',*,*,#914,.T.);
#1192=ORIENTED_EDGE('',*,*,#911,.T.);
#1193=ORIENTED_EDGE('',*,*,#917,.F.);
#1194=ORIENTED_EDGE('',*,*,#918,.T.);
#1195=ORIENTED_EDGE('',*,*,#919,.F.);
#1196=ORIENTED_EDGE('',*,*,#920,.F.);
#1197=ORIENTED_EDGE('',*,*,#921,.F.);
#1198=ORIENTED_EDGE('',*,*,#920,.T.);
#1199=ORIENTED_EDGE('',*,*,#922,.F.);
#1200=ORIENTED_EDGE('',*,*,#923,.F.);
#1201=ORIENTED_EDGE('',*,*,#924,.F.);
#1202=ORIENTED_EDGE('',*,*,#923,.T.);
#1203=ORIENTED_EDGE('',*,*,#925,.F.);
#1204=ORIENTED_EDGE('',*,*,#926,.F.);
#1205=ORIENTED_EDGE('',*,*,#927,.F.);
#1206=ORIENTED_EDGE('',*,*,#926,.T.);
#1207=ORIENTED_EDGE('',*,*,#928,.F.);
#1208=ORIENTED_EDGE('',*,*,#810,.F.);
#1209=ORIENTED_EDGE('',*,*,#929,.F.);
#1210=ORIENTED_EDGE('',*,*,#930,.T.);
#1211=ORIENTED_EDGE('',*,*,#931,.F.);
#1212=ORIENTED_EDGE('',*,*,#918,.F.);
#1213=ORIENTED_EDGE('',*,*,#932,.F.);
#1214=ORIENTED_EDGE('',*,*,#933,.T.);
#1215=ORIENTED_EDGE('',*,*,#934,.F.);
#1216=ORIENTED_EDGE('',*,*,#930,.F.);
#1217=ORIENTED_EDGE('',*,*,#935,.F.);
#1218=ORIENTED_EDGE('',*,*,#812,.T.);
#1219=ORIENTED_EDGE('',*,*,#936,.F.);
#1220=ORIENTED_EDGE('',*,*,#933,.F.);
#1221=ORIENTED_EDGE('',*,*,#935,.T.);
#1222=ORIENTED_EDGE('',*,*,#932,.T.);
#1223=ORIENTED_EDGE('',*,*,#929,.T.);
#1224=ORIENTED_EDGE('',*,*,#917,.T.);
#1225=ORIENTED_EDGE('',*,*,#921,.T.);
#1226=ORIENTED_EDGE('',*,*,#924,.T.);
#1227=ORIENTED_EDGE('',*,*,#927,.T.);
#1228=ORIENTED_EDGE('',*,*,#809,.F.);
#1229=ORIENTED_EDGE('',*,*,#937,.T.);
#1230=ORIENTED_EDGE('',*,*,#938,.F.);
#1231=ORIENTED_EDGE('',*,*,#939,.F.);
#1232=ORIENTED_EDGE('',*,*,#813,.F.);
#1233=ORIENTED_EDGE('',*,*,#882,.T.);
#1234=ORIENTED_EDGE('',*,*,#940,.F.);
#1235=ORIENTED_EDGE('',*,*,#941,.F.);
#1236=ORIENTED_EDGE('',*,*,#893,.F.);
#1237=ORIENTED_EDGE('',*,*,#942,.T.);
#1238=ORIENTED_EDGE('',*,*,#894,.T.);
#1239=ORIENTED_EDGE('',*,*,#941,.T.);
#1240=ORIENTED_EDGE('',*,*,#943,.F.);
#1241=ORIENTED_EDGE('',*,*,#885,.T.);
#1242=ORIENTED_EDGE('',*,*,#860,.F.);
#1243=ORIENTED_EDGE('',*,*,#944,.T.);
#1244=ORIENTED_EDGE('',*,*,#945,.F.);
#1245=ORIENTED_EDGE('',*,*,#946,.F.);
#1246=ORIENTED_EDGE('',*,*,#943,.T.);
#1247=ORIENTED_EDGE('',*,*,#940,.T.);
#1248=ORIENTED_EDGE('',*,*,#947,.F.);
#1249=ORIENTED_EDGE('',*,*,#948,.T.);
#1250=ORIENTED_EDGE('',*,*,#949,.F.);
#1251=ORIENTED_EDGE('',*,*,#948,.F.);
#1252=ORIENTED_EDGE('',*,*,#950,.F.);
#1253=ORIENTED_EDGE('',*,*,#951,.T.);
#1254=ORIENTED_EDGE('',*,*,#870,.T.);
#1255=ORIENTED_EDGE('',*,*,#951,.F.);
#1256=ORIENTED_EDGE('',*,*,#947,.T.);
#1257=ORIENTED_EDGE('',*,*,#950,.T.);
#1258=ORIENTED_EDGE('',*,*,#856,.F.);
#1259=ORIENTED_EDGE('',*,*,#952,.F.);
#1260=ORIENTED_EDGE('',*,*,#953,.F.);
#1261=ORIENTED_EDGE('',*,*,#954,.F.);
#1262=ORIENTED_EDGE('',*,*,#955,.F.);
#1263=ORIENTED_EDGE('',*,*,#956,.F.);
#1264=ORIENTED_EDGE('',*,*,#957,.T.);
#1265=ORIENTED_EDGE('',*,*,#953,.T.);
#1266=ORIENTED_EDGE('',*,*,#949,.T.);
#1267=ORIENTED_EDGE('',*,*,#956,.T.);
#1268=ORIENTED_EDGE('',*,*,#958,.T.);
#1269=ORIENTED_EDGE('',*,*,#818,.F.);
#1270=ORIENTED_EDGE('',*,*,#959,.F.);
#1271=ORIENTED_EDGE('',*,*,#960,.T.);
#1272=ORIENTED_EDGE('',*,*,#961,.F.);
#1273=ORIENTED_EDGE('',*,*,#962,.T.);
#1274=ORIENTED_EDGE('',*,*,#938,.T.);
#1275=ORIENTED_EDGE('',*,*,#963,.T.);
#1276=ORIENTED_EDGE('',*,*,#877,.T.);
#1277=ORIENTED_EDGE('',*,*,#896,.T.);
#1278=ORIENTED_EDGE('',*,*,#887,.T.);
#1279=ORIENTED_EDGE('',*,*,#873,.T.);
#1280=ORIENTED_EDGE('',*,*,#964,.T.);
#1281=ORIENTED_EDGE('',*,*,#965,.T.);
#1282=ORIENTED_EDGE('',*,*,#863,.F.);
#1283=ORIENTED_EDGE('',*,*,#888,.T.);
#1284=ORIENTED_EDGE('',*,*,#965,.F.);
#1285=ORIENTED_EDGE('',*,*,#966,.F.);
#1286=ORIENTED_EDGE('',*,*,#811,.T.);
#1287=ORIENTED_EDGE('',*,*,#928,.T.);
#1288=ORIENTED_EDGE('',*,*,#925,.T.);
#1289=ORIENTED_EDGE('',*,*,#922,.T.);
#1290=ORIENTED_EDGE('',*,*,#919,.T.);
#1291=ORIENTED_EDGE('',*,*,#931,.T.);
#1292=ORIENTED_EDGE('',*,*,#934,.T.);
#1293=ORIENTED_EDGE('',*,*,#936,.T.);
#1294=ORIENTED_EDGE('',*,*,#879,.T.);
#1295=ORIENTED_EDGE('',*,*,#864,.F.);
#1296=ORIENTED_EDGE('',*,*,#966,.T.);
#1297=ORIENTED_EDGE('',*,*,#964,.F.);
#1298=ORIENTED_EDGE('',*,*,#872,.F.);
#1299=ORIENTED_EDGE('',*,*,#906,.T.);
#1300=ORIENTED_EDGE('',*,*,#908,.T.);
#1301=ORIENTED_EDGE('',*,*,#898,.T.);
#1302=ORIENTED_EDGE('',*,*,#907,.T.);
#1303=ORIENTED_EDGE('',*,*,#808,.F.);
#1304=ORIENTED_EDGE('',*,*,#878,.T.);
#1305=ORIENTED_EDGE('',*,*,#963,.F.);
#1306=ORIENTED_EDGE('',*,*,#937,.F.);
#1307=ORIENTED_EDGE('',*,*,#814,.F.);
#1308=ORIENTED_EDGE('',*,*,#939,.T.);
#1309=ORIENTED_EDGE('',*,*,#962,.F.);
#1310=ORIENTED_EDGE('',*,*,#967,.F.);
#1311=ORIENTED_EDGE('',*,*,#968,.F.);
#1312=ORIENTED_EDGE('',*,*,#969,.T.);
#1313=ORIENTED_EDGE('',*,*,#970,.F.);
#1314=ORIENTED_EDGE('',*,*,#969,.F.);
#1315=ORIENTED_EDGE('',*,*,#968,.T.);
#1316=ORIENTED_EDGE('',*,*,#971,.F.);
#1317=ORIENTED_EDGE('',*,*,#972,.T.);
#1318=ORIENTED_EDGE('',*,*,#973,.F.);
#1319=ORIENTED_EDGE('',*,*,#972,.F.);
#1320=ORIENTED_EDGE('',*,*,#971,.T.);
#1321=ORIENTED_EDGE('',*,*,#974,.F.);
#1322=ORIENTED_EDGE('',*,*,#975,.T.);
#1323=ORIENTED_EDGE('',*,*,#869,.T.);
#1324=ORIENTED_EDGE('',*,*,#975,.F.);
#1325=ORIENTED_EDGE('',*,*,#976,.F.);
#1326=ORIENTED_EDGE('',*,*,#977,.T.);
#1327=ORIENTED_EDGE('',*,*,#886,.T.);
#1328=ORIENTED_EDGE('',*,*,#977,.F.);
#1329=ORIENTED_EDGE('',*,*,#960,.F.);
#1330=ORIENTED_EDGE('',*,*,#895,.T.);
#1331=ORIENTED_EDGE('',*,*,#942,.F.);
#1332=ORIENTED_EDGE('',*,*,#946,.T.);
#1333=ORIENTED_EDGE('',*,*,#978,.F.);
#1334=ORIENTED_EDGE('',*,*,#979,.F.);
#1335=ORIENTED_EDGE('',*,*,#815,.F.);
#1336=ORIENTED_EDGE('',*,*,#967,.T.);
#1337=ORIENTED_EDGE('',*,*,#980,.T.);
#1338=ORIENTED_EDGE('',*,*,#981,.F.);
#1339=ORIENTED_EDGE('',*,*,#944,.F.);
#1340=ORIENTED_EDGE('',*,*,#859,.F.);
#1341=ORIENTED_EDGE('',*,*,#982,.T.);
#1342=ORIENTED_EDGE('',*,*,#945,.T.);
#1343=ORIENTED_EDGE('',*,*,#981,.T.);
#1344=ORIENTED_EDGE('',*,*,#983,.T.);
#1345=ORIENTED_EDGE('',*,*,#978,.T.);
#1346=ORIENTED_EDGE('',*,*,#976,.T.);
#1347=ORIENTED_EDGE('',*,*,#974,.T.);
#1348=ORIENTED_EDGE('',*,*,#970,.T.);
#1349=ORIENTED_EDGE('',*,*,#973,.T.);
#1350=ORIENTED_EDGE('',*,*,#984,.F.);
#1351=ORIENTED_EDGE('',*,*,#985,.T.);
#1352=ORIENTED_EDGE('',*,*,#825,.F.);
#1353=ORIENTED_EDGE('',*,*,#985,.F.);
#1354=ORIENTED_EDGE('',*,*,#986,.F.);
#1355=ORIENTED_EDGE('',*,*,#987,.T.);
#1356=ORIENTED_EDGE('',*,*,#881,.T.);
#1357=ORIENTED_EDGE('',*,*,#987,.F.);
#1358=ORIENTED_EDGE('',*,*,#984,.T.);
#1359=ORIENTED_EDGE('',*,*,#986,.T.);
#1360=ORIENTED_EDGE('',*,*,#988,.F.);
#1361=ORIENTED_EDGE('',*,*,#989,.T.);
#1362=ORIENTED_EDGE('',*,*,#823,.F.);
#1363=ORIENTED_EDGE('',*,*,#989,.F.);
#1364=ORIENTED_EDGE('',*,*,#988,.T.);
#1365=ORIENTED_EDGE('',*,*,#990,.F.);
#1366=ORIENTED_EDGE('',*,*,#991,.T.);
#1367=ORIENTED_EDGE('',*,*,#824,.F.);
#1368=ORIENTED_EDGE('',*,*,#991,.F.);
#1369=ORIENTED_EDGE('',*,*,#992,.F.);
#1370=ORIENTED_EDGE('',*,*,#993,.T.);
#1371=ORIENTED_EDGE('',*,*,#868,.T.);
#1372=ORIENTED_EDGE('',*,*,#993,.F.);
#1373=ORIENTED_EDGE('',*,*,#990,.T.);
#1374=ORIENTED_EDGE('',*,*,#992,.T.);
#1375=ORIENTED_EDGE('',*,*,#994,.F.);
#1376=ORIENTED_EDGE('',*,*,#995,.T.);
#1377=ORIENTED_EDGE('',*,*,#826,.F.);
#1378=ORIENTED_EDGE('',*,*,#995,.F.);
#1379=ORIENTED_EDGE('',*,*,#996,.F.);
#1380=ORIENTED_EDGE('',*,*,#997,.T.);
#1381=ORIENTED_EDGE('',*,*,#867,.T.);
#1382=ORIENTED_EDGE('',*,*,#997,.F.);
#1383=ORIENTED_EDGE('',*,*,#994,.T.);
#1384=ORIENTED_EDGE('',*,*,#996,.T.);
#1385=ORIENTED_EDGE('',*,*,#858,.T.);
#1386=ORIENTED_EDGE('',*,*,#998,.T.);
#1387=ORIENTED_EDGE('',*,*,#816,.F.);
#1388=ORIENTED_EDGE('',*,*,#982,.F.);
#1389=ORIENTED_EDGE('',*,*,#961,.T.);
#1390=ORIENTED_EDGE('',*,*,#979,.T.);
#1391=ORIENTED_EDGE('',*,*,#983,.F.);
#1392=ORIENTED_EDGE('',*,*,#980,.F.);
#1393=ORIENTED_EDGE('',*,*,#840,.T.);
#1394=ORIENTED_EDGE('',*,*,#819,.F.);
#1395=ORIENTED_EDGE('',*,*,#958,.F.);
#1396=ORIENTED_EDGE('',*,*,#955,.T.);
#1397=ORIENTED_EDGE('',*,*,#952,.T.);
#1398=ORIENTED_EDGE('',*,*,#855,.F.);
#1399=ORIENTED_EDGE('',*,*,#857,.F.);
#1400=ORIENTED_EDGE('',*,*,#954,.T.);
#1401=ORIENTED_EDGE('',*,*,#957,.F.);
#1402=ORIENTED_EDGE('',*,*,#959,.T.);
#1403=ORIENTED_EDGE('',*,*,#817,.F.);
#1404=ORIENTED_EDGE('',*,*,#998,.F.);
#1405=CYLINDRICAL_SURFACE('',#1512,1.09999999999999);
#1406=CYLINDRICAL_SURFACE('',#1515,2.29999999999999);
#1407=CYLINDRICAL_SURFACE('',#1526,1.09999999999999);
#1408=CYLINDRICAL_SURFACE('',#1529,2.29999999999999);
#1409=CYLINDRICAL_SURFACE('',#1532,1.09999999999999);
#1410=CYLINDRICAL_SURFACE('',#1535,2.29999999999999);
#1411=CYLINDRICAL_SURFACE('',#1569,1.5);
#1412=CYLINDRICAL_SURFACE('',#1573,1.5);
#1413=CYLINDRICAL_SURFACE('',#1576,1.50000000000001);
#1414=CYLINDRICAL_SURFACE('',#1580,1.5);
#1415=CYLINDRICAL_SURFACE('',#1587,2.85);
#1416=CYLINDRICAL_SURFACE('',#1590,1.65000000000001);
#1417=CYLINDRICAL_SURFACE('',#1602,0.999999999999996);
#1418=CYLINDRICAL_SURFACE('',#1606,0.999999999999996);
#1419=CYLINDRICAL_SURFACE('',#1610,1.64999999999999);
#1420=CYLINDRICAL_SURFACE('',#1612,1.64999999999999);
#1421=CYLINDRICAL_SURFACE('',#1617,4.04999999999999);
#1422=CYLINDRICAL_SURFACE('',#1619,1.64999999999999);
#1423=CYLINDRICAL_SURFACE('',#1622,0.999999999999996);
#1424=CYLINDRICAL_SURFACE('',#1625,1.90000000000001);
#1425=CYLINDRICAL_SURFACE('',#1627,1.10000000000001);
#1426=CYLINDRICAL_SURFACE('',#1630,1.90000000000001);
#1427=CYLINDRICAL_SURFACE('',#1632,1.10000000000001);
#1428=ADVANCED_FACE('',(#108),#1405,.F.);
#1429=ADVANCED_FACE('',(#109),#1406,.T.);
#1430=ADVANCED_FACE('',(#110,#19),#50,.T.);
#1431=ADVANCED_FACE('',(#111,#20,#21,#22,#23,#24,#25,#26),#51,.T.);
#1432=ADVANCED_FACE('',(#112),#1407,.F.);
#1433=ADVANCED_FACE('',(#113),#1408,.T.);
#1434=ADVANCED_FACE('',(#114,#27),#52,.T.);
#1435=ADVANCED_FACE('',(#115),#1409,.F.);
#1436=ADVANCED_FACE('',(#116),#1410,.T.);
#1437=ADVANCED_FACE('',(#117,#28),#53,.T.);
#1438=ADVANCED_FACE('',(#118),#54,.F.);
#1439=ADVANCED_FACE('',(#119),#55,.F.);
#1440=ADVANCED_FACE('',(#120),#56,.F.);
#1441=ADVANCED_FACE('',(#121),#57,.F.);
#1442=ADVANCED_FACE('',(#122),#58,.F.);
#1443=ADVANCED_FACE('',(#123),#59,.F.);
#1444=ADVANCED_FACE('',(#124,#29,#30,#31,#32,#33),#60,.F.);
#1445=ADVANCED_FACE('',(#125),#61,.T.);
#1446=ADVANCED_FACE('',(#126,#34),#62,.F.);
#1447=ADVANCED_FACE('',(#127,#35,#36),#63,.F.);
#1448=ADVANCED_FACE('',(#128,#37),#64,.F.);
#1449=ADVANCED_FACE('',(#129,#38),#65,.T.);
#1450=ADVANCED_FACE('',(#130),#66,.T.);
#1451=ADVANCED_FACE('',(#131),#67,.T.);
#1452=ADVANCED_FACE('',(#132),#68,.T.);
#1453=ADVANCED_FACE('',(#133),#69,.T.);
#1454=ADVANCED_FACE('',(#134),#70,.T.);
#1455=ADVANCED_FACE('',(#135),#71,.T.);
#1456=ADVANCED_FACE('',(#136),#72,.T.);
#1457=ADVANCED_FACE('',(#137),#73,.T.);
#1458=ADVANCED_FACE('',(#138),#74,.T.);
#1459=ADVANCED_FACE('',(#139),#75,.T.);
#1460=ADVANCED_FACE('',(#140),#76,.T.);
#1461=ADVANCED_FACE('',(#141),#77,.T.);
#1462=ADVANCED_FACE('',(#142),#78,.F.);
#1463=ADVANCED_FACE('',(#143),#1411,.F.);
#1464=ADVANCED_FACE('',(#144),#79,.F.);
#1465=ADVANCED_FACE('',(#145),#1412,.F.);
#1466=ADVANCED_FACE('',(#146),#1413,.F.);
#1467=ADVANCED_FACE('',(#147),#80,.F.);
#1468=ADVANCED_FACE('',(#148),#1414,.F.);
#1469=ADVANCED_FACE('',(#149),#81,.T.);
#1470=ADVANCED_FACE('',(#150),#82,.T.);
#1471=ADVANCED_FACE('',(#151),#83,.T.);
#1472=ADVANCED_FACE('',(#152),#84,.T.);
#1473=ADVANCED_FACE('',(#153),#1415,.T.);
#1474=ADVANCED_FACE('',(#154),#1416,.F.);
#1475=ADVANCED_FACE('',(#155,#39),#85,.T.);
#1476=ADVANCED_FACE('',(#156),#86,.T.);
#1477=ADVANCED_FACE('',(#157,#40),#87,.T.);
#1478=ADVANCED_FACE('',(#158),#88,.T.);
#1479=ADVANCED_FACE('',(#159),#89,.T.);
#1480=ADVANCED_FACE('',(#160),#90,.F.);
#1481=ADVANCED_FACE('',(#161,#41),#91,.T.);
#1482=ADVANCED_FACE('',(#162,#42),#92,.T.);
#1483=ADVANCED_FACE('',(#163),#93,.T.);
#1484=ADVANCED_FACE('',(#164),#94,.T.);
#1485=ADVANCED_FACE('',(#165),#1417,.T.);
#1486=ADVANCED_FACE('',(#166),#95,.T.);
#1487=ADVANCED_FACE('',(#167),#1418,.T.);
#1488=ADVANCED_FACE('',(#168),#96,.T.);
#1489=ADVANCED_FACE('',(#169),#1419,.F.);
#1490=ADVANCED_FACE('',(#170),#1420,.F.);
#1491=ADVANCED_FACE('',(#171),#97,.T.);
#1492=ADVANCED_FACE('',(#172),#98,.T.);
#1493=ADVANCED_FACE('',(#173,#43,#44,#45,#46),#99,.T.);
#1494=ADVANCED_FACE('',(#174),#1421,.T.);
#1495=ADVANCED_FACE('',(#175),#1422,.F.);
#1496=ADVANCED_FACE('',(#176,#47),#100,.T.);
#1497=ADVANCED_FACE('',(#177),#1423,.T.);
#1498=ADVANCED_FACE('',(#178),#101,.T.);
#1499=ADVANCED_FACE('',(#179),#1424,.T.);
#1500=ADVANCED_FACE('',(#180),#1425,.F.);
#1501=ADVANCED_FACE('',(#181,#48),#102,.T.);
#1502=ADVANCED_FACE('',(#182),#1426,.T.);
#1503=ADVANCED_FACE('',(#183),#1427,.F.);
#1504=ADVANCED_FACE('',(#184,#49),#103,.T.);
#1505=ADVANCED_FACE('',(#185),#104,.T.);
#1506=ADVANCED_FACE('',(#186),#105,.T.);
#1507=ADVANCED_FACE('',(#187),#106,.T.);
#1508=ADVANCED_FACE('',(#188),#107,.T.);
#1509=CLOSED_SHELL('',(#1428,#1429,#1430,#1431,#1432,#1433,#1434,#1435,
#1436,#1437,#1438,#1439,#1440,#1441,#1442,#1443,#1444,#1445,#1446,#1447,
#1448,#1449,#1450,#1451,#1452,#1453,#1454,#1455,#1456,#1457,#1458,#1459,
#1460,#1461,#1462,#1463,#1464,#1465,#1466,#1467,#1468,#1469,#1470,#1471,
#1472,#1473,#1474,#1475,#1476,#1477,#1478,#1479,#1480,#1481,#1482,#1483,
#1484,#1485,#1486,#1487,#1488,#1489,#1490,#1491,#1492,#1493,#1494,#1495,
#1496,#1497,#1498,#1499,#1500,#1501,#1502,#1503,#1504,#1505,#1506,#1507,
#1508));
#1510=AXIS2_PLACEMENT_3D('',#2057,#1640,#1641);
#1511=AXIS2_PLACEMENT_3D('',#2058,#1642,#1643);
#1512=AXIS2_PLACEMENT_3D('',#2059,#1644,#1645);
#1513=AXIS2_PLACEMENT_3D('',#2061,#1646,#1647);
#1514=AXIS2_PLACEMENT_3D('',#2064,#1649,#1650);
#1515=AXIS2_PLACEMENT_3D('',#2065,#1651,#1652);
#1516=AXIS2_PLACEMENT_3D('',#2067,#1653,#1654);
#1517=AXIS2_PLACEMENT_3D('',#2070,#1656,#1657);
#1518=AXIS2_PLACEMENT_3D('',#2071,#1658,#1659);
#1519=AXIS2_PLACEMENT_3D('',#2072,#1660,#1661);
#1520=AXIS2_PLACEMENT_3D('',#2114,#1682,#1683);
#1521=AXIS2_PLACEMENT_3D('',#2116,#1684,#1685);
#1522=AXIS2_PLACEMENT_3D('',#2118,#1686,#1687);
#1523=AXIS2_PLACEMENT_3D('',#2120,#1688,#1689);
#1524=AXIS2_PLACEMENT_3D('',#2122,#1690,#1691);
#1525=AXIS2_PLACEMENT_3D('',#2124,#1692,#1693);
#1526=AXIS2_PLACEMENT_3D('',#2125,#1694,#1695);
#1527=AXIS2_PLACEMENT_3D('',#2127,#1696,#1697);
#1528=AXIS2_PLACEMENT_3D('',#2130,#1699,#1700);
#1529=AXIS2_PLACEMENT_3D('',#2131,#1701,#1702);
#1530=AXIS2_PLACEMENT_3D('',#2133,#1703,#1704);
#1531=AXIS2_PLACEMENT_3D('',#2135,#1706,#1707);
#1532=AXIS2_PLACEMENT_3D('',#2136,#1708,#1709);
#1533=AXIS2_PLACEMENT_3D('',#2138,#1710,#1711);
#1534=AXIS2_PLACEMENT_3D('',#2141,#1713,#1714);
#1535=AXIS2_PLACEMENT_3D('',#2142,#1715,#1716);
#1536=AXIS2_PLACEMENT_3D('',#2144,#1717,#1718);
#1537=AXIS2_PLACEMENT_3D('',#2146,#1720,#1721);
#1538=AXIS2_PLACEMENT_3D('',#2147,#1722,#1723);
#1539=AXIS2_PLACEMENT_3D('',#2155,#1728,#1729);
#1540=AXIS2_PLACEMENT_3D('',#2159,#1732,#1733);
#1541=AXIS2_PLACEMENT_3D('',#2163,#1736,#1737);
#1542=AXIS2_PLACEMENT_3D('',#2169,#1741,#1742);
#1543=AXIS2_PLACEMENT_3D('',#2175,#1746,#1747);
#1544=AXIS2_PLACEMENT_3D('',#2181,#1751,#1752);
#1545=AXIS2_PLACEMENT_3D('',#2205,#1765,#1766);
#1546=AXIS2_PLACEMENT_3D('',#2207,#1767,#1768);
#1547=AXIS2_PLACEMENT_3D('',#2209,#1769,#1770);
#1548=AXIS2_PLACEMENT_3D('',#2211,#1771,#1772);
#1549=AXIS2_PLACEMENT_3D('',#2212,#1773,#1774);
#1550=AXIS2_PLACEMENT_3D('',#2228,#1783,#1784);
#1551=AXIS2_PLACEMENT_3D('',#2230,#1786,#1787);
#1552=AXIS2_PLACEMENT_3D('',#2233,#1789,#1790);
#1553=AXIS2_PLACEMENT_3D('',#2234,#1791,#1792);
#1554=AXIS2_PLACEMENT_3D('',#2242,#1797,#1798);
#1555=AXIS2_PLACEMENT_3D('',#2243,#1799,#1800);
#1556=AXIS2_PLACEMENT_3D('',#2255,#1807,#1808);
#1557=AXIS2_PLACEMENT_3D('',#2263,#1813,#1814);
#1558=AXIS2_PLACEMENT_3D('',#2264,#1815,#1816);
#1559=AXIS2_PLACEMENT_3D('',#2273,#1821,#1822);
#1560=AXIS2_PLACEMENT_3D('',#2279,#1826,#1827);
#1561=AXIS2_PLACEMENT_3D('',#2285,#1831,#1832);
#1562=AXIS2_PLACEMENT_3D('',#2287,#1834,#1835);
#1563=AXIS2_PLACEMENT_3D('',#2289,#1837,#1838);
#1564=AXIS2_PLACEMENT_3D('',#2298,#1843,#1844);
#1565=AXIS2_PLACEMENT_3D('',#2301,#1847,#1848);
#1566=AXIS2_PLACEMENT_3D('',#2304,#1851,#1852);
#1567=AXIS2_PLACEMENT_3D('',#2305,#1853,#1854);
#1568=AXIS2_PLACEMENT_3D('',#2306,#1855,#1856);
#1569=AXIS2_PLACEMENT_3D('',#2315,#1861,#1862);
#1570=AXIS2_PLACEMENT_3D('',#2317,#1863,#1864);
#1571=AXIS2_PLACEMENT_3D('',#2319,#1865,#1866);
#1572=AXIS2_PLACEMENT_3D('',#2321,#1868,#1869);
#1573=AXIS2_PLACEMENT_3D('',#2327,#1873,#1874);
#1574=AXIS2_PLACEMENT_3D('',#2328,#1875,#1876);
#1575=AXIS2_PLACEMENT_3D('',#2329,#1877,#1878);
#1576=AXIS2_PLACEMENT_3D('',#2330,#1879,#1880);
#1577=AXIS2_PLACEMENT_3D('',#2332,#1881,#1882);
#1578=AXIS2_PLACEMENT_3D('',#2335,#1884,#1885);
#1579=AXIS2_PLACEMENT_3D('',#2336,#1886,#1887);
#1580=AXIS2_PLACEMENT_3D('',#2342,#1891,#1892);
#1581=AXIS2_PLACEMENT_3D('',#2343,#1893,#1894);
#1582=AXIS2_PLACEMENT_3D('',#2344,#1895,#1896);
#1583=AXIS2_PLACEMENT_3D('',#2345,#1897,#1898);
#1584=AXIS2_PLACEMENT_3D('',#2351,#1902,#1903);
#1585=AXIS2_PLACEMENT_3D('',#2355,#1906,#1907);
#1586=AXIS2_PLACEMENT_3D('',#2359,#1910,#1911);
#1587=AXIS2_PLACEMENT_3D('',#2365,#1915,#1916);
#1588=AXIS2_PLACEMENT_3D('',#2367,#1917,#1918);
#1589=AXIS2_PLACEMENT_3D('',#2370,#1920,#1921);
#1590=AXIS2_PLACEMENT_3D('',#2371,#1922,#1923);
#1591=AXIS2_PLACEMENT_3D('',#2373,#1924,#1925);
#1592=AXIS2_PLACEMENT_3D('',#2375,#1927,#1928);
#1593=AXIS2_PLACEMENT_3D('',#2376,#1929,#1930);
#1594=AXIS2_PLACEMENT_3D('',#2382,#1934,#1935);
#1595=AXIS2_PLACEMENT_3D('',#2388,#1939,#1940);
#1596=AXIS2_PLACEMENT_3D('',#2391,#1943,#1944);
#1597=AXIS2_PLACEMENT_3D('',#2398,#1949,#1950);
#1598=AXIS2_PLACEMENT_3D('',#2402,#1953,#1954);
#1599=AXIS2_PLACEMENT_3D('',#2404,#1956,#1957);
#1600=AXIS2_PLACEMENT_3D('',#2405,#1958,#1959);
#1601=AXIS2_PLACEMENT_3D('',#2406,#1960,#1961);
#1602=AXIS2_PLACEMENT_3D('',#2408,#1963,#1964);
#1603=AXIS2_PLACEMENT_3D('',#2410,#1965,#1966);
#1604=AXIS2_PLACEMENT_3D('',#2413,#1968,#1969);
#1605=AXIS2_PLACEMENT_3D('',#2414,#1970,#1971);
#1606=AXIS2_PLACEMENT_3D('',#2415,#1972,#1973);
#1607=AXIS2_PLACEMENT_3D('',#2417,#1974,#1975);
#1608=AXIS2_PLACEMENT_3D('',#2420,#1977,#1978);
#1609=AXIS2_PLACEMENT_3D('',#2421,#1979,#1980);
#1610=AXIS2_PLACEMENT_3D('',#2422,#1981,#1982);
#1611=AXIS2_PLACEMENT_3D('',#2424,#1983,#1984);
#1612=AXIS2_PLACEMENT_3D('',#2426,#1986,#1987);
#1613=AXIS2_PLACEMENT_3D('',#2428,#1988,#1989);
#1614=AXIS2_PLACEMENT_3D('',#2430,#1991,#1992);
#1615=AXIS2_PLACEMENT_3D('',#2434,#1995,#1996);
#1616=AXIS2_PLACEMENT_3D('',#2439,#2000,#2001);
#1617=AXIS2_PLACEMENT_3D('',#2441,#2003,#2004);
#1618=AXIS2_PLACEMENT_3D('',#2443,#2005,#2006);
#1619=AXIS2_PLACEMENT_3D('',#2445,#2008,#2009);
#1620=AXIS2_PLACEMENT_3D('',#2447,#2010,#2011);
#1621=AXIS2_PLACEMENT_3D('',#2449,#2013,#2014);
#1622=AXIS2_PLACEMENT_3D('',#2450,#2015,#2016);
#1623=AXIS2_PLACEMENT_3D('',#2452,#2017,#2018);
#1624=AXIS2_PLACEMENT_3D('',#2454,#2020,#2021);
#1625=AXIS2_PLACEMENT_3D('',#2455,#2022,#2023);
#1626=AXIS2_PLACEMENT_3D('',#2457,#2024,#2025);
#1627=AXIS2_PLACEMENT_3D('',#2459,#2027,#2028);
#1628=AXIS2_PLACEMENT_3D('',#2461,#2029,#2030);
#1629=AXIS2_PLACEMENT_3D('',#2463,#2032,#2033);
#1630=AXIS2_PLACEMENT_3D('',#2464,#2034,#2035);
#1631=AXIS2_PLACEMENT_3D('',#2466,#2036,#2037);
#1632=AXIS2_PLACEMENT_3D('',#2468,#2039,#2040);
#1633=AXIS2_PLACEMENT_3D('',#2470,#2041,#2042);
#1634=AXIS2_PLACEMENT_3D('',#2472,#2044,#2045);
#1635=AXIS2_PLACEMENT_3D('',#2473,#2046,#2047);
#1636=AXIS2_PLACEMENT_3D('',#2475,#2049,#2050);
#1637=AXIS2_PLACEMENT_3D('',#2476,#2051,#2052);
#1638=AXIS2_PLACEMENT_3D('',#2477,#2053,#2054);
#1639=AXIS2_PLACEMENT_3D('',#2478,#2055,#2056);
#1640=DIRECTION('axis',(0.,0.,1.));
#1641=DIRECTION('refdir',(1.,0.,0.));
#1642=DIRECTION('axis',(0.,0.,1.));
#1643=DIRECTION('refdir',(1.,0.,0.));
#1644=DIRECTION('center_axis',(0.,0.,1.));
#1645=DIRECTION('ref_axis',(-1.,0.,0.));
#1646=DIRECTION('center_axis',(0.,0.,-1.));
#1647=DIRECTION('ref_axis',(-1.,0.,0.));
#1648=DIRECTION('',(0.,0.,-1.));
#1649=DIRECTION('center_axis',(-0.0871557427476532,0.,0.996194698091746));
#1650=DIRECTION('ref_axis',(-0.996194698091746,0.,-0.0871557427476532));
#1651=DIRECTION('center_axis',(0.,0.,1.));
#1652=DIRECTION('ref_axis',(-1.,0.,0.));
#1653=DIRECTION('center_axis',(0.,0.,1.));
#1654=DIRECTION('ref_axis',(-1.,0.,0.));
#1655=DIRECTION('',(0.,0.,-1.));
#1656=DIRECTION('center_axis',(0.,0.,-1.));
#1657=DIRECTION('ref_axis',(-1.,0.,0.));
#1658=DIRECTION('center_axis',(0.,0.,1.));
#1659=DIRECTION('ref_axis',(-1.,0.,0.));
#1660=DIRECTION('center_axis',(0.,0.,1.));
#1661=DIRECTION('ref_axis',(1.,0.,0.));
#1662=DIRECTION('',(1.,0.,0.));
#1663=DIRECTION('',(0.,1.,0.));
#1664=DIRECTION('',(-1.,-8.09771603941347E-16,0.));
#1665=DIRECTION('',(0.,1.,0.));
#1666=DIRECTION('',(1.,0.,0.));
#1667=DIRECTION('',(0.,1.,0.));
#1668=DIRECTION('',(-1.,0.,0.));
#1669=DIRECTION('',(0.,1.,0.));
#1670=DIRECTION('',(1.,0.,0.));
#1671=DIRECTION('',(0.,-1.,0.));
#1672=DIRECTION('',(1.,0.,0.));
#1673=DIRECTION('',(0.,1.,0.));
#1674=DIRECTION('',(1.,0.,0.));
#1675=DIRECTION('',(0.,1.,0.));
#1676=DIRECTION('',(-1.,0.,0.));
#1677=DIRECTION('',(-2.089831575765E-15,-1.,0.));
#1678=DIRECTION('',(1.,-3.90700048255894E-17,0.));
#1679=DIRECTION('',(0.,-1.,0.));
#1680=DIRECTION('',(1.,0.,0.));
#1681=DIRECTION('',(2.29207334116161E-15,-1.,0.));
#1682=DIRECTION('center_axis',(0.,0.,-1.));
#1683=DIRECTION('ref_axis',(-1.,0.,0.));
#1684=DIRECTION('center_axis',(0.,0.,-1.));
#1685=DIRECTION('ref_axis',(1.,0.,0.));
#1686=DIRECTION('center_axis',(0.,0.,-1.));
#1687=DIRECTION('ref_axis',(1.,0.,0.));
#1688=DIRECTION('center_axis',(0.,0.,-1.));
#1689=DIRECTION('ref_axis',(1.,0.,0.));
#1690=DIRECTION('center_axis',(0.,0.,-1.));
#1691=DIRECTION('ref_axis',(1.,0.,0.));
#1692=DIRECTION('center_axis',(0.,0.,-1.));
#1693=DIRECTION('ref_axis',(-1.,0.,0.));
#1694=DIRECTION('center_axis',(0.,0.,1.));
#1695=DIRECTION('ref_axis',(-1.,0.,0.));
#1696=DIRECTION('center_axis',(0.,0.,-1.));
#1697=DIRECTION('ref_axis',(-1.,0.,0.));
#1698=DIRECTION('',(0.,0.,-1.));
#1699=DIRECTION('center_axis',(0.,0.,1.));
#1700=DIRECTION('ref_axis',(-1.,0.,0.));
#1701=DIRECTION('center_axis',(0.,0.,1.));
#1702=DIRECTION('ref_axis',(-1.,0.,0.));
#1703=DIRECTION('center_axis',(0.,0.,1.));
#1704=DIRECTION('ref_axis',(-1.,0.,0.));
#1705=DIRECTION('',(0.,0.,-1.));
#1706=DIRECTION('center_axis',(0.,0.,1.));
#1707=DIRECTION('ref_axis',(-1.,0.,0.));
#1708=DIRECTION('center_axis',(0.,0.,1.));
#1709=DIRECTION('ref_axis',(-1.,0.,0.));
#1710=DIRECTION('center_axis',(0.,0.,-1.));
#1711=DIRECTION('ref_axis',(-1.,0.,0.));
#1712=DIRECTION('',(0.,0.,-1.));
#1713=DIRECTION('center_axis',(-0.0871557427476532,0.,0.996194698091746));
#1714=DIRECTION('ref_axis',(-0.996194698091746,0.,-0.0871557427476532));
#1715=DIRECTION('center_axis',(0.,0.,1.));
#1716=DIRECTION('ref_axis',(-1.,0.,0.));
#1717=DIRECTION('center_axis',(0.,0.,1.));
#1718=DIRECTION('ref_axis',(-1.,0.,0.));
#1719=DIRECTION('',(0.,0.,-1.));
#1720=DIRECTION('center_axis',(0.,0.,1.));
#1721=DIRECTION('ref_axis',(-1.,0.,0.));
#1722=DIRECTION('center_axis',(0.,1.,0.));
#1723=DIRECTION('ref_axis',(1.,0.,0.));
#1724=DIRECTION('',(-0.996194698091746,0.,-0.0871557427476532));
#1725=DIRECTION('',(0.,0.,-1.));
#1726=DIRECTION('',(0.,0.,1.));
#1727=DIRECTION('',(-1.,0.,0.));
#1728=DIRECTION('center_axis',(1.,2.29207334116161E-15,0.));
#1729=DIRECTION('ref_axis',(2.29207334116161E-15,-1.,0.));
#1730=DIRECTION('',(-2.29207334116161E-15,1.,-2.00530433321617E-16));
#1731=DIRECTION('',(0.,0.,-1.));
#1732=DIRECTION('center_axis',(0.,1.,0.));
#1733=DIRECTION('ref_axis',(1.,0.,0.));
#1734=DIRECTION('',(-0.996194698091746,0.,-0.0871557427476532));
#1735=DIRECTION('',(0.,0.,-1.));
#1736=DIRECTION('center_axis',(-1.,0.,0.));
#1737=DIRECTION('ref_axis',(0.,1.,0.));
#1738=DIRECTION('',(0.,-1.,0.));
#1739=DIRECTION('',(0.,0.,-1.));
#1740=DIRECTION('',(0.,0.,-1.));
#1741=DIRECTION('center_axis',(8.09771603941347E-16,-1.,0.));
#1742=DIRECTION('ref_axis',(-1.,-8.09771603941347E-16,0.));
#1743=DIRECTION('',(1.,8.09771603941347E-16,0.));
#1744=DIRECTION('',(0.,0.,1.));
#1745=DIRECTION('',(0.996194698091746,8.06690178511619E-16,0.0871557427476532));
#1746=DIRECTION('center_axis',(0.,1.,0.));
#1747=DIRECTION('ref_axis',(1.,0.,0.));
#1748=DIRECTION('',(-1.,0.,0.));
#1749=DIRECTION('',(-0.996194698091746,0.,-0.0871557427476532));
#1750=DIRECTION('',(0.,0.,-1.));
#1751=DIRECTION('center_axis',(0.,0.,1.));
#1752=DIRECTION('ref_axis',(1.,0.,0.));
#1753=DIRECTION('',(0.,1.,0.));
#1754=DIRECTION('',(-1.,0.,0.));
#1755=DIRECTION('',(2.089831575765E-15,1.,0.));
#1756=DIRECTION('',(-1.,0.,0.));
#1757=DIRECTION('',(0.,1.,0.));
#1758=DIRECTION('',(1.,0.,0.));
#1759=DIRECTION('',(0.,-1.,0.));
#1760=DIRECTION('',(-1.,0.,0.));
#1761=DIRECTION('',(0.,-1.,0.));
#1762=DIRECTION('',(1.,2.92163953848725E-16,0.));
#1763=DIRECTION('',(0.,-1.,0.));
#1764=DIRECTION('',(0.,-1.,0.));
#1765=DIRECTION('center_axis',(0.,0.,-1.));
#1766=DIRECTION('ref_axis',(1.,0.,0.));
#1767=DIRECTION('center_axis',(0.,0.,-1.));
#1768=DIRECTION('ref_axis',(1.,0.,0.));
#1769=DIRECTION('center_axis',(0.,0.,-1.));
#1770=DIRECTION('ref_axis',(1.,0.,0.));
#1771=DIRECTION('center_axis',(0.,0.,-1.));
#1772=DIRECTION('ref_axis',(1.,0.,0.));
#1773=DIRECTION('center_axis',(1.,0.,0.));
#1774=DIRECTION('ref_axis',(0.,1.,0.));
#1775=DIRECTION('',(0.,1.,0.));
#1776=DIRECTION('',(0.,0.,1.));
#1777=DIRECTION('',(0.,-1.,0.));
#1778=DIRECTION('',(0.,0.,1.));
#1779=DIRECTION('',(0.,1.,0.));
#1780=DIRECTION('',(0.,0.,1.));
#1781=DIRECTION('',(0.,1.,0.));
#1782=DIRECTION('',(0.,0.,1.));
#1783=DIRECTION('center_axis',(-0.0871557427476532,0.,0.996194698091746));
#1784=DIRECTION('ref_axis',(0.996194698091746,0.,0.0871557427476532));
#1785=DIRECTION('',(-0.996194698091746,-2.91052181797622E-16,-0.0871557427476532));
#1786=DIRECTION('center_axis',(-0.0871557427476532,0.,0.996194698091746));
#1787=DIRECTION('ref_axis',(0.996194698091746,0.,0.0871557427476532));
#1788=DIRECTION('',(0.,1.,0.));
#1789=DIRECTION('center_axis',(0.0871557427476532,0.,-0.996194698091746));
#1790=DIRECTION('ref_axis',(0.996194698091746,0.,0.0871557427476532));
#1791=DIRECTION('center_axis',(-0.0871557427476532,0.,0.996194698091746));
#1792=DIRECTION('ref_axis',(0.996194698091746,0.,0.0871557427476532));
#1793=DIRECTION('',(0.,-1.,0.));
#1794=DIRECTION('',(-0.996194698091746,0.,-0.0871557427476532));
#1795=DIRECTION('',(0.996194698091746,0.,0.0871557427476532));
#1796=DIRECTION('',(-0.996194698091746,0.,-0.0871557427476532));
#1797=DIRECTION('center_axis',(0.0871557427476532,0.,-0.996194698091746));
#1798=DIRECTION('ref_axis',(0.996194698091746,0.,0.0871557427476532));
#1799=DIRECTION('center_axis',(0.,-1.,0.));
#1800=DIRECTION('ref_axis',(1.,0.,0.));
#1801=DIRECTION('',(1.,0.,0.));
#1802=DIRECTION('',(0.,0.,1.));
#1803=DIRECTION('',(1.,0.,0.));
#1804=DIRECTION('',(0.,0.,-1.));
#1805=DIRECTION('',(-1.,0.,0.));
#1806=DIRECTION('',(0.,0.,1.));
#1807=DIRECTION('center_axis',(0.,1.,0.));
#1808=DIRECTION('ref_axis',(-1.,0.,0.));
#1809=DIRECTION('',(0.,0.,1.));
#1810=DIRECTION('',(-1.,0.,0.));
#1811=DIRECTION('',(0.,0.,1.));
#1812=DIRECTION('',(-1.,0.,0.));
#1813=DIRECTION('center_axis',(1.,0.,0.));
#1814=DIRECTION('ref_axis',(0.,1.,0.));
#1815=DIRECTION('center_axis',(0.,0.707106781186547,-0.707106781186548));
#1816=DIRECTION('ref_axis',(0.,-0.707106781186548,-0.707106781186547));
#1817=DIRECTION('',(0.,-0.707106781186548,-0.707106781186547));
#1818=DIRECTION('',(1.,2.92163953848725E-16,2.92163953848725E-16));
#1819=DIRECTION('',(0.,-0.707106781186548,-0.707106781186547));
#1820=DIRECTION('',(-1.,0.,0.));
#1821=DIRECTION('center_axis',(0.,1.,0.));
#1822=DIRECTION('ref_axis',(0.,0.,-1.));
#1823=DIRECTION('',(0.,0.,-1.));
#1824=DIRECTION('',(0.,0.,-1.));
#1825=DIRECTION('',(-1.,0.,0.));
#1826=DIRECTION('center_axis',(0.,0.,1.));
#1827=DIRECTION('ref_axis',(0.,1.,0.));
#1828=DIRECTION('',(0.,1.,0.));
#1829=DIRECTION('',(0.,1.,0.));
#1830=DIRECTION('',(-1.,-2.92163953848725E-16,0.));
#1831=DIRECTION('center_axis',(1.,0.,0.));
#1832=DIRECTION('ref_axis',(0.,1.,0.));
#1833=DIRECTION('',(0.,0.,1.));
#1834=DIRECTION('center_axis',(-1.,0.,0.));
#1835=DIRECTION('ref_axis',(0.,0.,1.));
#1836=DIRECTION('',(0.,0.,-1.));
#1837=DIRECTION('center_axis',(0.,-1.,0.));
#1838=DIRECTION('ref_axis',(0.,0.,1.));
#1839=DIRECTION('',(0.,0.,-1.));
#1840=DIRECTION('',(-1.,0.,0.));
#1841=DIRECTION('',(0.,0.,1.));
#1842=DIRECTION('',(-1.,0.,0.));
#1843=DIRECTION('center_axis',(0.,-0.707106781186551,-0.707106781186544));
#1844=DIRECTION('ref_axis',(0.,-0.707106781186544,0.707106781186551));
#1845=DIRECTION('',(0.,0.707106781186544,-0.707106781186551));
#1846=DIRECTION('',(0.,-0.707106781186544,0.707106781186551));
#1847=DIRECTION('center_axis',(0.,0.,1.));
#1848=DIRECTION('ref_axis',(0.,1.,0.));
#1849=DIRECTION('',(0.,-1.,0.));
#1850=DIRECTION('',(0.,1.,0.));
#1851=DIRECTION('center_axis',(1.,0.,0.));
#1852=DIRECTION('ref_axis',(0.,1.,0.));
#1853=DIRECTION('center_axis',(-1.,0.,0.));
#1854=DIRECTION('ref_axis',(0.,0.,1.));
#1855=DIRECTION('center_axis',(0.,0.,1.));
#1856=DIRECTION('ref_axis',(0.,-1.,0.));
#1857=DIRECTION('',(0.,-1.,0.));
#1858=DIRECTION('',(1.,0.,0.));
#1859=DIRECTION('',(0.,1.,0.));
#1860=DIRECTION('',(1.,0.,0.));
#1861=DIRECTION('center_axis',(1.,0.,0.));
#1862=DIRECTION('ref_axis',(0.,0.,1.));
#1863=DIRECTION('center_axis',(1.,0.,0.));
#1864=DIRECTION('ref_axis',(0.,0.,1.));
#1865=DIRECTION('center_axis',(-1.,0.,0.));
#1866=DIRECTION('ref_axis',(0.,0.,1.));
#1867=DIRECTION('',(1.,0.,0.));
#1868=DIRECTION('center_axis',(0.,-1.,0.));
#1869=DIRECTION('ref_axis',(0.,0.,-1.));
#1870=DIRECTION('',(0.,0.,-1.));
#1871=DIRECTION('',(0.,0.,1.));
#1872=DIRECTION('',(1.,0.,0.));
#1873=DIRECTION('center_axis',(1.,0.,0.));
#1874=DIRECTION('ref_axis',(0.,-1.,0.));
#1875=DIRECTION('center_axis',(1.,0.,0.));
#1876=DIRECTION('ref_axis',(0.,-1.,0.));
#1877=DIRECTION('center_axis',(-1.,0.,0.));
#1878=DIRECTION('ref_axis',(0.,-1.,0.));
#1879=DIRECTION('center_axis',(1.,0.,0.));
#1880=DIRECTION('ref_axis',(0.,1.,0.));
#1881=DIRECTION('center_axis',(1.,0.,0.));
#1882=DIRECTION('ref_axis',(0.,1.,0.));
#1883=DIRECTION('',(1.,0.,0.));
#1884=DIRECTION('center_axis',(-1.,0.,0.));
#1885=DIRECTION('ref_axis',(0.,1.,0.));
#1886=DIRECTION('center_axis',(0.,1.,0.));
#1887=DIRECTION('ref_axis',(0.,0.,1.));
#1888=DIRECTION('',(0.,0.,1.));
#1889=DIRECTION('',(1.,0.,0.));
#1890=DIRECTION('',(0.,0.,-1.));
#1891=DIRECTION('center_axis',(1.,0.,0.));
#1892=DIRECTION('ref_axis',(0.,0.,-1.));
#1893=DIRECTION('center_axis',(1.,0.,0.));
#1894=DIRECTION('ref_axis',(0.,0.,-1.));
#1895=DIRECTION('center_axis',(-1.,0.,0.));
#1896=DIRECTION('ref_axis',(0.,0.,-1.));
#1897=DIRECTION('center_axis',(-1.,0.,0.));
#1898=DIRECTION('ref_axis',(0.,-1.,0.));
#1899=DIRECTION('',(0.,0.,1.));
#1900=DIRECTION('',(0.,-1.,0.));
#1901=DIRECTION('',(0.,0.,1.));
#1902=DIRECTION('center_axis',(-1.,0.,0.));
#1903=DIRECTION('ref_axis',(0.,-1.,0.));
#1904=DIRECTION('',(0.,0.,-1.));
#1905=DIRECTION('',(0.,-1.,0.));
#1906=DIRECTION('center_axis',(0.,0.,1.));
#1907=DIRECTION('ref_axis',(1.,0.,0.));
#1908=DIRECTION('',(0.,1.,0.));
#1909=DIRECTION('',(-1.,0.,0.));
#1910=DIRECTION('center_axis',(0.,1.,0.));
#1911=DIRECTION('ref_axis',(-1.,0.,0.));
#1912=DIRECTION('',(0.,0.,1.));
#1913=DIRECTION('',(-1.,0.,0.));
#1914=DIRECTION('',(0.,0.,1.));
#1915=DIRECTION('center_axis',(0.,0.,1.));
#1916=DIRECTION('ref_axis',(1.,0.,0.));
#1917=DIRECTION('center_axis',(0.,0.,1.));
#1918=DIRECTION('ref_axis',(1.,0.,0.));
#1919=DIRECTION('',(0.,0.,-1.));
#1920=DIRECTION('center_axis',(0.,0.,-1.));
#1921=DIRECTION('ref_axis',(1.,0.,0.));
#1922=DIRECTION('center_axis',(0.,0.,1.));
#1923=DIRECTION('ref_axis',(1.,0.,0.));
#1924=DIRECTION('center_axis',(0.,0.,-1.));
#1925=DIRECTION('ref_axis',(1.,0.,0.));
#1926=DIRECTION('',(0.,0.,-1.));
#1927=DIRECTION('center_axis',(0.,0.,1.));
#1928=DIRECTION('ref_axis',(1.,0.,0.));
#1929=DIRECTION('center_axis',(0.,-1.,0.));
#1930=DIRECTION('ref_axis',(1.,0.,0.));
#1931=DIRECTION('',(0.,0.,-1.));
#1932=DIRECTION('',(1.,0.,0.));
#1933=DIRECTION('',(0.,0.,1.));
#1934=DIRECTION('center_axis',(0.,0.,1.));
#1935=DIRECTION('ref_axis',(1.,0.,0.));
#1936=DIRECTION('',(0.,-1.,0.));
#1937=DIRECTION('',(1.,-3.90700048255894E-17,0.));
#1938=DIRECTION('',(0.,-1.,0.));
#1939=DIRECTION('center_axis',(-3.90700048255894E-17,-1.,0.));
#1940=DIRECTION('ref_axis',(1.,-3.90700048255894E-17,0.));
#1941=DIRECTION('',(0.,0.,1.));
#1942=DIRECTION('',(0.,0.,1.));
#1943=DIRECTION('center_axis',(0.,0.,1.));
#1944=DIRECTION('ref_axis',(1.,0.,0.));
#1945=DIRECTION('',(0.,-1.,0.));
#1946=DIRECTION('',(1.,0.,0.));
#1947=DIRECTION('',(-1.,0.,0.));
#1948=DIRECTION('',(1.,0.,0.));
#1949=DIRECTION('center_axis',(0.,0.,1.));
#1950=DIRECTION('ref_axis',(1.,0.,0.));
#1951=DIRECTION('',(-1.,-2.92163953848725E-16,0.));
#1952=DIRECTION('',(0.,1.,0.));
#1953=DIRECTION('center_axis',(1.,0.,0.));
#1954=DIRECTION('ref_axis',(0.,1.,0.));
#1955=DIRECTION('',(0.,0.,1.));
#1956=DIRECTION('center_axis',(-2.92163953848725E-16,1.,0.));
#1957=DIRECTION('ref_axis',(-1.,-2.92163953848725E-16,0.));
#1958=DIRECTION('center_axis',(0.,-1.,0.));
#1959=DIRECTION('ref_axis',(1.,0.,0.));
#1960=DIRECTION('center_axis',(0.,1.,0.));
#1961=DIRECTION('ref_axis',(-1.,0.,0.));
#1962=DIRECTION('',(0.,0.,1.));
#1963=DIRECTION('center_axis',(0.,0.,1.));
#1964=DIRECTION('ref_axis',(1.,0.,0.));
#1965=DIRECTION('center_axis',(0.,0.,1.));
#1966=DIRECTION('ref_axis',(1.,0.,0.));
#1967=DIRECTION('',(0.,0.,-1.));
#1968=DIRECTION('center_axis',(0.,0.,-1.));
#1969=DIRECTION('ref_axis',(1.,0.,0.));
#1970=DIRECTION('center_axis',(0.,0.,1.));
#1971=DIRECTION('ref_axis',(1.,0.,0.));
#1972=DIRECTION('center_axis',(0.,0.,1.));
#1973=DIRECTION('ref_axis',(1.,0.,0.));
#1974=DIRECTION('center_axis',(0.,0.,1.));
#1975=DIRECTION('ref_axis',(1.,0.,0.));
#1976=DIRECTION('',(0.,0.,-1.));
#1977=DIRECTION('center_axis',(0.,0.,-1.));
#1978=DIRECTION('ref_axis',(1.,0.,0.));
#1979=DIRECTION('center_axis',(0.,0.,1.));
#1980=DIRECTION('ref_axis',(1.,0.,0.));
#1981=DIRECTION('center_axis',(0.,0.,1.));
#1982=DIRECTION('ref_axis',(1.,0.,0.));
#1983=DIRECTION('center_axis',(0.,0.,-1.));
#1984=DIRECTION('ref_axis',(1.,0.,0.));
#1985=DIRECTION('',(0.,0.,-1.));
#1986=DIRECTION('center_axis',(0.,0.,1.));
#1987=DIRECTION('ref_axis',(1.,0.,0.));
#1988=DIRECTION('center_axis',(0.,0.,-1.));
#1989=DIRECTION('ref_axis',(1.,0.,0.));
#1990=DIRECTION('',(0.,0.,-1.));
#1991=DIRECTION('center_axis',(1.,0.,0.));
#1992=DIRECTION('ref_axis',(0.,1.,0.));
#1993=DIRECTION('',(0.,1.,0.));
#1994=DIRECTION('',(0.,0.,1.));
#1995=DIRECTION('center_axis',(-1.,0.,0.));
#1996=DIRECTION('ref_axis',(0.,-1.,0.));
#1997=DIRECTION('',(0.,0.,1.));
#1998=DIRECTION('',(0.,-1.,0.));
#1999=DIRECTION('',(0.,0.,1.));
#2000=DIRECTION('center_axis',(0.,0.,1.));
#2001=DIRECTION('ref_axis',(1.,0.,0.));
#2002=DIRECTION('',(1.,0.,0.));
#2003=DIRECTION('center_axis',(0.,0.,1.));
#2004=DIRECTION('ref_axis',(1.,0.,0.));
#2005=DIRECTION('center_axis',(0.,0.,1.));
#2006=DIRECTION('ref_axis',(1.,0.,0.));
#2007=DIRECTION('',(0.,0.,-1.));
#2008=DIRECTION('center_axis',(0.,0.,1.));
#2009=DIRECTION('ref_axis',(1.,0.,0.));
#2010=DIRECTION('center_axis',(0.,0.,-1.));
#2011=DIRECTION('ref_axis',(1.,0.,0.));
#2012=DIRECTION('',(0.,0.,-1.));
#2013=DIRECTION('center_axis',(0.,0.,1.));
#2014=DIRECTION('ref_axis',(1.,0.,0.));
#2015=DIRECTION('center_axis',(0.,0.,1.));
#2016=DIRECTION('ref_axis',(1.,0.,0.));
#2017=DIRECTION('center_axis',(0.,0.,1.));
#2018=DIRECTION('ref_axis',(1.,0.,0.));
#2019=DIRECTION('',(0.,0.,-1.));
#2020=DIRECTION('center_axis',(0.,0.,1.));
#2021=DIRECTION('ref_axis',(1.,0.,0.));
#2022=DIRECTION('center_axis',(0.,0.,1.));
#2023=DIRECTION('ref_axis',(1.,0.,0.));
#2024=DIRECTION('center_axis',(0.,0.,1.));
#2025=DIRECTION('ref_axis',(1.,0.,0.));
#2026=DIRECTION('',(0.,0.,-1.));
#2027=DIRECTION('center_axis',(0.,0.,1.));
#2028=DIRECTION('ref_axis',(1.,0.,0.));
#2029=DIRECTION('center_axis',(0.,0.,-1.));
#2030=DIRECTION('ref_axis',(1.,0.,0.));
#2031=DIRECTION('',(0.,0.,-1.));
#2032=DIRECTION('center_axis',(0.,0.,1.));
#2033=DIRECTION('ref_axis',(1.,0.,0.));
#2034=DIRECTION('center_axis',(0.,0.,1.));
#2035=DIRECTION('ref_axis',(1.,0.,0.));
#2036=DIRECTION('center_axis',(0.,0.,1.));
#2037=DIRECTION('ref_axis',(1.,0.,0.));
#2038=DIRECTION('',(0.,0.,-1.));
#2039=DIRECTION('center_axis',(0.,0.,1.));
#2040=DIRECTION('ref_axis',(1.,0.,0.));
#2041=DIRECTION('center_axis',(0.,0.,-1.));
#2042=DIRECTION('ref_axis',(1.,0.,0.));
#2043=DIRECTION('',(0.,0.,-1.));
#2044=DIRECTION('center_axis',(0.,0.,1.));
#2045=DIRECTION('ref_axis',(1.,0.,0.));
#2046=DIRECTION('center_axis',(0.,1.,0.));
#2047=DIRECTION('ref_axis',(-1.,0.,0.));
#2048=DIRECTION('',(0.,0.,1.));
#2049=DIRECTION('center_axis',(0.,-1.,0.));
#2050=DIRECTION('ref_axis',(1.,0.,0.));
#2051=DIRECTION('center_axis',(-1.,0.,0.));
#2052=DIRECTION('ref_axis',(0.,-1.,0.));
#2053=DIRECTION('center_axis',(-1.,2.089831575765E-15,0.));
#2054=DIRECTION('ref_axis',(-2.089831575765E-15,-1.,0.));
#2055=DIRECTION('',(0.,0.,1.));
#2056=DIRECTION('',(1.,0.,0.));
#2057=CARTESIAN_POINT('',(0.,0.,0.));
#2058=CARTESIAN_POINT('',(0.,0.,0.));
#2059=CARTESIAN_POINT('Origin',(143.515,-70.8,2.4));
#2060=CARTESIAN_POINT('',(144.615,-70.8,3.6));
#2061=CARTESIAN_POINT('Origin',(143.515,-70.8,3.6));
#2062=CARTESIAN_POINT('',(144.615,-70.8,0.876291944954101));
#2063=CARTESIAN_POINT('',(144.615,-70.8,2.4));
#2064=CARTESIAN_POINT('Origin',(143.515,-70.8,0.780054415075591));
#2065=CARTESIAN_POINT('Origin',(143.515,-70.8,2.4));
#2066=CARTESIAN_POINT('',(145.815,-70.8,3.6));
#2067=CARTESIAN_POINT('Origin',(143.515,-70.8,3.6));
#2068=CARTESIAN_POINT('',(145.815,-70.8,2.4));
#2069=CARTESIAN_POINT('',(145.815,-70.8,2.4));
#2070=CARTESIAN_POINT('Origin',(143.515,-70.8,2.4));
#2071=CARTESIAN_POINT('Origin',(143.515,-70.8,3.6));
#2072=CARTESIAN_POINT('Origin',(127.4075,-2.485,2.4));
#2073=CARTESIAN_POINT('',(140.515,-73.8,2.4));
#2074=CARTESIAN_POINT('',(146.515,-73.8,2.4));
#2075=CARTESIAN_POINT('',(133.96125,-73.8,2.4));
#2076=CARTESIAN_POINT('',(146.515,-4.07999999999998,2.4));
#2077=CARTESIAN_POINT('',(146.515,40.18,2.4));
#2078=CARTESIAN_POINT('',(130.515,-4.08,2.4));
#2079=CARTESIAN_POINT('',(136.96125,-4.07999999999999,2.4));
#2080=CARTESIAN_POINT('',(130.515,34.2,2.4));
#2081=CARTESIAN_POINT('',(130.515,-3.2825,2.4));
#2082=CARTESIAN_POINT('',(146.515,34.2,2.4));
#2083=CARTESIAN_POINT('',(128.96125,34.2,2.4));
#2084=CARTESIAN_POINT('',(146.515,40.18,2.4));
#2085=CARTESIAN_POINT('',(146.515,40.18,2.4));
#2086=CARTESIAN_POINT('',(114.915,40.18,2.4));
#2087=CARTESIAN_POINT('',(114.915,40.18,2.4));
#2088=CARTESIAN_POINT('',(114.915,53.555,2.4));
#2089=CARTESIAN_POINT('',(114.915,72.98,2.4));
#2090=CARTESIAN_POINT('',(116.115,53.555,2.4));
#2091=CARTESIAN_POINT('',(0.,53.555,2.4));
#2092=CARTESIAN_POINT('',(116.115,59.605,2.4));
#2093=CARTESIAN_POINT('',(116.115,47.4675,2.4));
#2094=CARTESIAN_POINT('',(114.915,59.605,2.4));
#2095=CARTESIAN_POINT('',(0.,59.605,2.4));
#2096=CARTESIAN_POINT('',(114.915,72.98,2.4));
#2097=CARTESIAN_POINT('',(114.915,72.98,2.4));
#2098=CARTESIAN_POINT('',(116.615,72.98,2.4));
#2099=CARTESIAN_POINT('',(146.515,72.98,2.4));
#2100=CARTESIAN_POINT('',(116.615,77.83,2.4));
#2101=CARTESIAN_POINT('',(116.615,72.98,2.4));
#2102=CARTESIAN_POINT('',(108.3,77.83,2.4));
#2103=CARTESIAN_POINT('',(116.615,77.83,2.4));
#2104=CARTESIAN_POINT('',(108.3,-29.,2.4));
#2105=CARTESIAN_POINT('',(108.3,69.33,2.4));
#2106=CARTESIAN_POINT('',(116.515,-29.,2.4));
#2107=CARTESIAN_POINT('',(116.515,-29.,2.4));
#2108=CARTESIAN_POINT('',(116.515,-66.05,2.4));
#2109=CARTESIAN_POINT('',(116.515,-82.8,2.4));
#2110=CARTESIAN_POINT('',(140.515,-66.05,2.4));
#2111=CARTESIAN_POINT('',(121.96125,-66.05,2.4));
#2112=CARTESIAN_POINT('',(140.515,-34.2675,2.4));
#2113=CARTESIAN_POINT('',(121.815,-34.8,2.4));
#2114=CARTESIAN_POINT('Origin',(119.515,-34.8,2.4));
#2115=CARTESIAN_POINT('',(110.,67.,2.4));
#2116=CARTESIAN_POINT('Origin',(111.,67.,2.4));
#2117=CARTESIAN_POINT('',(108.6,71.85,2.4));
#2118=CARTESIAN_POINT('Origin',(110.5,71.85,2.4));
#2119=CARTESIAN_POINT('',(134.6,-15.08,2.4));
#2120=CARTESIAN_POINT('Origin',(138.65,-15.08,2.4));
#2121=CARTESIAN_POINT('',(109.1,4.15,2.4));
#2122=CARTESIAN_POINT('Origin',(111.,4.15,2.4));
#2123=CARTESIAN_POINT('',(145.815,37.2,2.4));
#2124=CARTESIAN_POINT('Origin',(143.515,37.2,2.4));
#2125=CARTESIAN_POINT('Origin',(119.515,-34.8,2.4));
#2126=CARTESIAN_POINT('',(120.615,-34.8,3.6));
#2127=CARTESIAN_POINT('Origin',(119.515,-34.8,3.6));
#2128=CARTESIAN_POINT('',(120.615,-34.8,0.));
#2129=CARTESIAN_POINT('',(120.615,-34.8,2.4));
#2130=CARTESIAN_POINT('Origin',(119.515,-34.8,0.));
#2131=CARTESIAN_POINT('Origin',(119.515,-34.8,2.4));
#2132=CARTESIAN_POINT('',(121.815,-34.8,3.6));
#2133=CARTESIAN_POINT('Origin',(119.515,-34.8,3.6));
#2134=CARTESIAN_POINT('',(121.815,-34.8,2.4));
#2135=CARTESIAN_POINT('Origin',(119.515,-34.8,3.6));
#2136=CARTESIAN_POINT('Origin',(143.515,37.2,2.4));
#2137=CARTESIAN_POINT('',(144.615,37.2,3.6));
#2138=CARTESIAN_POINT('Origin',(143.515,37.2,3.6));
#2139=CARTESIAN_POINT('',(144.615,37.2,0.876291944954101));
#2140=CARTESIAN_POINT('',(144.615,37.2,2.4));
#2141=CARTESIAN_POINT('Origin',(143.515,37.2,0.780054415075591));
#2142=CARTESIAN_POINT('Origin',(143.515,37.2,2.4));
#2143=CARTESIAN_POINT('',(145.815,37.2,3.6));
#2144=CARTESIAN_POINT('Origin',(143.515,37.2,3.6));
#2145=CARTESIAN_POINT('',(145.815,37.2,2.4));
#2146=CARTESIAN_POINT('Origin',(143.515,37.2,3.6));
#2147=CARTESIAN_POINT('Origin',(116.515,-66.05,2.4));
#2148=CARTESIAN_POINT('',(140.515,-66.05,0.517588424497833));
#2149=CARTESIAN_POINT('',(134.598937236686,-66.05,6.93889390390723E-17));
#2150=CARTESIAN_POINT('',(122.515244501524,-66.05,-1.05718612785719));
#2151=CARTESIAN_POINT('',(140.515,-66.05,2.4));
#2152=CARTESIAN_POINT('',(116.515,-66.05,0.));
#2153=CARTESIAN_POINT('',(116.515,-66.05,1.2));
#2154=CARTESIAN_POINT('',(121.96125,-66.05,0.));
#2155=CARTESIAN_POINT('Origin',(140.515,-66.05,2.4));
#2156=CARTESIAN_POINT('',(140.515,-73.8,0.517588424497835));
#2157=CARTESIAN_POINT('',(140.515,-31.23,0.517588424497825));
#2158=CARTESIAN_POINT('',(140.515,-73.8,2.4));
#2159=CARTESIAN_POINT('Origin',(140.515,-73.8,2.4));
#2160=CARTESIAN_POINT('',(146.515,-73.8,1.04252040565335));
#2161=CARTESIAN_POINT('',(134.424091019597,-73.8,-0.015297061855663));
#2162=CARTESIAN_POINT('',(146.515,-73.8,1.2));
#2163=CARTESIAN_POINT('Origin',(130.515,-4.08,2.4));
#2164=CARTESIAN_POINT('',(130.515,34.2,0.));
#2165=CARTESIAN_POINT('',(130.515,-4.08,0.));
#2166=CARTESIAN_POINT('',(130.515,-3.2825,0.));
#2167=CARTESIAN_POINT('',(130.515,34.2,2.4));
#2168=CARTESIAN_POINT('',(130.515,-4.08,2.4));
#2169=CARTESIAN_POINT('Origin',(146.515,-4.07999999999998,2.4));
#2170=CARTESIAN_POINT('',(134.598937236686,-4.07999999999999,6.93889390390723E-17));
#2171=CARTESIAN_POINT('',(136.96125,-4.07999999999999,0.));
#2172=CARTESIAN_POINT('',(146.515,-4.07999999999998,1.04252040565335));
#2173=CARTESIAN_POINT('',(146.515,-4.07999999999999,1.2));
#2174=CARTESIAN_POINT('',(137.401302649115,-4.07999999999999,0.245175204644718));
#2175=CARTESIAN_POINT('Origin',(130.515,34.2,2.4));
#2176=CARTESIAN_POINT('',(134.598937236686,34.2,6.93889390390723E-17));
#2177=CARTESIAN_POINT('',(128.96125,34.2,0.));
#2178=CARTESIAN_POINT('',(146.515,34.2,1.04252040565335));
#2179=CARTESIAN_POINT('',(129.462071637066,34.2,-0.449417506022965));
#2180=CARTESIAN_POINT('',(146.515,34.2,1.2));
#2181=CARTESIAN_POINT('Origin',(127.4075,-2.485,0.));
#2182=CARTESIAN_POINT('',(116.515,-49.9500000000016,0.));
#2183=CARTESIAN_POINT('',(116.515,-82.8,0.));
#2184=CARTESIAN_POINT('',(108.3,-49.9500000000016,0.));
#2185=CARTESIAN_POINT('',(116.515,-49.9500000000016,0.));
#2186=CARTESIAN_POINT('',(108.3,77.83,0.));
#2187=CARTESIAN_POINT('',(108.3,69.33,0.));
#2188=CARTESIAN_POINT('',(116.615,77.83,0.));
#2189=CARTESIAN_POINT('',(116.615,77.83,0.));
#2190=CARTESIAN_POINT('',(116.615,79.38,0.));
#2191=CARTESIAN_POINT('',(116.615,72.98,0.));
#2192=CARTESIAN_POINT('',(134.598937236686,79.38,0.));
#2193=CARTESIAN_POINT('',(116.615,79.38,0.));
#2194=CARTESIAN_POINT('',(134.598937236686,71.78,0.));
#2195=CARTESIAN_POINT('',(134.598937236686,0.552499999999987,6.93889390390723E-17));
#2196=CARTESIAN_POINT('',(116.115,71.78,0.));
#2197=CARTESIAN_POINT('',(146.515,71.78,0.));
#2198=CARTESIAN_POINT('',(116.115,41.38,0.));
#2199=CARTESIAN_POINT('',(116.115,71.78,0.));
#2200=CARTESIAN_POINT('',(134.598937236686,41.38,0.));
#2201=CARTESIAN_POINT('',(116.115,41.38,0.));
#2202=CARTESIAN_POINT('',(134.598937236686,0.552499999999987,6.93889390390723E-17));
#2203=CARTESIAN_POINT('',(134.598937236686,0.552499999999987,6.93889390390723E-17));
#2204=CARTESIAN_POINT('',(109.9,4.15,0.));
#2205=CARTESIAN_POINT('Origin',(111.,4.15,0.));
#2206=CARTESIAN_POINT('',(109.4,71.85,0.));
#2207=CARTESIAN_POINT('Origin',(110.5,71.85,0.));
#2208=CARTESIAN_POINT('',(118.165,76.18,0.));
#2209=CARTESIAN_POINT('Origin',(119.815,76.18,0.));
#2210=CARTESIAN_POINT('',(110.35,-45.9000000000016,0.));
#2211=CARTESIAN_POINT('Origin',(112.,-45.9000000000016,0.));
#2212=CARTESIAN_POINT('Origin',(146.515,71.78,0.));
#2213=CARTESIAN_POINT('',(146.515,41.38,1.04252040565335));
#2214=CARTESIAN_POINT('',(146.515,37.685,1.04252040565335));
#2215=CARTESIAN_POINT('',(146.515,41.38,7.4));
#2216=CARTESIAN_POINT('',(146.515,41.38,0.));
#2217=CARTESIAN_POINT('',(146.515,71.78,7.4));
#2218=CARTESIAN_POINT('',(146.515,52.63,7.4));
#2219=CARTESIAN_POINT('',(146.515,71.78,1.04252040565335));
#2220=CARTESIAN_POINT('',(146.515,71.78,0.));
#2221=CARTESIAN_POINT('',(146.515,89.98,1.04252040565335));
#2222=CARTESIAN_POINT('',(146.515,37.685,1.04252040565335));
#2223=CARTESIAN_POINT('',(146.515,89.98,8.6));
#2224=CARTESIAN_POINT('',(146.515,89.98,0.));
#2225=CARTESIAN_POINT('',(146.515,40.18,8.6));
#2226=CARTESIAN_POINT('',(146.515,52.63,8.6));
#2227=CARTESIAN_POINT('',(146.515,40.18,0.));
#2228=CARTESIAN_POINT('Origin',(128.169743369341,3.58999999999997,-0.562481579003011));
#2229=CARTESIAN_POINT('',(137.297113742515,41.38,0.236059856452044));
#2230=CARTESIAN_POINT('Origin',(128.169743369341,3.58999999999997,-0.562481579003011));
#2231=CARTESIAN_POINT('',(146.515,37.685,1.04252040565335));
#2232=CARTESIAN_POINT('',(137.,-15.08,0.210065772204222));
#2233=CARTESIAN_POINT('Origin',(138.65,-15.08,0.354422067021988));
#2234=CARTESIAN_POINT('Origin',(128.169743369341,3.58999999999997,-0.562481579003011));
#2235=CARTESIAN_POINT('',(135.515,89.98,0.0801451068682399));
#2236=CARTESIAN_POINT('',(135.515,79.38,0.0801451068682399));
#2237=CARTESIAN_POINT('',(135.515,46.785,0.0801451068682401));
#2238=CARTESIAN_POINT('',(137.297113742515,89.98,0.236059856452044));
#2239=CARTESIAN_POINT('',(122.212574819622,71.78,-1.08366629381655));
#2240=CARTESIAN_POINT('',(135.237875698765,79.38,0.0558998721226139));
#2241=CARTESIAN_POINT('',(137.665,76.18,0.268245733448966));
#2242=CARTESIAN_POINT('Origin',(139.315,76.18,0.412602028266731));
#2243=CARTESIAN_POINT('Origin',(116.115,71.78,0.));
#2244=CARTESIAN_POINT('',(116.115,71.78,7.4));
#2245=CARTESIAN_POINT('',(146.515,71.78,7.4));
#2246=CARTESIAN_POINT('',(116.115,71.78,0.));
#2247=CARTESIAN_POINT('',(131.515,71.78,4.5));
#2248=CARTESIAN_POINT('',(141.515,71.78,4.5));
#2249=CARTESIAN_POINT('',(128.815,71.78,4.5));
#2250=CARTESIAN_POINT('',(141.515,71.78,3.7));
#2251=CARTESIAN_POINT('',(141.515,71.78,2.05));
#2252=CARTESIAN_POINT('',(131.515,71.78,3.7));
#2253=CARTESIAN_POINT('',(128.815,71.78,3.7));
#2254=CARTESIAN_POINT('',(131.515,71.78,2.05));
#2255=CARTESIAN_POINT('Origin',(146.515,89.98,0.));
#2256=CARTESIAN_POINT('',(135.515,89.98,13.1));
#2257=CARTESIAN_POINT('',(135.515,89.98,0.));
#2258=CARTESIAN_POINT('',(142.365,89.98,13.1));
#2259=CARTESIAN_POINT('',(146.515,89.98,13.1));
#2260=CARTESIAN_POINT('',(142.365,89.98,8.6));
#2261=CARTESIAN_POINT('',(142.365,89.98,0.));
#2262=CARTESIAN_POINT('',(138.615,89.98,8.6));
#2263=CARTESIAN_POINT('Origin',(146.515,71.78,0.));
#2264=CARTESIAN_POINT('Origin',(141.515,41.98,4.3));
#2265=CARTESIAN_POINT('',(141.515,41.98,4.3));
#2266=CARTESIAN_POINT('',(141.515,41.38,3.7));
#2267=CARTESIAN_POINT('',(141.515,42.18,4.5));
#2268=CARTESIAN_POINT('',(131.515,41.38,3.7));
#2269=CARTESIAN_POINT('',(144.015,41.38,3.70000000000001));
#2270=CARTESIAN_POINT('',(131.515,41.98,4.3));
#2271=CARTESIAN_POINT('',(131.515,42.18,4.5));
#2272=CARTESIAN_POINT('',(141.515,41.98,4.3));
#2273=CARTESIAN_POINT('Origin',(141.515,41.98,4.5));
#2274=CARTESIAN_POINT('',(141.515,41.98,4.5));
#2275=CARTESIAN_POINT('',(141.515,41.98,4.5));
#2276=CARTESIAN_POINT('',(131.515,41.98,4.5));
#2277=CARTESIAN_POINT('',(131.515,41.98,4.5));
#2278=CARTESIAN_POINT('',(141.515,41.98,4.5));
#2279=CARTESIAN_POINT('Origin',(141.515,41.38,4.5));
#2280=CARTESIAN_POINT('',(141.515,41.38,4.5));
#2281=CARTESIAN_POINT('',(141.515,41.38,4.5));
#2282=CARTESIAN_POINT('',(131.515,41.38,4.5));
#2283=CARTESIAN_POINT('',(131.515,41.38,4.5));
#2284=CARTESIAN_POINT('',(144.015,41.38,4.5));
#2285=CARTESIAN_POINT('Origin',(141.515,41.68,4.1));
#2286=CARTESIAN_POINT('',(141.515,41.38,2.05));
#2287=CARTESIAN_POINT('Origin',(131.515,41.68,4.1));
#2288=CARTESIAN_POINT('',(131.515,41.38,2.05));
#2289=CARTESIAN_POINT('Origin',(141.515,71.18,4.3));
#2290=CARTESIAN_POINT('',(141.515,71.18,4.5));
#2291=CARTESIAN_POINT('',(141.515,71.18,4.3));
#2292=CARTESIAN_POINT('',(141.515,71.18,4.5));
#2293=CARTESIAN_POINT('',(131.515,71.18,4.5));
#2294=CARTESIAN_POINT('',(141.515,71.18,4.5));
#2295=CARTESIAN_POINT('',(131.515,71.18,4.3));
#2296=CARTESIAN_POINT('',(131.515,71.18,4.5));
#2297=CARTESIAN_POINT('',(141.515,71.18,4.3));
#2298=CARTESIAN_POINT('Origin',(141.515,71.78,3.7));
#2299=CARTESIAN_POINT('',(141.515,70.98,4.5));
#2300=CARTESIAN_POINT('',(131.515,70.98,4.5));
#2301=CARTESIAN_POINT('Origin',(141.515,71.18,4.5));
#2302=CARTESIAN_POINT('',(141.515,71.78,4.5));
#2303=CARTESIAN_POINT('',(131.515,71.78,4.5));
#2304=CARTESIAN_POINT('Origin',(141.515,71.48,4.1));
#2305=CARTESIAN_POINT('Origin',(131.515,71.48,4.1));
#2306=CARTESIAN_POINT('Origin',(0.,59.605,5.55));
#2307=CARTESIAN_POINT('',(114.915,59.605,5.55));
#2308=CARTESIAN_POINT('',(114.915,53.555,5.55));
#2309=CARTESIAN_POINT('',(114.915,66.2925,5.55));
#2310=CARTESIAN_POINT('',(116.115,59.605,5.55));
#2311=CARTESIAN_POINT('',(0.,59.605,5.55));
#2312=CARTESIAN_POINT('',(116.115,53.555,5.55));
#2313=CARTESIAN_POINT('',(116.115,50.4925,5.55));
#2314=CARTESIAN_POINT('',(0.,53.555,5.55));
#2315=CARTESIAN_POINT('Origin',(0.,53.555,4.05));
#2316=CARTESIAN_POINT('',(114.915,52.055,4.05));
#2317=CARTESIAN_POINT('Origin',(114.915,53.555,4.05));
#2318=CARTESIAN_POINT('',(116.115,52.055,4.05));
#2319=CARTESIAN_POINT('Origin',(116.115,53.555,4.05));
#2320=CARTESIAN_POINT('',(0.,52.055,4.05));
#2321=CARTESIAN_POINT('Origin',(0.,52.055,4.05));
#2322=CARTESIAN_POINT('',(114.915,52.055,3.9));
#2323=CARTESIAN_POINT('',(114.915,52.055,2.025));
#2324=CARTESIAN_POINT('',(116.115,52.055,3.9));
#2325=CARTESIAN_POINT('',(116.115,52.055,2.025));
#2326=CARTESIAN_POINT('',(0.,52.055,3.9));
#2327=CARTESIAN_POINT('Origin',(0.,53.555,3.9));
#2328=CARTESIAN_POINT('Origin',(114.915,53.555,3.9));
#2329=CARTESIAN_POINT('Origin',(116.115,53.555,3.9));
#2330=CARTESIAN_POINT('Origin',(0.,59.605,4.04999999999999));
#2331=CARTESIAN_POINT('',(114.915,61.105,4.04999999999999));
#2332=CARTESIAN_POINT('Origin',(114.915,59.605,4.04999999999999));
#2333=CARTESIAN_POINT('',(116.115,61.105,4.04999999999999));
#2334=CARTESIAN_POINT('',(0.,61.105,4.04999999999999));
#2335=CARTESIAN_POINT('Origin',(116.115,59.605,4.04999999999999));
#2336=CARTESIAN_POINT('Origin',(0.,61.105,3.9));
#2337=CARTESIAN_POINT('',(114.915,61.105,3.9));
#2338=CARTESIAN_POINT('',(114.915,61.105,1.95));
#2339=CARTESIAN_POINT('',(116.115,61.105,3.9));
#2340=CARTESIAN_POINT('',(0.,61.105,3.9));
#2341=CARTESIAN_POINT('',(116.115,61.105,1.95));
#2342=CARTESIAN_POINT('Origin',(0.,59.605,3.9));
#2343=CARTESIAN_POINT('Origin',(114.915,59.605,3.9));
#2344=CARTESIAN_POINT('Origin',(116.115,59.605,3.9));
#2345=CARTESIAN_POINT('Origin',(114.915,72.98,0.));
#2346=CARTESIAN_POINT('',(114.915,40.18,8.6));
#2347=CARTESIAN_POINT('',(114.915,40.18,0.));
#2348=CARTESIAN_POINT('',(114.915,72.98,8.6));
#2349=CARTESIAN_POINT('',(114.915,69.03,8.6));
#2350=CARTESIAN_POINT('',(114.915,72.98,0.));
#2351=CARTESIAN_POINT('Origin',(135.515,89.98,0.));
#2352=CARTESIAN_POINT('',(135.515,79.38,13.1));
#2353=CARTESIAN_POINT('',(135.515,79.38,0.));
#2354=CARTESIAN_POINT('',(135.515,89.98,13.1));
#2355=CARTESIAN_POINT('Origin',(138.94,84.68,13.1));
#2356=CARTESIAN_POINT('',(142.365,79.38,13.1));
#2357=CARTESIAN_POINT('',(142.365,79.38,13.1));
#2358=CARTESIAN_POINT('',(140.6525,79.38,13.1));
#2359=CARTESIAN_POINT('Origin',(142.365,79.38,0.));
#2360=CARTESIAN_POINT('',(116.615,79.38,15.1));
#2361=CARTESIAN_POINT('',(116.615,79.38,0.));
#2362=CARTESIAN_POINT('',(142.365,79.38,15.1));
#2363=CARTESIAN_POINT('',(116.615,79.38,15.1));
#2364=CARTESIAN_POINT('',(142.365,79.38,0.));
#2365=CARTESIAN_POINT('Origin',(112.,-45.9000000000016,0.));
#2366=CARTESIAN_POINT('',(109.15,-45.9000000000016,4.6));
#2367=CARTESIAN_POINT('Origin',(112.,-45.9000000000016,4.6));
#2368=CARTESIAN_POINT('',(109.15,-45.9000000000016,1.2));
#2369=CARTESIAN_POINT('',(109.15,-45.9000000000016,0.));
#2370=CARTESIAN_POINT('Origin',(112.,-45.9000000000016,1.2));
#2371=CARTESIAN_POINT('Origin',(112.,-45.9000000000016,0.));
#2372=CARTESIAN_POINT('',(110.35,-45.9000000000016,4.6));
#2373=CARTESIAN_POINT('Origin',(112.,-45.9000000000016,4.6));
#2374=CARTESIAN_POINT('',(110.35,-45.9000000000016,0.));
#2375=CARTESIAN_POINT('Origin',(112.,-45.9000000000016,4.6));
#2376=CARTESIAN_POINT('Origin',(108.3,-49.9500000000016,0.));
#2377=CARTESIAN_POINT('',(116.515,-49.9500000000016,1.2));
#2378=CARTESIAN_POINT('',(116.515,-49.9500000000016,0.));
#2379=CARTESIAN_POINT('',(108.3,-49.9500000000016,1.2));
#2380=CARTESIAN_POINT('',(116.515,-49.9500000000016,1.2));
#2381=CARTESIAN_POINT('',(108.3,-49.9500000000016,0.));
#2382=CARTESIAN_POINT('Origin',(112.4075,-39.4750000000008,1.2));
#2383=CARTESIAN_POINT('',(116.515,-29.,1.2));
#2384=CARTESIAN_POINT('',(116.515,-34.2375000000004,1.2));
#2385=CARTESIAN_POINT('',(108.3,-29.,1.2));
#2386=CARTESIAN_POINT('',(110.35375,-29.,1.2));
#2387=CARTESIAN_POINT('',(108.3,-36.8999999999997,1.2));
#2388=CARTESIAN_POINT('Origin',(108.3,-29.,0.));
#2389=CARTESIAN_POINT('',(116.515,-29.,0.));
#2390=CARTESIAN_POINT('',(108.3,-29.,0.));
#2391=CARTESIAN_POINT('Origin',(130.715,65.08,8.6));
#2392=CARTESIAN_POINT('',(142.365,72.98,8.6));
#2393=CARTESIAN_POINT('',(142.365,77.53,8.6));
#2394=CARTESIAN_POINT('',(116.615,72.98,8.6));
#2395=CARTESIAN_POINT('',(122.815,72.98,8.6));
#2396=CARTESIAN_POINT('',(136.54,72.98,8.6));
#2397=CARTESIAN_POINT('',(122.815,40.18,8.6));
#2398=CARTESIAN_POINT('Origin',(130.715,65.08,7.4));
#2399=CARTESIAN_POINT('',(116.115,41.38,7.4));
#2400=CARTESIAN_POINT('',(116.115,41.38,7.4));
#2401=CARTESIAN_POINT('',(116.115,71.78,7.4));
#2402=CARTESIAN_POINT('Origin',(116.115,41.38,0.));
#2403=CARTESIAN_POINT('',(116.115,41.38,0.));
#2404=CARTESIAN_POINT('Origin',(146.515,41.38,0.));
#2405=CARTESIAN_POINT('Origin',(114.915,40.18,0.));
#2406=CARTESIAN_POINT('Origin',(142.365,72.98,0.));
#2407=CARTESIAN_POINT('',(116.615,72.98,0.));
#2408=CARTESIAN_POINT('Origin',(125.315,76.18,15.1));
#2409=CARTESIAN_POINT('',(124.315,76.18,16.3));
#2410=CARTESIAN_POINT('Origin',(125.315,76.18,16.3));
#2411=CARTESIAN_POINT('',(124.315,76.18,15.1));
#2412=CARTESIAN_POINT('',(124.315,76.18,15.1));
#2413=CARTESIAN_POINT('Origin',(125.315,76.18,15.1));
#2414=CARTESIAN_POINT('Origin',(129.565,76.18,16.3));
#2415=CARTESIAN_POINT('Origin',(133.815,76.18,15.1));
#2416=CARTESIAN_POINT('',(132.815,76.18,16.3));
#2417=CARTESIAN_POINT('Origin',(133.815,76.18,16.3));
#2418=CARTESIAN_POINT('',(132.815,76.18,15.1));
#2419=CARTESIAN_POINT('',(132.815,76.18,15.1));
#2420=CARTESIAN_POINT('Origin',(133.815,76.18,15.1));
#2421=CARTESIAN_POINT('Origin',(129.565,76.18,16.3));
#2422=CARTESIAN_POINT('Origin',(119.815,76.18,0.));
#2423=CARTESIAN_POINT('',(118.165,76.18,15.1));
#2424=CARTESIAN_POINT('Origin',(119.815,76.18,15.1));
#2425=CARTESIAN_POINT('',(118.165,76.18,0.));
#2426=CARTESIAN_POINT('Origin',(139.315,76.18,0.));
#2427=CARTESIAN_POINT('',(137.665,76.18,15.1));
#2428=CARTESIAN_POINT('Origin',(139.315,76.18,15.1));
#2429=CARTESIAN_POINT('',(137.665,76.18,0.));
#2430=CARTESIAN_POINT('Origin',(142.365,72.98,0.));
#2431=CARTESIAN_POINT('',(142.365,72.98,15.1));
#2432=CARTESIAN_POINT('',(142.365,79.38,15.1));
#2433=CARTESIAN_POINT('',(142.365,72.98,0.));
#2434=CARTESIAN_POINT('Origin',(116.615,79.38,0.));
#2435=CARTESIAN_POINT('',(116.615,72.98,15.1));
#2436=CARTESIAN_POINT('',(116.615,72.98,0.));
#2437=CARTESIAN_POINT('',(116.615,72.98,15.1));
#2438=CARTESIAN_POINT('',(116.615,77.83,0.));
#2439=CARTESIAN_POINT('Origin',(129.49,76.18,15.1));
#2440=CARTESIAN_POINT('',(146.515,72.98,15.1));
#2441=CARTESIAN_POINT('Origin',(138.65,-15.08,0.));
#2442=CARTESIAN_POINT('',(134.6,-15.08,4.89));
#2443=CARTESIAN_POINT('Origin',(138.65,-15.08,4.89));
#2444=CARTESIAN_POINT('',(134.6,-15.08,0.));
#2445=CARTESIAN_POINT('Origin',(138.65,-15.08,0.));
#2446=CARTESIAN_POINT('',(137.,-15.08,4.89));
#2447=CARTESIAN_POINT('Origin',(138.65,-15.08,4.89));
#2448=CARTESIAN_POINT('',(137.,-15.08,0.));
#2449=CARTESIAN_POINT('Origin',(138.65,-15.08,4.89));
#2450=CARTESIAN_POINT('Origin',(111.,67.,0.));
#2451=CARTESIAN_POINT('',(110.,67.,4.4));
#2452=CARTESIAN_POINT('Origin',(111.,67.,4.4));
#2453=CARTESIAN_POINT('',(110.,67.,0.));
#2454=CARTESIAN_POINT('Origin',(111.,67.,4.4));
#2455=CARTESIAN_POINT('Origin',(110.5,71.85,0.));
#2456=CARTESIAN_POINT('',(108.6,71.85,3.));
#2457=CARTESIAN_POINT('Origin',(110.5,71.85,3.));
#2458=CARTESIAN_POINT('',(108.6,71.85,0.));
#2459=CARTESIAN_POINT('Origin',(110.5,71.85,0.));
#2460=CARTESIAN_POINT('',(109.4,71.85,3.));
#2461=CARTESIAN_POINT('Origin',(110.5,71.85,3.));
#2462=CARTESIAN_POINT('',(109.4,71.85,0.));
#2463=CARTESIAN_POINT('Origin',(110.5,71.85,3.));
#2464=CARTESIAN_POINT('Origin',(111.,4.15,0.));
#2465=CARTESIAN_POINT('',(109.1,4.15,3.));
#2466=CARTESIAN_POINT('Origin',(111.,4.15,3.));
#2467=CARTESIAN_POINT('',(109.1,4.15,0.));
#2468=CARTESIAN_POINT('Origin',(111.,4.15,0.));
#2469=CARTESIAN_POINT('',(109.9,4.15,3.));
#2470=CARTESIAN_POINT('Origin',(111.,4.15,3.));
#2471=CARTESIAN_POINT('',(109.9,4.15,0.));
#2472=CARTESIAN_POINT('Origin',(111.,4.15,3.));
#2473=CARTESIAN_POINT('Origin',(116.615,77.83,0.));
#2474=CARTESIAN_POINT('',(108.3,77.83,0.));
#2475=CARTESIAN_POINT('Origin',(114.915,72.98,0.));
#2476=CARTESIAN_POINT('Origin',(116.515,-29.,0.));
#2477=CARTESIAN_POINT('Origin',(108.3,77.83,0.));
#2478=CARTESIAN_POINT('',(0.,0.,0.));
#2479=UNCERTAINTY_MEASURE_WITH_UNIT(LENGTH_MEASURE(0.01),#2485,
'DISTANCE_ACCURACY_VALUE',
'Maximum model space distance between geometric entities at asserted c
onnectivities');
#2480=UNCERTAINTY_MEASURE_WITH_UNIT(LENGTH_MEASURE(0.01),#2485,
'DISTANCE_ACCURACY_VALUE',
'Maximum model space distance between geometric entities at asserted c
onnectivities');
#2481=UNCERTAINTY_MEASURE_WITH_UNIT(LENGTH_MEASURE(0.01),#2485,
'DISTANCE_ACCURACY_VALUE',
'Maximum model space distance between geometric entities at asserted c
onnectivities');
#2482=(
GEOMETRIC_REPRESENTATION_CONTEXT(3)
GLOBAL_UNCERTAINTY_ASSIGNED_CONTEXT((#2479))
GLOBAL_UNIT_ASSIGNED_CONTEXT((#2485,#2486,#2487))
REPRESENTATION_CONTEXT('','3D')
);
#2483=(
GEOMETRIC_REPRESENTATION_CONTEXT(3)
GLOBAL_UNCERTAINTY_ASSIGNED_CONTEXT((#2480))
GLOBAL_UNIT_ASSIGNED_CONTEXT((#2485,#2486,#2487))
REPRESENTATION_CONTEXT('','3D')
);
#2484=(
GEOMETRIC_REPRESENTATION_CONTEXT(3)
GLOBAL_UNCERTAINTY_ASSIGNED_CONTEXT((#2481))
GLOBAL_UNIT_ASSIGNED_CONTEXT((#2485,#2486,#2487))
REPRESENTATION_CONTEXT('','3D')
);
#2485=(
LENGTH_UNIT()
NAMED_UNIT(*)
SI_UNIT(.MILLI.,.METRE.)
);
#2486=(
NAMED_UNIT(*)
PLANE_ANGLE_UNIT()
SI_UNIT($,.RADIAN.)
);
#2487=(
NAMED_UNIT(*)
SI_UNIT($,.STERADIAN.)
SOLID_ANGLE_UNIT()
);
#2488=SHAPE_DEFINITION_REPRESENTATION(#2490,#2493);
#2489=SHAPE_DEFINITION_REPRESENTATION(#2491,#2494);
#2490=PRODUCT_DEFINITION_SHAPE('',$,#2496);
#2491=PRODUCT_DEFINITION_SHAPE('',$,#2497);
#2492=PRODUCT_DEFINITION_SHAPE($,$,#14);
#2493=SHAPE_REPRESENTATION('',(#1510,#1639),#2482);
#2494=SHAPE_REPRESENTATION('',(#1511),#2483);
#2495=PRODUCT_DEFINITION_CONTEXT('part definition',#2503,'design');
#2496=PRODUCT_DEFINITION('chassis-bottom-revB','chassis-bottom-revB',#2498,
#2495);
#2497=PRODUCT_DEFINITION('bottom-bracket-R','bottom-bracket-R',#2499,#2495);
#2498=PRODUCT_DEFINITION_FORMATION('',$,#2505);
#2499=PRODUCT_DEFINITION_FORMATION('',$,#2506);
#2500=PRODUCT_RELATED_PRODUCT_CATEGORY('chassis-bottom-revB',
'chassis-bottom-revB',(#2505));
#2501=PRODUCT_RELATED_PRODUCT_CATEGORY('bottom-bracket-R',
'bottom-bracket-R',(#2506));
#2502=APPLICATION_PROTOCOL_DEFINITION('international standard',
'automotive_design',2009,#2503);
#2503=APPLICATION_CONTEXT(
'Core Data for Automotive Mechanical Design Process');
#2504=PRODUCT_CONTEXT('part definition',#2503,'mechanical');
#2505=PRODUCT('chassis-bottom-revB','chassis-bottom-revB',$,(#2504));
#2506=PRODUCT('bottom-bracket-R','bottom-bracket-R',$,(#2504));
#2507=PRESENTATION_STYLE_ASSIGNMENT((#2508));
#2508=SURFACE_STYLE_USAGE(.BOTH.,#2509);
#2509=SURFACE_SIDE_STYLE('',(#2510));
#2510=SURFACE_STYLE_FILL_AREA(#2511);
#2511=FILL_AREA_STYLE('Steel - Satin',(#2512));
#2512=FILL_AREA_STYLE_COLOUR('Steel - Satin',#2513);
#2513=COLOUR_RGB('Steel - Satin',0.627450980392157,0.627450980392157,0.627450980392157);
ENDSEC;
END-ISO-10303-21;
