ISO-10303-21;
HEADER;
/* Generated by software containing ST-Developer
 * from STEP Tools, Inc. (www.steptools.com) 
 */

FILE_DESCRIPTION(
/* description */ (''),
/* implementation_level */ '2;1');

FILE_NAME(
/* name */ 'bottom-bracket-L.step',
/* time_stamp */ '2026-09-06T15:50:33-07:00',
/* author */ (''),
/* organization */ (''),
/* preprocessor_version */ 'ST-DEVELOPER v20.2',
/* originating_system */ 'Autodesk Translation Framework v15.15.0.0',
/* authorisation */ '');

FILE_SCHEMA (('AUTOMOTIVE_DESIGN { 1 0 10303 214 3 1 1 }'));
ENDSEC;

DATA;
#10=MECHANICAL_DESIGN_GEOMETRIC_PRESENTATION_REPRESENTATION('',(#17),#3489);
#11=ITEM_DEFINED_TRANSFORMATION($,$,#2148,#2308);
#12=(
REPRESENTATION_RELATIONSHIP($,$,#3500,#3499)
REPRESENTATION_RELATIONSHIP_WITH_TRANSFORMATION(#11)
SHAPE_REPRESENTATION_RELATIONSHIP()
);
#13=CONTEXT_DEPENDENT_SHAPE_REPRESENTATION(#12,#3498);
#14=NEXT_ASSEMBLY_USAGE_OCCURRENCE('bottom-bracket-L:1',
'bottom-bracket-L:1','bottom-bracket-L:1',#3502,#3503,
'bottom-bracket-L:1');
#15=SHAPE_REPRESENTATION_RELATIONSHIP('SRR','None',#3500,#16);
#16=ADVANCED_BREP_SHAPE_REPRESENTATION('',(#18),#3488);
#17=STYLED_ITEM('',(#3513),#18);
#18=MANIFOLD_SOLID_BREP('Body1',#2134);
#19=ELLIPSE('',#2184,1.65630273194653,1.65000000000001);
#20=ELLIPSE('',#2185,1.65630273194653,1.65000000000001);
#21=ELLIPSE('',#2293,1.65630273194651,1.64999999999999);
#22=ELLIPSE('',#2298,1.65630273194653,1.65000000000001);
#23=ELLIPSE('',#2299,1.65630273194653,1.65000000000001);
#24=CYLINDRICAL_SURFACE('',#2163,1.09999999999999);
#25=CYLINDRICAL_SURFACE('',#2164,1.9);
#26=CYLINDRICAL_SURFACE('',#2169,1.09999999999999);
#27=CYLINDRICAL_SURFACE('',#2170,1.9);
#28=CYLINDRICAL_SURFACE('',#2183,1.65000000000001);
#29=CYLINDRICAL_SURFACE('',#2195,0.999999999999996);
#30=CYLINDRICAL_SURFACE('',#2203,1.64999999999999);
#31=CYLINDRICAL_SURFACE('',#2207,0.999999999999996);
#32=CYLINDRICAL_SURFACE('',#2210,0.999999999999996);
#33=CYLINDRICAL_SURFACE('',#2213,0.999999999999996);
#34=CYLINDRICAL_SURFACE('',#2216,0.999999999999996);
#35=CYLINDRICAL_SURFACE('',#2253,1.64999999999999);
#36=CYLINDRICAL_SURFACE('',#2254,2.85);
#37=CYLINDRICAL_SURFACE('',#2258,1.5);
#38=CYLINDRICAL_SURFACE('',#2260,1.5);
#39=CYLINDRICAL_SURFACE('',#2262,1.5);
#40=CYLINDRICAL_SURFACE('',#2264,1.5);
#41=CYLINDRICAL_SURFACE('',#2265,1.5);
#42=CYLINDRICAL_SURFACE('',#2267,1.5);
#43=CYLINDRICAL_SURFACE('',#2269,1.5);
#44=CYLINDRICAL_SURFACE('',#2270,1.5);
#45=CYLINDRICAL_SURFACE('',#2292,1.64999999999999);
#46=CYLINDRICAL_SURFACE('',#2297,1.65000000000001);
#47=FACE_BOUND('',#183,.T.);
#48=FACE_BOUND('',#184,.T.);
#49=FACE_BOUND('',#185,.T.);
#50=FACE_BOUND('',#186,.T.);
#51=FACE_BOUND('',#192,.T.);
#52=FACE_BOUND('',#196,.T.);
#53=FACE_BOUND('',#202,.T.);
#54=FACE_BOUND('',#203,.T.);
#55=FACE_BOUND('',#204,.T.);
#56=FACE_BOUND('',#205,.T.);
#57=FACE_BOUND('',#221,.T.);
#58=FACE_BOUND('',#222,.T.);
#59=FACE_BOUND('',#223,.T.);
#60=FACE_BOUND('',#224,.T.);
#61=FACE_BOUND('',#237,.T.);
#62=FACE_BOUND('',#242,.T.);
#63=FACE_BOUND('',#247,.T.);
#64=FACE_BOUND('',#253,.T.);
#65=FACE_BOUND('',#257,.T.);
#66=FACE_BOUND('',#263,.T.);
#67=FACE_BOUND('',#264,.T.);
#68=FACE_BOUND('',#265,.T.);
#69=FACE_BOUND('',#304,.T.);
#70=FACE_BOUND('',#308,.T.);
#71=FACE_BOUND('',#310,.T.);
#72=FACE_BOUND('',#313,.T.);
#73=FACE_OUTER_BOUND('',#182,.T.);
#74=FACE_OUTER_BOUND('',#187,.T.);
#75=FACE_OUTER_BOUND('',#188,.T.);
#76=FACE_OUTER_BOUND('',#189,.T.);
#77=FACE_OUTER_BOUND('',#190,.T.);
#78=FACE_OUTER_BOUND('',#191,.T.);
#79=FACE_OUTER_BOUND('',#193,.T.);
#80=FACE_OUTER_BOUND('',#194,.T.);
#81=FACE_OUTER_BOUND('',#195,.T.);
#82=FACE_OUTER_BOUND('',#197,.T.);
#83=FACE_OUTER_BOUND('',#198,.T.);
#84=FACE_OUTER_BOUND('',#199,.T.);
#85=FACE_OUTER_BOUND('',#200,.T.);
#86=FACE_OUTER_BOUND('',#201,.T.);
#87=FACE_OUTER_BOUND('',#206,.T.);
#88=FACE_OUTER_BOUND('',#207,.T.);
#89=FACE_OUTER_BOUND('',#208,.T.);
#90=FACE_OUTER_BOUND('',#209,.T.);
#91=FACE_OUTER_BOUND('',#210,.T.);
#92=FACE_OUTER_BOUND('',#211,.T.);
#93=FACE_OUTER_BOUND('',#212,.T.);
#94=FACE_OUTER_BOUND('',#213,.T.);
#95=FACE_OUTER_BOUND('',#214,.T.);
#96=FACE_OUTER_BOUND('',#215,.T.);
#97=FACE_OUTER_BOUND('',#216,.T.);
#98=FACE_OUTER_BOUND('',#217,.T.);
#99=FACE_OUTER_BOUND('',#218,.T.);
#100=FACE_OUTER_BOUND('',#219,.T.);
#101=FACE_OUTER_BOUND('',#220,.T.);
#102=FACE_OUTER_BOUND('',#225,.T.);
#103=FACE_OUTER_BOUND('',#226,.T.);
#104=FACE_OUTER_BOUND('',#227,.T.);
#105=FACE_OUTER_BOUND('',#228,.T.);
#106=FACE_OUTER_BOUND('',#229,.T.);
#107=FACE_OUTER_BOUND('',#230,.T.);
#108=FACE_OUTER_BOUND('',#231,.T.);
#109=FACE_OUTER_BOUND('',#232,.T.);
#110=FACE_OUTER_BOUND('',#233,.T.);
#111=FACE_OUTER_BOUND('',#234,.T.);
#112=FACE_OUTER_BOUND('',#235,.T.);
#113=FACE_OUTER_BOUND('',#236,.T.);
#114=FACE_OUTER_BOUND('',#238,.T.);
#115=FACE_OUTER_BOUND('',#239,.T.);
#116=FACE_OUTER_BOUND('',#240,.T.);
#117=FACE_OUTER_BOUND('',#241,.T.);
#118=FACE_OUTER_BOUND('',#243,.T.);
#119=FACE_OUTER_BOUND('',#244,.T.);
#120=FACE_OUTER_BOUND('',#245,.T.);
#121=FACE_OUTER_BOUND('',#246,.T.);
#122=FACE_OUTER_BOUND('',#248,.T.);
#123=FACE_OUTER_BOUND('',#249,.T.);
#124=FACE_OUTER_BOUND('',#250,.T.);
#125=FACE_OUTER_BOUND('',#251,.T.);
#126=FACE_OUTER_BOUND('',#252,.T.);
#127=FACE_OUTER_BOUND('',#254,.T.);
#128=FACE_OUTER_BOUND('',#255,.T.);
#129=FACE_OUTER_BOUND('',#256,.T.);
#130=FACE_OUTER_BOUND('',#258,.T.);
#131=FACE_OUTER_BOUND('',#259,.T.);
#132=FACE_OUTER_BOUND('',#260,.T.);
#133=FACE_OUTER_BOUND('',#261,.T.);
#134=FACE_OUTER_BOUND('',#262,.T.);
#135=FACE_OUTER_BOUND('',#266,.T.);
#136=FACE_OUTER_BOUND('',#267,.T.);
#137=FACE_OUTER_BOUND('',#268,.T.);
#138=FACE_OUTER_BOUND('',#269,.T.);
#139=FACE_OUTER_BOUND('',#270,.T.);
#140=FACE_OUTER_BOUND('',#271,.T.);
#141=FACE_OUTER_BOUND('',#272,.T.);
#142=FACE_OUTER_BOUND('',#273,.T.);
#143=FACE_OUTER_BOUND('',#274,.T.);
#144=FACE_OUTER_BOUND('',#275,.T.);
#145=FACE_OUTER_BOUND('',#276,.T.);
#146=FACE_OUTER_BOUND('',#277,.T.);
#147=FACE_OUTER_BOUND('',#278,.T.);
#148=FACE_OUTER_BOUND('',#279,.T.);
#149=FACE_OUTER_BOUND('',#280,.T.);
#150=FACE_OUTER_BOUND('',#281,.T.);
#151=FACE_OUTER_BOUND('',#282,.T.);
#152=FACE_OUTER_BOUND('',#283,.T.);
#153=FACE_OUTER_BOUND('',#284,.T.);
#154=FACE_OUTER_BOUND('',#285,.T.);
#155=FACE_OUTER_BOUND('',#286,.T.);
#156=FACE_OUTER_BOUND('',#287,.T.);
#157=FACE_OUTER_BOUND('',#288,.T.);
#158=FACE_OUTER_BOUND('',#289,.T.);
#159=FACE_OUTER_BOUND('',#290,.T.);
#160=FACE_OUTER_BOUND('',#291,.T.);
#161=FACE_OUTER_BOUND('',#292,.T.);
#162=FACE_OUTER_BOUND('',#293,.T.);
#163=FACE_OUTER_BOUND('',#294,.T.);
#164=FACE_OUTER_BOUND('',#295,.T.);
#165=FACE_OUTER_BOUND('',#296,.T.);
#166=FACE_OUTER_BOUND('',#297,.T.);
#167=FACE_OUTER_BOUND('',#298,.T.);
#168=FACE_OUTER_BOUND('',#299,.T.);
#169=FACE_OUTER_BOUND('',#300,.T.);
#170=FACE_OUTER_BOUND('',#301,.T.);
#171=FACE_OUTER_BOUND('',#302,.T.);
#172=FACE_OUTER_BOUND('',#303,.T.);
#173=FACE_OUTER_BOUND('',#305,.T.);
#174=FACE_OUTER_BOUND('',#306,.T.);
#175=FACE_OUTER_BOUND('',#307,.T.);
#176=FACE_OUTER_BOUND('',#309,.T.);
#177=FACE_OUTER_BOUND('',#311,.T.);
#178=FACE_OUTER_BOUND('',#312,.T.);
#179=FACE_OUTER_BOUND('',#314,.T.);
#180=FACE_OUTER_BOUND('',#315,.T.);
#181=FACE_OUTER_BOUND('',#316,.T.);
#182=EDGE_LOOP('',(#1347,#1348,#1349,#1350,#1351,#1352,#1353,#1354,#1355,
#1356,#1357,#1358,#1359,#1360,#1361,#1362,#1363,#1364,#1365,#1366,#1367,
#1368,#1369,#1370,#1371,#1372,#1373,#1374));
#183=EDGE_LOOP('',(#1375));
#184=EDGE_LOOP('',(#1376));
#185=EDGE_LOOP('',(#1377));
#186=EDGE_LOOP('',(#1378));
#187=EDGE_LOOP('',(#1379,#1380,#1381,#1382));
#188=EDGE_LOOP('',(#1383,#1384,#1385,#1386));
#189=EDGE_LOOP('',(#1387,#1388,#1389,#1390));
#190=EDGE_LOOP('',(#1391,#1392,#1393,#1394));
#191=EDGE_LOOP('',(#1395));
#192=EDGE_LOOP('',(#1396));
#193=EDGE_LOOP('',(#1397,#1398,#1399,#1400));
#194=EDGE_LOOP('',(#1401,#1402,#1403,#1404));
#195=EDGE_LOOP('',(#1405));
#196=EDGE_LOOP('',(#1406));
#197=EDGE_LOOP('',(#1407,#1408,#1409,#1410));
#198=EDGE_LOOP('',(#1411,#1412,#1413,#1414));
#199=EDGE_LOOP('',(#1415,#1416,#1417,#1418));
#200=EDGE_LOOP('',(#1419,#1420,#1421,#1422,#1423,#1424,#1425,#1426,#1427,
#1428));
#201=EDGE_LOOP('',(#1429,#1430,#1431,#1432,#1433,#1434,#1435,#1436,#1437,
#1438,#1439,#1440,#1441,#1442));
#202=EDGE_LOOP('',(#1443));
#203=EDGE_LOOP('',(#1444));
#204=EDGE_LOOP('',(#1445));
#205=EDGE_LOOP('',(#1446));
#206=EDGE_LOOP('',(#1447,#1448,#1449,#1450));
#207=EDGE_LOOP('',(#1451,#1452,#1453,#1454,#1455));
#208=EDGE_LOOP('',(#1456,#1457,#1458,#1459));
#209=EDGE_LOOP('',(#1460,#1461,#1462,#1463,#1464,#1465));
#210=EDGE_LOOP('',(#1466,#1467,#1468,#1469,#1470,#1471));
#211=EDGE_LOOP('',(#1472,#1473,#1474,#1475));
#212=EDGE_LOOP('',(#1476,#1477,#1478,#1479,#1480,#1481));
#213=EDGE_LOOP('',(#1482,#1483,#1484,#1485,#1486,#1487));
#214=EDGE_LOOP('',(#1488,#1489,#1490,#1491));
#215=EDGE_LOOP('',(#1492,#1493,#1494,#1495));
#216=EDGE_LOOP('',(#1496,#1497,#1498,#1499));
#217=EDGE_LOOP('',(#1500,#1501,#1502,#1503,#1504,#1505));
#218=EDGE_LOOP('',(#1506));
#219=EDGE_LOOP('',(#1507,#1508,#1509,#1510));
#220=EDGE_LOOP('',(#1511,#1512,#1513,#1514));
#221=EDGE_LOOP('',(#1515));
#222=EDGE_LOOP('',(#1516));
#223=EDGE_LOOP('',(#1517));
#224=EDGE_LOOP('',(#1518));
#225=EDGE_LOOP('',(#1519,#1520,#1521,#1522,#1523,#1524,#1525));
#226=EDGE_LOOP('',(#1526,#1527,#1528,#1529));
#227=EDGE_LOOP('',(#1530,#1531,#1532,#1533,#1534,#1535,#1536));
#228=EDGE_LOOP('',(#1537));
#229=EDGE_LOOP('',(#1538,#1539,#1540,#1541));
#230=EDGE_LOOP('',(#1542));
#231=EDGE_LOOP('',(#1543,#1544,#1545,#1546));
#232=EDGE_LOOP('',(#1547));
#233=EDGE_LOOP('',(#1548,#1549,#1550,#1551));
#234=EDGE_LOOP('',(#1552));
#235=EDGE_LOOP('',(#1553,#1554,#1555,#1556));
#236=EDGE_LOOP('',(#1557,#1558,#1559,#1560));
#237=EDGE_LOOP('',(#1561,#1562,#1563,#1564,#1565,#1566,#1567,#1568));
#238=EDGE_LOOP('',(#1569,#1570,#1571,#1572));
#239=EDGE_LOOP('',(#1573,#1574,#1575,#1576,#1577,#1578,#1579,#1580,#1581,
#1582,#1583,#1584));
#240=EDGE_LOOP('',(#1585,#1586,#1587,#1588));
#241=EDGE_LOOP('',(#1589,#1590,#1591,#1592));
#242=EDGE_LOOP('',(#1593,#1594,#1595,#1596,#1597,#1598,#1599,#1600));
#243=EDGE_LOOP('',(#1601,#1602,#1603,#1604,#1605,#1606));
#244=EDGE_LOOP('',(#1607,#1608,#1609,#1610,#1611,#1612,#1613,#1614,#1615,
#1616,#1617,#1618));
#245=EDGE_LOOP('',(#1619,#1620,#1621,#1622));
#246=EDGE_LOOP('',(#1623,#1624,#1625,#1626,#1627));
#247=EDGE_LOOP('',(#1628,#1629,#1630,#1631));
#248=EDGE_LOOP('',(#1632,#1633,#1634,#1635));
#249=EDGE_LOOP('',(#1636,#1637,#1638,#1639,#1640));
#250=EDGE_LOOP('',(#1641,#1642,#1643,#1644));
#251=EDGE_LOOP('',(#1645,#1646,#1647,#1648));
#252=EDGE_LOOP('',(#1649,#1650,#1651,#1652));
#253=EDGE_LOOP('',(#1653));
#254=EDGE_LOOP('',(#1654,#1655,#1656,#1657));
#255=EDGE_LOOP('',(#1658,#1659,#1660,#1661));
#256=EDGE_LOOP('',(#1662));
#257=EDGE_LOOP('',(#1663));
#258=EDGE_LOOP('',(#1664,#1665,#1666,#1667));
#259=EDGE_LOOP('',(#1668,#1669,#1670,#1671));
#260=EDGE_LOOP('',(#1672,#1673,#1674,#1675));
#261=EDGE_LOOP('',(#1676,#1677,#1678,#1679));
#262=EDGE_LOOP('',(#1680,#1681,#1682,#1683,#1684,#1685,#1686,#1687,#1688,
#1689,#1690,#1691,#1692,#1693,#1694,#1695,#1696,#1697,#1698,#1699));
#263=EDGE_LOOP('',(#1700));
#264=EDGE_LOOP('',(#1701));
#265=EDGE_LOOP('',(#1702));
#266=EDGE_LOOP('',(#1703,#1704,#1705,#1706));
#267=EDGE_LOOP('',(#1707,#1708,#1709,#1710));
#268=EDGE_LOOP('',(#1711,#1712,#1713,#1714));
#269=EDGE_LOOP('',(#1715,#1716,#1717,#1718));
#270=EDGE_LOOP('',(#1719,#1720,#1721,#1722));
#271=EDGE_LOOP('',(#1723,#1724,#1725,#1726));
#272=EDGE_LOOP('',(#1727,#1728,#1729,#1730));
#273=EDGE_LOOP('',(#1731,#1732,#1733,#1734));
#274=EDGE_LOOP('',(#1735,#1736,#1737,#1738));
#275=EDGE_LOOP('',(#1739,#1740,#1741,#1742));
#276=EDGE_LOOP('',(#1743,#1744,#1745,#1746));
#277=EDGE_LOOP('',(#1747,#1748,#1749,#1750));
#278=EDGE_LOOP('',(#1751,#1752,#1753,#1754));
#279=EDGE_LOOP('',(#1755,#1756,#1757,#1758));
#280=EDGE_LOOP('',(#1759,#1760,#1761,#1762));
#281=EDGE_LOOP('',(#1763,#1764,#1765,#1766));
#282=EDGE_LOOP('',(#1767,#1768,#1769,#1770));
#283=EDGE_LOOP('',(#1771,#1772,#1773,#1774));
#284=EDGE_LOOP('',(#1775,#1776,#1777,#1778));
#285=EDGE_LOOP('',(#1779,#1780,#1781,#1782));
#286=EDGE_LOOP('',(#1783,#1784,#1785,#1786));
#287=EDGE_LOOP('',(#1787,#1788,#1789,#1790));
#288=EDGE_LOOP('',(#1791,#1792,#1793,#1794));
#289=EDGE_LOOP('',(#1795,#1796,#1797,#1798));
#290=EDGE_LOOP('',(#1799,#1800,#1801,#1802));
#291=EDGE_LOOP('',(#1803,#1804,#1805,#1806));
#292=EDGE_LOOP('',(#1807,#1808,#1809,#1810));
#293=EDGE_LOOP('',(#1811,#1812,#1813,#1814));
#294=EDGE_LOOP('',(#1815,#1816,#1817,#1818));
#295=EDGE_LOOP('',(#1819,#1820,#1821,#1822));
#296=EDGE_LOOP('',(#1823,#1824,#1825,#1826));
#297=EDGE_LOOP('',(#1827,#1828,#1829,#1830));
#298=EDGE_LOOP('',(#1831,#1832,#1833,#1834));
#299=EDGE_LOOP('',(#1835,#1836,#1837,#1838));
#300=EDGE_LOOP('',(#1839,#1840,#1841,#1842));
#301=EDGE_LOOP('',(#1843,#1844,#1845,#1846,#1847));
#302=EDGE_LOOP('',(#1848,#1849,#1850,#1851,#1852,#1853,#1854,#1855,#1856,
#1857,#1858,#1859,#1860,#1861,#1862,#1863,#1864,#1865,#1866,#1867,#1868,
#1869));
#303=EDGE_LOOP('',(#1870,#1871,#1872,#1873,#1874));
#304=EDGE_LOOP('',(#1875,#1876,#1877,#1878));
#305=EDGE_LOOP('',(#1879,#1880,#1881,#1882,#1883,#1884));
#306=EDGE_LOOP('',(#1885,#1886,#1887,#1888,#1889,#1890,#1891));
#307=EDGE_LOOP('',(#1892,#1893,#1894,#1895,#1896));
#308=EDGE_LOOP('',(#1897,#1898,#1899,#1900));
#309=EDGE_LOOP('',(#1901,#1902,#1903,#1904,#1905));
#310=EDGE_LOOP('',(#1906,#1907,#1908,#1909));
#311=EDGE_LOOP('',(#1910,#1911,#1912,#1913));
#312=EDGE_LOOP('',(#1914,#1915,#1916,#1917,#1918,#1919));
#313=EDGE_LOOP('',(#1920));
#314=EDGE_LOOP('',(#1921,#1922,#1923,#1924));
#315=EDGE_LOOP('',(#1925,#1926,#1927,#1928,#1929,#1930,#1931));
#316=EDGE_LOOP('',(#1932,#1933,#1934,#1935,#1936,#1937,#1938));
#317=CIRCLE('',#2150,1.65000000000001);
#318=CIRCLE('',#2151,1.65000000000001);
#319=CIRCLE('',#2152,1.64999999999999);
#320=CIRCLE('',#2153,1.64999999999999);
#321=CIRCLE('',#2154,1.09999999999999);
#322=CIRCLE('',#2155,1.09999999999999);
#323=CIRCLE('',#2161,1.9);
#324=CIRCLE('',#2162,1.09999999999999);
#325=CIRCLE('',#2165,1.9);
#326=CIRCLE('',#2167,1.9);
#327=CIRCLE('',#2168,1.09999999999999);
#328=CIRCLE('',#2171,1.9);
#329=CIRCLE('',#2175,1.65000000000001);
#330=CIRCLE('',#2176,0.999999999999996);
#331=CIRCLE('',#2177,0.999999999999996);
#332=CIRCLE('',#2178,1.65000000000001);
#333=CIRCLE('',#2194,0.999999999999996);
#334=CIRCLE('',#2196,0.999999999999996);
#335=CIRCLE('',#2198,1.64999999999999);
#336=CIRCLE('',#2199,0.999999999999996);
#337=CIRCLE('',#2200,0.999999999999996);
#338=CIRCLE('',#2201,1.64999999999999);
#339=CIRCLE('',#2206,0.999999999999996);
#340=CIRCLE('',#2209,0.999999999999996);
#341=CIRCLE('',#2212,0.999999999999996);
#342=CIRCLE('',#2215,0.999999999999996);
#343=CIRCLE('',#2218,1.5);
#344=CIRCLE('',#2219,1.5);
#345=CIRCLE('',#2220,1.5);
#346=CIRCLE('',#2221,1.5);
#347=CIRCLE('',#2224,1.5);
#348=CIRCLE('',#2225,1.5);
#349=CIRCLE('',#2226,1.5);
#350=CIRCLE('',#2227,1.5);
#351=CIRCLE('',#2230,1.5);
#352=CIRCLE('',#2231,1.5);
#353=CIRCLE('',#2232,1.5);
#354=CIRCLE('',#2233,1.5);
#355=CIRCLE('',#2236,1.5);
#356=CIRCLE('',#2237,1.5);
#357=CIRCLE('',#2238,1.5);
#358=CIRCLE('',#2239,1.5);
#359=CIRCLE('',#2247,2.85);
#360=CIRCLE('',#2251,2.85);
#361=CIRCLE('',#2252,1.64999999999999);
#362=LINE('',#2884,#608);
#363=LINE('',#2886,#609);
#364=LINE('',#2888,#610);
#365=LINE('',#2890,#611);
#366=LINE('',#2892,#612);
#367=LINE('',#2894,#613);
#368=LINE('',#2896,#614);
#369=LINE('',#2898,#615);
#370=LINE('',#2900,#616);
#371=LINE('',#2902,#617);
#372=LINE('',#2904,#618);
#373=LINE('',#2906,#619);
#374=LINE('',#2908,#620);
#375=LINE('',#2912,#621);
#376=LINE('',#2914,#622);
#377=LINE('',#2916,#623);
#378=LINE('',#2918,#624);
#379=LINE('',#2920,#625);
#380=LINE('',#2924,#626);
#381=LINE('',#2926,#627);
#382=LINE('',#2928,#628);
#383=LINE('',#2930,#629);
#384=LINE('',#2932,#630);
#385=LINE('',#2934,#631);
#386=LINE('',#2936,#632);
#387=LINE('',#2937,#633);
#388=LINE('',#2948,#634);
#389=LINE('',#2950,#635);
#390=LINE('',#2951,#636);
#391=LINE('',#2954,#637);
#392=LINE('',#2955,#638);
#393=LINE('',#2958,#639);
#394=LINE('',#2959,#640);
#395=LINE('',#2963,#641);
#396=LINE('',#2965,#642);
#397=LINE('',#2967,#643);
#398=LINE('',#2968,#644);
#399=LINE('',#2975,#645);
#400=LINE('',#2978,#646);
#401=LINE('',#2986,#647);
#402=LINE('',#2989,#648);
#403=LINE('',#2994,#649);
#404=LINE('',#2996,#650);
#405=LINE('',#2998,#651);
#406=LINE('',#2999,#652);
#407=LINE('',#3002,#653);
#408=LINE('',#3004,#654);
#409=LINE('',#3006,#655);
#410=LINE('',#3007,#656);
#411=LINE('',#3009,#657);
#412=LINE('',#3011,#658);
#413=LINE('',#3012,#659);
#414=LINE('',#3015,#660);
#415=LINE('',#3017,#661);
#416=LINE('',#3019,#662);
#417=LINE('',#3021,#663);
#418=LINE('',#3023,#664);
#419=LINE('',#3025,#665);
#420=LINE('',#3027,#666);
#421=LINE('',#3029,#667);
#422=LINE('',#3031,#668);
#423=LINE('',#3033,#669);
#424=LINE('',#3035,#670);
#425=LINE('',#3037,#671);
#426=LINE('',#3038,#672);
#427=LINE('',#3048,#673);
#428=LINE('',#3049,#674);
#429=LINE('',#3052,#675);
#430=LINE('',#3053,#676);
#431=LINE('',#3056,#677);
#432=LINE('',#3057,#678);
#433=LINE('',#3059,#679);
#434=LINE('',#3061,#680);
#435=LINE('',#3063,#681);
#436=LINE('',#3064,#682);
#437=LINE('',#3067,#683);
#438=LINE('',#3071,#684);
#439=LINE('',#3074,#685);
#440=LINE('',#3076,#686);
#441=LINE('',#3077,#687);
#442=LINE('',#3079,#688);
#443=LINE('',#3081,#689);
#444=LINE('',#3083,#690);
#445=LINE('',#3084,#691);
#446=LINE('',#3087,#692);
#447=LINE('',#3089,#693);
#448=LINE('',#3096,#694);
#449=LINE('',#3100,#695);
#450=LINE('',#3102,#696);
#451=LINE('',#3103,#697);
#452=LINE('',#3114,#698);
#453=LINE('',#3116,#699);
#454=LINE('',#3118,#700);
#455=LINE('',#3119,#701);
#456=LINE('',#3120,#702);
#457=LINE('',#3122,#703);
#458=LINE('',#3125,#704);
#459=LINE('',#3126,#705);
#460=LINE('',#3131,#706);
#461=LINE('',#3136,#707);
#462=LINE('',#3141,#708);
#463=LINE('',#3146,#709);
#464=LINE('',#3149,#710);
#465=LINE('',#3151,#711);
#466=LINE('',#3152,#712);
#467=LINE('',#3155,#713);
#468=LINE('',#3159,#714);
#469=LINE('',#3163,#715);
#470=LINE('',#3167,#716);
#471=LINE('',#3172,#717);
#472=LINE('',#3174,#718);
#473=LINE('',#3176,#719);
#474=LINE('',#3177,#720);
#475=LINE('',#3183,#721);
#476=LINE('',#3185,#722);
#477=LINE('',#3186,#723);
#478=LINE('',#3188,#724);
#479=LINE('',#3192,#725);
#480=LINE('',#3196,#726);
#481=LINE('',#3199,#727);
#482=LINE('',#3201,#728);
#483=LINE('',#3202,#729);
#484=LINE('',#3205,#730);
#485=LINE('',#3207,#731);
#486=LINE('',#3208,#732);
#487=LINE('',#3213,#733);
#488=LINE('',#3217,#734);
#489=LINE('',#3221,#735);
#490=LINE('',#3224,#736);
#491=LINE('',#3227,#737);
#492=LINE('',#3229,#738);
#493=LINE('',#3231,#739);
#494=LINE('',#3232,#740);
#495=LINE('',#3238,#741);
#496=LINE('',#3240,#742);
#497=LINE('',#3241,#743);
#498=LINE('',#3243,#744);
#499=LINE('',#3247,#745);
#500=LINE('',#3251,#746);
#501=LINE('',#3254,#747);
#502=LINE('',#3257,#748);
#503=LINE('',#3259,#749);
#504=LINE('',#3260,#750);
#505=LINE('',#3263,#751);
#506=LINE('',#3265,#752);
#507=LINE('',#3266,#753);
#508=LINE('',#3269,#754);
#509=LINE('',#3271,#755);
#510=LINE('',#3273,#756);
#511=LINE('',#3274,#757);
#512=LINE('',#3277,#758);
#513=LINE('',#3279,#759);
#514=LINE('',#3280,#760);
#515=LINE('',#3282,#761);
#516=LINE('',#3285,#762);
#517=LINE('',#3286,#763);
#518=LINE('',#3288,#764);
#519=LINE('',#3291,#765);
#520=LINE('',#3293,#766);
#521=LINE('',#3294,#767);
#522=LINE('',#3298,#768);
#523=LINE('',#3300,#769);
#524=LINE('',#3307,#770);
#525=LINE('',#3309,#771);
#526=LINE('',#3312,#772);
#527=LINE('',#3314,#773);
#528=LINE('',#3315,#774);
#529=LINE('',#3318,#775);
#530=LINE('',#3319,#776);
#531=LINE('',#3321,#777);
#532=LINE('',#3322,#778);
#533=LINE('',#3323,#779);
#534=LINE('',#3324,#780);
#535=LINE('',#3325,#781);
#536=LINE('',#3327,#782);
#537=LINE('',#3329,#783);
#538=LINE('',#3331,#784);
#539=LINE('',#3333,#785);
#540=LINE('',#3335,#786);
#541=LINE('',#3337,#787);
#542=LINE('',#3340,#788);
#543=LINE('',#3341,#789);
#544=LINE('',#3343,#790);
#545=LINE('',#3345,#791);
#546=LINE('',#3347,#792);
#547=LINE('',#3350,#793);
#548=LINE('',#3355,#794);
#549=LINE('',#3357,#795);
#550=LINE('',#3359,#796);
#551=LINE('',#3360,#797);
#552=LINE('',#3364,#798);
#553=LINE('',#3366,#799);
#554=LINE('',#3368,#800);
#555=LINE('',#3369,#801);
#556=LINE('',#3371,#802);
#557=LINE('',#3372,#803);
#558=LINE('',#3374,#804);
#559=LINE('',#3375,#805);
#560=LINE('',#3379,#806);
#561=LINE('',#3381,#807);
#562=LINE('',#3382,#808);
#563=LINE('',#3385,#809);
#564=LINE('',#3387,#810);
#565=LINE('',#3388,#811);
#566=LINE('',#3390,#812);
#567=LINE('',#3392,#813);
#568=LINE('',#3397,#814);
#569=LINE('',#3399,#815);
#570=LINE('',#3401,#816);
#571=LINE('',#3402,#817);
#572=LINE('',#3406,#818);
#573=LINE('',#3408,#819);
#574=LINE('',#3410,#820);
#575=LINE('',#3411,#821);
#576=LINE('',#3413,#822);
#577=LINE('',#3414,#823);
#578=LINE('',#3416,#824);
#579=LINE('',#3418,#825);
#580=LINE('',#3422,#826);
#581=LINE('',#3424,#827);
#582=LINE('',#3426,#828);
#583=LINE('',#3427,#829);
#584=LINE('',#3431,#830);
#585=LINE('',#3433,#831);
#586=LINE('',#3435,#832);
#587=LINE('',#3436,#833);
#588=LINE('',#3438,#834);
#589=LINE('',#3439,#835);
#590=LINE('',#3441,#836);
#591=LINE('',#3442,#837);
#592=LINE('',#3446,#838);
#593=LINE('',#3450,#839);
#594=LINE('',#3451,#840);
#595=LINE('',#3455,#841);
#596=LINE('',#3456,#842);
#597=LINE('',#3458,#843);
#598=LINE('',#3459,#844);
#599=LINE('',#3461,#845);
#600=LINE('',#3462,#846);
#601=LINE('',#3463,#847);
#602=LINE('',#3465,#848);
#603=LINE('',#3468,#849);
#604=LINE('',#3472,#850);
#605=LINE('',#3474,#851);
#606=LINE('',#3476,#852);
#607=LINE('',#3478,#853);
#608=VECTOR('',#2315,10.);
#609=VECTOR('',#2316,10.);
#610=VECTOR('',#2317,10.);
#611=VECTOR('',#2318,10.);
#612=VECTOR('',#2319,10.);
#613=VECTOR('',#2320,10.);
#614=VECTOR('',#2321,10.);
#615=VECTOR('',#2322,10.);
#616=VECTOR('',#2323,10.);
#617=VECTOR('',#2324,10.);
#618=VECTOR('',#2325,10.);
#619=VECTOR('',#2326,10.);
#620=VECTOR('',#2327,10.);
#621=VECTOR('',#2330,10.);
#622=VECTOR('',#2331,10.);
#623=VECTOR('',#2332,10.);
#624=VECTOR('',#2333,10.);
#625=VECTOR('',#2334,10.);
#626=VECTOR('',#2337,10.);
#627=VECTOR('',#2338,10.);
#628=VECTOR('',#2339,10.);
#629=VECTOR('',#2340,10.);
#630=VECTOR('',#2341,10.);
#631=VECTOR('',#2342,10.);
#632=VECTOR('',#2343,10.);
#633=VECTOR('',#2344,10.);
#634=VECTOR('',#2355,10.);
#635=VECTOR('',#2356,10.);
#636=VECTOR('',#2357,10.);
#637=VECTOR('',#2360,10.);
#638=VECTOR('',#2361,10.);
#639=VECTOR('',#2364,10.);
#640=VECTOR('',#2365,10.);
#641=VECTOR('',#2368,10.);
#642=VECTOR('',#2369,10.);
#643=VECTOR('',#2370,10.);
#644=VECTOR('',#2371,10.);
#645=VECTOR('',#2380,1.09999999999999);
#646=VECTOR('',#2383,1.9);
#647=VECTOR('',#2394,1.09999999999999);
#648=VECTOR('',#2397,1.9);
#649=VECTOR('',#2402,10.);
#650=VECTOR('',#2403,10.);
#651=VECTOR('',#2404,10.);
#652=VECTOR('',#2405,10.);
#653=VECTOR('',#2408,10.);
#654=VECTOR('',#2409,10.);
#655=VECTOR('',#2410,10.);
#656=VECTOR('',#2411,10.);
#657=VECTOR('',#2412,10.);
#658=VECTOR('',#2413,10.);
#659=VECTOR('',#2414,10.);
#660=VECTOR('',#2417,10.);
#661=VECTOR('',#2418,10.);
#662=VECTOR('',#2419,10.);
#663=VECTOR('',#2420,10.);
#664=VECTOR('',#2421,10.);
#665=VECTOR('',#2422,10.);
#666=VECTOR('',#2423,10.);
#667=VECTOR('',#2424,10.);
#668=VECTOR('',#2425,10.);
#669=VECTOR('',#2426,10.);
#670=VECTOR('',#2427,10.);
#671=VECTOR('',#2428,10.);
#672=VECTOR('',#2429,10.);
#673=VECTOR('',#2440,10.);
#674=VECTOR('',#2441,10.);
#675=VECTOR('',#2444,10.);
#676=VECTOR('',#2445,10.);
#677=VECTOR('',#2448,10.);
#678=VECTOR('',#2449,10.);
#679=VECTOR('',#2452,10.);
#680=VECTOR('',#2453,10.);
#681=VECTOR('',#2454,10.);
#682=VECTOR('',#2455,10.);
#683=VECTOR('',#2458,1.65000000000001);
#684=VECTOR('',#2465,10.);
#685=VECTOR('',#2468,10.);
#686=VECTOR('',#2469,10.);
#687=VECTOR('',#2470,10.);
#688=VECTOR('',#2473,10.);
#689=VECTOR('',#2474,10.);
#690=VECTOR('',#2475,10.);
#691=VECTOR('',#2476,10.);
#692=VECTOR('',#2481,10.);
#693=VECTOR('',#2484,10.);
#694=VECTOR('',#2493,0.999999999999996);
#695=VECTOR('',#2498,10.);
#696=VECTOR('',#2499,10.);
#697=VECTOR('',#2500,10.);
#698=VECTOR('',#2511,10.);
#699=VECTOR('',#2512,10.);
#700=VECTOR('',#2513,10.);
#701=VECTOR('',#2514,10.);
#702=VECTOR('',#2515,10.);
#703=VECTOR('',#2518,1.64999999999999);
#704=VECTOR('',#2521,10.);
#705=VECTOR('',#2522,10.);
#706=VECTOR('',#2529,0.999999999999996);
#707=VECTOR('',#2536,0.999999999999996);
#708=VECTOR('',#2543,0.999999999999996);
#709=VECTOR('',#2550,0.999999999999996);
#710=VECTOR('',#2553,10.);
#711=VECTOR('',#2554,10.);
#712=VECTOR('',#2555,10.);
#713=VECTOR('',#2556,10.);
#714=VECTOR('',#2559,10.);
#715=VECTOR('',#2562,10.);
#716=VECTOR('',#2565,10.);
#717=VECTOR('',#2570,10.);
#718=VECTOR('',#2571,10.);
#719=VECTOR('',#2572,10.);
#720=VECTOR('',#2573,10.);
#721=VECTOR('',#2578,10.);
#722=VECTOR('',#2579,10.);
#723=VECTOR('',#2580,10.);
#724=VECTOR('',#2581,10.);
#725=VECTOR('',#2584,10.);
#726=VECTOR('',#2587,10.);
#727=VECTOR('',#2590,10.);
#728=VECTOR('',#2593,10.);
#729=VECTOR('',#2594,10.);
#730=VECTOR('',#2597,10.);
#731=VECTOR('',#2598,10.);
#732=VECTOR('',#2599,10.);
#733=VECTOR('',#2602,10.);
#734=VECTOR('',#2605,10.);
#735=VECTOR('',#2608,10.);
#736=VECTOR('',#2611,10.);
#737=VECTOR('',#2614,10.);
#738=VECTOR('',#2615,10.);
#739=VECTOR('',#2616,10.);
#740=VECTOR('',#2617,10.);
#741=VECTOR('',#2622,10.);
#742=VECTOR('',#2623,10.);
#743=VECTOR('',#2624,10.);
#744=VECTOR('',#2625,10.);
#745=VECTOR('',#2628,10.);
#746=VECTOR('',#2631,10.);
#747=VECTOR('',#2634,10.);
#748=VECTOR('',#2637,10.);
#749=VECTOR('',#2638,10.);
#750=VECTOR('',#2639,10.);
#751=VECTOR('',#2642,10.);
#752=VECTOR('',#2643,10.);
#753=VECTOR('',#2644,10.);
#754=VECTOR('',#2645,10.);
#755=VECTOR('',#2646,10.);
#756=VECTOR('',#2647,10.);
#757=VECTOR('',#2648,10.);
#758=VECTOR('',#2651,10.);
#759=VECTOR('',#2652,10.);
#760=VECTOR('',#2653,10.);
#761=VECTOR('',#2656,10.);
#762=VECTOR('',#2659,10.);
#763=VECTOR('',#2660,10.);
#764=VECTOR('',#2663,10.);
#765=VECTOR('',#2666,10.);
#766=VECTOR('',#2667,10.);
#767=VECTOR('',#2668,10.);
#768=VECTOR('',#2673,10.);
#769=VECTOR('',#2676,10.);
#770=VECTOR('',#2685,1.64999999999999);
#771=VECTOR('',#2688,2.85);
#772=VECTOR('',#2691,10.);
#773=VECTOR('',#2692,10.);
#774=VECTOR('',#2693,10.);
#775=VECTOR('',#2696,10.);
#776=VECTOR('',#2697,10.);
#777=VECTOR('',#2700,10.);
#778=VECTOR('',#2701,10.);
#779=VECTOR('',#2702,10.);
#780=VECTOR('',#2703,10.);
#781=VECTOR('',#2704,10.);
#782=VECTOR('',#2707,10.);
#783=VECTOR('',#2710,10.);
#784=VECTOR('',#2713,10.);
#785=VECTOR('',#2716,10.);
#786=VECTOR('',#2719,10.);
#787=VECTOR('',#2722,10.);
#788=VECTOR('',#2727,10.);
#789=VECTOR('',#2728,10.);
#790=VECTOR('',#2731,10.);
#791=VECTOR('',#2734,10.);
#792=VECTOR('',#2737,10.);
#793=VECTOR('',#2742,10.);
#794=VECTOR('',#2747,10.);
#795=VECTOR('',#2748,10.);
#796=VECTOR('',#2749,10.);
#797=VECTOR('',#2750,10.);
#798=VECTOR('',#2753,10.);
#799=VECTOR('',#2754,10.);
#800=VECTOR('',#2755,10.);
#801=VECTOR('',#2756,10.);
#802=VECTOR('',#2759,10.);
#803=VECTOR('',#2760,10.);
#804=VECTOR('',#2763,10.);
#805=VECTOR('',#2764,10.);
#806=VECTOR('',#2769,10.);
#807=VECTOR('',#2770,10.);
#808=VECTOR('',#2771,10.);
#809=VECTOR('',#2774,10.);
#810=VECTOR('',#2775,10.);
#811=VECTOR('',#2776,10.);
#812=VECTOR('',#2779,10.);
#813=VECTOR('',#2782,10.);
#814=VECTOR('',#2787,10.);
#815=VECTOR('',#2788,10.);
#816=VECTOR('',#2789,10.);
#817=VECTOR('',#2790,10.);
#818=VECTOR('',#2793,10.);
#819=VECTOR('',#2794,10.);
#820=VECTOR('',#2795,10.);
#821=VECTOR('',#2796,10.);
#822=VECTOR('',#2799,10.);
#823=VECTOR('',#2800,10.);
#824=VECTOR('',#2803,10.);
#825=VECTOR('',#2806,10.);
#826=VECTOR('',#2809,10.);
#827=VECTOR('',#2810,10.);
#828=VECTOR('',#2811,10.);
#829=VECTOR('',#2812,10.);
#830=VECTOR('',#2815,10.);
#831=VECTOR('',#2816,10.);
#832=VECTOR('',#2817,10.);
#833=VECTOR('',#2818,10.);
#834=VECTOR('',#2821,10.);
#835=VECTOR('',#2822,10.);
#836=VECTOR('',#2825,10.);
#837=VECTOR('',#2826,10.);
#838=VECTOR('',#2831,1.64999999999999);
#839=VECTOR('',#2836,10.);
#840=VECTOR('',#2837,10.);
#841=VECTOR('',#2840,10.);
#842=VECTOR('',#2841,10.);
#843=VECTOR('',#2842,10.);
#844=VECTOR('',#2843,10.);
#845=VECTOR('',#2844,10.);
#846=VECTOR('',#2845,10.);
#847=VECTOR('',#2846,10.);
#848=VECTOR('',#2849,10.);
#849=VECTOR('',#2852,1.65000000000001);
#850=VECTOR('',#2859,10.);
#851=VECTOR('',#2862,10.);
#852=VECTOR('',#2865,10.);
#853=VECTOR('',#2868,10.);
#854=VERTEX_POINT('',#2882);
#855=VERTEX_POINT('',#2883);
#856=VERTEX_POINT('',#2885);
#857=VERTEX_POINT('',#2887);
#858=VERTEX_POINT('',#2889);
#859=VERTEX_POINT('',#2891);
#860=VERTEX_POINT('',#2893);
#861=VERTEX_POINT('',#2895);
#862=VERTEX_POINT('',#2897);
#863=VERTEX_POINT('',#2899);
#864=VERTEX_POINT('',#2901);
#865=VERTEX_POINT('',#2903);
#866=VERTEX_POINT('',#2905);
#867=VERTEX_POINT('',#2907);
#868=VERTEX_POINT('',#2909);
#869=VERTEX_POINT('',#2911);
#870=VERTEX_POINT('',#2913);
#871=VERTEX_POINT('',#2915);
#872=VERTEX_POINT('',#2917);
#873=VERTEX_POINT('',#2919);
#874=VERTEX_POINT('',#2921);
#875=VERTEX_POINT('',#2923);
#876=VERTEX_POINT('',#2925);
#877=VERTEX_POINT('',#2927);
#878=VERTEX_POINT('',#2929);
#879=VERTEX_POINT('',#2931);
#880=VERTEX_POINT('',#2933);
#881=VERTEX_POINT('',#2935);
#882=VERTEX_POINT('',#2938);
#883=VERTEX_POINT('',#2940);
#884=VERTEX_POINT('',#2942);
#885=VERTEX_POINT('',#2944);
#886=VERTEX_POINT('',#2947);
#887=VERTEX_POINT('',#2949);
#888=VERTEX_POINT('',#2953);
#889=VERTEX_POINT('',#2957);
#890=VERTEX_POINT('',#2961);
#891=VERTEX_POINT('',#2962);
#892=VERTEX_POINT('',#2964);
#893=VERTEX_POINT('',#2966);
#894=VERTEX_POINT('',#2970);
#895=VERTEX_POINT('',#2972);
#896=VERTEX_POINT('',#2977);
#897=VERTEX_POINT('',#2981);
#898=VERTEX_POINT('',#2983);
#899=VERTEX_POINT('',#2988);
#900=VERTEX_POINT('',#2992);
#901=VERTEX_POINT('',#2993);
#902=VERTEX_POINT('',#2995);
#903=VERTEX_POINT('',#2997);
#904=VERTEX_POINT('',#3001);
#905=VERTEX_POINT('',#3003);
#906=VERTEX_POINT('',#3005);
#907=VERTEX_POINT('',#3008);
#908=VERTEX_POINT('',#3010);
#909=VERTEX_POINT('',#3014);
#910=VERTEX_POINT('',#3016);
#911=VERTEX_POINT('',#3018);
#912=VERTEX_POINT('',#3020);
#913=VERTEX_POINT('',#3022);
#914=VERTEX_POINT('',#3024);
#915=VERTEX_POINT('',#3026);
#916=VERTEX_POINT('',#3028);
#917=VERTEX_POINT('',#3030);
#918=VERTEX_POINT('',#3032);
#919=VERTEX_POINT('',#3034);
#920=VERTEX_POINT('',#3036);
#921=VERTEX_POINT('',#3039);
#922=VERTEX_POINT('',#3041);
#923=VERTEX_POINT('',#3043);
#924=VERTEX_POINT('',#3045);
#925=VERTEX_POINT('',#3051);
#926=VERTEX_POINT('',#3055);
#927=VERTEX_POINT('',#3060);
#928=VERTEX_POINT('',#3062);
#929=VERTEX_POINT('',#3066);
#930=VERTEX_POINT('',#3073);
#931=VERTEX_POINT('',#3075);
#932=VERTEX_POINT('',#3080);
#933=VERTEX_POINT('',#3082);
#934=VERTEX_POINT('',#3092);
#935=VERTEX_POINT('',#3095);
#936=VERTEX_POINT('',#3099);
#937=VERTEX_POINT('',#3101);
#938=VERTEX_POINT('',#3104);
#939=VERTEX_POINT('',#3106);
#940=VERTEX_POINT('',#3108);
#941=VERTEX_POINT('',#3110);
#942=VERTEX_POINT('',#3113);
#943=VERTEX_POINT('',#3115);
#944=VERTEX_POINT('',#3117);
#945=VERTEX_POINT('',#3124);
#946=VERTEX_POINT('',#3128);
#947=VERTEX_POINT('',#3133);
#948=VERTEX_POINT('',#3138);
#949=VERTEX_POINT('',#3143);
#950=VERTEX_POINT('',#3148);
#951=VERTEX_POINT('',#3150);
#952=VERTEX_POINT('',#3153);
#953=VERTEX_POINT('',#3154);
#954=VERTEX_POINT('',#3156);
#955=VERTEX_POINT('',#3158);
#956=VERTEX_POINT('',#3160);
#957=VERTEX_POINT('',#3162);
#958=VERTEX_POINT('',#3164);
#959=VERTEX_POINT('',#3166);
#960=VERTEX_POINT('',#3170);
#961=VERTEX_POINT('',#3171);
#962=VERTEX_POINT('',#3173);
#963=VERTEX_POINT('',#3175);
#964=VERTEX_POINT('',#3179);
#965=VERTEX_POINT('',#3180);
#966=VERTEX_POINT('',#3182);
#967=VERTEX_POINT('',#3184);
#968=VERTEX_POINT('',#3187);
#969=VERTEX_POINT('',#3189);
#970=VERTEX_POINT('',#3191);
#971=VERTEX_POINT('',#3193);
#972=VERTEX_POINT('',#3195);
#973=VERTEX_POINT('',#3197);
#974=VERTEX_POINT('',#3204);
#975=VERTEX_POINT('',#3206);
#976=VERTEX_POINT('',#3209);
#977=VERTEX_POINT('',#3210);
#978=VERTEX_POINT('',#3212);
#979=VERTEX_POINT('',#3214);
#980=VERTEX_POINT('',#3216);
#981=VERTEX_POINT('',#3218);
#982=VERTEX_POINT('',#3220);
#983=VERTEX_POINT('',#3222);
#984=VERTEX_POINT('',#3226);
#985=VERTEX_POINT('',#3228);
#986=VERTEX_POINT('',#3230);
#987=VERTEX_POINT('',#3234);
#988=VERTEX_POINT('',#3235);
#989=VERTEX_POINT('',#3237);
#990=VERTEX_POINT('',#3239);
#991=VERTEX_POINT('',#3242);
#992=VERTEX_POINT('',#3244);
#993=VERTEX_POINT('',#3246);
#994=VERTEX_POINT('',#3248);
#995=VERTEX_POINT('',#3250);
#996=VERTEX_POINT('',#3252);
#997=VERTEX_POINT('',#3256);
#998=VERTEX_POINT('',#3258);
#999=VERTEX_POINT('',#3262);
#1000=VERTEX_POINT('',#3264);
#1001=VERTEX_POINT('',#3267);
#1002=VERTEX_POINT('',#3268);
#1003=VERTEX_POINT('',#3270);
#1004=VERTEX_POINT('',#3272);
#1005=VERTEX_POINT('',#3276);
#1006=VERTEX_POINT('',#3278);
#1007=VERTEX_POINT('',#3284);
#1008=VERTEX_POINT('',#3290);
#1009=VERTEX_POINT('',#3292);
#1010=VERTEX_POINT('',#3295);
#1011=VERTEX_POINT('',#3302);
#1012=VERTEX_POINT('',#3304);
#1013=VERTEX_POINT('',#3311);
#1014=VERTEX_POINT('',#3313);
#1015=VERTEX_POINT('',#3317);
#1016=VERTEX_POINT('',#3353);
#1017=VERTEX_POINT('',#3354);
#1018=VERTEX_POINT('',#3356);
#1019=VERTEX_POINT('',#3358);
#1020=VERTEX_POINT('',#3362);
#1021=VERTEX_POINT('',#3363);
#1022=VERTEX_POINT('',#3365);
#1023=VERTEX_POINT('',#3367);
#1024=VERTEX_POINT('',#3378);
#1025=VERTEX_POINT('',#3380);
#1026=VERTEX_POINT('',#3384);
#1027=VERTEX_POINT('',#3386);
#1028=VERTEX_POINT('',#3395);
#1029=VERTEX_POINT('',#3396);
#1030=VERTEX_POINT('',#3398);
#1031=VERTEX_POINT('',#3400);
#1032=VERTEX_POINT('',#3404);
#1033=VERTEX_POINT('',#3405);
#1034=VERTEX_POINT('',#3407);
#1035=VERTEX_POINT('',#3409);
#1036=VERTEX_POINT('',#3420);
#1037=VERTEX_POINT('',#3421);
#1038=VERTEX_POINT('',#3423);
#1039=VERTEX_POINT('',#3425);
#1040=VERTEX_POINT('',#3429);
#1041=VERTEX_POINT('',#3430);
#1042=VERTEX_POINT('',#3432);
#1043=VERTEX_POINT('',#3434);
#1044=VERTEX_POINT('',#3445);
#1045=VERTEX_POINT('',#3449);
#1046=VERTEX_POINT('',#3453);
#1047=VERTEX_POINT('',#3454);
#1048=VERTEX_POINT('',#3457);
#1049=VERTEX_POINT('',#3460);
#1050=VERTEX_POINT('',#3467);
#1051=EDGE_CURVE('',#854,#855,#362,.T.);
#1052=EDGE_CURVE('',#854,#856,#363,.T.);
#1053=EDGE_CURVE('',#857,#856,#364,.T.);
#1054=EDGE_CURVE('',#858,#857,#365,.T.);
#1055=EDGE_CURVE('',#858,#859,#366,.T.);
#1056=EDGE_CURVE('',#860,#859,#367,.T.);
#1057=EDGE_CURVE('',#861,#860,#368,.T.);
#1058=EDGE_CURVE('',#862,#861,#369,.T.);
#1059=EDGE_CURVE('',#863,#862,#370,.T.);
#1060=EDGE_CURVE('',#864,#863,#371,.T.);
#1061=EDGE_CURVE('',#865,#864,#372,.T.);
#1062=EDGE_CURVE('',#865,#866,#373,.T.);
#1063=EDGE_CURVE('',#867,#866,#374,.T.);
#1064=EDGE_CURVE('',#868,#867,#317,.T.);
#1065=EDGE_CURVE('',#869,#868,#375,.T.);
#1066=EDGE_CURVE('',#870,#869,#376,.T.);
#1067=EDGE_CURVE('',#871,#870,#377,.T.);
#1068=EDGE_CURVE('',#872,#871,#378,.T.);
#1069=EDGE_CURVE('',#873,#872,#379,.T.);
#1070=EDGE_CURVE('',#874,#873,#318,.T.);
#1071=EDGE_CURVE('',#875,#874,#380,.T.);
#1072=EDGE_CURVE('',#876,#875,#381,.T.);
#1073=EDGE_CURVE('',#877,#876,#382,.T.);
#1074=EDGE_CURVE('',#878,#877,#383,.T.);
#1075=EDGE_CURVE('',#879,#878,#384,.T.);
#1076=EDGE_CURVE('',#880,#879,#385,.T.);
#1077=EDGE_CURVE('',#881,#880,#386,.T.);
#1078=EDGE_CURVE('',#855,#881,#387,.T.);
#1079=EDGE_CURVE('',#882,#882,#319,.T.);
#1080=EDGE_CURVE('',#883,#883,#320,.T.);
#1081=EDGE_CURVE('',#884,#884,#321,.T.);
#1082=EDGE_CURVE('',#885,#885,#322,.T.);
#1083=EDGE_CURVE('',#859,#886,#388,.T.);
#1084=EDGE_CURVE('',#887,#886,#389,.T.);
#1085=EDGE_CURVE('',#860,#887,#390,.T.);
#1086=EDGE_CURVE('',#858,#888,#391,.T.);
#1087=EDGE_CURVE('',#886,#888,#392,.T.);
#1088=EDGE_CURVE('',#857,#889,#393,.T.);
#1089=EDGE_CURVE('',#888,#889,#394,.T.);
#1090=EDGE_CURVE('',#890,#891,#395,.T.);
#1091=EDGE_CURVE('',#891,#892,#396,.T.);
#1092=EDGE_CURVE('',#893,#892,#397,.T.);
#1093=EDGE_CURVE('',#890,#893,#398,.T.);
#1094=EDGE_CURVE('',#894,#894,#323,.T.);
#1095=EDGE_CURVE('',#895,#895,#324,.T.);
#1096=EDGE_CURVE('',#895,#885,#399,.T.);
#1097=EDGE_CURVE('',#894,#896,#400,.T.);
#1098=EDGE_CURVE('',#896,#896,#325,.T.);
#1099=EDGE_CURVE('',#897,#897,#326,.T.);
#1100=EDGE_CURVE('',#898,#898,#327,.T.);
#1101=EDGE_CURVE('',#898,#884,#401,.T.);
#1102=EDGE_CURVE('',#897,#899,#402,.T.);
#1103=EDGE_CURVE('',#899,#899,#328,.T.);
#1104=EDGE_CURVE('',#900,#901,#403,.T.);
#1105=EDGE_CURVE('',#901,#902,#404,.T.);
#1106=EDGE_CURVE('',#902,#903,#405,.T.);
#1107=EDGE_CURVE('',#903,#900,#406,.T.);
#1108=EDGE_CURVE('',#904,#887,#407,.T.);
#1109=EDGE_CURVE('',#904,#905,#408,.T.);
#1110=EDGE_CURVE('',#906,#905,#409,.T.);
#1111=EDGE_CURVE('',#901,#906,#410,.T.);
#1112=EDGE_CURVE('',#900,#907,#411,.T.);
#1113=EDGE_CURVE('',#908,#907,#412,.T.);
#1114=EDGE_CURVE('',#861,#908,#413,.T.);
#1115=EDGE_CURVE('',#905,#909,#414,.T.);
#1116=EDGE_CURVE('',#909,#910,#415,.T.);
#1117=EDGE_CURVE('',#910,#911,#416,.T.);
#1118=EDGE_CURVE('',#911,#912,#417,.T.);
#1119=EDGE_CURVE('',#912,#913,#418,.T.);
#1120=EDGE_CURVE('',#913,#914,#419,.T.);
#1121=EDGE_CURVE('',#914,#915,#420,.T.);
#1122=EDGE_CURVE('',#915,#916,#421,.T.);
#1123=EDGE_CURVE('',#916,#917,#422,.T.);
#1124=EDGE_CURVE('',#917,#918,#423,.T.);
#1125=EDGE_CURVE('',#918,#919,#424,.T.);
#1126=EDGE_CURVE('',#919,#920,#425,.T.);
#1127=EDGE_CURVE('',#920,#906,#426,.T.);
#1128=EDGE_CURVE('',#921,#921,#329,.T.);
#1129=EDGE_CURVE('',#922,#922,#330,.T.);
#1130=EDGE_CURVE('',#923,#923,#331,.T.);
#1131=EDGE_CURVE('',#924,#924,#332,.T.);
#1132=EDGE_CURVE('',#870,#912,#427,.T.);
#1133=EDGE_CURVE('',#871,#911,#428,.T.);
#1134=EDGE_CURVE('',#925,#869,#429,.T.);
#1135=EDGE_CURVE('',#925,#913,#430,.T.);
#1136=EDGE_CURVE('',#926,#925,#431,.T.);
#1137=EDGE_CURVE('',#926,#914,#432,.T.);
#1138=EDGE_CURVE('',#862,#916,#433,.T.);
#1139=EDGE_CURVE('',#927,#915,#434,.T.);
#1140=EDGE_CURVE('',#928,#927,#435,.T.);
#1141=EDGE_CURVE('',#863,#928,#436,.T.);
#1142=EDGE_CURVE('',#921,#929,#437,.T.);
#1143=EDGE_CURVE('',#874,#929,#19,.T.);
#1144=EDGE_CURVE('',#929,#873,#20,.T.);
#1145=EDGE_CURVE('',#902,#920,#438,.T.);
#1146=EDGE_CURVE('',#919,#930,#439,.T.);
#1147=EDGE_CURVE('',#931,#930,#440,.T.);
#1148=EDGE_CURVE('',#903,#931,#441,.T.);
#1149=EDGE_CURVE('',#907,#931,#442,.T.);
#1150=EDGE_CURVE('',#930,#932,#443,.T.);
#1151=EDGE_CURVE('',#932,#933,#444,.T.);
#1152=EDGE_CURVE('',#933,#908,#445,.T.);
#1153=EDGE_CURVE('',#918,#932,#446,.T.);
#1154=EDGE_CURVE('',#917,#933,#447,.T.);
#1155=EDGE_CURVE('',#934,#934,#333,.T.);
#1156=EDGE_CURVE('',#934,#935,#448,.T.);
#1157=EDGE_CURVE('',#935,#935,#334,.T.);
#1158=EDGE_CURVE('',#892,#936,#449,.T.);
#1159=EDGE_CURVE('',#936,#937,#450,.T.);
#1160=EDGE_CURVE('',#937,#893,#451,.T.);
#1161=EDGE_CURVE('',#938,#938,#335,.T.);
#1162=EDGE_CURVE('',#939,#939,#336,.T.);
#1163=EDGE_CURVE('',#940,#940,#337,.T.);
#1164=EDGE_CURVE('',#941,#941,#338,.T.);
#1165=EDGE_CURVE('',#942,#854,#452,.T.);
#1166=EDGE_CURVE('',#942,#943,#453,.T.);
#1167=EDGE_CURVE('',#943,#944,#454,.T.);
#1168=EDGE_CURVE('',#944,#937,#455,.T.);
#1169=EDGE_CURVE('',#856,#936,#456,.T.);
#1170=EDGE_CURVE('',#941,#883,#457,.T.);
#1171=EDGE_CURVE('',#889,#945,#458,.T.);
#1172=EDGE_CURVE('',#945,#891,#459,.T.);
#1173=EDGE_CURVE('',#946,#946,#339,.T.);
#1174=EDGE_CURVE('',#946,#940,#460,.T.);
#1175=EDGE_CURVE('',#947,#947,#340,.T.);
#1176=EDGE_CURVE('',#947,#939,#461,.T.);
#1177=EDGE_CURVE('',#948,#948,#341,.T.);
#1178=EDGE_CURVE('',#948,#922,#462,.T.);
#1179=EDGE_CURVE('',#949,#949,#342,.T.);
#1180=EDGE_CURVE('',#949,#923,#463,.T.);
#1181=EDGE_CURVE('',#880,#950,#464,.T.);
#1182=EDGE_CURVE('',#951,#950,#465,.T.);
#1183=EDGE_CURVE('',#881,#951,#466,.T.);
#1184=EDGE_CURVE('',#952,#953,#467,.T.);
#1185=EDGE_CURVE('',#953,#954,#343,.T.);
#1186=EDGE_CURVE('',#954,#955,#468,.T.);
#1187=EDGE_CURVE('',#955,#956,#344,.T.);
#1188=EDGE_CURVE('',#956,#957,#469,.T.);
#1189=EDGE_CURVE('',#957,#958,#345,.T.);
#1190=EDGE_CURVE('',#958,#959,#470,.T.);
#1191=EDGE_CURVE('',#959,#952,#346,.T.);
#1192=EDGE_CURVE('',#960,#961,#471,.T.);
#1193=EDGE_CURVE('',#960,#962,#472,.T.);
#1194=EDGE_CURVE('',#963,#962,#473,.T.);
#1195=EDGE_CURVE('',#961,#963,#474,.T.);
#1196=EDGE_CURVE('',#964,#965,#347,.T.);
#1197=EDGE_CURVE('',#966,#965,#475,.T.);
#1198=EDGE_CURVE('',#966,#967,#476,.T.);
#1199=EDGE_CURVE('',#962,#967,#477,.T.);
#1200=EDGE_CURVE('',#968,#960,#478,.T.);
#1201=EDGE_CURVE('',#968,#969,#348,.T.);
#1202=EDGE_CURVE('',#969,#970,#479,.T.);
#1203=EDGE_CURVE('',#970,#971,#349,.T.);
#1204=EDGE_CURVE('',#971,#972,#480,.T.);
#1205=EDGE_CURVE('',#972,#973,#350,.T.);
#1206=EDGE_CURVE('',#973,#964,#481,.T.);
#1207=EDGE_CURVE('',#967,#891,#482,.T.);
#1208=EDGE_CURVE('',#945,#966,#483,.T.);
#1209=EDGE_CURVE('',#876,#974,#484,.T.);
#1210=EDGE_CURVE('',#975,#974,#485,.T.);
#1211=EDGE_CURVE('',#877,#975,#486,.T.);
#1212=EDGE_CURVE('',#976,#977,#351,.T.);
#1213=EDGE_CURVE('',#977,#978,#487,.T.);
#1214=EDGE_CURVE('',#978,#979,#352,.T.);
#1215=EDGE_CURVE('',#979,#980,#488,.T.);
#1216=EDGE_CURVE('',#980,#981,#353,.T.);
#1217=EDGE_CURVE('',#981,#982,#489,.T.);
#1218=EDGE_CURVE('',#982,#983,#354,.T.);
#1219=EDGE_CURVE('',#983,#976,#490,.T.);
#1220=EDGE_CURVE('',#984,#904,#491,.T.);
#1221=EDGE_CURVE('',#984,#985,#492,.T.);
#1222=EDGE_CURVE('',#986,#985,#493,.T.);
#1223=EDGE_CURVE('',#909,#986,#494,.T.);
#1224=EDGE_CURVE('',#987,#988,#355,.T.);
#1225=EDGE_CURVE('',#989,#988,#495,.T.);
#1226=EDGE_CURVE('',#989,#990,#496,.T.);
#1227=EDGE_CURVE('',#985,#990,#497,.T.);
#1228=EDGE_CURVE('',#991,#984,#498,.T.);
#1229=EDGE_CURVE('',#991,#992,#356,.T.);
#1230=EDGE_CURVE('',#992,#993,#499,.T.);
#1231=EDGE_CURVE('',#993,#994,#357,.T.);
#1232=EDGE_CURVE('',#994,#995,#500,.T.);
#1233=EDGE_CURVE('',#995,#996,#358,.T.);
#1234=EDGE_CURVE('',#996,#987,#501,.T.);
#1235=EDGE_CURVE('',#997,#989,#502,.T.);
#1236=EDGE_CURVE('',#997,#998,#503,.T.);
#1237=EDGE_CURVE('',#990,#998,#504,.T.);
#1238=EDGE_CURVE('',#878,#999,#505,.T.);
#1239=EDGE_CURVE('',#1000,#975,#506,.T.);
#1240=EDGE_CURVE('',#999,#1000,#507,.T.);
#1241=EDGE_CURVE('',#1001,#1002,#508,.T.);
#1242=EDGE_CURVE('',#1002,#1003,#509,.T.);
#1243=EDGE_CURVE('',#1003,#1004,#510,.T.);
#1244=EDGE_CURVE('',#1004,#1001,#511,.T.);
#1245=EDGE_CURVE('',#950,#1005,#512,.T.);
#1246=EDGE_CURVE('',#1005,#1006,#513,.T.);
#1247=EDGE_CURVE('',#1006,#951,#514,.T.);
#1248=EDGE_CURVE('',#890,#963,#515,.T.);
#1249=EDGE_CURVE('',#974,#1007,#516,.T.);
#1250=EDGE_CURVE('',#1007,#1000,#517,.T.);
#1251=EDGE_CURVE('',#998,#986,#518,.T.);
#1252=EDGE_CURVE('',#1008,#928,#519,.T.);
#1253=EDGE_CURVE('',#1009,#927,#520,.T.);
#1254=EDGE_CURVE('',#1009,#1008,#521,.T.);
#1255=EDGE_CURVE('',#1010,#1010,#359,.T.);
#1256=EDGE_CURVE('',#864,#1008,#522,.T.);
#1257=EDGE_CURVE('',#865,#1009,#523,.T.);
#1258=EDGE_CURVE('',#1011,#1011,#360,.T.);
#1259=EDGE_CURVE('',#1012,#1012,#361,.T.);
#1260=EDGE_CURVE('',#1012,#882,#524,.T.);
#1261=EDGE_CURVE('',#1011,#1010,#525,.T.);
#1262=EDGE_CURVE('',#943,#1013,#526,.T.);
#1263=EDGE_CURVE('',#1013,#1014,#527,.T.);
#1264=EDGE_CURVE('',#1014,#944,#528,.T.);
#1265=EDGE_CURVE('',#1015,#942,#529,.T.);
#1266=EDGE_CURVE('',#1015,#1013,#530,.T.);
#1267=EDGE_CURVE('',#965,#957,#531,.T.);
#1268=EDGE_CURVE('',#968,#956,#532,.T.);
#1269=EDGE_CURVE('',#961,#997,#533,.T.);
#1270=EDGE_CURVE('',#988,#978,#534,.T.);
#1271=EDGE_CURVE('',#991,#977,#535,.T.);
#1272=EDGE_CURVE('',#964,#958,#536,.T.);
#1273=EDGE_CURVE('',#973,#959,#537,.T.);
#1274=EDGE_CURVE('',#972,#952,#538,.T.);
#1275=EDGE_CURVE('',#971,#953,#539,.T.);
#1276=EDGE_CURVE('',#970,#954,#540,.T.);
#1277=EDGE_CURVE('',#969,#955,#541,.T.);
#1278=EDGE_CURVE('',#995,#981,#542,.T.);
#1279=EDGE_CURVE('',#996,#980,#543,.T.);
#1280=EDGE_CURVE('',#994,#982,#544,.T.);
#1281=EDGE_CURVE('',#993,#983,#545,.T.);
#1282=EDGE_CURVE('',#992,#976,#546,.T.);
#1283=EDGE_CURVE('',#987,#979,#547,.T.);
#1284=EDGE_CURVE('',#1016,#1017,#548,.T.);
#1285=EDGE_CURVE('',#1018,#1017,#549,.T.);
#1286=EDGE_CURVE('',#1018,#1019,#550,.T.);
#1287=EDGE_CURVE('',#1019,#1016,#551,.T.);
#1288=EDGE_CURVE('',#1020,#1021,#552,.T.);
#1289=EDGE_CURVE('',#1021,#1022,#553,.T.);
#1290=EDGE_CURVE('',#1022,#1023,#554,.T.);
#1291=EDGE_CURVE('',#1020,#1023,#555,.T.);
#1292=EDGE_CURVE('',#1017,#1020,#556,.T.);
#1293=EDGE_CURVE('',#1021,#1016,#557,.T.);
#1294=EDGE_CURVE('',#1022,#1019,#558,.T.);
#1295=EDGE_CURVE('',#1023,#1018,#559,.T.);
#1296=EDGE_CURVE('',#1002,#1024,#560,.T.);
#1297=EDGE_CURVE('',#1024,#1025,#561,.T.);
#1298=EDGE_CURVE('',#1025,#1003,#562,.T.);
#1299=EDGE_CURVE('',#1001,#1026,#563,.T.);
#1300=EDGE_CURVE('',#1027,#1004,#564,.T.);
#1301=EDGE_CURVE('',#1026,#1027,#565,.T.);
#1302=EDGE_CURVE('',#1026,#1024,#566,.T.);
#1303=EDGE_CURVE('',#1027,#1025,#567,.T.);
#1304=EDGE_CURVE('',#1028,#1029,#568,.T.);
#1305=EDGE_CURVE('',#1029,#1030,#569,.T.);
#1306=EDGE_CURVE('',#1030,#1031,#570,.T.);
#1307=EDGE_CURVE('',#1028,#1031,#571,.T.);
#1308=EDGE_CURVE('',#1032,#1033,#572,.T.);
#1309=EDGE_CURVE('',#1034,#1032,#573,.T.);
#1310=EDGE_CURVE('',#1035,#1034,#574,.T.);
#1311=EDGE_CURVE('',#1033,#1035,#575,.T.);
#1312=EDGE_CURVE('',#1033,#1029,#576,.T.);
#1313=EDGE_CURVE('',#1032,#1028,#577,.T.);
#1314=EDGE_CURVE('',#1035,#1030,#578,.T.);
#1315=EDGE_CURVE('',#1031,#1034,#579,.T.);
#1316=EDGE_CURVE('',#1036,#1037,#580,.T.);
#1317=EDGE_CURVE('',#1038,#1037,#581,.T.);
#1318=EDGE_CURVE('',#1038,#1039,#582,.T.);
#1319=EDGE_CURVE('',#1039,#1036,#583,.T.);
#1320=EDGE_CURVE('',#1040,#1041,#584,.T.);
#1321=EDGE_CURVE('',#1042,#1041,#585,.T.);
#1322=EDGE_CURVE('',#1042,#1043,#586,.T.);
#1323=EDGE_CURVE('',#1040,#1043,#587,.T.);
#1324=EDGE_CURVE('',#1037,#1040,#588,.T.);
#1325=EDGE_CURVE('',#1041,#1036,#589,.T.);
#1326=EDGE_CURVE('',#1042,#1039,#590,.T.);
#1327=EDGE_CURVE('',#1043,#1038,#591,.T.);
#1328=EDGE_CURVE('',#938,#1044,#592,.T.);
#1329=EDGE_CURVE('',#1044,#1044,#21,.T.);
#1330=EDGE_CURVE('',#872,#1045,#593,.T.);
#1331=EDGE_CURVE('',#1045,#910,#594,.T.);
#1332=EDGE_CURVE('',#1046,#1047,#595,.T.);
#1333=EDGE_CURVE('',#1046,#1006,#596,.T.);
#1334=EDGE_CURVE('',#1048,#1005,#597,.T.);
#1335=EDGE_CURVE('',#999,#1048,#598,.T.);
#1336=EDGE_CURVE('',#1049,#1007,#599,.T.);
#1337=EDGE_CURVE('',#1045,#1049,#600,.T.);
#1338=EDGE_CURVE('',#1047,#1014,#601,.T.);
#1339=EDGE_CURVE('',#1049,#875,#602,.T.);
#1340=EDGE_CURVE('',#924,#1050,#603,.T.);
#1341=EDGE_CURVE('',#868,#1050,#22,.T.);
#1342=EDGE_CURVE('',#1050,#867,#23,.T.);
#1343=EDGE_CURVE('',#866,#926,#604,.T.);
#1344=EDGE_CURVE('',#1048,#879,#605,.T.);
#1345=EDGE_CURVE('',#855,#1046,#606,.T.);
#1346=EDGE_CURVE('',#1047,#1015,#607,.T.);
#1347=ORIENTED_EDGE('',*,*,#1051,.F.);
#1348=ORIENTED_EDGE('',*,*,#1052,.T.);
#1349=ORIENTED_EDGE('',*,*,#1053,.F.);
#1350=ORIENTED_EDGE('',*,*,#1054,.F.);
#1351=ORIENTED_EDGE('',*,*,#1055,.T.);
#1352=ORIENTED_EDGE('',*,*,#1056,.F.);
#1353=ORIENTED_EDGE('',*,*,#1057,.F.);
#1354=ORIENTED_EDGE('',*,*,#1058,.F.);
#1355=ORIENTED_EDGE('',*,*,#1059,.F.);
#1356=ORIENTED_EDGE('',*,*,#1060,.F.);
#1357=ORIENTED_EDGE('',*,*,#1061,.F.);
#1358=ORIENTED_EDGE('',*,*,#1062,.T.);
#1359=ORIENTED_EDGE('',*,*,#1063,.F.);
#1360=ORIENTED_EDGE('',*,*,#1064,.F.);
#1361=ORIENTED_EDGE('',*,*,#1065,.F.);
#1362=ORIENTED_EDGE('',*,*,#1066,.F.);
#1363=ORIENTED_EDGE('',*,*,#1067,.F.);
#1364=ORIENTED_EDGE('',*,*,#1068,.F.);
#1365=ORIENTED_EDGE('',*,*,#1069,.F.);
#1366=ORIENTED_EDGE('',*,*,#1070,.F.);
#1367=ORIENTED_EDGE('',*,*,#1071,.F.);
#1368=ORIENTED_EDGE('',*,*,#1072,.F.);
#1369=ORIENTED_EDGE('',*,*,#1073,.F.);
#1370=ORIENTED_EDGE('',*,*,#1074,.F.);
#1371=ORIENTED_EDGE('',*,*,#1075,.F.);
#1372=ORIENTED_EDGE('',*,*,#1076,.F.);
#1373=ORIENTED_EDGE('',*,*,#1077,.F.);
#1374=ORIENTED_EDGE('',*,*,#1078,.F.);
#1375=ORIENTED_EDGE('',*,*,#1079,.F.);
#1376=ORIENTED_EDGE('',*,*,#1080,.F.);
#1377=ORIENTED_EDGE('',*,*,#1081,.F.);
#1378=ORIENTED_EDGE('',*,*,#1082,.F.);
#1379=ORIENTED_EDGE('',*,*,#1056,.T.);
#1380=ORIENTED_EDGE('',*,*,#1083,.T.);
#1381=ORIENTED_EDGE('',*,*,#1084,.F.);
#1382=ORIENTED_EDGE('',*,*,#1085,.F.);
#1383=ORIENTED_EDGE('',*,*,#1055,.F.);
#1384=ORIENTED_EDGE('',*,*,#1086,.T.);
#1385=ORIENTED_EDGE('',*,*,#1087,.F.);
#1386=ORIENTED_EDGE('',*,*,#1083,.F.);
#1387=ORIENTED_EDGE('',*,*,#1054,.T.);
#1388=ORIENTED_EDGE('',*,*,#1088,.T.);
#1389=ORIENTED_EDGE('',*,*,#1089,.F.);
#1390=ORIENTED_EDGE('',*,*,#1086,.F.);
#1391=ORIENTED_EDGE('',*,*,#1090,.T.);
#1392=ORIENTED_EDGE('',*,*,#1091,.T.);
#1393=ORIENTED_EDGE('',*,*,#1092,.F.);
#1394=ORIENTED_EDGE('',*,*,#1093,.F.);
#1395=ORIENTED_EDGE('',*,*,#1094,.T.);
#1396=ORIENTED_EDGE('',*,*,#1095,.T.);
#1397=ORIENTED_EDGE('',*,*,#1095,.F.);
#1398=ORIENTED_EDGE('',*,*,#1096,.T.);
#1399=ORIENTED_EDGE('',*,*,#1082,.T.);
#1400=ORIENTED_EDGE('',*,*,#1096,.F.);
#1401=ORIENTED_EDGE('',*,*,#1094,.F.);
#1402=ORIENTED_EDGE('',*,*,#1097,.T.);
#1403=ORIENTED_EDGE('',*,*,#1098,.F.);
#1404=ORIENTED_EDGE('',*,*,#1097,.F.);
#1405=ORIENTED_EDGE('',*,*,#1099,.T.);
#1406=ORIENTED_EDGE('',*,*,#1100,.T.);
#1407=ORIENTED_EDGE('',*,*,#1100,.F.);
#1408=ORIENTED_EDGE('',*,*,#1101,.T.);
#1409=ORIENTED_EDGE('',*,*,#1081,.T.);
#1410=ORIENTED_EDGE('',*,*,#1101,.F.);
#1411=ORIENTED_EDGE('',*,*,#1099,.F.);
#1412=ORIENTED_EDGE('',*,*,#1102,.T.);
#1413=ORIENTED_EDGE('',*,*,#1103,.F.);
#1414=ORIENTED_EDGE('',*,*,#1102,.F.);
#1415=ORIENTED_EDGE('',*,*,#1104,.T.);
#1416=ORIENTED_EDGE('',*,*,#1105,.T.);
#1417=ORIENTED_EDGE('',*,*,#1106,.T.);
#1418=ORIENTED_EDGE('',*,*,#1107,.T.);
#1419=ORIENTED_EDGE('',*,*,#1057,.T.);
#1420=ORIENTED_EDGE('',*,*,#1085,.T.);
#1421=ORIENTED_EDGE('',*,*,#1108,.F.);
#1422=ORIENTED_EDGE('',*,*,#1109,.T.);
#1423=ORIENTED_EDGE('',*,*,#1110,.F.);
#1424=ORIENTED_EDGE('',*,*,#1111,.F.);
#1425=ORIENTED_EDGE('',*,*,#1104,.F.);
#1426=ORIENTED_EDGE('',*,*,#1112,.T.);
#1427=ORIENTED_EDGE('',*,*,#1113,.F.);
#1428=ORIENTED_EDGE('',*,*,#1114,.F.);
#1429=ORIENTED_EDGE('',*,*,#1110,.T.);
#1430=ORIENTED_EDGE('',*,*,#1115,.T.);
#1431=ORIENTED_EDGE('',*,*,#1116,.T.);
#1432=ORIENTED_EDGE('',*,*,#1117,.T.);
#1433=ORIENTED_EDGE('',*,*,#1118,.T.);
#1434=ORIENTED_EDGE('',*,*,#1119,.T.);
#1435=ORIENTED_EDGE('',*,*,#1120,.T.);
#1436=ORIENTED_EDGE('',*,*,#1121,.T.);
#1437=ORIENTED_EDGE('',*,*,#1122,.T.);
#1438=ORIENTED_EDGE('',*,*,#1123,.T.);
#1439=ORIENTED_EDGE('',*,*,#1124,.T.);
#1440=ORIENTED_EDGE('',*,*,#1125,.T.);
#1441=ORIENTED_EDGE('',*,*,#1126,.T.);
#1442=ORIENTED_EDGE('',*,*,#1127,.T.);
#1443=ORIENTED_EDGE('',*,*,#1128,.T.);
#1444=ORIENTED_EDGE('',*,*,#1129,.T.);
#1445=ORIENTED_EDGE('',*,*,#1130,.T.);
#1446=ORIENTED_EDGE('',*,*,#1131,.T.);
#1447=ORIENTED_EDGE('',*,*,#1067,.T.);
#1448=ORIENTED_EDGE('',*,*,#1132,.T.);
#1449=ORIENTED_EDGE('',*,*,#1118,.F.);
#1450=ORIENTED_EDGE('',*,*,#1133,.F.);
#1451=ORIENTED_EDGE('',*,*,#1134,.F.);
#1452=ORIENTED_EDGE('',*,*,#1135,.T.);
#1453=ORIENTED_EDGE('',*,*,#1119,.F.);
#1454=ORIENTED_EDGE('',*,*,#1132,.F.);
#1455=ORIENTED_EDGE('',*,*,#1066,.T.);
#1456=ORIENTED_EDGE('',*,*,#1136,.F.);
#1457=ORIENTED_EDGE('',*,*,#1137,.T.);
#1458=ORIENTED_EDGE('',*,*,#1120,.F.);
#1459=ORIENTED_EDGE('',*,*,#1135,.F.);
#1460=ORIENTED_EDGE('',*,*,#1059,.T.);
#1461=ORIENTED_EDGE('',*,*,#1138,.T.);
#1462=ORIENTED_EDGE('',*,*,#1122,.F.);
#1463=ORIENTED_EDGE('',*,*,#1139,.F.);
#1464=ORIENTED_EDGE('',*,*,#1140,.F.);
#1465=ORIENTED_EDGE('',*,*,#1141,.F.);
#1466=ORIENTED_EDGE('',*,*,#1128,.F.);
#1467=ORIENTED_EDGE('',*,*,#1142,.T.);
#1468=ORIENTED_EDGE('',*,*,#1143,.F.);
#1469=ORIENTED_EDGE('',*,*,#1070,.T.);
#1470=ORIENTED_EDGE('',*,*,#1144,.F.);
#1471=ORIENTED_EDGE('',*,*,#1142,.F.);
#1472=ORIENTED_EDGE('',*,*,#1105,.F.);
#1473=ORIENTED_EDGE('',*,*,#1111,.T.);
#1474=ORIENTED_EDGE('',*,*,#1127,.F.);
#1475=ORIENTED_EDGE('',*,*,#1145,.F.);
#1476=ORIENTED_EDGE('',*,*,#1106,.F.);
#1477=ORIENTED_EDGE('',*,*,#1145,.T.);
#1478=ORIENTED_EDGE('',*,*,#1126,.F.);
#1479=ORIENTED_EDGE('',*,*,#1146,.T.);
#1480=ORIENTED_EDGE('',*,*,#1147,.F.);
#1481=ORIENTED_EDGE('',*,*,#1148,.F.);
#1482=ORIENTED_EDGE('',*,*,#1113,.T.);
#1483=ORIENTED_EDGE('',*,*,#1149,.T.);
#1484=ORIENTED_EDGE('',*,*,#1147,.T.);
#1485=ORIENTED_EDGE('',*,*,#1150,.T.);
#1486=ORIENTED_EDGE('',*,*,#1151,.T.);
#1487=ORIENTED_EDGE('',*,*,#1152,.T.);
#1488=ORIENTED_EDGE('',*,*,#1107,.F.);
#1489=ORIENTED_EDGE('',*,*,#1148,.T.);
#1490=ORIENTED_EDGE('',*,*,#1149,.F.);
#1491=ORIENTED_EDGE('',*,*,#1112,.F.);
#1492=ORIENTED_EDGE('',*,*,#1125,.F.);
#1493=ORIENTED_EDGE('',*,*,#1153,.T.);
#1494=ORIENTED_EDGE('',*,*,#1150,.F.);
#1495=ORIENTED_EDGE('',*,*,#1146,.F.);
#1496=ORIENTED_EDGE('',*,*,#1124,.F.);
#1497=ORIENTED_EDGE('',*,*,#1154,.T.);
#1498=ORIENTED_EDGE('',*,*,#1151,.F.);
#1499=ORIENTED_EDGE('',*,*,#1153,.F.);
#1500=ORIENTED_EDGE('',*,*,#1138,.F.);
#1501=ORIENTED_EDGE('',*,*,#1058,.T.);
#1502=ORIENTED_EDGE('',*,*,#1114,.T.);
#1503=ORIENTED_EDGE('',*,*,#1152,.F.);
#1504=ORIENTED_EDGE('',*,*,#1154,.F.);
#1505=ORIENTED_EDGE('',*,*,#1123,.F.);
#1506=ORIENTED_EDGE('',*,*,#1155,.T.);
#1507=ORIENTED_EDGE('',*,*,#1155,.F.);
#1508=ORIENTED_EDGE('',*,*,#1156,.T.);
#1509=ORIENTED_EDGE('',*,*,#1157,.F.);
#1510=ORIENTED_EDGE('',*,*,#1156,.F.);
#1511=ORIENTED_EDGE('',*,*,#1092,.T.);
#1512=ORIENTED_EDGE('',*,*,#1158,.T.);
#1513=ORIENTED_EDGE('',*,*,#1159,.T.);
#1514=ORIENTED_EDGE('',*,*,#1160,.T.);
#1515=ORIENTED_EDGE('',*,*,#1161,.T.);
#1516=ORIENTED_EDGE('',*,*,#1162,.T.);
#1517=ORIENTED_EDGE('',*,*,#1163,.T.);
#1518=ORIENTED_EDGE('',*,*,#1164,.T.);
#1519=ORIENTED_EDGE('',*,*,#1165,.F.);
#1520=ORIENTED_EDGE('',*,*,#1166,.T.);
#1521=ORIENTED_EDGE('',*,*,#1167,.T.);
#1522=ORIENTED_EDGE('',*,*,#1168,.T.);
#1523=ORIENTED_EDGE('',*,*,#1159,.F.);
#1524=ORIENTED_EDGE('',*,*,#1169,.F.);
#1525=ORIENTED_EDGE('',*,*,#1052,.F.);
#1526=ORIENTED_EDGE('',*,*,#1164,.F.);
#1527=ORIENTED_EDGE('',*,*,#1170,.T.);
#1528=ORIENTED_EDGE('',*,*,#1080,.T.);
#1529=ORIENTED_EDGE('',*,*,#1170,.F.);
#1530=ORIENTED_EDGE('',*,*,#1171,.F.);
#1531=ORIENTED_EDGE('',*,*,#1088,.F.);
#1532=ORIENTED_EDGE('',*,*,#1053,.T.);
#1533=ORIENTED_EDGE('',*,*,#1169,.T.);
#1534=ORIENTED_EDGE('',*,*,#1158,.F.);
#1535=ORIENTED_EDGE('',*,*,#1091,.F.);
#1536=ORIENTED_EDGE('',*,*,#1172,.F.);
#1537=ORIENTED_EDGE('',*,*,#1173,.T.);
#1538=ORIENTED_EDGE('',*,*,#1173,.F.);
#1539=ORIENTED_EDGE('',*,*,#1174,.T.);
#1540=ORIENTED_EDGE('',*,*,#1163,.F.);
#1541=ORIENTED_EDGE('',*,*,#1174,.F.);
#1542=ORIENTED_EDGE('',*,*,#1175,.T.);
#1543=ORIENTED_EDGE('',*,*,#1175,.F.);
#1544=ORIENTED_EDGE('',*,*,#1176,.T.);
#1545=ORIENTED_EDGE('',*,*,#1162,.F.);
#1546=ORIENTED_EDGE('',*,*,#1176,.F.);
#1547=ORIENTED_EDGE('',*,*,#1177,.T.);
#1548=ORIENTED_EDGE('',*,*,#1177,.F.);
#1549=ORIENTED_EDGE('',*,*,#1178,.T.);
#1550=ORIENTED_EDGE('',*,*,#1129,.F.);
#1551=ORIENTED_EDGE('',*,*,#1178,.F.);
#1552=ORIENTED_EDGE('',*,*,#1179,.T.);
#1553=ORIENTED_EDGE('',*,*,#1179,.F.);
#1554=ORIENTED_EDGE('',*,*,#1180,.T.);
#1555=ORIENTED_EDGE('',*,*,#1130,.F.);
#1556=ORIENTED_EDGE('',*,*,#1180,.F.);
#1557=ORIENTED_EDGE('',*,*,#1077,.T.);
#1558=ORIENTED_EDGE('',*,*,#1181,.T.);
#1559=ORIENTED_EDGE('',*,*,#1182,.F.);
#1560=ORIENTED_EDGE('',*,*,#1183,.F.);
#1561=ORIENTED_EDGE('',*,*,#1184,.T.);
#1562=ORIENTED_EDGE('',*,*,#1185,.T.);
#1563=ORIENTED_EDGE('',*,*,#1186,.T.);
#1564=ORIENTED_EDGE('',*,*,#1187,.T.);
#1565=ORIENTED_EDGE('',*,*,#1188,.T.);
#1566=ORIENTED_EDGE('',*,*,#1189,.T.);
#1567=ORIENTED_EDGE('',*,*,#1190,.T.);
#1568=ORIENTED_EDGE('',*,*,#1191,.T.);
#1569=ORIENTED_EDGE('',*,*,#1192,.F.);
#1570=ORIENTED_EDGE('',*,*,#1193,.T.);
#1571=ORIENTED_EDGE('',*,*,#1194,.F.);
#1572=ORIENTED_EDGE('',*,*,#1195,.F.);
#1573=ORIENTED_EDGE('',*,*,#1196,.T.);
#1574=ORIENTED_EDGE('',*,*,#1197,.F.);
#1575=ORIENTED_EDGE('',*,*,#1198,.T.);
#1576=ORIENTED_EDGE('',*,*,#1199,.F.);
#1577=ORIENTED_EDGE('',*,*,#1193,.F.);
#1578=ORIENTED_EDGE('',*,*,#1200,.F.);
#1579=ORIENTED_EDGE('',*,*,#1201,.T.);
#1580=ORIENTED_EDGE('',*,*,#1202,.T.);
#1581=ORIENTED_EDGE('',*,*,#1203,.T.);
#1582=ORIENTED_EDGE('',*,*,#1204,.T.);
#1583=ORIENTED_EDGE('',*,*,#1205,.T.);
#1584=ORIENTED_EDGE('',*,*,#1206,.T.);
#1585=ORIENTED_EDGE('',*,*,#1172,.T.);
#1586=ORIENTED_EDGE('',*,*,#1207,.F.);
#1587=ORIENTED_EDGE('',*,*,#1198,.F.);
#1588=ORIENTED_EDGE('',*,*,#1208,.F.);
#1589=ORIENTED_EDGE('',*,*,#1073,.T.);
#1590=ORIENTED_EDGE('',*,*,#1209,.T.);
#1591=ORIENTED_EDGE('',*,*,#1210,.F.);
#1592=ORIENTED_EDGE('',*,*,#1211,.F.);
#1593=ORIENTED_EDGE('',*,*,#1212,.T.);
#1594=ORIENTED_EDGE('',*,*,#1213,.T.);
#1595=ORIENTED_EDGE('',*,*,#1214,.T.);
#1596=ORIENTED_EDGE('',*,*,#1215,.T.);
#1597=ORIENTED_EDGE('',*,*,#1216,.T.);
#1598=ORIENTED_EDGE('',*,*,#1217,.T.);
#1599=ORIENTED_EDGE('',*,*,#1218,.T.);
#1600=ORIENTED_EDGE('',*,*,#1219,.T.);
#1601=ORIENTED_EDGE('',*,*,#1220,.F.);
#1602=ORIENTED_EDGE('',*,*,#1221,.T.);
#1603=ORIENTED_EDGE('',*,*,#1222,.F.);
#1604=ORIENTED_EDGE('',*,*,#1223,.F.);
#1605=ORIENTED_EDGE('',*,*,#1115,.F.);
#1606=ORIENTED_EDGE('',*,*,#1109,.F.);
#1607=ORIENTED_EDGE('',*,*,#1224,.T.);
#1608=ORIENTED_EDGE('',*,*,#1225,.F.);
#1609=ORIENTED_EDGE('',*,*,#1226,.T.);
#1610=ORIENTED_EDGE('',*,*,#1227,.F.);
#1611=ORIENTED_EDGE('',*,*,#1221,.F.);
#1612=ORIENTED_EDGE('',*,*,#1228,.F.);
#1613=ORIENTED_EDGE('',*,*,#1229,.T.);
#1614=ORIENTED_EDGE('',*,*,#1230,.T.);
#1615=ORIENTED_EDGE('',*,*,#1231,.T.);
#1616=ORIENTED_EDGE('',*,*,#1232,.T.);
#1617=ORIENTED_EDGE('',*,*,#1233,.T.);
#1618=ORIENTED_EDGE('',*,*,#1234,.T.);
#1619=ORIENTED_EDGE('',*,*,#1235,.F.);
#1620=ORIENTED_EDGE('',*,*,#1236,.T.);
#1621=ORIENTED_EDGE('',*,*,#1237,.F.);
#1622=ORIENTED_EDGE('',*,*,#1226,.F.);
#1623=ORIENTED_EDGE('',*,*,#1238,.F.);
#1624=ORIENTED_EDGE('',*,*,#1074,.T.);
#1625=ORIENTED_EDGE('',*,*,#1211,.T.);
#1626=ORIENTED_EDGE('',*,*,#1239,.F.);
#1627=ORIENTED_EDGE('',*,*,#1240,.F.);
#1628=ORIENTED_EDGE('',*,*,#1241,.T.);
#1629=ORIENTED_EDGE('',*,*,#1242,.T.);
#1630=ORIENTED_EDGE('',*,*,#1243,.T.);
#1631=ORIENTED_EDGE('',*,*,#1244,.T.);
#1632=ORIENTED_EDGE('',*,*,#1245,.T.);
#1633=ORIENTED_EDGE('',*,*,#1246,.T.);
#1634=ORIENTED_EDGE('',*,*,#1247,.T.);
#1635=ORIENTED_EDGE('',*,*,#1182,.T.);
#1636=ORIENTED_EDGE('',*,*,#1207,.T.);
#1637=ORIENTED_EDGE('',*,*,#1090,.F.);
#1638=ORIENTED_EDGE('',*,*,#1248,.T.);
#1639=ORIENTED_EDGE('',*,*,#1194,.T.);
#1640=ORIENTED_EDGE('',*,*,#1199,.T.);
#1641=ORIENTED_EDGE('',*,*,#1249,.T.);
#1642=ORIENTED_EDGE('',*,*,#1250,.T.);
#1643=ORIENTED_EDGE('',*,*,#1239,.T.);
#1644=ORIENTED_EDGE('',*,*,#1210,.T.);
#1645=ORIENTED_EDGE('',*,*,#1237,.T.);
#1646=ORIENTED_EDGE('',*,*,#1251,.T.);
#1647=ORIENTED_EDGE('',*,*,#1222,.T.);
#1648=ORIENTED_EDGE('',*,*,#1227,.T.);
#1649=ORIENTED_EDGE('',*,*,#1252,.T.);
#1650=ORIENTED_EDGE('',*,*,#1140,.T.);
#1651=ORIENTED_EDGE('',*,*,#1253,.F.);
#1652=ORIENTED_EDGE('',*,*,#1254,.T.);
#1653=ORIENTED_EDGE('',*,*,#1255,.T.);
#1654=ORIENTED_EDGE('',*,*,#1060,.T.);
#1655=ORIENTED_EDGE('',*,*,#1141,.T.);
#1656=ORIENTED_EDGE('',*,*,#1252,.F.);
#1657=ORIENTED_EDGE('',*,*,#1256,.F.);
#1658=ORIENTED_EDGE('',*,*,#1061,.T.);
#1659=ORIENTED_EDGE('',*,*,#1256,.T.);
#1660=ORIENTED_EDGE('',*,*,#1254,.F.);
#1661=ORIENTED_EDGE('',*,*,#1257,.F.);
#1662=ORIENTED_EDGE('',*,*,#1258,.T.);
#1663=ORIENTED_EDGE('',*,*,#1259,.T.);
#1664=ORIENTED_EDGE('',*,*,#1259,.F.);
#1665=ORIENTED_EDGE('',*,*,#1260,.T.);
#1666=ORIENTED_EDGE('',*,*,#1079,.T.);
#1667=ORIENTED_EDGE('',*,*,#1260,.F.);
#1668=ORIENTED_EDGE('',*,*,#1258,.F.);
#1669=ORIENTED_EDGE('',*,*,#1261,.T.);
#1670=ORIENTED_EDGE('',*,*,#1255,.F.);
#1671=ORIENTED_EDGE('',*,*,#1261,.F.);
#1672=ORIENTED_EDGE('',*,*,#1167,.F.);
#1673=ORIENTED_EDGE('',*,*,#1262,.T.);
#1674=ORIENTED_EDGE('',*,*,#1263,.T.);
#1675=ORIENTED_EDGE('',*,*,#1264,.T.);
#1676=ORIENTED_EDGE('',*,*,#1265,.F.);
#1677=ORIENTED_EDGE('',*,*,#1266,.T.);
#1678=ORIENTED_EDGE('',*,*,#1262,.F.);
#1679=ORIENTED_EDGE('',*,*,#1166,.F.);
#1680=ORIENTED_EDGE('',*,*,#1228,.T.);
#1681=ORIENTED_EDGE('',*,*,#1220,.T.);
#1682=ORIENTED_EDGE('',*,*,#1108,.T.);
#1683=ORIENTED_EDGE('',*,*,#1084,.T.);
#1684=ORIENTED_EDGE('',*,*,#1087,.T.);
#1685=ORIENTED_EDGE('',*,*,#1089,.T.);
#1686=ORIENTED_EDGE('',*,*,#1171,.T.);
#1687=ORIENTED_EDGE('',*,*,#1208,.T.);
#1688=ORIENTED_EDGE('',*,*,#1197,.T.);
#1689=ORIENTED_EDGE('',*,*,#1267,.T.);
#1690=ORIENTED_EDGE('',*,*,#1188,.F.);
#1691=ORIENTED_EDGE('',*,*,#1268,.F.);
#1692=ORIENTED_EDGE('',*,*,#1200,.T.);
#1693=ORIENTED_EDGE('',*,*,#1192,.T.);
#1694=ORIENTED_EDGE('',*,*,#1269,.T.);
#1695=ORIENTED_EDGE('',*,*,#1235,.T.);
#1696=ORIENTED_EDGE('',*,*,#1225,.T.);
#1697=ORIENTED_EDGE('',*,*,#1270,.T.);
#1698=ORIENTED_EDGE('',*,*,#1213,.F.);
#1699=ORIENTED_EDGE('',*,*,#1271,.F.);
#1700=ORIENTED_EDGE('',*,*,#1157,.T.);
#1701=ORIENTED_EDGE('',*,*,#1098,.T.);
#1702=ORIENTED_EDGE('',*,*,#1103,.T.);
#1703=ORIENTED_EDGE('',*,*,#1196,.F.);
#1704=ORIENTED_EDGE('',*,*,#1272,.T.);
#1705=ORIENTED_EDGE('',*,*,#1189,.F.);
#1706=ORIENTED_EDGE('',*,*,#1267,.F.);
#1707=ORIENTED_EDGE('',*,*,#1206,.F.);
#1708=ORIENTED_EDGE('',*,*,#1273,.T.);
#1709=ORIENTED_EDGE('',*,*,#1190,.F.);
#1710=ORIENTED_EDGE('',*,*,#1272,.F.);
#1711=ORIENTED_EDGE('',*,*,#1205,.F.);
#1712=ORIENTED_EDGE('',*,*,#1274,.T.);
#1713=ORIENTED_EDGE('',*,*,#1191,.F.);
#1714=ORIENTED_EDGE('',*,*,#1273,.F.);
#1715=ORIENTED_EDGE('',*,*,#1204,.F.);
#1716=ORIENTED_EDGE('',*,*,#1275,.T.);
#1717=ORIENTED_EDGE('',*,*,#1184,.F.);
#1718=ORIENTED_EDGE('',*,*,#1274,.F.);
#1719=ORIENTED_EDGE('',*,*,#1203,.F.);
#1720=ORIENTED_EDGE('',*,*,#1276,.T.);
#1721=ORIENTED_EDGE('',*,*,#1185,.F.);
#1722=ORIENTED_EDGE('',*,*,#1275,.F.);
#1723=ORIENTED_EDGE('',*,*,#1202,.F.);
#1724=ORIENTED_EDGE('',*,*,#1277,.T.);
#1725=ORIENTED_EDGE('',*,*,#1186,.F.);
#1726=ORIENTED_EDGE('',*,*,#1276,.F.);
#1727=ORIENTED_EDGE('',*,*,#1201,.F.);
#1728=ORIENTED_EDGE('',*,*,#1268,.T.);
#1729=ORIENTED_EDGE('',*,*,#1187,.F.);
#1730=ORIENTED_EDGE('',*,*,#1277,.F.);
#1731=ORIENTED_EDGE('',*,*,#1233,.F.);
#1732=ORIENTED_EDGE('',*,*,#1278,.T.);
#1733=ORIENTED_EDGE('',*,*,#1216,.F.);
#1734=ORIENTED_EDGE('',*,*,#1279,.F.);
#1735=ORIENTED_EDGE('',*,*,#1232,.F.);
#1736=ORIENTED_EDGE('',*,*,#1280,.T.);
#1737=ORIENTED_EDGE('',*,*,#1217,.F.);
#1738=ORIENTED_EDGE('',*,*,#1278,.F.);
#1739=ORIENTED_EDGE('',*,*,#1231,.F.);
#1740=ORIENTED_EDGE('',*,*,#1281,.T.);
#1741=ORIENTED_EDGE('',*,*,#1218,.F.);
#1742=ORIENTED_EDGE('',*,*,#1280,.F.);
#1743=ORIENTED_EDGE('',*,*,#1230,.F.);
#1744=ORIENTED_EDGE('',*,*,#1282,.T.);
#1745=ORIENTED_EDGE('',*,*,#1219,.F.);
#1746=ORIENTED_EDGE('',*,*,#1281,.F.);
#1747=ORIENTED_EDGE('',*,*,#1229,.F.);
#1748=ORIENTED_EDGE('',*,*,#1271,.T.);
#1749=ORIENTED_EDGE('',*,*,#1212,.F.);
#1750=ORIENTED_EDGE('',*,*,#1282,.F.);
#1751=ORIENTED_EDGE('',*,*,#1224,.F.);
#1752=ORIENTED_EDGE('',*,*,#1283,.T.);
#1753=ORIENTED_EDGE('',*,*,#1214,.F.);
#1754=ORIENTED_EDGE('',*,*,#1270,.F.);
#1755=ORIENTED_EDGE('',*,*,#1234,.F.);
#1756=ORIENTED_EDGE('',*,*,#1279,.T.);
#1757=ORIENTED_EDGE('',*,*,#1215,.F.);
#1758=ORIENTED_EDGE('',*,*,#1283,.F.);
#1759=ORIENTED_EDGE('',*,*,#1284,.T.);
#1760=ORIENTED_EDGE('',*,*,#1285,.F.);
#1761=ORIENTED_EDGE('',*,*,#1286,.T.);
#1762=ORIENTED_EDGE('',*,*,#1287,.T.);
#1763=ORIENTED_EDGE('',*,*,#1288,.T.);
#1764=ORIENTED_EDGE('',*,*,#1289,.T.);
#1765=ORIENTED_EDGE('',*,*,#1290,.T.);
#1766=ORIENTED_EDGE('',*,*,#1291,.F.);
#1767=ORIENTED_EDGE('',*,*,#1288,.F.);
#1768=ORIENTED_EDGE('',*,*,#1292,.F.);
#1769=ORIENTED_EDGE('',*,*,#1284,.F.);
#1770=ORIENTED_EDGE('',*,*,#1293,.F.);
#1771=ORIENTED_EDGE('',*,*,#1290,.F.);
#1772=ORIENTED_EDGE('',*,*,#1294,.T.);
#1773=ORIENTED_EDGE('',*,*,#1286,.F.);
#1774=ORIENTED_EDGE('',*,*,#1295,.F.);
#1775=ORIENTED_EDGE('',*,*,#1289,.F.);
#1776=ORIENTED_EDGE('',*,*,#1293,.T.);
#1777=ORIENTED_EDGE('',*,*,#1287,.F.);
#1778=ORIENTED_EDGE('',*,*,#1294,.F.);
#1779=ORIENTED_EDGE('',*,*,#1296,.T.);
#1780=ORIENTED_EDGE('',*,*,#1297,.T.);
#1781=ORIENTED_EDGE('',*,*,#1298,.T.);
#1782=ORIENTED_EDGE('',*,*,#1242,.F.);
#1783=ORIENTED_EDGE('',*,*,#1299,.F.);
#1784=ORIENTED_EDGE('',*,*,#1244,.F.);
#1785=ORIENTED_EDGE('',*,*,#1300,.F.);
#1786=ORIENTED_EDGE('',*,*,#1301,.F.);
#1787=ORIENTED_EDGE('',*,*,#1299,.T.);
#1788=ORIENTED_EDGE('',*,*,#1302,.T.);
#1789=ORIENTED_EDGE('',*,*,#1296,.F.);
#1790=ORIENTED_EDGE('',*,*,#1241,.F.);
#1791=ORIENTED_EDGE('',*,*,#1301,.T.);
#1792=ORIENTED_EDGE('',*,*,#1303,.T.);
#1793=ORIENTED_EDGE('',*,*,#1297,.F.);
#1794=ORIENTED_EDGE('',*,*,#1302,.F.);
#1795=ORIENTED_EDGE('',*,*,#1300,.T.);
#1796=ORIENTED_EDGE('',*,*,#1243,.F.);
#1797=ORIENTED_EDGE('',*,*,#1298,.F.);
#1798=ORIENTED_EDGE('',*,*,#1303,.F.);
#1799=ORIENTED_EDGE('',*,*,#1304,.T.);
#1800=ORIENTED_EDGE('',*,*,#1305,.T.);
#1801=ORIENTED_EDGE('',*,*,#1306,.T.);
#1802=ORIENTED_EDGE('',*,*,#1307,.F.);
#1803=ORIENTED_EDGE('',*,*,#1308,.F.);
#1804=ORIENTED_EDGE('',*,*,#1309,.F.);
#1805=ORIENTED_EDGE('',*,*,#1310,.F.);
#1806=ORIENTED_EDGE('',*,*,#1311,.F.);
#1807=ORIENTED_EDGE('',*,*,#1308,.T.);
#1808=ORIENTED_EDGE('',*,*,#1312,.T.);
#1809=ORIENTED_EDGE('',*,*,#1304,.F.);
#1810=ORIENTED_EDGE('',*,*,#1313,.F.);
#1811=ORIENTED_EDGE('',*,*,#1311,.T.);
#1812=ORIENTED_EDGE('',*,*,#1314,.T.);
#1813=ORIENTED_EDGE('',*,*,#1305,.F.);
#1814=ORIENTED_EDGE('',*,*,#1312,.F.);
#1815=ORIENTED_EDGE('',*,*,#1310,.T.);
#1816=ORIENTED_EDGE('',*,*,#1315,.F.);
#1817=ORIENTED_EDGE('',*,*,#1306,.F.);
#1818=ORIENTED_EDGE('',*,*,#1314,.F.);
#1819=ORIENTED_EDGE('',*,*,#1316,.T.);
#1820=ORIENTED_EDGE('',*,*,#1317,.F.);
#1821=ORIENTED_EDGE('',*,*,#1318,.T.);
#1822=ORIENTED_EDGE('',*,*,#1319,.T.);
#1823=ORIENTED_EDGE('',*,*,#1320,.T.);
#1824=ORIENTED_EDGE('',*,*,#1321,.F.);
#1825=ORIENTED_EDGE('',*,*,#1322,.T.);
#1826=ORIENTED_EDGE('',*,*,#1323,.F.);
#1827=ORIENTED_EDGE('',*,*,#1320,.F.);
#1828=ORIENTED_EDGE('',*,*,#1324,.F.);
#1829=ORIENTED_EDGE('',*,*,#1316,.F.);
#1830=ORIENTED_EDGE('',*,*,#1325,.F.);
#1831=ORIENTED_EDGE('',*,*,#1322,.F.);
#1832=ORIENTED_EDGE('',*,*,#1326,.T.);
#1833=ORIENTED_EDGE('',*,*,#1318,.F.);
#1834=ORIENTED_EDGE('',*,*,#1327,.F.);
#1835=ORIENTED_EDGE('',*,*,#1321,.T.);
#1836=ORIENTED_EDGE('',*,*,#1325,.T.);
#1837=ORIENTED_EDGE('',*,*,#1319,.F.);
#1838=ORIENTED_EDGE('',*,*,#1326,.F.);
#1839=ORIENTED_EDGE('',*,*,#1161,.F.);
#1840=ORIENTED_EDGE('',*,*,#1328,.T.);
#1841=ORIENTED_EDGE('',*,*,#1329,.F.);
#1842=ORIENTED_EDGE('',*,*,#1328,.F.);
#1843=ORIENTED_EDGE('',*,*,#1330,.F.);
#1844=ORIENTED_EDGE('',*,*,#1068,.T.);
#1845=ORIENTED_EDGE('',*,*,#1133,.T.);
#1846=ORIENTED_EDGE('',*,*,#1117,.F.);
#1847=ORIENTED_EDGE('',*,*,#1331,.F.);
#1848=ORIENTED_EDGE('',*,*,#1332,.F.);
#1849=ORIENTED_EDGE('',*,*,#1333,.T.);
#1850=ORIENTED_EDGE('',*,*,#1246,.F.);
#1851=ORIENTED_EDGE('',*,*,#1334,.F.);
#1852=ORIENTED_EDGE('',*,*,#1335,.F.);
#1853=ORIENTED_EDGE('',*,*,#1240,.T.);
#1854=ORIENTED_EDGE('',*,*,#1250,.F.);
#1855=ORIENTED_EDGE('',*,*,#1336,.F.);
#1856=ORIENTED_EDGE('',*,*,#1337,.F.);
#1857=ORIENTED_EDGE('',*,*,#1331,.T.);
#1858=ORIENTED_EDGE('',*,*,#1116,.F.);
#1859=ORIENTED_EDGE('',*,*,#1223,.T.);
#1860=ORIENTED_EDGE('',*,*,#1251,.F.);
#1861=ORIENTED_EDGE('',*,*,#1236,.F.);
#1862=ORIENTED_EDGE('',*,*,#1269,.F.);
#1863=ORIENTED_EDGE('',*,*,#1195,.T.);
#1864=ORIENTED_EDGE('',*,*,#1248,.F.);
#1865=ORIENTED_EDGE('',*,*,#1093,.T.);
#1866=ORIENTED_EDGE('',*,*,#1160,.F.);
#1867=ORIENTED_EDGE('',*,*,#1168,.F.);
#1868=ORIENTED_EDGE('',*,*,#1264,.F.);
#1869=ORIENTED_EDGE('',*,*,#1338,.F.);
#1870=ORIENTED_EDGE('',*,*,#1339,.F.);
#1871=ORIENTED_EDGE('',*,*,#1336,.T.);
#1872=ORIENTED_EDGE('',*,*,#1249,.F.);
#1873=ORIENTED_EDGE('',*,*,#1209,.F.);
#1874=ORIENTED_EDGE('',*,*,#1072,.T.);
#1875=ORIENTED_EDGE('',*,*,#1324,.T.);
#1876=ORIENTED_EDGE('',*,*,#1323,.T.);
#1877=ORIENTED_EDGE('',*,*,#1327,.T.);
#1878=ORIENTED_EDGE('',*,*,#1317,.T.);
#1879=ORIENTED_EDGE('',*,*,#1131,.F.);
#1880=ORIENTED_EDGE('',*,*,#1340,.T.);
#1881=ORIENTED_EDGE('',*,*,#1341,.F.);
#1882=ORIENTED_EDGE('',*,*,#1064,.T.);
#1883=ORIENTED_EDGE('',*,*,#1342,.F.);
#1884=ORIENTED_EDGE('',*,*,#1340,.F.);
#1885=ORIENTED_EDGE('',*,*,#1343,.F.);
#1886=ORIENTED_EDGE('',*,*,#1062,.F.);
#1887=ORIENTED_EDGE('',*,*,#1257,.T.);
#1888=ORIENTED_EDGE('',*,*,#1253,.T.);
#1889=ORIENTED_EDGE('',*,*,#1139,.T.);
#1890=ORIENTED_EDGE('',*,*,#1121,.F.);
#1891=ORIENTED_EDGE('',*,*,#1137,.F.);
#1892=ORIENTED_EDGE('',*,*,#1344,.F.);
#1893=ORIENTED_EDGE('',*,*,#1334,.T.);
#1894=ORIENTED_EDGE('',*,*,#1245,.F.);
#1895=ORIENTED_EDGE('',*,*,#1181,.F.);
#1896=ORIENTED_EDGE('',*,*,#1076,.T.);
#1897=ORIENTED_EDGE('',*,*,#1292,.T.);
#1898=ORIENTED_EDGE('',*,*,#1291,.T.);
#1899=ORIENTED_EDGE('',*,*,#1295,.T.);
#1900=ORIENTED_EDGE('',*,*,#1285,.T.);
#1901=ORIENTED_EDGE('',*,*,#1345,.F.);
#1902=ORIENTED_EDGE('',*,*,#1078,.T.);
#1903=ORIENTED_EDGE('',*,*,#1183,.T.);
#1904=ORIENTED_EDGE('',*,*,#1247,.F.);
#1905=ORIENTED_EDGE('',*,*,#1333,.F.);
#1906=ORIENTED_EDGE('',*,*,#1313,.T.);
#1907=ORIENTED_EDGE('',*,*,#1307,.T.);
#1908=ORIENTED_EDGE('',*,*,#1315,.T.);
#1909=ORIENTED_EDGE('',*,*,#1309,.T.);
#1910=ORIENTED_EDGE('',*,*,#1346,.F.);
#1911=ORIENTED_EDGE('',*,*,#1338,.T.);
#1912=ORIENTED_EDGE('',*,*,#1263,.F.);
#1913=ORIENTED_EDGE('',*,*,#1266,.F.);
#1914=ORIENTED_EDGE('',*,*,#1345,.T.);
#1915=ORIENTED_EDGE('',*,*,#1332,.T.);
#1916=ORIENTED_EDGE('',*,*,#1346,.T.);
#1917=ORIENTED_EDGE('',*,*,#1265,.T.);
#1918=ORIENTED_EDGE('',*,*,#1165,.T.);
#1919=ORIENTED_EDGE('',*,*,#1051,.T.);
#1920=ORIENTED_EDGE('',*,*,#1329,.T.);
#1921=ORIENTED_EDGE('',*,*,#1344,.T.);
#1922=ORIENTED_EDGE('',*,*,#1075,.T.);
#1923=ORIENTED_EDGE('',*,*,#1238,.T.);
#1924=ORIENTED_EDGE('',*,*,#1335,.T.);
#1925=ORIENTED_EDGE('',*,*,#1341,.T.);
#1926=ORIENTED_EDGE('',*,*,#1342,.T.);
#1927=ORIENTED_EDGE('',*,*,#1063,.T.);
#1928=ORIENTED_EDGE('',*,*,#1343,.T.);
#1929=ORIENTED_EDGE('',*,*,#1136,.T.);
#1930=ORIENTED_EDGE('',*,*,#1134,.T.);
#1931=ORIENTED_EDGE('',*,*,#1065,.T.);
#1932=ORIENTED_EDGE('',*,*,#1330,.T.);
#1933=ORIENTED_EDGE('',*,*,#1337,.T.);
#1934=ORIENTED_EDGE('',*,*,#1339,.T.);
#1935=ORIENTED_EDGE('',*,*,#1071,.T.);
#1936=ORIENTED_EDGE('',*,*,#1143,.T.);
#1937=ORIENTED_EDGE('',*,*,#1144,.T.);
#1938=ORIENTED_EDGE('',*,*,#1069,.T.);
#1939=PLANE('',#2149);
#1940=PLANE('',#2156);
#1941=PLANE('',#2157);
#1942=PLANE('',#2158);
#1943=PLANE('',#2159);
#1944=PLANE('',#2160);
#1945=PLANE('',#2166);
#1946=PLANE('',#2172);
#1947=PLANE('',#2173);
#1948=PLANE('',#2174);
#1949=PLANE('',#2179);
#1950=PLANE('',#2180);
#1951=PLANE('',#2181);
#1952=PLANE('',#2182);
#1953=PLANE('',#2186);
#1954=PLANE('',#2187);
#1955=PLANE('',#2188);
#1956=PLANE('',#2189);
#1957=PLANE('',#2190);
#1958=PLANE('',#2191);
#1959=PLANE('',#2192);
#1960=PLANE('',#2193);
#1961=PLANE('',#2197);
#1962=PLANE('',#2202);
#1963=PLANE('',#2204);
#1964=PLANE('',#2205);
#1965=PLANE('',#2208);
#1966=PLANE('',#2211);
#1967=PLANE('',#2214);
#1968=PLANE('',#2217);
#1969=PLANE('',#2222);
#1970=PLANE('',#2223);
#1971=PLANE('',#2228);
#1972=PLANE('',#2229);
#1973=PLANE('',#2234);
#1974=PLANE('',#2235);
#1975=PLANE('',#2240);
#1976=PLANE('',#2241);
#1977=PLANE('',#2242);
#1978=PLANE('',#2243);
#1979=PLANE('',#2244);
#1980=PLANE('',#2245);
#1981=PLANE('',#2246);
#1982=PLANE('',#2248);
#1983=PLANE('',#2249);
#1984=PLANE('',#2250);
#1985=PLANE('',#2255);
#1986=PLANE('',#2256);
#1987=PLANE('',#2257);
#1988=PLANE('',#2259);
#1989=PLANE('',#2261);
#1990=PLANE('',#2263);
#1991=PLANE('',#2266);
#1992=PLANE('',#2268);
#1993=PLANE('',#2271);
#1994=PLANE('',#2272);
#1995=PLANE('',#2273);
#1996=PLANE('',#2274);
#1997=PLANE('',#2275);
#1998=PLANE('',#2276);
#1999=PLANE('',#2277);
#2000=PLANE('',#2278);
#2001=PLANE('',#2279);
#2002=PLANE('',#2280);
#2003=PLANE('',#2281);
#2004=PLANE('',#2282);
#2005=PLANE('',#2283);
#2006=PLANE('',#2284);
#2007=PLANE('',#2285);
#2008=PLANE('',#2286);
#2009=PLANE('',#2287);
#2010=PLANE('',#2288);
#2011=PLANE('',#2289);
#2012=PLANE('',#2290);
#2013=PLANE('',#2291);
#2014=PLANE('',#2294);
#2015=PLANE('',#2295);
#2016=PLANE('',#2296);
#2017=PLANE('',#2300);
#2018=PLANE('',#2301);
#2019=PLANE('',#2302);
#2020=PLANE('',#2303);
#2021=PLANE('',#2304);
#2022=PLANE('',#2305);
#2023=PLANE('',#2306);
#2024=PLANE('',#2307);
#2025=ADVANCED_FACE('',(#73,#47,#48,#49,#50),#1939,.F.);
#2026=ADVANCED_FACE('',(#74),#1940,.T.);
#2027=ADVANCED_FACE('',(#75),#1941,.T.);
#2028=ADVANCED_FACE('',(#76),#1942,.T.);
#2029=ADVANCED_FACE('',(#77),#1943,.T.);
#2030=ADVANCED_FACE('',(#78,#51),#1944,.T.);
#2031=ADVANCED_FACE('',(#79),#24,.F.);
#2032=ADVANCED_FACE('',(#80),#25,.T.);
#2033=ADVANCED_FACE('',(#81,#52),#1945,.T.);
#2034=ADVANCED_FACE('',(#82),#26,.F.);
#2035=ADVANCED_FACE('',(#83),#27,.T.);
#2036=ADVANCED_FACE('',(#84),#1946,.T.);
#2037=ADVANCED_FACE('',(#85),#1947,.T.);
#2038=ADVANCED_FACE('',(#86,#53,#54,#55,#56),#1948,.T.);
#2039=ADVANCED_FACE('',(#87),#1949,.T.);
#2040=ADVANCED_FACE('',(#88),#1950,.T.);
#2041=ADVANCED_FACE('',(#89),#1951,.T.);
#2042=ADVANCED_FACE('',(#90),#1952,.T.);
#2043=ADVANCED_FACE('',(#91),#28,.F.);
#2044=ADVANCED_FACE('',(#92),#1953,.T.);
#2045=ADVANCED_FACE('',(#93),#1954,.T.);
#2046=ADVANCED_FACE('',(#94),#1955,.T.);
#2047=ADVANCED_FACE('',(#95),#1956,.T.);
#2048=ADVANCED_FACE('',(#96),#1957,.T.);
#2049=ADVANCED_FACE('',(#97),#1958,.T.);
#2050=ADVANCED_FACE('',(#98),#1959,.T.);
#2051=ADVANCED_FACE('',(#99),#1960,.T.);
#2052=ADVANCED_FACE('',(#100),#29,.T.);
#2053=ADVANCED_FACE('',(#101,#57,#58,#59,#60),#1961,.T.);
#2054=ADVANCED_FACE('',(#102),#1962,.T.);
#2055=ADVANCED_FACE('',(#103),#30,.F.);
#2056=ADVANCED_FACE('',(#104),#1963,.T.);
#2057=ADVANCED_FACE('',(#105),#1964,.T.);
#2058=ADVANCED_FACE('',(#106),#31,.T.);
#2059=ADVANCED_FACE('',(#107),#1965,.T.);
#2060=ADVANCED_FACE('',(#108),#32,.T.);
#2061=ADVANCED_FACE('',(#109),#1966,.T.);
#2062=ADVANCED_FACE('',(#110),#33,.T.);
#2063=ADVANCED_FACE('',(#111),#1967,.T.);
#2064=ADVANCED_FACE('',(#112),#34,.T.);
#2065=ADVANCED_FACE('',(#113,#61),#1968,.T.);
#2066=ADVANCED_FACE('',(#114),#1969,.T.);
#2067=ADVANCED_FACE('',(#115),#1970,.T.);
#2068=ADVANCED_FACE('',(#116),#1971,.T.);
#2069=ADVANCED_FACE('',(#117,#62),#1972,.T.);
#2070=ADVANCED_FACE('',(#118),#1973,.T.);
#2071=ADVANCED_FACE('',(#119),#1974,.T.);
#2072=ADVANCED_FACE('',(#120),#1975,.T.);
#2073=ADVANCED_FACE('',(#121,#63),#1976,.T.);
#2074=ADVANCED_FACE('',(#122),#1977,.F.);
#2075=ADVANCED_FACE('',(#123),#1978,.T.);
#2076=ADVANCED_FACE('',(#124),#1979,.F.);
#2077=ADVANCED_FACE('',(#125),#1980,.T.);
#2078=ADVANCED_FACE('',(#126,#64),#1981,.T.);
#2079=ADVANCED_FACE('',(#127),#1982,.T.);
#2080=ADVANCED_FACE('',(#128),#1983,.T.);
#2081=ADVANCED_FACE('',(#129,#65),#1984,.T.);
#2082=ADVANCED_FACE('',(#130),#35,.F.);
#2083=ADVANCED_FACE('',(#131),#36,.T.);
#2084=ADVANCED_FACE('',(#132),#1985,.T.);
#2085=ADVANCED_FACE('',(#133),#1986,.T.);
#2086=ADVANCED_FACE('',(#134,#66,#67,#68),#1987,.T.);
#2087=ADVANCED_FACE('',(#135),#37,.F.);
#2088=ADVANCED_FACE('',(#136),#1988,.F.);
#2089=ADVANCED_FACE('',(#137),#38,.F.);
#2090=ADVANCED_FACE('',(#138),#1989,.F.);
#2091=ADVANCED_FACE('',(#139),#39,.F.);
#2092=ADVANCED_FACE('',(#140),#1990,.F.);
#2093=ADVANCED_FACE('',(#141),#40,.F.);
#2094=ADVANCED_FACE('',(#142),#41,.F.);
#2095=ADVANCED_FACE('',(#143),#1991,.F.);
#2096=ADVANCED_FACE('',(#144),#42,.F.);
#2097=ADVANCED_FACE('',(#145),#1992,.F.);
#2098=ADVANCED_FACE('',(#146),#43,.F.);
#2099=ADVANCED_FACE('',(#147),#44,.F.);
#2100=ADVANCED_FACE('',(#148),#1993,.F.);
#2101=ADVANCED_FACE('',(#149),#1994,.T.);
#2102=ADVANCED_FACE('',(#150),#1995,.T.);
#2103=ADVANCED_FACE('',(#151),#1996,.T.);
#2104=ADVANCED_FACE('',(#152),#1997,.T.);
#2105=ADVANCED_FACE('',(#153),#1998,.T.);
#2106=ADVANCED_FACE('',(#154),#1999,.T.);
#2107=ADVANCED_FACE('',(#155),#2000,.T.);
#2108=ADVANCED_FACE('',(#156),#2001,.T.);
#2109=ADVANCED_FACE('',(#157),#2002,.T.);
#2110=ADVANCED_FACE('',(#158),#2003,.T.);
#2111=ADVANCED_FACE('',(#159),#2004,.T.);
#2112=ADVANCED_FACE('',(#160),#2005,.T.);
#2113=ADVANCED_FACE('',(#161),#2006,.T.);
#2114=ADVANCED_FACE('',(#162),#2007,.T.);
#2115=ADVANCED_FACE('',(#163),#2008,.T.);
#2116=ADVANCED_FACE('',(#164),#2009,.T.);
#2117=ADVANCED_FACE('',(#165),#2010,.T.);
#2118=ADVANCED_FACE('',(#166),#2011,.T.);
#2119=ADVANCED_FACE('',(#167),#2012,.T.);
#2120=ADVANCED_FACE('',(#168),#2013,.T.);
#2121=ADVANCED_FACE('',(#169),#45,.F.);
#2122=ADVANCED_FACE('',(#170),#2014,.T.);
#2123=ADVANCED_FACE('',(#171),#2015,.T.);
#2124=ADVANCED_FACE('',(#172,#69),#2016,.T.);
#2125=ADVANCED_FACE('',(#173),#46,.F.);
#2126=ADVANCED_FACE('',(#174),#2017,.T.);
#2127=ADVANCED_FACE('',(#175,#70),#2018,.T.);
#2128=ADVANCED_FACE('',(#176,#71),#2019,.T.);
#2129=ADVANCED_FACE('',(#177),#2020,.T.);
#2130=ADVANCED_FACE('',(#178,#72),#2021,.T.);
#2131=ADVANCED_FACE('',(#179),#2022,.T.);
#2132=ADVANCED_FACE('',(#180),#2023,.T.);
#2133=ADVANCED_FACE('',(#181),#2024,.T.);
#2134=CLOSED_SHELL('',(#2025,#2026,#2027,#2028,#2029,#2030,#2031,#2032,
#2033,#2034,#2035,#2036,#2037,#2038,#2039,#2040,#2041,#2042,#2043,#2044,
#2045,#2046,#2047,#2048,#2049,#2050,#2051,#2052,#2053,#2054,#2055,#2056,
#2057,#2058,#2059,#2060,#2061,#2062,#2063,#2064,#2065,#2066,#2067,#2068,
#2069,#2070,#2071,#2072,#2073,#2074,#2075,#2076,#2077,#2078,#2079,#2080,
#2081,#2082,#2083,#2084,#2085,#2086,#2087,#2088,#2089,#2090,#2091,#2092,
#2093,#2094,#2095,#2096,#2097,#2098,#2099,#2100,#2101,#2102,#2103,#2104,
#2105,#2106,#2107,#2108,#2109,#2110,#2111,#2112,#2113,#2114,#2115,#2116,
#2117,#2118,#2119,#2120,#2121,#2122,#2123,#2124,#2125,#2126,#2127,#2128,
#2129,#2130,#2131,#2132,#2133));
#2135=DERIVED_UNIT_ELEMENT(#2137,1.);
#2136=DERIVED_UNIT_ELEMENT(#3491,-3.);
#2137=(
MASS_UNIT()
NAMED_UNIT(*)
SI_UNIT(.KILO.,.GRAM.)
);
#2138=DERIVED_UNIT((#2135,#2136));
#2139=MEASURE_REPRESENTATION_ITEM('density measure',
POSITIVE_RATIO_MEASURE(7850.),#2138);
#2140=PROPERTY_DEFINITION_REPRESENTATION(#2145,#2142);
#2141=PROPERTY_DEFINITION_REPRESENTATION(#2146,#2143);
#2142=REPRESENTATION('material name',(#2144),#3488);
#2143=REPRESENTATION('density',(#2139),#3488);
#2144=DESCRIPTIVE_REPRESENTATION_ITEM('Steel','Steel');
#2145=PROPERTY_DEFINITION('material property','material name',#3503);
#2146=PROPERTY_DEFINITION('material property','density of part',#3503);
#2147=AXIS2_PLACEMENT_3D('',#2879,#2309,#2310);
#2148=AXIS2_PLACEMENT_3D('',#2880,#2311,#2312);
#2149=AXIS2_PLACEMENT_3D('',#2881,#2313,#2314);
#2150=AXIS2_PLACEMENT_3D('',#2910,#2328,#2329);
#2151=AXIS2_PLACEMENT_3D('',#2922,#2335,#2336);
#2152=AXIS2_PLACEMENT_3D('',#2939,#2345,#2346);
#2153=AXIS2_PLACEMENT_3D('',#2941,#2347,#2348);
#2154=AXIS2_PLACEMENT_3D('',#2943,#2349,#2350);
#2155=AXIS2_PLACEMENT_3D('',#2945,#2351,#2352);
#2156=AXIS2_PLACEMENT_3D('',#2946,#2353,#2354);
#2157=AXIS2_PLACEMENT_3D('',#2952,#2358,#2359);
#2158=AXIS2_PLACEMENT_3D('',#2956,#2362,#2363);
#2159=AXIS2_PLACEMENT_3D('',#2960,#2366,#2367);
#2160=AXIS2_PLACEMENT_3D('',#2969,#2372,#2373);
#2161=AXIS2_PLACEMENT_3D('',#2971,#2374,#2375);
#2162=AXIS2_PLACEMENT_3D('',#2973,#2376,#2377);
#2163=AXIS2_PLACEMENT_3D('',#2974,#2378,#2379);
#2164=AXIS2_PLACEMENT_3D('',#2976,#2381,#2382);
#2165=AXIS2_PLACEMENT_3D('',#2979,#2384,#2385);
#2166=AXIS2_PLACEMENT_3D('',#2980,#2386,#2387);
#2167=AXIS2_PLACEMENT_3D('',#2982,#2388,#2389);
#2168=AXIS2_PLACEMENT_3D('',#2984,#2390,#2391);
#2169=AXIS2_PLACEMENT_3D('',#2985,#2392,#2393);
#2170=AXIS2_PLACEMENT_3D('',#2987,#2395,#2396);
#2171=AXIS2_PLACEMENT_3D('',#2990,#2398,#2399);
#2172=AXIS2_PLACEMENT_3D('',#2991,#2400,#2401);
#2173=AXIS2_PLACEMENT_3D('',#3000,#2406,#2407);
#2174=AXIS2_PLACEMENT_3D('',#3013,#2415,#2416);
#2175=AXIS2_PLACEMENT_3D('',#3040,#2430,#2431);
#2176=AXIS2_PLACEMENT_3D('',#3042,#2432,#2433);
#2177=AXIS2_PLACEMENT_3D('',#3044,#2434,#2435);
#2178=AXIS2_PLACEMENT_3D('',#3046,#2436,#2437);
#2179=AXIS2_PLACEMENT_3D('',#3047,#2438,#2439);
#2180=AXIS2_PLACEMENT_3D('',#3050,#2442,#2443);
#2181=AXIS2_PLACEMENT_3D('',#3054,#2446,#2447);
#2182=AXIS2_PLACEMENT_3D('',#3058,#2450,#2451);
#2183=AXIS2_PLACEMENT_3D('',#3065,#2456,#2457);
#2184=AXIS2_PLACEMENT_3D('',#3068,#2459,#2460);
#2185=AXIS2_PLACEMENT_3D('',#3069,#2461,#2462);
#2186=AXIS2_PLACEMENT_3D('',#3070,#2463,#2464);
#2187=AXIS2_PLACEMENT_3D('',#3072,#2466,#2467);
#2188=AXIS2_PLACEMENT_3D('',#3078,#2471,#2472);
#2189=AXIS2_PLACEMENT_3D('',#3085,#2477,#2478);
#2190=AXIS2_PLACEMENT_3D('',#3086,#2479,#2480);
#2191=AXIS2_PLACEMENT_3D('',#3088,#2482,#2483);
#2192=AXIS2_PLACEMENT_3D('',#3090,#2485,#2486);
#2193=AXIS2_PLACEMENT_3D('',#3091,#2487,#2488);
#2194=AXIS2_PLACEMENT_3D('',#3093,#2489,#2490);
#2195=AXIS2_PLACEMENT_3D('',#3094,#2491,#2492);
#2196=AXIS2_PLACEMENT_3D('',#3097,#2494,#2495);
#2197=AXIS2_PLACEMENT_3D('',#3098,#2496,#2497);
#2198=AXIS2_PLACEMENT_3D('',#3105,#2501,#2502);
#2199=AXIS2_PLACEMENT_3D('',#3107,#2503,#2504);
#2200=AXIS2_PLACEMENT_3D('',#3109,#2505,#2506);
#2201=AXIS2_PLACEMENT_3D('',#3111,#2507,#2508);
#2202=AXIS2_PLACEMENT_3D('',#3112,#2509,#2510);
#2203=AXIS2_PLACEMENT_3D('',#3121,#2516,#2517);
#2204=AXIS2_PLACEMENT_3D('',#3123,#2519,#2520);
#2205=AXIS2_PLACEMENT_3D('',#3127,#2523,#2524);
#2206=AXIS2_PLACEMENT_3D('',#3129,#2525,#2526);
#2207=AXIS2_PLACEMENT_3D('',#3130,#2527,#2528);
#2208=AXIS2_PLACEMENT_3D('',#3132,#2530,#2531);
#2209=AXIS2_PLACEMENT_3D('',#3134,#2532,#2533);
#2210=AXIS2_PLACEMENT_3D('',#3135,#2534,#2535);
#2211=AXIS2_PLACEMENT_3D('',#3137,#2537,#2538);
#2212=AXIS2_PLACEMENT_3D('',#3139,#2539,#2540);
#2213=AXIS2_PLACEMENT_3D('',#3140,#2541,#2542);
#2214=AXIS2_PLACEMENT_3D('',#3142,#2544,#2545);
#2215=AXIS2_PLACEMENT_3D('',#3144,#2546,#2547);
#2216=AXIS2_PLACEMENT_3D('',#3145,#2548,#2549);
#2217=AXIS2_PLACEMENT_3D('',#3147,#2551,#2552);
#2218=AXIS2_PLACEMENT_3D('',#3157,#2557,#2558);
#2219=AXIS2_PLACEMENT_3D('',#3161,#2560,#2561);
#2220=AXIS2_PLACEMENT_3D('',#3165,#2563,#2564);
#2221=AXIS2_PLACEMENT_3D('',#3168,#2566,#2567);
#2222=AXIS2_PLACEMENT_3D('',#3169,#2568,#2569);
#2223=AXIS2_PLACEMENT_3D('',#3178,#2574,#2575);
#2224=AXIS2_PLACEMENT_3D('',#3181,#2576,#2577);
#2225=AXIS2_PLACEMENT_3D('',#3190,#2582,#2583);
#2226=AXIS2_PLACEMENT_3D('',#3194,#2585,#2586);
#2227=AXIS2_PLACEMENT_3D('',#3198,#2588,#2589);
#2228=AXIS2_PLACEMENT_3D('',#3200,#2591,#2592);
#2229=AXIS2_PLACEMENT_3D('',#3203,#2595,#2596);
#2230=AXIS2_PLACEMENT_3D('',#3211,#2600,#2601);
#2231=AXIS2_PLACEMENT_3D('',#3215,#2603,#2604);
#2232=AXIS2_PLACEMENT_3D('',#3219,#2606,#2607);
#2233=AXIS2_PLACEMENT_3D('',#3223,#2609,#2610);
#2234=AXIS2_PLACEMENT_3D('',#3225,#2612,#2613);
#2235=AXIS2_PLACEMENT_3D('',#3233,#2618,#2619);
#2236=AXIS2_PLACEMENT_3D('',#3236,#2620,#2621);
#2237=AXIS2_PLACEMENT_3D('',#3245,#2626,#2627);
#2238=AXIS2_PLACEMENT_3D('',#3249,#2629,#2630);
#2239=AXIS2_PLACEMENT_3D('',#3253,#2632,#2633);
#2240=AXIS2_PLACEMENT_3D('',#3255,#2635,#2636);
#2241=AXIS2_PLACEMENT_3D('',#3261,#2640,#2641);
#2242=AXIS2_PLACEMENT_3D('',#3275,#2649,#2650);
#2243=AXIS2_PLACEMENT_3D('',#3281,#2654,#2655);
#2244=AXIS2_PLACEMENT_3D('',#3283,#2657,#2658);
#2245=AXIS2_PLACEMENT_3D('',#3287,#2661,#2662);
#2246=AXIS2_PLACEMENT_3D('',#3289,#2664,#2665);
#2247=AXIS2_PLACEMENT_3D('',#3296,#2669,#2670);
#2248=AXIS2_PLACEMENT_3D('',#3297,#2671,#2672);
#2249=AXIS2_PLACEMENT_3D('',#3299,#2674,#2675);
#2250=AXIS2_PLACEMENT_3D('',#3301,#2677,#2678);
#2251=AXIS2_PLACEMENT_3D('',#3303,#2679,#2680);
#2252=AXIS2_PLACEMENT_3D('',#3305,#2681,#2682);
#2253=AXIS2_PLACEMENT_3D('',#3306,#2683,#2684);
#2254=AXIS2_PLACEMENT_3D('',#3308,#2686,#2687);
#2255=AXIS2_PLACEMENT_3D('',#3310,#2689,#2690);
#2256=AXIS2_PLACEMENT_3D('',#3316,#2694,#2695);
#2257=AXIS2_PLACEMENT_3D('',#3320,#2698,#2699);
#2258=AXIS2_PLACEMENT_3D('',#3326,#2705,#2706);
#2259=AXIS2_PLACEMENT_3D('',#3328,#2708,#2709);
#2260=AXIS2_PLACEMENT_3D('',#3330,#2711,#2712);
#2261=AXIS2_PLACEMENT_3D('',#3332,#2714,#2715);
#2262=AXIS2_PLACEMENT_3D('',#3334,#2717,#2718);
#2263=AXIS2_PLACEMENT_3D('',#3336,#2720,#2721);
#2264=AXIS2_PLACEMENT_3D('',#3338,#2723,#2724);
#2265=AXIS2_PLACEMENT_3D('',#3339,#2725,#2726);
#2266=AXIS2_PLACEMENT_3D('',#3342,#2729,#2730);
#2267=AXIS2_PLACEMENT_3D('',#3344,#2732,#2733);
#2268=AXIS2_PLACEMENT_3D('',#3346,#2735,#2736);
#2269=AXIS2_PLACEMENT_3D('',#3348,#2738,#2739);
#2270=AXIS2_PLACEMENT_3D('',#3349,#2740,#2741);
#2271=AXIS2_PLACEMENT_3D('',#3351,#2743,#2744);
#2272=AXIS2_PLACEMENT_3D('',#3352,#2745,#2746);
#2273=AXIS2_PLACEMENT_3D('',#3361,#2751,#2752);
#2274=AXIS2_PLACEMENT_3D('',#3370,#2757,#2758);
#2275=AXIS2_PLACEMENT_3D('',#3373,#2761,#2762);
#2276=AXIS2_PLACEMENT_3D('',#3376,#2765,#2766);
#2277=AXIS2_PLACEMENT_3D('',#3377,#2767,#2768);
#2278=AXIS2_PLACEMENT_3D('',#3383,#2772,#2773);
#2279=AXIS2_PLACEMENT_3D('',#3389,#2777,#2778);
#2280=AXIS2_PLACEMENT_3D('',#3391,#2780,#2781);
#2281=AXIS2_PLACEMENT_3D('',#3393,#2783,#2784);
#2282=AXIS2_PLACEMENT_3D('',#3394,#2785,#2786);
#2283=AXIS2_PLACEMENT_3D('',#3403,#2791,#2792);
#2284=AXIS2_PLACEMENT_3D('',#3412,#2797,#2798);
#2285=AXIS2_PLACEMENT_3D('',#3415,#2801,#2802);
#2286=AXIS2_PLACEMENT_3D('',#3417,#2804,#2805);
#2287=AXIS2_PLACEMENT_3D('',#3419,#2807,#2808);
#2288=AXIS2_PLACEMENT_3D('',#3428,#2813,#2814);
#2289=AXIS2_PLACEMENT_3D('',#3437,#2819,#2820);
#2290=AXIS2_PLACEMENT_3D('',#3440,#2823,#2824);
#2291=AXIS2_PLACEMENT_3D('',#3443,#2827,#2828);
#2292=AXIS2_PLACEMENT_3D('',#3444,#2829,#2830);
#2293=AXIS2_PLACEMENT_3D('',#3447,#2832,#2833);
#2294=AXIS2_PLACEMENT_3D('',#3448,#2834,#2835);
#2295=AXIS2_PLACEMENT_3D('',#3452,#2838,#2839);
#2296=AXIS2_PLACEMENT_3D('',#3464,#2847,#2848);
#2297=AXIS2_PLACEMENT_3D('',#3466,#2850,#2851);
#2298=AXIS2_PLACEMENT_3D('',#3469,#2853,#2854);
#2299=AXIS2_PLACEMENT_3D('',#3470,#2855,#2856);
#2300=AXIS2_PLACEMENT_3D('',#3471,#2857,#2858);
#2301=AXIS2_PLACEMENT_3D('',#3473,#2860,#2861);
#2302=AXIS2_PLACEMENT_3D('',#3475,#2863,#2864);
#2303=AXIS2_PLACEMENT_3D('',#3477,#2866,#2867);
#2304=AXIS2_PLACEMENT_3D('',#3479,#2869,#2870);
#2305=AXIS2_PLACEMENT_3D('',#3480,#2871,#2872);
#2306=AXIS2_PLACEMENT_3D('',#3481,#2873,#2874);
#2307=AXIS2_PLACEMENT_3D('',#3482,#2875,#2876);
#2308=AXIS2_PLACEMENT_3D('',#3483,#2877,#2878);
#2309=DIRECTION('axis',(0.,0.,1.));
#2310=DIRECTION('refdir',(1.,0.,0.));
#2311=DIRECTION('axis',(0.,0.,1.));
#2312=DIRECTION('refdir',(1.,0.,0.));
#2313=DIRECTION('center_axis',(0.,0.,1.));
#2314=DIRECTION('ref_axis',(1.,0.,0.));
#2315=DIRECTION('',(0.,-1.,0.));
#2316=DIRECTION('',(1.,-8.91148916087085E-15,0.));
#2317=DIRECTION('',(0.,1.,0.));
#2318=DIRECTION('',(-1.,0.,0.));
#2319=DIRECTION('',(-4.7508875084253E-16,-1.,0.));
#2320=DIRECTION('',(1.,-2.02479835540121E-13,0.));
#2321=DIRECTION('',(2.04309412838365E-13,1.,0.));
#2322=DIRECTION('',(1.,-3.90078360003417E-14,0.));
#2323=DIRECTION('',(1.17473357597568E-13,1.,0.));
#2324=DIRECTION('',(1.,-2.96059473233528E-13,0.));
#2325=DIRECTION('',(3.6957759745912E-14,-1.,0.));
#2326=DIRECTION('',(-1.,4.5135868873107E-14,0.));
#2327=DIRECTION('',(0.,-1.,0.));
#2328=DIRECTION('center_axis',(0.,0.,-1.));
#2329=DIRECTION('ref_axis',(1.,0.,0.));
#2330=DIRECTION('',(0.,-1.,0.));
#2331=DIRECTION('',(-1.,1.61781132914415E-15,0.));
#2332=DIRECTION('',(0.,-1.,0.));
#2333=DIRECTION('',(1.,-4.62231808326898E-16,0.));
#2334=DIRECTION('',(0.,-1.,0.));
#2335=DIRECTION('center_axis',(0.,0.,-1.));
#2336=DIRECTION('ref_axis',(1.,0.,0.));
#2337=DIRECTION('',(0.,-1.,0.));
#2338=DIRECTION('',(-1.,-3.65204942310908E-17,0.));
#2339=DIRECTION('',(7.59626280006686E-15,-1.,0.));
#2340=DIRECTION('',(1.,-1.46081976924364E-16,0.));
#2341=DIRECTION('',(0.,-1.,0.));
#2342=DIRECTION('',(-1.,1.16865581539491E-15,0.));
#2343=DIRECTION('',(-7.59626280006686E-15,-1.,0.));
#2344=DIRECTION('',(1.,-8.76491861546179E-16,0.));
#2345=DIRECTION('center_axis',(0.,0.,-1.));
#2346=DIRECTION('ref_axis',(1.,0.,0.));
#2347=DIRECTION('center_axis',(0.,0.,-1.));
#2348=DIRECTION('ref_axis',(1.,0.,0.));
#2349=DIRECTION('center_axis',(0.,0.,-1.));
#2350=DIRECTION('ref_axis',(1.,0.,0.));
#2351=DIRECTION('center_axis',(0.,0.,-1.));
#2352=DIRECTION('ref_axis',(1.,0.,0.));
#2353=DIRECTION('center_axis',(-2.02479835540121E-13,-1.,0.));
#2354=DIRECTION('ref_axis',(1.,-2.02479835540121E-13,0.));
#2355=DIRECTION('',(0.,0.,1.));
#2356=DIRECTION('',(1.,-2.02479835540121E-13,0.));
#2357=DIRECTION('',(0.,0.,1.));
#2358=DIRECTION('center_axis',(1.,-4.7508875084253E-16,0.));
#2359=DIRECTION('ref_axis',(4.7508875084253E-16,1.,0.));
#2360=DIRECTION('',(0.,0.,1.));
#2361=DIRECTION('',(4.7508875084253E-16,1.,0.));
#2362=DIRECTION('center_axis',(0.,1.,0.));
#2363=DIRECTION('ref_axis',(-1.,0.,0.));
#2364=DIRECTION('',(0.,0.,1.));
#2365=DIRECTION('',(-1.,0.,0.));
#2366=DIRECTION('center_axis',(-5.62138240316535E-16,-1.,0.));
#2367=DIRECTION('ref_axis',(1.,-5.62138240316535E-16,0.));
#2368=DIRECTION('',(1.,-5.62138240316535E-16,0.));
#2369=DIRECTION('',(0.,0.,1.));
#2370=DIRECTION('',(1.,-5.62138240316535E-16,0.));
#2371=DIRECTION('',(0.,0.,1.));
#2372=DIRECTION('center_axis',(0.,0.,1.));
#2373=DIRECTION('ref_axis',(1.,0.,0.));
#2374=DIRECTION('center_axis',(0.,0.,1.));
#2375=DIRECTION('ref_axis',(1.,0.,0.));
#2376=DIRECTION('center_axis',(0.,0.,-1.));
#2377=DIRECTION('ref_axis',(1.,0.,0.));
#2378=DIRECTION('center_axis',(0.,0.,1.));
#2379=DIRECTION('ref_axis',(1.,0.,0.));
#2380=DIRECTION('',(0.,0.,-1.));
#2381=DIRECTION('center_axis',(0.,0.,1.));
#2382=DIRECTION('ref_axis',(1.,0.,0.));
#2383=DIRECTION('',(0.,0.,-1.));
#2384=DIRECTION('center_axis',(0.,0.,-1.));
#2385=DIRECTION('ref_axis',(1.,0.,0.));
#2386=DIRECTION('center_axis',(0.,0.,1.));
#2387=DIRECTION('ref_axis',(1.,0.,0.));
#2388=DIRECTION('center_axis',(0.,0.,1.));
#2389=DIRECTION('ref_axis',(1.,0.,0.));
#2390=DIRECTION('center_axis',(0.,0.,-1.));
#2391=DIRECTION('ref_axis',(1.,0.,0.));
#2392=DIRECTION('center_axis',(0.,0.,1.));
#2393=DIRECTION('ref_axis',(1.,0.,0.));
#2394=DIRECTION('',(0.,0.,-1.));
#2395=DIRECTION('center_axis',(0.,0.,1.));
#2396=DIRECTION('ref_axis',(1.,0.,0.));
#2397=DIRECTION('',(0.,0.,-1.));
#2398=DIRECTION('center_axis',(0.,0.,-1.));
#2399=DIRECTION('ref_axis',(1.,0.,0.));
#2400=DIRECTION('center_axis',(0.,0.,1.));
#2401=DIRECTION('ref_axis',(1.,0.,0.));
#2402=DIRECTION('',(2.04309412838365E-13,1.,0.));
#2403=DIRECTION('',(-1.,2.04281036530971E-13,0.));
#2404=DIRECTION('',(-4.44089209850062E-14,-1.,0.));
#2405=DIRECTION('',(1.,-4.88498130835048E-14,0.));
#2406=DIRECTION('center_axis',(1.,-2.04309412838365E-13,0.));
#2407=DIRECTION('ref_axis',(2.04309412838365E-13,1.,0.));
#2408=DIRECTION('',(0.,-1.,0.));
#2409=DIRECTION('',(0.,0.,1.));
#2410=DIRECTION('',(0.,1.,0.));
#2411=DIRECTION('',(0.,0.,1.));
#2412=DIRECTION('',(0.,0.,1.));
#2413=DIRECTION('',(0.,1.,0.));
#2414=DIRECTION('',(0.,0.,1.));
#2415=DIRECTION('center_axis',(0.,0.,1.));
#2416=DIRECTION('ref_axis',(1.,0.,0.));
#2417=DIRECTION('',(-1.,-7.90506900445129E-17,0.));
#2418=DIRECTION('',(0.,-1.,0.));
#2419=DIRECTION('',(1.,-4.62231808326898E-16,0.));
#2420=DIRECTION('',(0.,-1.,0.));
#2421=DIRECTION('',(-1.,1.61781132914415E-15,0.));
#2422=DIRECTION('',(1.52476981922778E-15,-1.,0.));
#2423=DIRECTION('',(1.,-4.5135868873107E-14,0.));
#2424=DIRECTION('',(1.17473357597568E-13,1.,0.));
#2425=DIRECTION('',(-1.,3.90078360003417E-14,0.));
#2426=DIRECTION('',(5.02013889395717E-14,1.,0.));
#2427=DIRECTION('',(1.,-6.10622663543849E-14,0.));
#2428=DIRECTION('',(4.44089209850062E-14,1.,0.));
#2429=DIRECTION('',(1.,-2.04281036530971E-13,0.));
#2430=DIRECTION('center_axis',(0.,0.,-1.));
#2431=DIRECTION('ref_axis',(1.,0.,0.));
#2432=DIRECTION('center_axis',(0.,0.,-1.));
#2433=DIRECTION('ref_axis',(1.,0.,0.));
#2434=DIRECTION('center_axis',(0.,0.,-1.));
#2435=DIRECTION('ref_axis',(1.,0.,0.));
#2436=DIRECTION('center_axis',(0.,0.,-1.));
#2437=DIRECTION('ref_axis',(1.,0.,0.));
#2438=DIRECTION('center_axis',(-1.,0.,0.));
#2439=DIRECTION('ref_axis',(0.,-1.,0.));
#2440=DIRECTION('',(0.,0.,1.));
#2441=DIRECTION('',(0.,0.,1.));
#2442=DIRECTION('center_axis',(1.61781132914415E-15,1.,0.));
#2443=DIRECTION('ref_axis',(-1.,1.61781132914415E-15,0.));
#2444=DIRECTION('',(0.996194698091746,-1.61165506860616E-15,-0.0871557427476579));
#2445=DIRECTION('',(0.,0.,1.));
#2446=DIRECTION('center_axis',(-1.,-1.52476981922778E-15,0.));
#2447=DIRECTION('ref_axis',(1.52476981922778E-15,-1.,0.));
#2448=DIRECTION('',(-1.52476981922778E-15,1.,1.33400073668903E-16));
#2449=DIRECTION('',(0.,0.,1.));
#2450=DIRECTION('center_axis',(1.,-1.17473357597568E-13,0.));
#2451=DIRECTION('ref_axis',(1.17473357597568E-13,1.,0.));
#2452=DIRECTION('',(0.,0.,1.));
#2453=DIRECTION('',(0.,0.,1.));
#2454=DIRECTION('',(1.17473357597568E-13,1.,0.));
#2455=DIRECTION('',(0.,0.,1.));
#2456=DIRECTION('center_axis',(0.,0.,1.));
#2457=DIRECTION('ref_axis',(1.,0.,0.));
#2458=DIRECTION('',(0.,0.,-1.));
#2459=DIRECTION('center_axis',(0.0871557427476579,0.,0.996194698091746));
#2460=DIRECTION('ref_axis',(0.996194698091746,0.,-0.0871557427476579));
#2461=DIRECTION('center_axis',(0.0871557427476579,0.,0.996194698091746));
#2462=DIRECTION('ref_axis',(0.996194698091746,0.,-0.0871557427476579));
#2463=DIRECTION('center_axis',(-2.04281036530971E-13,-1.,0.));
#2464=DIRECTION('ref_axis',(1.,-2.04281036530971E-13,0.));
#2465=DIRECTION('',(0.,0.,1.));
#2466=DIRECTION('center_axis',(1.,-4.44089209850062E-14,0.));
#2467=DIRECTION('ref_axis',(4.44089209850062E-14,1.,0.));
#2468=DIRECTION('',(0.,0.,1.));
#2469=DIRECTION('',(4.70212104547132E-14,1.,0.));
#2470=DIRECTION('',(0.,0.,1.));
#2471=DIRECTION('center_axis',(0.,0.,1.));
#2472=DIRECTION('ref_axis',(1.,0.,0.));
#2473=DIRECTION('',(-1.,4.88498130835048E-14,0.));
#2474=DIRECTION('',(-1.,6.10622663543849E-14,0.));
#2475=DIRECTION('',(-5.02013889395717E-14,-1.,0.));
#2476=DIRECTION('',(1.,-3.90078360003417E-14,0.));
#2477=DIRECTION('center_axis',(4.88498130835048E-14,1.,0.));
#2478=DIRECTION('ref_axis',(-1.,4.88498130835048E-14,0.));
#2479=DIRECTION('center_axis',(6.10622663543849E-14,1.,0.));
#2480=DIRECTION('ref_axis',(-1.,6.10622663543849E-14,0.));
#2481=DIRECTION('',(0.,0.,1.));
#2482=DIRECTION('center_axis',(-1.,5.02013889395717E-14,0.));
#2483=DIRECTION('ref_axis',(-5.02013889395717E-14,-1.,0.));
#2484=DIRECTION('',(0.,0.,1.));
#2485=DIRECTION('center_axis',(-3.90078360003417E-14,-1.,0.));
#2486=DIRECTION('ref_axis',(1.,-3.90078360003417E-14,0.));
#2487=DIRECTION('center_axis',(0.,0.,1.));
#2488=DIRECTION('ref_axis',(1.,0.,0.));
#2489=DIRECTION('center_axis',(0.,0.,1.));
#2490=DIRECTION('ref_axis',(1.,0.,0.));
#2491=DIRECTION('center_axis',(0.,0.,1.));
#2492=DIRECTION('ref_axis',(1.,0.,0.));
#2493=DIRECTION('',(0.,0.,-1.));
#2494=DIRECTION('center_axis',(0.,0.,-1.));
#2495=DIRECTION('ref_axis',(1.,0.,0.));
#2496=DIRECTION('center_axis',(0.,0.,1.));
#2497=DIRECTION('ref_axis',(1.,0.,0.));
#2498=DIRECTION('',(0.,1.,0.));
#2499=DIRECTION('',(-1.,8.91148916087085E-15,0.));
#2500=DIRECTION('',(0.,-1.,0.));
#2501=DIRECTION('center_axis',(0.,0.,-1.));
#2502=DIRECTION('ref_axis',(1.,0.,0.));
#2503=DIRECTION('center_axis',(0.,0.,-1.));
#2504=DIRECTION('ref_axis',(1.,0.,0.));
#2505=DIRECTION('center_axis',(0.,0.,-1.));
#2506=DIRECTION('ref_axis',(1.,0.,0.));
#2507=DIRECTION('center_axis',(0.,0.,-1.));
#2508=DIRECTION('ref_axis',(1.,0.,0.));
#2509=DIRECTION('center_axis',(8.91148916087085E-15,1.,0.));
#2510=DIRECTION('ref_axis',(-1.,8.91148916087085E-15,0.));
#2511=DIRECTION('',(0.996194698091746,-8.8775782541616E-15,-0.0871557427476579));
#2512=DIRECTION('',(0.,0.,1.));
#2513=DIRECTION('',(-1.,8.91148916087085E-15,0.));
#2514=DIRECTION('',(0.,0.,1.));
#2515=DIRECTION('',(0.,0.,1.));
#2516=DIRECTION('center_axis',(0.,0.,1.));
#2517=DIRECTION('ref_axis',(1.,0.,0.));
#2518=DIRECTION('',(0.,0.,-1.));
#2519=DIRECTION('center_axis',(1.,0.,0.));
#2520=DIRECTION('ref_axis',(0.,1.,0.));
#2521=DIRECTION('',(-2.78305858293341E-15,-1.,0.));
#2522=DIRECTION('',(0.,0.,1.));
#2523=DIRECTION('center_axis',(0.,0.,1.));
#2524=DIRECTION('ref_axis',(1.,0.,0.));
#2525=DIRECTION('center_axis',(0.,0.,1.));
#2526=DIRECTION('ref_axis',(1.,0.,0.));
#2527=DIRECTION('center_axis',(0.,0.,1.));
#2528=DIRECTION('ref_axis',(1.,0.,0.));
#2529=DIRECTION('',(0.,0.,-1.));
#2530=DIRECTION('center_axis',(0.,0.,1.));
#2531=DIRECTION('ref_axis',(1.,0.,0.));
#2532=DIRECTION('center_axis',(0.,0.,1.));
#2533=DIRECTION('ref_axis',(1.,0.,0.));
#2534=DIRECTION('center_axis',(0.,0.,1.));
#2535=DIRECTION('ref_axis',(1.,0.,0.));
#2536=DIRECTION('',(0.,0.,-1.));
#2537=DIRECTION('center_axis',(0.,0.,1.));
#2538=DIRECTION('ref_axis',(1.,0.,0.));
#2539=DIRECTION('center_axis',(0.,0.,1.));
#2540=DIRECTION('ref_axis',(1.,0.,0.));
#2541=DIRECTION('center_axis',(0.,0.,1.));
#2542=DIRECTION('ref_axis',(1.,0.,0.));
#2543=DIRECTION('',(0.,0.,-1.));
#2544=DIRECTION('center_axis',(0.,0.,1.));
#2545=DIRECTION('ref_axis',(1.,0.,0.));
#2546=DIRECTION('center_axis',(0.,0.,1.));
#2547=DIRECTION('ref_axis',(1.,0.,0.));
#2548=DIRECTION('center_axis',(0.,0.,1.));
#2549=DIRECTION('ref_axis',(1.,0.,0.));
#2550=DIRECTION('',(0.,0.,-1.));
#2551=DIRECTION('center_axis',(-1.,7.59626280006686E-15,0.));
#2552=DIRECTION('ref_axis',(-7.59626280006686E-15,-1.,0.));
#2553=DIRECTION('',(0.,0.,1.));
#2554=DIRECTION('',(-7.59626280006686E-15,-1.,0.));
#2555=DIRECTION('',(0.,0.,1.));
#2556=DIRECTION('',(-7.59626280006686E-15,-1.,0.));
#2557=DIRECTION('center_axis',(1.,-7.59626280006686E-15,0.));
#2558=DIRECTION('ref_axis',(0.,0.,1.));
#2559=DIRECTION('',(0.,0.,-1.));
#2560=DIRECTION('center_axis',(1.,-7.59626280006686E-15,0.));
#2561=DIRECTION('ref_axis',(0.,-1.,0.));
#2562=DIRECTION('',(7.59626280006686E-15,1.,0.));
#2563=DIRECTION('center_axis',(1.,-7.59626280006686E-15,0.));
#2564=DIRECTION('ref_axis',(0.,0.,-1.));
#2565=DIRECTION('',(0.,0.,1.));
#2566=DIRECTION('center_axis',(1.,-7.59626280006686E-15,0.));
#2567=DIRECTION('ref_axis',(0.,1.,0.));
#2568=DIRECTION('center_axis',(-5.62138240316539E-16,-1.,0.));
#2569=DIRECTION('ref_axis',(1.,-5.62138240316539E-16,0.));
#2570=DIRECTION('',(-1.,5.62138240316539E-16,0.));
#2571=DIRECTION('',(0.,0.,1.));
#2572=DIRECTION('',(1.,-5.62138240316539E-16,0.));
#2573=DIRECTION('',(0.,0.,1.));
#2574=DIRECTION('center_axis',(1.,-7.04043869274489E-15,0.));
#2575=DIRECTION('ref_axis',(7.04043869274489E-15,1.,0.));
#2576=DIRECTION('center_axis',(-1.,7.04043869274489E-15,0.));
#2577=DIRECTION('ref_axis',(0.,0.,-1.));
#2578=DIRECTION('',(-7.04043869274489E-15,-1.,0.));
#2579=DIRECTION('',(0.,0.,1.));
#2580=DIRECTION('',(7.04043869274489E-15,1.,0.));
#2581=DIRECTION('',(-7.04043869274489E-15,-1.,0.));
#2582=DIRECTION('center_axis',(-1.,7.04043869274489E-15,0.));
#2583=DIRECTION('ref_axis',(0.,-1.,0.));
#2584=DIRECTION('',(0.,0.,1.));
#2585=DIRECTION('center_axis',(-1.,7.04043869274489E-15,0.));
#2586=DIRECTION('ref_axis',(0.,0.,1.));
#2587=DIRECTION('',(7.04043869274489E-15,1.,0.));
#2588=DIRECTION('center_axis',(-1.,7.04043869274489E-15,0.));
#2589=DIRECTION('ref_axis',(0.,1.,0.));
#2590=DIRECTION('',(0.,0.,-1.));
#2591=DIRECTION('center_axis',(5.62138240316535E-16,1.,0.));
#2592=DIRECTION('ref_axis',(-1.,5.62138240316535E-16,0.));
#2593=DIRECTION('',(-1.,5.62138240316535E-16,0.));
#2594=DIRECTION('',(1.,-5.62138240316535E-16,0.));
#2595=DIRECTION('center_axis',(-1.,-7.59626280006686E-15,0.));
#2596=DIRECTION('ref_axis',(7.59626280006686E-15,-1.,0.));
#2597=DIRECTION('',(0.,0.,1.));
#2598=DIRECTION('',(7.59626280006686E-15,-1.,0.));
#2599=DIRECTION('',(0.,0.,1.));
#2600=DIRECTION('center_axis',(1.,7.59626280006686E-15,0.));
#2601=DIRECTION('ref_axis',(0.,-1.,0.));
#2602=DIRECTION('',(-7.59626280006686E-15,1.,0.));
#2603=DIRECTION('center_axis',(1.,7.59626280006686E-15,0.));
#2604=DIRECTION('ref_axis',(0.,0.,-1.));
#2605=DIRECTION('',(0.,0.,1.));
#2606=DIRECTION('center_axis',(1.,7.59626280006686E-15,0.));
#2607=DIRECTION('ref_axis',(0.,1.,3.70074341541719E-16));
#2608=DIRECTION('',(7.59626280006686E-15,-1.,0.));
#2609=DIRECTION('center_axis',(1.,7.59626280006686E-15,0.));
#2610=DIRECTION('ref_axis',(0.,0.,1.));
#2611=DIRECTION('',(0.,0.,-1.));
#2612=DIRECTION('center_axis',(7.90506900445129E-17,-1.,0.));
#2613=DIRECTION('ref_axis',(1.,7.90506900445129E-17,0.));
#2614=DIRECTION('',(-1.,-7.90506900445129E-17,0.));
#2615=DIRECTION('',(0.,0.,1.));
#2616=DIRECTION('',(1.,7.90506900445129E-17,0.));
#2617=DIRECTION('',(0.,0.,1.));
#2618=DIRECTION('center_axis',(1.,8.12358310701334E-15,0.));
#2619=DIRECTION('ref_axis',(-8.12358310701334E-15,1.,0.));
#2620=DIRECTION('center_axis',(-1.,-8.12358310701334E-15,0.));
#2621=DIRECTION('ref_axis',(0.,0.,-1.));
#2622=DIRECTION('',(8.12358310701334E-15,-1.,0.));
#2623=DIRECTION('',(0.,0.,1.));
#2624=DIRECTION('',(-8.12358310701334E-15,1.,0.));
#2625=DIRECTION('',(8.12358310701334E-15,-1.,0.));
#2626=DIRECTION('center_axis',(-1.,-8.12358310701334E-15,0.));
#2627=DIRECTION('ref_axis',(0.,-1.,0.));
#2628=DIRECTION('',(0.,0.,1.));
#2629=DIRECTION('center_axis',(-1.,-8.12358310701334E-15,0.));
#2630=DIRECTION('ref_axis',(0.,0.,1.));
#2631=DIRECTION('',(-8.12358310701334E-15,1.,0.));
#2632=DIRECTION('center_axis',(-1.,-8.12358310701334E-15,0.));
#2633=DIRECTION('ref_axis',(0.,1.,3.70074341541719E-16));
#2634=DIRECTION('',(0.,0.,-1.));
#2635=DIRECTION('center_axis',(1.40534560079135E-16,1.,0.));
#2636=DIRECTION('ref_axis',(-1.,1.40534560079135E-16,0.));
#2637=DIRECTION('',(1.,-1.40534560079135E-16,0.));
#2638=DIRECTION('',(0.,0.,1.));
#2639=DIRECTION('',(-1.,1.40534560079135E-16,0.));
#2640=DIRECTION('center_axis',(-1.46081976924364E-16,-1.,0.));
#2641=DIRECTION('ref_axis',(1.,-1.46081976924364E-16,0.));
#2642=DIRECTION('',(-0.996194698091746,1.45526090898812E-16,0.0871557427476579));
#2643=DIRECTION('',(1.,-1.46081976924364E-16,0.));
#2644=DIRECTION('',(0.,0.,1.));
#2645=DIRECTION('',(1.,-1.46081976924364E-16,0.));
#2646=DIRECTION('',(0.,0.,-1.));
#2647=DIRECTION('',(-1.,1.46081976924364E-16,-1.46081976924365E-16));
#2648=DIRECTION('',(0.,0.,1.));
#2649=DIRECTION('center_axis',(0.,0.,1.));
#2650=DIRECTION('ref_axis',(1.,0.,0.));
#2651=DIRECTION('',(-1.,1.16865581539491E-15,0.));
#2652=DIRECTION('',(0.,1.,0.));
#2653=DIRECTION('',(1.,-8.76491861546179E-16,0.));
#2654=DIRECTION('center_axis',(0.,0.,1.));
#2655=DIRECTION('ref_axis',(1.,0.,0.));
#2656=DIRECTION('',(0.,-1.,0.));
#2657=DIRECTION('center_axis',(0.,0.,1.));
#2658=DIRECTION('ref_axis',(1.,0.,0.));
#2659=DIRECTION('',(-1.,-3.65204942310908E-17,0.));
#2660=DIRECTION('',(0.,1.,0.));
#2661=DIRECTION('center_axis',(0.,0.,1.));
#2662=DIRECTION('ref_axis',(1.,0.,0.));
#2663=DIRECTION('',(0.,-1.,0.));
#2664=DIRECTION('center_axis',(0.,0.,1.));
#2665=DIRECTION('ref_axis',(1.,0.,0.));
#2666=DIRECTION('',(1.,-2.96059473233528E-13,0.));
#2667=DIRECTION('',(1.,-4.5135868873107E-14,0.));
#2668=DIRECTION('',(3.6957759745912E-14,-1.,0.));
#2669=DIRECTION('center_axis',(0.,0.,-1.));
#2670=DIRECTION('ref_axis',(1.,0.,0.));
#2671=DIRECTION('center_axis',(-2.96059473233528E-13,-1.,0.));
#2672=DIRECTION('ref_axis',(1.,-2.96059473233528E-13,0.));
#2673=DIRECTION('',(0.,0.,1.));
#2674=DIRECTION('center_axis',(-1.,-3.6957759745912E-14,0.));
#2675=DIRECTION('ref_axis',(3.6957759745912E-14,-1.,0.));
#2676=DIRECTION('',(0.,0.,1.));
#2677=DIRECTION('center_axis',(0.,0.,1.));
#2678=DIRECTION('ref_axis',(1.,0.,0.));
#2679=DIRECTION('center_axis',(0.,0.,1.));
#2680=DIRECTION('ref_axis',(1.,0.,0.));
#2681=DIRECTION('center_axis',(0.,0.,-1.));
#2682=DIRECTION('ref_axis',(1.,0.,0.));
#2683=DIRECTION('center_axis',(0.,0.,1.));
#2684=DIRECTION('ref_axis',(1.,0.,0.));
#2685=DIRECTION('',(0.,0.,-1.));
#2686=DIRECTION('center_axis',(0.,0.,1.));
#2687=DIRECTION('ref_axis',(1.,0.,0.));
#2688=DIRECTION('',(0.,0.,-1.));
#2689=DIRECTION('center_axis',(0.,0.,1.));
#2690=DIRECTION('ref_axis',(1.,0.,0.));
#2691=DIRECTION('',(8.37904169528418E-15,1.,0.));
#2692=DIRECTION('',(-1.,0.,0.));
#2693=DIRECTION('',(0.,-1.,0.));
#2694=DIRECTION('center_axis',(1.,-8.37904169528418E-15,0.));
#2695=DIRECTION('ref_axis',(8.37904169528418E-15,1.,0.));
#2696=DIRECTION('',(-8.37904169528418E-15,-1.,7.33071159548403E-16));
#2697=DIRECTION('',(0.,0.,1.));
#2698=DIRECTION('center_axis',(0.,0.,1.));
#2699=DIRECTION('ref_axis',(1.,0.,0.));
#2700=DIRECTION('',(-1.,0.,0.));
#2701=DIRECTION('',(-1.,0.,0.));
#2702=DIRECTION('',(-1.13869028166683E-14,-1.,0.));
#2703=DIRECTION('',(-1.,0.,0.));
#2704=DIRECTION('',(-1.,0.,0.));
#2705=DIRECTION('center_axis',(-1.,0.,0.));
#2706=DIRECTION('ref_axis',(0.,0.,-1.));
#2707=DIRECTION('',(-1.,0.,0.));
#2708=DIRECTION('center_axis',(0.,1.,0.));
#2709=DIRECTION('ref_axis',(0.,0.,-1.));
#2710=DIRECTION('',(-1.,0.,0.));
#2711=DIRECTION('center_axis',(-1.,0.,0.));
#2712=DIRECTION('ref_axis',(0.,1.,0.));
#2713=DIRECTION('',(-1.,0.,0.));
#2714=DIRECTION('center_axis',(0.,0.,1.));
#2715=DIRECTION('ref_axis',(0.,1.,0.));
#2716=DIRECTION('',(-1.,0.,0.));
#2717=DIRECTION('center_axis',(-1.,0.,0.));
#2718=DIRECTION('ref_axis',(0.,0.,1.));
#2719=DIRECTION('',(-1.,0.,0.));
#2720=DIRECTION('center_axis',(0.,-1.,0.));
#2721=DIRECTION('ref_axis',(0.,0.,1.));
#2722=DIRECTION('',(-1.,0.,0.));
#2723=DIRECTION('center_axis',(-1.,0.,0.));
#2724=DIRECTION('ref_axis',(0.,-1.,0.));
#2725=DIRECTION('center_axis',(-1.,0.,0.));
#2726=DIRECTION('ref_axis',(0.,1.,3.70074341541719E-16));
#2727=DIRECTION('',(-1.,0.,0.));
#2728=DIRECTION('',(-1.,0.,0.));
#2729=DIRECTION('center_axis',(0.,0.,1.));
#2730=DIRECTION('ref_axis',(0.,1.,0.));
#2731=DIRECTION('',(-1.,0.,0.));
#2732=DIRECTION('center_axis',(-1.,0.,0.));
#2733=DIRECTION('ref_axis',(0.,0.,1.));
#2734=DIRECTION('',(-1.,0.,0.));
#2735=DIRECTION('center_axis',(0.,-1.,0.));
#2736=DIRECTION('ref_axis',(0.,0.,1.));
#2737=DIRECTION('',(-1.,0.,0.));
#2738=DIRECTION('center_axis',(-1.,0.,0.));
#2739=DIRECTION('ref_axis',(0.,-1.,0.));
#2740=DIRECTION('center_axis',(-1.,0.,0.));
#2741=DIRECTION('ref_axis',(0.,0.,-1.));
#2742=DIRECTION('',(-1.,0.,0.));
#2743=DIRECTION('center_axis',(0.,1.,0.));
#2744=DIRECTION('ref_axis',(0.,0.,-1.));
#2745=DIRECTION('center_axis',(1.,0.,0.));
#2746=DIRECTION('ref_axis',(0.,0.,-1.));
#2747=DIRECTION('',(0.,-1.,0.));
#2748=DIRECTION('',(0.,0.,1.));
#2749=DIRECTION('',(0.,0.707106781186548,0.707106781186547));
#2750=DIRECTION('',(0.,0.,1.));
#2751=DIRECTION('center_axis',(-1.,0.,0.));
#2752=DIRECTION('ref_axis',(0.,-1.,0.));
#2753=DIRECTION('',(0.,1.,0.));
#2754=DIRECTION('',(0.,0.,-1.));
#2755=DIRECTION('',(0.,-0.707106781186548,-0.707106781186547));
#2756=DIRECTION('',(0.,0.,-1.));
#2757=DIRECTION('center_axis',(0.,0.,1.));
#2758=DIRECTION('ref_axis',(0.,-1.,0.));
#2759=DIRECTION('',(-1.,1.16865581539491E-15,0.));
#2760=DIRECTION('',(1.,0.,0.));
#2761=DIRECTION('center_axis',(0.,0.707106781186547,-0.707106781186548));
#2762=DIRECTION('ref_axis',(0.,0.707106781186548,0.707106781186547));
#2763=DIRECTION('',(1.,0.,0.));
#2764=DIRECTION('',(1.,-1.16865581539491E-15,-1.16865581539491E-15));
#2765=DIRECTION('center_axis',(0.,1.,0.));
#2766=DIRECTION('ref_axis',(0.,0.,1.));
#2767=DIRECTION('center_axis',(1.,0.,0.));
#2768=DIRECTION('ref_axis',(0.,0.,-1.));
#2769=DIRECTION('',(0.,-1.,0.));
#2770=DIRECTION('',(0.,0.,-1.));
#2771=DIRECTION('',(0.,0.707106781186546,-0.707106781186549));
#2772=DIRECTION('center_axis',(-1.,0.,0.));
#2773=DIRECTION('ref_axis',(0.,-1.,0.));
#2774=DIRECTION('',(0.,-1.,0.));
#2775=DIRECTION('',(0.,0.707106781186546,-0.707106781186549));
#2776=DIRECTION('',(0.,0.,-1.));
#2777=DIRECTION('center_axis',(0.,0.,1.));
#2778=DIRECTION('ref_axis',(0.,-1.,0.));
#2779=DIRECTION('',(1.,0.,0.));
#2780=DIRECTION('center_axis',(0.,-1.,0.));
#2781=DIRECTION('ref_axis',(0.,0.,-1.));
#2782=DIRECTION('',(1.,0.,0.));
#2783=DIRECTION('center_axis',(0.,-0.707106781186549,-0.707106781186546));
#2784=DIRECTION('ref_axis',(0.,0.707106781186546,-0.707106781186549));
#2785=DIRECTION('center_axis',(1.,0.,0.));
#2786=DIRECTION('ref_axis',(0.,0.,-1.));
#2787=DIRECTION('',(0.,-1.,0.));
#2788=DIRECTION('',(0.,0.,-1.));
#2789=DIRECTION('',(0.,0.707106781186536,-0.707106781186559));
#2790=DIRECTION('',(0.,0.,-1.));
#2791=DIRECTION('center_axis',(-1.,0.,0.));
#2792=DIRECTION('ref_axis',(0.,-1.,0.));
#2793=DIRECTION('',(0.,-1.,0.));
#2794=DIRECTION('',(0.,0.,1.));
#2795=DIRECTION('',(0.,0.707106781186536,-0.707106781186559));
#2796=DIRECTION('',(0.,0.,-1.));
#2797=DIRECTION('center_axis',(0.,0.,1.));
#2798=DIRECTION('ref_axis',(0.,-1.,0.));
#2799=DIRECTION('',(1.,0.,0.));
#2800=DIRECTION('',(1.,-8.76491861546179E-16,0.));
#2801=DIRECTION('center_axis',(0.,-1.,0.));
#2802=DIRECTION('ref_axis',(0.,0.,-1.));
#2803=DIRECTION('',(1.,0.,0.));
#2804=DIRECTION('center_axis',(0.,-0.707106781186559,-0.707106781186536));
#2805=DIRECTION('ref_axis',(0.,0.707106781186536,-0.707106781186559));
#2806=DIRECTION('',(-1.,8.76491861546179E-16,-8.76491861546207E-16));
#2807=DIRECTION('center_axis',(1.,0.,0.));
#2808=DIRECTION('ref_axis',(0.,0.,-1.));
#2809=DIRECTION('',(0.,-1.,0.));
#2810=DIRECTION('',(0.,0.,1.));
#2811=DIRECTION('',(0.,0.707106781186548,0.707106781186547));
#2812=DIRECTION('',(0.,1.38777878078143E-15,1.));
#2813=DIRECTION('center_axis',(-1.,0.,0.));
#2814=DIRECTION('ref_axis',(0.,-1.,0.));
#2815=DIRECTION('',(0.,1.,0.));
#2816=DIRECTION('',(0.,1.38777878078143E-15,1.));
#2817=DIRECTION('',(0.,-0.707106781186548,-0.707106781186547));
#2818=DIRECTION('',(0.,0.,-1.));
#2819=DIRECTION('center_axis',(0.,0.,1.));
#2820=DIRECTION('ref_axis',(0.,-1.,0.));
#2821=DIRECTION('',(-1.,-3.65204942310908E-17,0.));
#2822=DIRECTION('',(1.,0.,0.));
#2823=DIRECTION('center_axis',(0.,0.707106781186547,-0.707106781186548));
#2824=DIRECTION('ref_axis',(0.,0.707106781186548,0.707106781186547));
#2825=DIRECTION('',(1.,0.,0.));
#2826=DIRECTION('',(1.,3.65204942310908E-17,3.65204942310907E-17));
#2827=DIRECTION('center_axis',(0.,1.,-1.38777878078143E-15));
#2828=DIRECTION('ref_axis',(0.,1.38777878078143E-15,1.));
#2829=DIRECTION('center_axis',(0.,0.,1.));
#2830=DIRECTION('ref_axis',(1.,0.,0.));
#2831=DIRECTION('',(0.,0.,-1.));
#2832=DIRECTION('center_axis',(0.0871557427476579,0.,0.996194698091746));
#2833=DIRECTION('ref_axis',(0.996194698091746,0.,-0.0871557427476579));
#2834=DIRECTION('center_axis',(-4.62231808326898E-16,-1.,0.));
#2835=DIRECTION('ref_axis',(1.,-4.62231808326898E-16,0.));
#2836=DIRECTION('',(-0.996194698091746,4.60472876744616E-16,0.0871557427476579));
#2837=DIRECTION('',(0.,0.,1.));
#2838=DIRECTION('center_axis',(-1.,0.,0.));
#2839=DIRECTION('ref_axis',(0.,-1.,0.));
#2840=DIRECTION('',(0.,1.,0.));
#2841=DIRECTION('',(0.,0.,1.));
#2842=DIRECTION('',(0.,0.,1.));
#2843=DIRECTION('',(0.,1.,0.));
#2844=DIRECTION('',(0.,0.,1.));
#2845=DIRECTION('',(0.,1.,0.));
#2846=DIRECTION('',(0.,0.,1.));
#2847=DIRECTION('center_axis',(-3.65204942310908E-17,1.,0.));
#2848=DIRECTION('ref_axis',(-1.,-3.65204942310908E-17,0.));
#2849=DIRECTION('',(0.996194698091746,3.63815227247028E-17,-0.0871557427476579));
#2850=DIRECTION('center_axis',(0.,0.,1.));
#2851=DIRECTION('ref_axis',(1.,0.,0.));
#2852=DIRECTION('',(0.,0.,-1.));
#2853=DIRECTION('center_axis',(0.0871557427476579,0.,0.996194698091746));
#2854=DIRECTION('ref_axis',(0.996194698091746,0.,-0.0871557427476579));
#2855=DIRECTION('center_axis',(0.0871557427476579,0.,0.996194698091746));
#2856=DIRECTION('ref_axis',(0.996194698091746,0.,-0.0871557427476579));
#2857=DIRECTION('center_axis',(-4.5135868873107E-14,-1.,0.));
#2858=DIRECTION('ref_axis',(1.,-4.5135868873107E-14,0.));
#2859=DIRECTION('',(-0.996194698091746,4.49641132651535E-14,0.0871557427476579));
#2860=DIRECTION('center_axis',(1.16865581539491E-15,1.,0.));
#2861=DIRECTION('ref_axis',(-1.,1.16865581539491E-15,0.));
#2862=DIRECTION('',(0.996194698091746,-1.1642087271905E-15,-0.0871557427476579));
#2863=DIRECTION('center_axis',(-8.76491861546179E-16,-1.,0.));
#2864=DIRECTION('ref_axis',(1.,-8.76491861546179E-16,0.));
#2865=DIRECTION('',(-0.996194698091746,8.73156545392867E-16,0.0871557427476579));
#2866=DIRECTION('center_axis',(0.,1.,0.));
#2867=DIRECTION('ref_axis',(-1.,0.,0.));
#2868=DIRECTION('',(0.996194698091746,0.,-0.0871557427476579));
#2869=DIRECTION('center_axis',(-0.0871557427476579,0.,-0.996194698091746));
#2870=DIRECTION('ref_axis',(-0.996194698091746,0.,0.0871557427476579));
#2871=DIRECTION('center_axis',(-0.0871557427476579,0.,-0.996194698091746));
#2872=DIRECTION('ref_axis',(-0.996194698091746,0.,0.0871557427476579));
#2873=DIRECTION('center_axis',(-0.0871557427476579,0.,-0.996194698091746));
#2874=DIRECTION('ref_axis',(-0.996194698091746,0.,0.0871557427476579));
#2875=DIRECTION('center_axis',(-0.0871557427476579,0.,-0.996194698091746));
#2876=DIRECTION('ref_axis',(-0.996194698091746,0.,0.0871557427476579));
#2877=DIRECTION('',(0.,0.,1.));
#2878=DIRECTION('',(1.,0.,0.));
#2879=CARTESIAN_POINT('',(0.,0.,0.));
#2880=CARTESIAN_POINT('',(0.,0.,0.));
#2881=CARTESIAN_POINT('Origin',(-127.4825,37.9399999999994,0.));
#2882=CARTESIAN_POINT('',(-134.598937236686,79.38,0.));
#2883=CARTESIAN_POINT('',(-134.598937236686,71.78,0.));
#2884=CARTESIAN_POINT('',(-134.598937236686,28.9774999999992,0.));
#2885=CARTESIAN_POINT('',(-116.615,79.3799999999998,0.));
#2886=CARTESIAN_POINT('',(-146.515,79.3800000000001,0.));
#2887=CARTESIAN_POINT('',(-116.615,77.8300000000001,0.));
#2888=CARTESIAN_POINT('',(-116.615,72.98,0.));
#2889=CARTESIAN_POINT('',(-108.45,77.83,0.));
#2890=CARTESIAN_POINT('',(-103.45,77.83,0.));
#2891=CARTESIAN_POINT('',(-108.45,-1.95000000000122,0.));
#2892=CARTESIAN_POINT('',(-108.45,72.83,0.));
#2893=CARTESIAN_POINT('',(-115.599999999997,-1.94999999999977,0.));
#2894=CARTESIAN_POINT('',(-115.599999999997,-1.94999999999977,0.));
#2895=CARTESIAN_POINT('',(-115.6,-18.8,0.));
#2896=CARTESIAN_POINT('',(-115.6,-17.5999999999999,0.));
#2897=CARTESIAN_POINT('',(-117.95,-18.7999999999998,0.));
#2898=CARTESIAN_POINT('',(-119.3,-18.7999999999998,0.));
#2899=CARTESIAN_POINT('',(-117.950000000004,-49.9500000000022,0.));
#2900=CARTESIAN_POINT('',(-117.950000000004,-49.9500000000022,0.));
#2901=CARTESIAN_POINT('',(-126.049999999999,-49.9499999999998,0.));
#2902=CARTESIAN_POINT('',(-126.049999999999,-49.9499999999998,0.));
#2903=CARTESIAN_POINT('',(-126.05,-35.0500000000001,0.));
#2904=CARTESIAN_POINT('',(-126.05,-35.0500000000001,0.));
#2905=CARTESIAN_POINT('',(-134.598937236686,-35.0499999999998,0.));
#2906=CARTESIAN_POINT('',(-126.05,-35.0500000000001,0.));
#2907=CARTESIAN_POINT('',(-134.598937236686,-32.600515123291,0.));
#2908=CARTESIAN_POINT('',(-134.598937236686,28.9774999999992,0.));
#2909=CARTESIAN_POINT('',(-134.598937236686,-29.399484876709,0.));
#2910=CARTESIAN_POINT('Origin',(-135.,-31.,0.));
#2911=CARTESIAN_POINT('',(-134.598937236686,-23.4,0.));
#2912=CARTESIAN_POINT('',(-134.598937236686,28.9774999999992,0.));
#2913=CARTESIAN_POINT('',(-127.3,-23.4,0.));
#2914=CARTESIAN_POINT('',(-127.3,-23.4,0.));
#2915=CARTESIAN_POINT('',(-127.3,-10.8,0.));
#2916=CARTESIAN_POINT('',(-127.3,-10.8,0.));
#2917=CARTESIAN_POINT('',(-134.598937236686,-10.8,0.));
#2918=CARTESIAN_POINT('',(-146.515,-10.8,0.));
#2919=CARTESIAN_POINT('',(-134.598937236686,-5.47150624395676,0.));
#2920=CARTESIAN_POINT('',(-134.598937236686,28.9774999999992,0.));
#2921=CARTESIAN_POINT('',(-134.598937236686,-3.72849375604324,0.));
#2922=CARTESIAN_POINT('Origin',(-136.,-4.6,0.));
#2923=CARTESIAN_POINT('',(-134.598937236686,0.780000000000009,0.));
#2924=CARTESIAN_POINT('',(-134.598937236686,28.9774999999992,0.));
#2925=CARTESIAN_POINT('',(-116.115,0.780000000000012,0.));
#2926=CARTESIAN_POINT('',(-116.115,0.78000000000001,0.));
#2927=CARTESIAN_POINT('',(-116.115,31.18,0.));
#2928=CARTESIAN_POINT('',(-116.115,31.18,0.));
#2929=CARTESIAN_POINT('',(-134.598937236686,31.18,0.));
#2930=CARTESIAN_POINT('',(-146.515,31.18,0.));
#2931=CARTESIAN_POINT('',(-134.598937236686,41.38,0.));
#2932=CARTESIAN_POINT('',(-134.598937236686,28.9774999999992,0.));
#2933=CARTESIAN_POINT('',(-116.115,41.38,0.));
#2934=CARTESIAN_POINT('',(-116.115,41.38,0.));
#2935=CARTESIAN_POINT('',(-116.115,71.78,0.));
#2936=CARTESIAN_POINT('',(-116.115,71.78,0.));
#2937=CARTESIAN_POINT('',(-146.515,71.7800000000001,0.));
#2938=CARTESIAN_POINT('',(-123.65,-45.8999999999998,0.));
#2939=CARTESIAN_POINT('Origin',(-122.,-45.8999999999998,0.));
#2940=CARTESIAN_POINT('',(-121.465,76.1800000000001,0.));
#2941=CARTESIAN_POINT('Origin',(-119.815,76.1800000000001,0.));
#2942=CARTESIAN_POINT('',(-112.25,3.05,0.));
#2943=CARTESIAN_POINT('Origin',(-111.15,3.05,0.));
#2944=CARTESIAN_POINT('',(-112.25,67.05,0.));
#2945=CARTESIAN_POINT('Origin',(-111.15,67.05,0.));
#2946=CARTESIAN_POINT('Origin',(-115.599999999997,-1.94999999999977,0.));
#2947=CARTESIAN_POINT('',(-108.45,-1.95000000000122,2.4));
#2948=CARTESIAN_POINT('',(-108.45,-1.95000000000122,0.));
#2949=CARTESIAN_POINT('',(-115.599999999997,-1.94999999999977,2.4));
#2950=CARTESIAN_POINT('',(-115.599999999997,-1.94999999999977,2.4));
#2951=CARTESIAN_POINT('',(-115.599999999997,-1.94999999999977,0.));
#2952=CARTESIAN_POINT('Origin',(-108.45,-1.95000000000122,0.));
#2953=CARTESIAN_POINT('',(-108.45,77.83,2.4));
#2954=CARTESIAN_POINT('',(-108.45,77.83,0.));
#2955=CARTESIAN_POINT('',(-108.45,72.83,2.4));
#2956=CARTESIAN_POINT('Origin',(-108.45,77.83,0.));
#2957=CARTESIAN_POINT('',(-116.615,77.8300000000001,2.4));
#2958=CARTESIAN_POINT('',(-116.615,77.8300000000001,0.));
#2959=CARTESIAN_POINT('',(-103.45,77.83,2.4));
#2960=CARTESIAN_POINT('Origin',(-116.615,72.98,0.));
#2961=CARTESIAN_POINT('',(-146.515,72.9800000000001,8.6));
#2962=CARTESIAN_POINT('',(-116.615,72.98,8.6));
#2963=CARTESIAN_POINT('',(-123.665,72.98,8.6));
#2964=CARTESIAN_POINT('',(-116.615,72.98,16.));
#2965=CARTESIAN_POINT('',(-116.615,72.98,0.));
#2966=CARTESIAN_POINT('',(-146.515,72.9800000000001,16.));
#2967=CARTESIAN_POINT('',(-146.515,72.9800000000001,16.));
#2968=CARTESIAN_POINT('',(-146.515,72.9800000000001,0.));
#2969=CARTESIAN_POINT('Origin',(-111.15,67.05,3.));
#2970=CARTESIAN_POINT('',(-113.05,67.05,3.));
#2971=CARTESIAN_POINT('Origin',(-111.15,67.05,3.));
#2972=CARTESIAN_POINT('',(-112.25,67.05,3.));
#2973=CARTESIAN_POINT('Origin',(-111.15,67.05,3.));
#2974=CARTESIAN_POINT('Origin',(-111.15,67.05,0.));
#2975=CARTESIAN_POINT('',(-112.25,67.05,0.));
#2976=CARTESIAN_POINT('Origin',(-111.15,67.05,0.));
#2977=CARTESIAN_POINT('',(-113.05,67.05,2.4));
#2978=CARTESIAN_POINT('',(-113.05,67.05,0.));
#2979=CARTESIAN_POINT('Origin',(-111.15,67.05,2.4));
#2980=CARTESIAN_POINT('Origin',(-111.15,3.05,3.));
#2981=CARTESIAN_POINT('',(-113.05,3.05,3.));
#2982=CARTESIAN_POINT('Origin',(-111.15,3.05,3.));
#2983=CARTESIAN_POINT('',(-112.25,3.05,3.));
#2984=CARTESIAN_POINT('Origin',(-111.15,3.05,3.));
#2985=CARTESIAN_POINT('Origin',(-111.15,3.05,0.));
#2986=CARTESIAN_POINT('',(-112.25,3.05,0.));
#2987=CARTESIAN_POINT('Origin',(-111.15,3.05,0.));
#2988=CARTESIAN_POINT('',(-113.05,3.05,2.4));
#2989=CARTESIAN_POINT('',(-113.05,3.05,0.));
#2990=CARTESIAN_POINT('Origin',(-111.15,3.05,2.4));
#2991=CARTESIAN_POINT('Origin',(-116.85,-15.6999999999999,2.4));
#2992=CARTESIAN_POINT('',(-115.6,-17.5999999999999,2.4));
#2993=CARTESIAN_POINT('',(-115.599999999999,-13.8000000000004,2.4));
#2994=CARTESIAN_POINT('',(-115.6,-17.5999999999999,2.4));
#2995=CARTESIAN_POINT('',(-118.1,-13.7999999999998,2.4));
#2996=CARTESIAN_POINT('',(-118.1,-13.7999999999998,2.4));
#2997=CARTESIAN_POINT('',(-118.1,-17.5999999999998,2.4));
#2998=CARTESIAN_POINT('',(-118.1,-14.1999999999999,2.4));
#2999=CARTESIAN_POINT('',(-115.6,-17.5999999999999,2.4));
#3000=CARTESIAN_POINT('Origin',(-115.6,-17.5999999999999,0.));
#3001=CARTESIAN_POINT('',(-115.599999999997,-0.419999999999989,2.4));
#3002=CARTESIAN_POINT('',(-115.599999999997,-1.94999999999977,2.4));
#3003=CARTESIAN_POINT('',(-115.599999999997,-0.419999999999989,4.15));
#3004=CARTESIAN_POINT('',(-115.599999999997,-0.419999999999989,0.));
#3005=CARTESIAN_POINT('',(-115.599999999999,-13.8000000000004,4.15));
#3006=CARTESIAN_POINT('',(-115.599999999997,-1.94999999999977,4.15));
#3007=CARTESIAN_POINT('',(-115.599999999999,-13.8000000000004,0.));
#3008=CARTESIAN_POINT('',(-115.6,-17.5999999999999,4.4));
#3009=CARTESIAN_POINT('',(-115.6,-17.5999999999999,0.));
#3010=CARTESIAN_POINT('',(-115.6,-18.8,4.4));
#3011=CARTESIAN_POINT('',(-115.6,-18.8,4.4));
#3012=CARTESIAN_POINT('',(-115.6,-18.8,0.));
#3013=CARTESIAN_POINT('Origin',(-135.,-31.,4.15));
#3014=CARTESIAN_POINT('',(-146.515,-0.419999999999991,4.15));
#3015=CARTESIAN_POINT('',(-114.915,-0.419999999999989,4.15));
#3016=CARTESIAN_POINT('',(-146.515,-10.8,4.15));
#3017=CARTESIAN_POINT('',(-146.515,-0.419999999999992,4.15));
#3018=CARTESIAN_POINT('',(-127.3,-10.8,4.15));
#3019=CARTESIAN_POINT('',(-146.515,-10.8,4.15));
#3020=CARTESIAN_POINT('',(-127.3,-23.4,4.15));
#3021=CARTESIAN_POINT('',(-127.3,-10.8,4.15));
#3022=CARTESIAN_POINT('',(-146.515,-23.4,4.15));
#3023=CARTESIAN_POINT('',(-127.3,-23.4,4.15));
#3024=CARTESIAN_POINT('',(-146.515,-35.0499999999992,4.15));
#3025=CARTESIAN_POINT('',(-146.515,-23.4,4.15));
#3026=CARTESIAN_POINT('',(-117.95,-35.05,4.15));
#3027=CARTESIAN_POINT('',(-126.05,-35.0500000000001,4.15));
#3028=CARTESIAN_POINT('',(-117.95,-18.7999999999998,4.15));
#3029=CARTESIAN_POINT('',(-117.950000000004,-49.9500000000022,4.15));
#3030=CARTESIAN_POINT('',(-119.3,-18.7999999999998,4.15));
#3031=CARTESIAN_POINT('',(-119.3,-18.7999999999998,4.15));
#3032=CARTESIAN_POINT('',(-119.3,-14.1999999999998,4.15));
#3033=CARTESIAN_POINT('',(-119.3,-14.1999999999998,4.15));
#3034=CARTESIAN_POINT('',(-118.1,-14.1999999999999,4.15));
#3035=CARTESIAN_POINT('',(-118.1,-14.1999999999999,4.15));
#3036=CARTESIAN_POINT('',(-118.1,-13.7999999999998,4.15));
#3037=CARTESIAN_POINT('',(-118.1,-14.1999999999999,4.15));
#3038=CARTESIAN_POINT('',(-118.1,-13.7999999999998,4.15));
#3039=CARTESIAN_POINT('',(-137.65,-4.6,4.15));
#3040=CARTESIAN_POINT('Origin',(-136.,-4.6,4.15));
#3041=CARTESIAN_POINT('',(-142.,-8.6,4.15));
#3042=CARTESIAN_POINT('Origin',(-141.,-8.6,4.15));
#3043=CARTESIAN_POINT('',(-142.,-25.6,4.15));
#3044=CARTESIAN_POINT('Origin',(-141.,-25.6,4.15));
#3045=CARTESIAN_POINT('',(-136.65,-31.,4.15));
#3046=CARTESIAN_POINT('Origin',(-135.,-31.,4.15));
#3047=CARTESIAN_POINT('Origin',(-127.3,-10.8,0.));
#3048=CARTESIAN_POINT('',(-127.3,-23.4,0.));
#3049=CARTESIAN_POINT('',(-127.3,-10.8,0.));
#3050=CARTESIAN_POINT('Origin',(-127.3,-23.4,0.));
#3051=CARTESIAN_POINT('',(-146.515,-23.4,1.04252040565333));
#3052=CARTESIAN_POINT('',(-127.819344064339,-23.4,-0.593137545898119));
#3053=CARTESIAN_POINT('',(-146.515,-23.4,0.));
#3054=CARTESIAN_POINT('Origin',(-146.515,-23.4,0.));
#3055=CARTESIAN_POINT('',(-146.515,-35.0499999999992,1.04252040565333));
#3056=CARTESIAN_POINT('',(-146.515,-1.69250000000056,1.04252040565334));
#3057=CARTESIAN_POINT('',(-146.515,-35.0499999999992,0.));
#3058=CARTESIAN_POINT('Origin',(-117.950000000002,-35.05,0.));
#3059=CARTESIAN_POINT('',(-117.95,-18.7999999999998,0.));
#3060=CARTESIAN_POINT('',(-117.95,-35.05,1.2));
#3061=CARTESIAN_POINT('',(-117.95,-35.05,0.));
#3062=CARTESIAN_POINT('',(-117.950000000004,-49.9500000000022,1.2));
#3063=CARTESIAN_POINT('',(-117.950000000004,-49.9500000000022,1.2));
#3064=CARTESIAN_POINT('',(-117.950000000004,-49.9500000000022,0.));
#3065=CARTESIAN_POINT('Origin',(-136.,-4.6,0.));
#3066=CARTESIAN_POINT('',(-137.65,-4.6,0.266933403496034));
#3067=CARTESIAN_POINT('',(-137.65,-4.6,0.));
#3068=CARTESIAN_POINT('Origin',(-136.,-4.6,0.122577108678259));
#3069=CARTESIAN_POINT('Origin',(-136.,-4.6,0.122577108678259));
#3070=CARTESIAN_POINT('Origin',(-118.1,-13.7999999999998,0.));
#3071=CARTESIAN_POINT('',(-118.1,-13.7999999999998,0.));
#3072=CARTESIAN_POINT('Origin',(-118.1,-14.1999999999999,0.));
#3073=CARTESIAN_POINT('',(-118.1,-14.1999999999999,4.4));
#3074=CARTESIAN_POINT('',(-118.1,-14.1999999999999,0.));
#3075=CARTESIAN_POINT('',(-118.1,-17.5999999999998,4.4));
#3076=CARTESIAN_POINT('',(-118.1,-17.5999999999998,4.4));
#3077=CARTESIAN_POINT('',(-118.1,-17.5999999999998,0.));
#3078=CARTESIAN_POINT('Origin',(-117.45,-16.4999999999999,4.4));
#3079=CARTESIAN_POINT('',(-115.6,-17.5999999999999,4.4));
#3080=CARTESIAN_POINT('',(-119.3,-14.1999999999998,4.4));
#3081=CARTESIAN_POINT('',(-118.1,-14.1999999999999,4.4));
#3082=CARTESIAN_POINT('',(-119.3,-18.7999999999998,4.4));
#3083=CARTESIAN_POINT('',(-119.3,-14.1999999999998,4.4));
#3084=CARTESIAN_POINT('',(-119.3,-18.7999999999998,4.4));
#3085=CARTESIAN_POINT('Origin',(-115.6,-17.5999999999999,0.));
#3086=CARTESIAN_POINT('Origin',(-118.1,-14.1999999999999,0.));
#3087=CARTESIAN_POINT('',(-119.3,-14.1999999999998,0.));
#3088=CARTESIAN_POINT('Origin',(-119.3,-14.1999999999998,0.));
#3089=CARTESIAN_POINT('',(-119.3,-18.7999999999998,0.));
#3090=CARTESIAN_POINT('Origin',(-119.3,-18.7999999999998,0.));
#3091=CARTESIAN_POINT('Origin',(-112.3,75.5,4.4));
#3092=CARTESIAN_POINT('',(-113.3,75.5,4.4));
#3093=CARTESIAN_POINT('Origin',(-112.3,75.5,4.4));
#3094=CARTESIAN_POINT('Origin',(-112.3,75.5,0.));
#3095=CARTESIAN_POINT('',(-113.3,75.5,2.4));
#3096=CARTESIAN_POINT('',(-113.3,75.5,0.));
#3097=CARTESIAN_POINT('Origin',(-112.3,75.5,2.4));
#3098=CARTESIAN_POINT('Origin',(-131.565,76.1800000000001,16.));
#3099=CARTESIAN_POINT('',(-116.615,79.3799999999998,16.));
#3100=CARTESIAN_POINT('',(-116.615,72.98,16.));
#3101=CARTESIAN_POINT('',(-146.515,79.3800000000001,16.));
#3102=CARTESIAN_POINT('',(-146.515,79.3800000000001,16.));
#3103=CARTESIAN_POINT('',(-146.515,72.9800000000001,16.));
#3104=CARTESIAN_POINT('',(-140.965,76.1800000000001,16.));
#3105=CARTESIAN_POINT('Origin',(-139.315,76.1800000000001,16.));
#3106=CARTESIAN_POINT('',(-134.815,76.1800000000001,16.));
#3107=CARTESIAN_POINT('Origin',(-133.815,76.1800000000001,16.));
#3108=CARTESIAN_POINT('',(-126.315,76.1800000000001,16.));
#3109=CARTESIAN_POINT('Origin',(-125.315,76.1800000000001,16.));
#3110=CARTESIAN_POINT('',(-121.465,76.1800000000001,16.));
#3111=CARTESIAN_POINT('Origin',(-119.815,76.1800000000001,16.));
#3112=CARTESIAN_POINT('Origin',(-116.615,79.3799999999998,0.));
#3113=CARTESIAN_POINT('',(-135.515,79.38,0.0801451068681735));
#3114=CARTESIAN_POINT('',(-122.517426354105,79.3799999999999,-1.05699524049094));
#3115=CARTESIAN_POINT('',(-135.515,79.38,14.4));
#3116=CARTESIAN_POINT('',(-135.515,79.38,0.));
#3117=CARTESIAN_POINT('',(-146.515,79.3800000000001,14.4));
#3118=CARTESIAN_POINT('',(-128.815,79.3799999999999,14.4));
#3119=CARTESIAN_POINT('',(-146.515,79.3800000000001,0.));
#3120=CARTESIAN_POINT('',(-116.615,79.3799999999998,0.));
#3121=CARTESIAN_POINT('Origin',(-119.815,76.1800000000001,0.));
#3122=CARTESIAN_POINT('',(-121.465,76.1800000000001,0.));
#3123=CARTESIAN_POINT('Origin',(-116.615,72.98,0.));
#3124=CARTESIAN_POINT('',(-116.615,72.98,2.4));
#3125=CARTESIAN_POINT('',(-116.615,72.9972495602734,2.4));
#3126=CARTESIAN_POINT('',(-116.615,72.98,0.));
#3127=CARTESIAN_POINT('Origin',(-129.565,76.1800000000001,17.2));
#3128=CARTESIAN_POINT('',(-126.315,76.1800000000001,17.2));
#3129=CARTESIAN_POINT('Origin',(-125.315,76.1800000000001,17.2));
#3130=CARTESIAN_POINT('Origin',(-125.315,76.1800000000001,16.));
#3131=CARTESIAN_POINT('',(-126.315,76.1800000000001,16.));
#3132=CARTESIAN_POINT('Origin',(-129.565,76.1800000000001,17.2));
#3133=CARTESIAN_POINT('',(-134.815,76.1800000000001,17.2));
#3134=CARTESIAN_POINT('Origin',(-133.815,76.1800000000001,17.2));
#3135=CARTESIAN_POINT('Origin',(-133.815,76.1800000000001,16.));
#3136=CARTESIAN_POINT('',(-134.815,76.1800000000001,16.));
#3137=CARTESIAN_POINT('Origin',(-141.,-8.6,6.15));
#3138=CARTESIAN_POINT('',(-142.,-8.6,6.15));
#3139=CARTESIAN_POINT('Origin',(-141.,-8.6,6.15));
#3140=CARTESIAN_POINT('Origin',(-141.,-8.6,0.));
#3141=CARTESIAN_POINT('',(-142.,-8.6,0.));
#3142=CARTESIAN_POINT('Origin',(-141.,-25.6,6.15));
#3143=CARTESIAN_POINT('',(-142.,-25.6,6.15));
#3144=CARTESIAN_POINT('Origin',(-141.,-25.6,6.15));
#3145=CARTESIAN_POINT('Origin',(-141.,-25.6,0.));
#3146=CARTESIAN_POINT('',(-142.,-25.6,0.));
#3147=CARTESIAN_POINT('Origin',(-116.115,71.78,0.));
#3148=CARTESIAN_POINT('',(-116.115,41.38,7.4));
#3149=CARTESIAN_POINT('',(-116.115,41.38,0.));
#3150=CARTESIAN_POINT('',(-116.115,71.78,7.4));
#3151=CARTESIAN_POINT('',(-116.115,71.78,7.4));
#3152=CARTESIAN_POINT('',(-116.115,71.78,0.));
#3153=CARTESIAN_POINT('',(-116.115,59.605,5.55));
#3154=CARTESIAN_POINT('',(-116.115,53.555,5.55));
#3155=CARTESIAN_POINT('',(-116.115,62.6675000000005,5.55));
#3156=CARTESIAN_POINT('',(-116.115,52.055,4.05));
#3157=CARTESIAN_POINT('Origin',(-116.115,53.555,4.05));
#3158=CARTESIAN_POINT('',(-116.115,52.055,3.9));
#3159=CARTESIAN_POINT('',(-116.115,52.055,1.95));
#3160=CARTESIAN_POINT('',(-116.115,53.555,2.4));
#3161=CARTESIAN_POINT('Origin',(-116.115,53.555,3.9));
#3162=CARTESIAN_POINT('',(-116.115,59.605,2.4));
#3163=CARTESIAN_POINT('',(-116.115,65.6925000000005,2.4));
#3164=CARTESIAN_POINT('',(-116.115,61.105,3.9));
#3165=CARTESIAN_POINT('Origin',(-116.115,59.605,3.9));
#3166=CARTESIAN_POINT('',(-116.115,61.105,4.05));
#3167=CARTESIAN_POINT('',(-116.115,61.105,2.025));
#3168=CARTESIAN_POINT('Origin',(-116.115,59.605,4.05));
#3169=CARTESIAN_POINT('Origin',(-146.515,40.18,0.));
#3170=CARTESIAN_POINT('',(-114.915,40.18,2.4));
#3171=CARTESIAN_POINT('',(-146.515,40.18,2.4));
#3172=CARTESIAN_POINT('',(-114.915,40.18,2.4));
#3173=CARTESIAN_POINT('',(-114.915,40.18,8.6));
#3174=CARTESIAN_POINT('',(-114.915,40.18,0.));
#3175=CARTESIAN_POINT('',(-146.515,40.18,8.6));
#3176=CARTESIAN_POINT('',(-138.615,40.18,8.6));
#3177=CARTESIAN_POINT('',(-146.515,40.18,0.));
#3178=CARTESIAN_POINT('Origin',(-114.915,40.18,0.));
#3179=CARTESIAN_POINT('',(-114.915,61.105,3.9));
#3180=CARTESIAN_POINT('',(-114.915,59.605,2.4));
#3181=CARTESIAN_POINT('Origin',(-114.915,59.605,3.9));
#3182=CARTESIAN_POINT('',(-114.915,72.98,2.4));
#3183=CARTESIAN_POINT('',(-114.915,72.98,2.4));
#3184=CARTESIAN_POINT('',(-114.915,72.98,8.6));
#3185=CARTESIAN_POINT('',(-114.915,72.98,0.));
#3186=CARTESIAN_POINT('',(-114.915,38.23,8.6));
#3187=CARTESIAN_POINT('',(-114.915,53.555,2.4));
#3188=CARTESIAN_POINT('',(-114.915,72.98,2.4));
#3189=CARTESIAN_POINT('',(-114.915,52.055,3.9));
#3190=CARTESIAN_POINT('Origin',(-114.915,53.555,3.9));
#3191=CARTESIAN_POINT('',(-114.915,52.055,4.05));
#3192=CARTESIAN_POINT('',(-114.915,52.055,1.95));
#3193=CARTESIAN_POINT('',(-114.915,53.555,5.55));
#3194=CARTESIAN_POINT('Origin',(-114.915,53.555,4.05));
#3195=CARTESIAN_POINT('',(-114.915,59.605,5.55));
#3196=CARTESIAN_POINT('',(-114.915,46.8675000000004,5.55));
#3197=CARTESIAN_POINT('',(-114.915,61.105,4.05));
#3198=CARTESIAN_POINT('Origin',(-114.915,59.605,4.05));
#3199=CARTESIAN_POINT('',(-114.915,61.105,2.025));
#3200=CARTESIAN_POINT('Origin',(-114.915,72.98,0.));
#3201=CARTESIAN_POINT('',(-122.815,72.98,8.6));
#3202=CARTESIAN_POINT('',(-146.515,72.9800000000001,2.4));
#3203=CARTESIAN_POINT('Origin',(-116.115,31.18,0.));
#3204=CARTESIAN_POINT('',(-116.115,0.780000000000012,7.4));
#3205=CARTESIAN_POINT('',(-116.115,0.780000000000012,0.));
#3206=CARTESIAN_POINT('',(-116.115,31.18,7.4));
#3207=CARTESIAN_POINT('',(-116.115,31.18,7.4));
#3208=CARTESIAN_POINT('',(-116.115,31.18,0.));
#3209=CARTESIAN_POINT('',(-116.115,11.455,3.9));
#3210=CARTESIAN_POINT('',(-116.115,12.955,2.4));
#3211=CARTESIAN_POINT('Origin',(-116.115,12.955,3.9));
#3212=CARTESIAN_POINT('',(-116.115,19.005,2.4));
#3213=CARTESIAN_POINT('',(-116.115,25.0924999999996,2.4));
#3214=CARTESIAN_POINT('',(-116.115,20.505,3.9));
#3215=CARTESIAN_POINT('Origin',(-116.115,19.005,3.9));
#3216=CARTESIAN_POINT('',(-116.115,20.505,4.05));
#3217=CARTESIAN_POINT('',(-116.115,20.505,2.025));
#3218=CARTESIAN_POINT('',(-116.115,19.005,5.55));
#3219=CARTESIAN_POINT('Origin',(-116.115,19.005,4.05));
#3220=CARTESIAN_POINT('',(-116.115,12.955,5.55));
#3221=CARTESIAN_POINT('',(-116.115,22.0674999999996,5.55));
#3222=CARTESIAN_POINT('',(-116.115,11.455,4.05));
#3223=CARTESIAN_POINT('Origin',(-116.115,12.955,4.05));
#3224=CARTESIAN_POINT('',(-116.115,11.455,1.95));
#3225=CARTESIAN_POINT('Origin',(-146.515,-0.419999999999992,0.));
#3226=CARTESIAN_POINT('',(-114.915,-0.419999999999989,2.4));
#3227=CARTESIAN_POINT('',(-114.915,-0.419999999999989,2.4));
#3228=CARTESIAN_POINT('',(-114.915,-0.419999999999989,8.6));
#3229=CARTESIAN_POINT('',(-114.915,-0.419999999999989,0.));
#3230=CARTESIAN_POINT('',(-146.515,-0.419999999999994,8.6));
#3231=CARTESIAN_POINT('',(-138.615,-0.419999999999994,8.6));
#3232=CARTESIAN_POINT('',(-146.515,-0.419999999999992,0.));
#3233=CARTESIAN_POINT('Origin',(-114.915,-0.419999999999989,0.));
#3234=CARTESIAN_POINT('',(-114.915,20.505,3.9));
#3235=CARTESIAN_POINT('',(-114.915,19.005,2.4));
#3236=CARTESIAN_POINT('Origin',(-114.915,19.005,3.9));
#3237=CARTESIAN_POINT('',(-114.915,32.38,2.4));
#3238=CARTESIAN_POINT('',(-114.915,32.38,2.4));
#3239=CARTESIAN_POINT('',(-114.915,32.38,8.6));
#3240=CARTESIAN_POINT('',(-114.915,32.38,0.));
#3241=CARTESIAN_POINT('',(-114.915,17.9300000000001,8.6));
#3242=CARTESIAN_POINT('',(-114.915,12.955,2.4));
#3243=CARTESIAN_POINT('',(-114.915,32.38,2.4));
#3244=CARTESIAN_POINT('',(-114.915,11.455,3.9));
#3245=CARTESIAN_POINT('Origin',(-114.915,12.955,3.9));
#3246=CARTESIAN_POINT('',(-114.915,11.455,4.05));
#3247=CARTESIAN_POINT('',(-114.915,11.455,1.95));
#3248=CARTESIAN_POINT('',(-114.915,12.955,5.55));
#3249=CARTESIAN_POINT('Origin',(-114.915,12.955,4.05));
#3250=CARTESIAN_POINT('',(-114.915,19.005,5.55));
#3251=CARTESIAN_POINT('',(-114.915,6.26749999999954,5.55));
#3252=CARTESIAN_POINT('',(-114.915,20.505,4.05));
#3253=CARTESIAN_POINT('Origin',(-114.915,19.005,4.05));
#3254=CARTESIAN_POINT('',(-114.915,20.505,2.025));
#3255=CARTESIAN_POINT('Origin',(-114.915,32.38,0.));
#3256=CARTESIAN_POINT('',(-146.515,32.38,2.4));
#3257=CARTESIAN_POINT('',(-146.515,32.38,2.4));
#3258=CARTESIAN_POINT('',(-146.515,32.38,8.6));
#3259=CARTESIAN_POINT('',(-146.515,32.38,0.));
#3260=CARTESIAN_POINT('',(-122.815,32.38,8.6));
#3261=CARTESIAN_POINT('Origin',(-146.515,31.18,0.));
#3262=CARTESIAN_POINT('',(-146.515,31.18,1.04252040565334));
#3263=CARTESIAN_POINT('',(-137.353864307871,31.18,0.241024887569383));
#3264=CARTESIAN_POINT('',(-146.515,31.18,7.4));
#3265=CARTESIAN_POINT('',(-146.515,31.18,7.4));
#3266=CARTESIAN_POINT('',(-146.515,31.18,0.));
#3267=CARTESIAN_POINT('',(-141.515,31.18,4.5));
#3268=CARTESIAN_POINT('',(-131.515,31.18,4.5));
#3269=CARTESIAN_POINT('',(-144.015,31.18,4.5));
#3270=CARTESIAN_POINT('',(-131.515,31.18,3.7));
#3271=CARTESIAN_POINT('',(-131.515,31.18,2.05));
#3272=CARTESIAN_POINT('',(-141.515,31.18,3.7));
#3273=CARTESIAN_POINT('',(-144.015,31.18,3.70000000000001));
#3274=CARTESIAN_POINT('',(-141.515,31.18,2.05));
#3275=CARTESIAN_POINT('Origin',(-130.715,36.28,7.4));
#3276=CARTESIAN_POINT('',(-146.515,41.3800000000001,7.4));
#3277=CARTESIAN_POINT('',(-116.115,41.38,7.4));
#3278=CARTESIAN_POINT('',(-146.515,71.7800000000001,7.4));
#3279=CARTESIAN_POINT('',(-146.515,54.63,7.4));
#3280=CARTESIAN_POINT('',(-146.515,71.7800000000001,7.4));
#3281=CARTESIAN_POINT('Origin',(-130.715,36.28,8.6));
#3282=CARTESIAN_POINT('',(-146.515,54.63,8.6));
#3283=CARTESIAN_POINT('Origin',(-130.715,36.28,7.4));
#3284=CARTESIAN_POINT('',(-146.515,0.780000000000007,7.4));
#3285=CARTESIAN_POINT('',(-116.115,0.78000000000001,7.4));
#3286=CARTESIAN_POINT('',(-146.515,34.33,7.4));
#3287=CARTESIAN_POINT('Origin',(-130.715,36.28,8.6));
#3288=CARTESIAN_POINT('',(-146.515,34.33,8.6));
#3289=CARTESIAN_POINT('Origin',(-122.,-42.5000000000011,1.2));
#3290=CARTESIAN_POINT('',(-126.049999999999,-49.9499999999998,1.2));
#3291=CARTESIAN_POINT('',(-126.049999999999,-49.9499999999998,1.2));
#3292=CARTESIAN_POINT('',(-126.05,-35.0500000000001,1.2));
#3293=CARTESIAN_POINT('',(-134.2575,-35.0499999999998,1.2));
#3294=CARTESIAN_POINT('',(-126.05,-35.0500000000001,1.2));
#3295=CARTESIAN_POINT('',(-124.85,-45.8999999999998,1.2));
#3296=CARTESIAN_POINT('Origin',(-122.,-45.8999999999998,1.2));
#3297=CARTESIAN_POINT('Origin',(-126.049999999999,-49.9499999999998,0.));
#3298=CARTESIAN_POINT('',(-126.049999999999,-49.9499999999998,0.));
#3299=CARTESIAN_POINT('Origin',(-126.05,-35.0500000000001,0.));
#3300=CARTESIAN_POINT('',(-126.05,-35.0500000000001,0.));
#3301=CARTESIAN_POINT('Origin',(-122.,-45.8999999999998,4.6));
#3302=CARTESIAN_POINT('',(-124.85,-45.8999999999998,4.6));
#3303=CARTESIAN_POINT('Origin',(-122.,-45.8999999999998,4.6));
#3304=CARTESIAN_POINT('',(-123.65,-45.8999999999998,4.6));
#3305=CARTESIAN_POINT('Origin',(-122.,-45.8999999999998,4.6));
#3306=CARTESIAN_POINT('Origin',(-122.,-45.8999999999998,0.));
#3307=CARTESIAN_POINT('',(-123.65,-45.8999999999998,0.));
#3308=CARTESIAN_POINT('Origin',(-122.,-45.8999999999998,0.));
#3309=CARTESIAN_POINT('',(-124.85,-45.8999999999998,0.));
#3310=CARTESIAN_POINT('Origin',(-141.015,84.68,14.4));
#3311=CARTESIAN_POINT('',(-135.515,89.98,14.4));
#3312=CARTESIAN_POINT('',(-135.515,89.98,14.4));
#3313=CARTESIAN_POINT('',(-146.515,89.98,14.4));
#3314=CARTESIAN_POINT('',(-146.515,89.98,14.4));
#3315=CARTESIAN_POINT('',(-146.515,79.3800000000001,14.4));
#3316=CARTESIAN_POINT('Origin',(-135.515,79.38,0.));
#3317=CARTESIAN_POINT('',(-135.515,89.98,0.0801451068681657));
#3318=CARTESIAN_POINT('',(-135.515,49.6974999999995,0.080145106868194));
#3319=CARTESIAN_POINT('',(-135.515,89.98,0.));
#3320=CARTESIAN_POINT('Origin',(-127.4825,37.9399999999994,2.4));
#3321=CARTESIAN_POINT('',(0.,59.605,2.4));
#3322=CARTESIAN_POINT('',(0.,53.555,2.4));
#3323=CARTESIAN_POINT('',(-146.515,40.18,2.4));
#3324=CARTESIAN_POINT('',(0.,19.005,2.4));
#3325=CARTESIAN_POINT('',(0.,12.955,2.4));
#3326=CARTESIAN_POINT('Origin',(0.,59.605,3.9));
#3327=CARTESIAN_POINT('',(0.,61.105,3.9));
#3328=CARTESIAN_POINT('Origin',(0.,61.105,4.05));
#3329=CARTESIAN_POINT('',(0.,61.105,4.05));
#3330=CARTESIAN_POINT('Origin',(0.,59.605,4.05));
#3331=CARTESIAN_POINT('',(0.,59.605,5.55));
#3332=CARTESIAN_POINT('Origin',(0.,53.555,5.55));
#3333=CARTESIAN_POINT('',(0.,53.555,5.55));
#3334=CARTESIAN_POINT('Origin',(0.,53.555,4.05));
#3335=CARTESIAN_POINT('',(0.,52.055,4.05));
#3336=CARTESIAN_POINT('Origin',(0.,52.055,3.9));
#3337=CARTESIAN_POINT('',(0.,52.055,3.9));
#3338=CARTESIAN_POINT('Origin',(0.,53.555,3.9));
#3339=CARTESIAN_POINT('Origin',(0.,19.005,4.05));
#3340=CARTESIAN_POINT('',(0.,19.005,5.55));
#3341=CARTESIAN_POINT('',(0.,20.505,4.05));
#3342=CARTESIAN_POINT('Origin',(0.,12.955,5.55));
#3343=CARTESIAN_POINT('',(0.,12.955,5.55));
#3344=CARTESIAN_POINT('Origin',(0.,12.955,4.05));
#3345=CARTESIAN_POINT('',(0.,11.455,4.05));
#3346=CARTESIAN_POINT('Origin',(0.,11.455,3.9));
#3347=CARTESIAN_POINT('',(0.,11.455,3.9));
#3348=CARTESIAN_POINT('Origin',(0.,12.955,3.9));
#3349=CARTESIAN_POINT('Origin',(0.,19.005,3.9));
#3350=CARTESIAN_POINT('',(0.,20.505,3.9));
#3351=CARTESIAN_POINT('Origin',(0.,20.505,4.05));
#3352=CARTESIAN_POINT('Origin',(-131.515,41.68,4.1));
#3353=CARTESIAN_POINT('',(-131.515,41.98,4.5));
#3354=CARTESIAN_POINT('',(-131.515,41.3800000000001,4.5));
#3355=CARTESIAN_POINT('',(-131.515,41.3800000000001,4.5));
#3356=CARTESIAN_POINT('',(-131.515,41.3800000000001,3.7));
#3357=CARTESIAN_POINT('',(-131.515,41.38,2.05));
#3358=CARTESIAN_POINT('',(-131.515,41.98,4.3));
#3359=CARTESIAN_POINT('',(-131.515,42.18,4.5));
#3360=CARTESIAN_POINT('',(-131.515,41.98,4.5));
#3361=CARTESIAN_POINT('Origin',(-141.515,41.68,4.1));
#3362=CARTESIAN_POINT('',(-141.515,41.3800000000001,4.5));
#3363=CARTESIAN_POINT('',(-141.515,41.98,4.5));
#3364=CARTESIAN_POINT('',(-141.515,41.3800000000001,4.5));
#3365=CARTESIAN_POINT('',(-141.515,41.98,4.3));
#3366=CARTESIAN_POINT('',(-141.515,41.98,4.5));
#3367=CARTESIAN_POINT('',(-141.515,41.3800000000001,3.7));
#3368=CARTESIAN_POINT('',(-141.515,42.18,4.5));
#3369=CARTESIAN_POINT('',(-141.515,41.38,2.05));
#3370=CARTESIAN_POINT('Origin',(-141.515,41.98,4.5));
#3371=CARTESIAN_POINT('',(-128.815,41.38,4.5));
#3372=CARTESIAN_POINT('',(-141.515,41.98,4.5));
#3373=CARTESIAN_POINT('Origin',(-141.515,41.3800000000001,3.7));
#3374=CARTESIAN_POINT('',(-141.515,41.98,4.3));
#3375=CARTESIAN_POINT('',(-128.815,41.38,3.69999999999998));
#3376=CARTESIAN_POINT('Origin',(-141.515,41.98,4.3));
#3377=CARTESIAN_POINT('Origin',(-131.515,30.88,4.1));
#3378=CARTESIAN_POINT('',(-131.515,30.58,4.5));
#3379=CARTESIAN_POINT('',(-131.515,31.18,4.5));
#3380=CARTESIAN_POINT('',(-131.515,30.58,4.3));
#3381=CARTESIAN_POINT('',(-131.515,30.58,4.5));
#3382=CARTESIAN_POINT('',(-131.515,30.38,4.5));
#3383=CARTESIAN_POINT('Origin',(-141.515,30.88,4.1));
#3384=CARTESIAN_POINT('',(-141.515,30.58,4.5));
#3385=CARTESIAN_POINT('',(-141.515,31.18,4.5));
#3386=CARTESIAN_POINT('',(-141.515,30.58,4.3));
#3387=CARTESIAN_POINT('',(-141.515,30.38,4.5));
#3388=CARTESIAN_POINT('',(-141.515,30.58,4.5));
#3389=CARTESIAN_POINT('Origin',(-141.515,31.18,4.5));
#3390=CARTESIAN_POINT('',(-141.515,30.58,4.5));
#3391=CARTESIAN_POINT('Origin',(-141.515,30.58,4.5));
#3392=CARTESIAN_POINT('',(-141.515,30.58,4.3));
#3393=CARTESIAN_POINT('Origin',(-141.515,30.58,4.3));
#3394=CARTESIAN_POINT('Origin',(-131.515,71.48,4.1));
#3395=CARTESIAN_POINT('',(-131.515,71.7800000000001,4.5));
#3396=CARTESIAN_POINT('',(-131.515,71.1800000000001,4.5));
#3397=CARTESIAN_POINT('',(-131.515,71.7800000000001,4.5));
#3398=CARTESIAN_POINT('',(-131.515,71.1800000000001,4.30000000000001));
#3399=CARTESIAN_POINT('',(-131.515,71.1800000000001,4.5));
#3400=CARTESIAN_POINT('',(-131.515,71.7800000000001,3.7));
#3401=CARTESIAN_POINT('',(-131.515,70.9800000000001,4.5));
#3402=CARTESIAN_POINT('',(-131.515,71.78,2.05));
#3403=CARTESIAN_POINT('Origin',(-141.515,71.48,4.1));
#3404=CARTESIAN_POINT('',(-141.515,71.7800000000001,4.5));
#3405=CARTESIAN_POINT('',(-141.515,71.1800000000001,4.5));
#3406=CARTESIAN_POINT('',(-141.515,71.7800000000001,4.5));
#3407=CARTESIAN_POINT('',(-141.515,71.7800000000001,3.7));
#3408=CARTESIAN_POINT('',(-141.515,71.7800000000001,2.05));
#3409=CARTESIAN_POINT('',(-141.515,71.1800000000001,4.30000000000001));
#3410=CARTESIAN_POINT('',(-141.515,70.9800000000001,4.5));
#3411=CARTESIAN_POINT('',(-141.515,71.1800000000001,4.5));
#3412=CARTESIAN_POINT('Origin',(-141.515,71.7800000000001,4.5));
#3413=CARTESIAN_POINT('',(-141.515,71.1800000000001,4.5));
#3414=CARTESIAN_POINT('',(-144.015,71.7800000000001,4.5));
#3415=CARTESIAN_POINT('Origin',(-141.515,71.1800000000001,4.5));
#3416=CARTESIAN_POINT('',(-141.515,71.1800000000001,4.30000000000001));
#3417=CARTESIAN_POINT('Origin',(-141.515,71.1800000000001,4.30000000000001));
#3418=CARTESIAN_POINT('',(-144.015,71.7800000000001,3.7));
#3419=CARTESIAN_POINT('Origin',(-131.515,1.08000000000001,4.1));
#3420=CARTESIAN_POINT('',(-131.515,1.38000000000001,4.5));
#3421=CARTESIAN_POINT('',(-131.515,0.780000000000008,4.5));
#3422=CARTESIAN_POINT('',(-131.515,0.780000000000008,4.5));
#3423=CARTESIAN_POINT('',(-131.515,0.780000000000008,3.7));
#3424=CARTESIAN_POINT('',(-131.515,0.78000000000001,2.05));
#3425=CARTESIAN_POINT('',(-131.515,1.38000000000001,4.3));
#3426=CARTESIAN_POINT('',(-131.515,1.58000000000001,4.5));
#3427=CARTESIAN_POINT('',(-131.515,1.38000000000001,4.3));
#3428=CARTESIAN_POINT('Origin',(-141.515,1.08000000000001,4.1));
#3429=CARTESIAN_POINT('',(-141.515,0.780000000000008,4.5));
#3430=CARTESIAN_POINT('',(-141.515,1.38000000000001,4.5));
#3431=CARTESIAN_POINT('',(-141.515,0.780000000000008,4.5));
#3432=CARTESIAN_POINT('',(-141.515,1.38000000000001,4.3));
#3433=CARTESIAN_POINT('',(-141.515,1.38000000000001,4.3));
#3434=CARTESIAN_POINT('',(-141.515,0.780000000000008,3.7));
#3435=CARTESIAN_POINT('',(-141.515,1.58000000000001,4.5));
#3436=CARTESIAN_POINT('',(-141.515,0.780000000000009,2.05));
#3437=CARTESIAN_POINT('Origin',(-141.515,1.38000000000001,4.5));
#3438=CARTESIAN_POINT('',(-128.815,0.78000000000001,4.5));
#3439=CARTESIAN_POINT('',(-141.515,1.38000000000001,4.5));
#3440=CARTESIAN_POINT('Origin',(-141.515,0.780000000000008,3.7));
#3441=CARTESIAN_POINT('',(-141.515,1.38000000000001,4.3));
#3442=CARTESIAN_POINT('',(-128.815,0.78000000000001,3.7));
#3443=CARTESIAN_POINT('Origin',(-141.515,1.38000000000001,4.3));
#3444=CARTESIAN_POINT('Origin',(-139.315,76.1800000000001,0.));
#3445=CARTESIAN_POINT('',(-140.965,76.1800000000001,0.556958323084459));
#3446=CARTESIAN_POINT('',(-140.965,76.1800000000001,0.));
#3447=CARTESIAN_POINT('Origin',(-139.315,76.1800000000001,0.412602028266686));
#3448=CARTESIAN_POINT('Origin',(-146.515,-10.8,0.));
#3449=CARTESIAN_POINT('',(-146.515,-10.8,1.04252040565334));
#3450=CARTESIAN_POINT('',(-137.353864307871,-10.8,0.241024887569384));
#3451=CARTESIAN_POINT('',(-146.515,-10.8,0.));
#3452=CARTESIAN_POINT('Origin',(-146.515,-0.419999999999992,0.));
#3453=CARTESIAN_POINT('',(-146.515,71.7800000000001,1.04252040565334));
#3454=CARTESIAN_POINT('',(-146.515,89.98,1.04252040565333));
#3455=CARTESIAN_POINT('',(-146.515,9.79749999999945,1.04252040565334));
#3456=CARTESIAN_POINT('',(-146.515,71.7800000000001,0.));
#3457=CARTESIAN_POINT('',(-146.515,41.3800000000001,1.04252040565334));
#3458=CARTESIAN_POINT('',(-146.515,41.3800000000001,0.));
#3459=CARTESIAN_POINT('',(-146.515,9.79749999999945,1.04252040565334));
#3460=CARTESIAN_POINT('',(-146.515,0.780000000000009,1.04252040565334));
#3461=CARTESIAN_POINT('',(-146.515,0.780000000000009,0.));
#3462=CARTESIAN_POINT('',(-146.515,9.79749999999945,1.04252040565334));
#3463=CARTESIAN_POINT('',(-146.515,89.98,0.));
#3464=CARTESIAN_POINT('Origin',(-116.115,0.78000000000001,0.));
#3465=CARTESIAN_POINT('',(-122.269325384979,0.78000000000001,-1.07870126269928));
#3466=CARTESIAN_POINT('Origin',(-135.,-31.,0.));
#3467=CARTESIAN_POINT('',(-136.65,-31.,0.179444739970109));
#3468=CARTESIAN_POINT('',(-136.65,-31.,0.));
#3469=CARTESIAN_POINT('Origin',(-135.,-31.,0.0350884451523344));
#3470=CARTESIAN_POINT('Origin',(-135.,-31.,0.0350884451523344));
#3471=CARTESIAN_POINT('Origin',(-146.515,-35.0499999999992,0.));
#3472=CARTESIAN_POINT('',(-137.353864307873,-35.0499999999996,0.241024887569489));
#3473=CARTESIAN_POINT('Origin',(-116.115,41.38,0.));
#3474=CARTESIAN_POINT('',(-122.269325384979,41.38,-1.07870126269927));
#3475=CARTESIAN_POINT('Origin',(-146.515,71.7800000000001,0.));
#3476=CARTESIAN_POINT('',(-137.353864307871,71.78,0.241024887569381));
#3477=CARTESIAN_POINT('Origin',(-135.515,89.98,0.));
#3478=CARTESIAN_POINT('',(-131.895642987088,89.98,-0.236507601014679));
#3479=CARTESIAN_POINT('Origin',(-128.283244500054,20.0149999999989,-0.552551516768321));
#3480=CARTESIAN_POINT('Origin',(-128.283244500054,20.0149999999989,-0.552551516768321));
#3481=CARTESIAN_POINT('Origin',(-128.283244500054,20.0149999999989,-0.552551516768321));
#3482=CARTESIAN_POINT('Origin',(-128.283244500054,20.0149999999989,-0.552551516768321));
#3483=CARTESIAN_POINT('',(0.,0.,0.));
#3484=UNCERTAINTY_MEASURE_WITH_UNIT(LENGTH_MEASURE(0.01),#3490,
'DISTANCE_ACCURACY_VALUE',
'Maximum model space distance between geometric entities at asserted c
onnectivities');
#3485=UNCERTAINTY_MEASURE_WITH_UNIT(LENGTH_MEASURE(0.01),#3490,
'DISTANCE_ACCURACY_VALUE',
'Maximum model space distance between geometric entities at asserted c
onnectivities');
#3486=UNCERTAINTY_MEASURE_WITH_UNIT(LENGTH_MEASURE(0.01),#3490,
'DISTANCE_ACCURACY_VALUE',
'Maximum model space distance between geometric entities at asserted c
onnectivities');
#3487=(
GEOMETRIC_REPRESENTATION_CONTEXT(3)
GLOBAL_UNCERTAINTY_ASSIGNED_CONTEXT((#3484))
GLOBAL_UNIT_ASSIGNED_CONTEXT((#3490,#3492,#3493))
REPRESENTATION_CONTEXT('','3D')
);
#3488=(
GEOMETRIC_REPRESENTATION_CONTEXT(3)
GLOBAL_UNCERTAINTY_ASSIGNED_CONTEXT((#3485))
GLOBAL_UNIT_ASSIGNED_CONTEXT((#3490,#3492,#3493))
REPRESENTATION_CONTEXT('','3D')
);
#3489=(
GEOMETRIC_REPRESENTATION_CONTEXT(3)
GLOBAL_UNCERTAINTY_ASSIGNED_CONTEXT((#3486))
GLOBAL_UNIT_ASSIGNED_CONTEXT((#3490,#3492,#3493))
REPRESENTATION_CONTEXT('','3D')
);
#3490=(
LENGTH_UNIT()
NAMED_UNIT(*)
SI_UNIT(.MILLI.,.METRE.)
);
#3491=(
LENGTH_UNIT()
NAMED_UNIT(*)
SI_UNIT($,.METRE.)
);
#3492=(
NAMED_UNIT(*)
PLANE_ANGLE_UNIT()
SI_UNIT($,.RADIAN.)
);
#3493=(
NAMED_UNIT(*)
SI_UNIT($,.STERADIAN.)
SOLID_ANGLE_UNIT()
);
#3494=SHAPE_DEFINITION_REPRESENTATION(#3496,#3499);
#3495=SHAPE_DEFINITION_REPRESENTATION(#3497,#3500);
#3496=PRODUCT_DEFINITION_SHAPE('',$,#3502);
#3497=PRODUCT_DEFINITION_SHAPE('',$,#3503);
#3498=PRODUCT_DEFINITION_SHAPE($,$,#14);
#3499=SHAPE_REPRESENTATION('',(#2147,#2308),#3487);
#3500=SHAPE_REPRESENTATION('',(#2148),#3488);
#3501=PRODUCT_DEFINITION_CONTEXT('part definition',#3509,'design');
#3502=PRODUCT_DEFINITION('chassis-bottom-revB','chassis-bottom-revB',#3504,
#3501);
#3503=PRODUCT_DEFINITION('bottom-bracket-L','bottom-bracket-L',#3505,#3501);
#3504=PRODUCT_DEFINITION_FORMATION('',$,#3511);
#3505=PRODUCT_DEFINITION_FORMATION('',$,#3512);
#3506=PRODUCT_RELATED_PRODUCT_CATEGORY('chassis-bottom-revB',
'chassis-bottom-revB',(#3511));
#3507=PRODUCT_RELATED_PRODUCT_CATEGORY('bottom-bracket-L',
'bottom-bracket-L',(#3512));
#3508=APPLICATION_PROTOCOL_DEFINITION('international standard',
'automotive_design',2009,#3509);
#3509=APPLICATION_CONTEXT(
'Core Data for Automotive Mechanical Design Process');
#3510=PRODUCT_CONTEXT('part definition',#3509,'mechanical');
#3511=PRODUCT('chassis-bottom-revB','chassis-bottom-revB',$,(#3510));
#3512=PRODUCT('bottom-bracket-L','bottom-bracket-L',$,(#3510));
#3513=PRESENTATION_STYLE_ASSIGNMENT((#3514));
#3514=SURFACE_STYLE_USAGE(.BOTH.,#3515);
#3515=SURFACE_SIDE_STYLE('',(#3516));
#3516=SURFACE_STYLE_FILL_AREA(#3517);
#3517=FILL_AREA_STYLE('Steel - Satin',(#3518));
#3518=FILL_AREA_STYLE_COLOUR('Steel - Satin',#3519);
#3519=COLOUR_RGB('Steel - Satin',0.627450980392157,0.627450980392157,0.627450980392157);
ENDSEC;
END-ISO-10303-21;
