ISO-10303-21;
HEADER;
/* Generated by software containing ST-Developer
 * from STEP Tools, Inc. (www.steptools.com) 
 */

FILE_DESCRIPTION(
/* description */ (''),
/* implementation_level */ '2;1');

FILE_NAME(
/* name */ 'plate.step',
/* time_stamp */ '2026-09-06T16:00:01-07:00',
/* author */ (''),
/* organization */ (''),
/* preprocessor_version */ 'ST-DEVELOPER v20.2',
/* originating_system */ 'Autodesk Translation Framework v15.15.0.0',
/* authorisation */ '');

FILE_SCHEMA (('AUTOMOTIVE_DESIGN { 1 0 10303 214 3 1 1 }'));
ENDSEC;

DATA;
#10=MECHANICAL_DESIGN_GEOMETRIC_PRESENTATION_REPRESENTATION('',(#13),#21975);
#11=SHAPE_REPRESENTATION_RELATIONSHIP('SRR','None',#21982,#12);
#12=ADVANCED_BREP_SHAPE_REPRESENTATION('',(#14),#21974);
#13=STYLED_ITEM('',(#21991),#14);
#14=MANIFOLD_SOLID_BREP('Body1',#13035);
#15=FACE_BOUND('',#1122,.T.);
#16=FACE_BOUND('',#1123,.T.);
#17=FACE_BOUND('',#1124,.T.);
#18=FACE_BOUND('',#1125,.T.);
#19=FACE_BOUND('',#1126,.T.);
#20=FACE_BOUND('',#1127,.T.);
#21=FACE_BOUND('',#1128,.T.);
#22=FACE_BOUND('',#1129,.T.);
#23=FACE_BOUND('',#1130,.T.);
#24=FACE_BOUND('',#1131,.T.);
#25=FACE_BOUND('',#1132,.T.);
#26=FACE_BOUND('',#1133,.T.);
#27=FACE_BOUND('',#1134,.T.);
#28=FACE_BOUND('',#1135,.T.);
#29=FACE_BOUND('',#1136,.T.);
#30=FACE_BOUND('',#1137,.T.);
#31=FACE_BOUND('',#1138,.T.);
#32=FACE_BOUND('',#1139,.T.);
#33=FACE_BOUND('',#1140,.T.);
#34=FACE_BOUND('',#1141,.T.);
#35=FACE_BOUND('',#1142,.T.);
#36=FACE_BOUND('',#1143,.T.);
#37=FACE_BOUND('',#1144,.T.);
#38=FACE_BOUND('',#1145,.T.);
#39=FACE_BOUND('',#1146,.T.);
#40=FACE_BOUND('',#1147,.T.);
#41=FACE_BOUND('',#1148,.T.);
#42=FACE_BOUND('',#1149,.T.);
#43=FACE_BOUND('',#1150,.T.);
#44=FACE_BOUND('',#1151,.T.);
#45=FACE_BOUND('',#1152,.T.);
#46=FACE_BOUND('',#1153,.T.);
#47=FACE_BOUND('',#1154,.T.);
#48=FACE_BOUND('',#1155,.T.);
#49=FACE_BOUND('',#1156,.T.);
#50=FACE_BOUND('',#1157,.T.);
#51=FACE_BOUND('',#1158,.T.);
#52=FACE_BOUND('',#1159,.T.);
#53=FACE_BOUND('',#1160,.T.);
#54=FACE_BOUND('',#1161,.T.);
#55=FACE_BOUND('',#1162,.T.);
#56=FACE_BOUND('',#1163,.T.);
#57=FACE_BOUND('',#1164,.T.);
#58=FACE_BOUND('',#1165,.T.);
#59=FACE_BOUND('',#1166,.T.);
#60=FACE_BOUND('',#1167,.T.);
#61=FACE_BOUND('',#1168,.T.);
#62=FACE_BOUND('',#1169,.T.);
#63=FACE_BOUND('',#1170,.T.);
#64=FACE_BOUND('',#1171,.T.);
#65=FACE_BOUND('',#1172,.T.);
#66=FACE_BOUND('',#1173,.T.);
#67=FACE_BOUND('',#1174,.T.);
#68=FACE_BOUND('',#1175,.T.);
#69=FACE_BOUND('',#1176,.T.);
#70=FACE_BOUND('',#1177,.T.);
#71=FACE_BOUND('',#1178,.T.);
#72=FACE_BOUND('',#1179,.T.);
#73=FACE_BOUND('',#1180,.T.);
#74=FACE_BOUND('',#1181,.T.);
#75=FACE_BOUND('',#1182,.T.);
#76=FACE_BOUND('',#1183,.T.);
#77=FACE_BOUND('',#1184,.T.);
#78=FACE_BOUND('',#1185,.T.);
#79=FACE_BOUND('',#1186,.T.);
#80=FACE_BOUND('',#1187,.T.);
#81=FACE_BOUND('',#1188,.T.);
#82=FACE_BOUND('',#1189,.T.);
#83=FACE_BOUND('',#1190,.T.);
#84=FACE_BOUND('',#1191,.T.);
#85=FACE_BOUND('',#1192,.T.);
#86=FACE_BOUND('',#1193,.T.);
#87=FACE_BOUND('',#1194,.T.);
#88=FACE_BOUND('',#1195,.T.);
#89=FACE_BOUND('',#1831,.T.);
#90=FACE_BOUND('',#1832,.T.);
#91=FACE_BOUND('',#1833,.T.);
#92=FACE_BOUND('',#1834,.T.);
#93=FACE_BOUND('',#1835,.T.);
#94=FACE_BOUND('',#1836,.T.);
#95=FACE_BOUND('',#1837,.T.);
#96=FACE_BOUND('',#1838,.T.);
#97=FACE_BOUND('',#1839,.T.);
#98=FACE_BOUND('',#1840,.T.);
#99=FACE_BOUND('',#1841,.T.);
#100=FACE_BOUND('',#1842,.T.);
#101=FACE_BOUND('',#1843,.T.);
#102=FACE_BOUND('',#1844,.T.);
#103=FACE_BOUND('',#1845,.T.);
#104=FACE_BOUND('',#1846,.T.);
#105=FACE_BOUND('',#1847,.T.);
#106=FACE_BOUND('',#1848,.T.);
#107=FACE_BOUND('',#1849,.T.);
#108=FACE_BOUND('',#1850,.T.);
#109=FACE_BOUND('',#1851,.T.);
#110=FACE_BOUND('',#1852,.T.);
#111=FACE_BOUND('',#1853,.T.);
#112=FACE_BOUND('',#1854,.T.);
#113=FACE_BOUND('',#1855,.T.);
#114=FACE_BOUND('',#1856,.T.);
#115=FACE_BOUND('',#1857,.T.);
#116=FACE_BOUND('',#1858,.T.);
#117=FACE_BOUND('',#1859,.T.);
#118=FACE_BOUND('',#1860,.T.);
#119=FACE_BOUND('',#1861,.T.);
#120=FACE_BOUND('',#1862,.T.);
#121=FACE_BOUND('',#1863,.T.);
#122=FACE_BOUND('',#1864,.T.);
#123=FACE_BOUND('',#1865,.T.);
#124=FACE_BOUND('',#1866,.T.);
#125=FACE_BOUND('',#1867,.T.);
#126=FACE_BOUND('',#1868,.T.);
#127=FACE_BOUND('',#1869,.T.);
#128=FACE_BOUND('',#1870,.T.);
#129=FACE_BOUND('',#1871,.T.);
#130=FACE_BOUND('',#1872,.T.);
#131=FACE_BOUND('',#1873,.T.);
#132=FACE_BOUND('',#1874,.T.);
#133=FACE_BOUND('',#1875,.T.);
#134=FACE_BOUND('',#1876,.T.);
#135=FACE_BOUND('',#1877,.T.);
#136=FACE_BOUND('',#1878,.T.);
#137=FACE_BOUND('',#1879,.T.);
#138=FACE_BOUND('',#1880,.T.);
#139=FACE_BOUND('',#1881,.T.);
#140=FACE_BOUND('',#1882,.T.);
#141=FACE_BOUND('',#1883,.T.);
#142=FACE_BOUND('',#1884,.T.);
#143=FACE_BOUND('',#1885,.T.);
#144=FACE_BOUND('',#1886,.T.);
#145=FACE_BOUND('',#1887,.T.);
#146=FACE_BOUND('',#1888,.T.);
#147=FACE_BOUND('',#1889,.T.);
#148=FACE_BOUND('',#1890,.T.);
#149=FACE_BOUND('',#1891,.T.);
#150=FACE_BOUND('',#1892,.T.);
#151=FACE_BOUND('',#1893,.T.);
#152=FACE_BOUND('',#1894,.T.);
#153=FACE_BOUND('',#1895,.T.);
#154=FACE_BOUND('',#1896,.T.);
#155=FACE_BOUND('',#1897,.T.);
#156=FACE_BOUND('',#1898,.T.);
#157=FACE_BOUND('',#1899,.T.);
#158=FACE_BOUND('',#1900,.T.);
#159=FACE_BOUND('',#1901,.T.);
#160=FACE_BOUND('',#1902,.T.);
#161=FACE_BOUND('',#1903,.T.);
#162=FACE_BOUND('',#1904,.T.);
#163=PLANE('',#13052);
#164=PLANE('',#13053);
#165=PLANE('',#13375);
#166=PLANE('',#13378);
#167=PLANE('',#13381);
#168=PLANE('',#13384);
#169=PLANE('',#13387);
#170=PLANE('',#13390);
#171=PLANE('',#13393);
#172=PLANE('',#13396);
#173=PLANE('',#13399);
#174=PLANE('',#13402);
#175=PLANE('',#13405);
#176=PLANE('',#13408);
#177=PLANE('',#13411);
#178=PLANE('',#13414);
#179=PLANE('',#13417);
#180=PLANE('',#13420);
#181=PLANE('',#13423);
#182=PLANE('',#13426);
#183=PLANE('',#13429);
#184=PLANE('',#13432);
#185=PLANE('',#13435);
#186=PLANE('',#13438);
#187=PLANE('',#13443);
#188=PLANE('',#13446);
#189=PLANE('',#13451);
#190=PLANE('',#13454);
#191=PLANE('',#13459);
#192=PLANE('',#13462);
#193=PLANE('',#13465);
#194=PLANE('',#13468);
#195=PLANE('',#13471);
#196=PLANE('',#13476);
#197=PLANE('',#13481);
#198=PLANE('',#13484);
#199=PLANE('',#13487);
#200=PLANE('',#13492);
#201=PLANE('',#13497);
#202=PLANE('',#13500);
#203=PLANE('',#13505);
#204=PLANE('',#13510);
#205=PLANE('',#13513);
#206=PLANE('',#13516);
#207=PLANE('',#13519);
#208=PLANE('',#13524);
#209=PLANE('',#13529);
#210=PLANE('',#13532);
#211=PLANE('',#13537);
#212=PLANE('',#13540);
#213=PLANE('',#13543);
#214=PLANE('',#13546);
#215=PLANE('',#13555);
#216=PLANE('',#13558);
#217=PLANE('',#13561);
#218=PLANE('',#13564);
#219=PLANE('',#13567);
#220=PLANE('',#13570);
#221=PLANE('',#13573);
#222=PLANE('',#13576);
#223=PLANE('',#13581);
#224=PLANE('',#13584);
#225=PLANE('',#13587);
#226=PLANE('',#13590);
#227=PLANE('',#13591);
#228=PLANE('',#13594);
#229=PLANE('',#13597);
#230=PLANE('',#13600);
#231=PLANE('',#13603);
#232=PLANE('',#13606);
#233=PLANE('',#13609);
#234=PLANE('',#13612);
#235=PLANE('',#13615);
#236=PLANE('',#13618);
#237=PLANE('',#13621);
#238=PLANE('',#13624);
#239=PLANE('',#13627);
#240=PLANE('',#13630);
#241=PLANE('',#13633);
#242=PLANE('',#13636);
#243=PLANE('',#13641);
#244=PLANE('',#13644);
#245=PLANE('',#13647);
#246=PLANE('',#13650);
#247=PLANE('',#13653);
#248=PLANE('',#13656);
#249=PLANE('',#13659);
#250=PLANE('',#13662);
#251=PLANE('',#13665);
#252=PLANE('',#13668);
#253=PLANE('',#13671);
#254=PLANE('',#13674);
#255=PLANE('',#13675);
#256=PLANE('',#13678);
#257=PLANE('',#13681);
#258=PLANE('',#13684);
#259=PLANE('',#13687);
#260=PLANE('',#13690);
#261=PLANE('',#13693);
#262=PLANE('',#13696);
#263=PLANE('',#13699);
#264=PLANE('',#13702);
#265=PLANE('',#13705);
#266=PLANE('',#13708);
#267=PLANE('',#13711);
#268=PLANE('',#13714);
#269=PLANE('',#13717);
#270=PLANE('',#13720);
#271=PLANE('',#13723);
#272=PLANE('',#13726);
#273=PLANE('',#13729);
#274=PLANE('',#13732);
#275=PLANE('',#13735);
#276=PLANE('',#13738);
#277=PLANE('',#13741);
#278=PLANE('',#13744);
#279=PLANE('',#13749);
#280=PLANE('',#13752);
#281=PLANE('',#13755);
#282=PLANE('',#13758);
#283=PLANE('',#13759);
#284=PLANE('',#13760);
#285=PLANE('',#13761);
#286=PLANE('',#13762);
#287=PLANE('',#13765);
#288=PLANE('',#13768);
#289=PLANE('',#13771);
#290=PLANE('',#13774);
#291=PLANE('',#13777);
#292=PLANE('',#13780);
#293=PLANE('',#13783);
#294=PLANE('',#13786);
#295=PLANE('',#13789);
#296=PLANE('',#13792);
#297=PLANE('',#13795);
#298=PLANE('',#13800);
#299=PLANE('',#13803);
#300=PLANE('',#13806);
#301=PLANE('',#13809);
#302=PLANE('',#13810);
#303=PLANE('',#13813);
#304=PLANE('',#13816);
#305=PLANE('',#13819);
#306=PLANE('',#13822);
#307=PLANE('',#13825);
#308=PLANE('',#13828);
#309=PLANE('',#13831);
#310=PLANE('',#13834);
#311=PLANE('',#13837);
#312=PLANE('',#13840);
#313=PLANE('',#13843);
#314=PLANE('',#13848);
#315=PLANE('',#13851);
#316=PLANE('',#13854);
#317=PLANE('',#13857);
#318=PLANE('',#13858);
#319=PLANE('',#13861);
#320=PLANE('',#13864);
#321=PLANE('',#13867);
#322=PLANE('',#13870);
#323=PLANE('',#13873);
#324=PLANE('',#13876);
#325=PLANE('',#13879);
#326=PLANE('',#13882);
#327=PLANE('',#13885);
#328=PLANE('',#13888);
#329=PLANE('',#13891);
#330=PLANE('',#13894);
#331=PLANE('',#13897);
#332=PLANE('',#13900);
#333=PLANE('',#13903);
#334=PLANE('',#13908);
#335=PLANE('',#13911);
#336=PLANE('',#13914);
#337=PLANE('',#13917);
#338=PLANE('',#13920);
#339=PLANE('',#13923);
#340=PLANE('',#13926);
#341=PLANE('',#13929);
#342=PLANE('',#13930);
#343=PLANE('',#13933);
#344=PLANE('',#13936);
#345=PLANE('',#13939);
#346=PLANE('',#13942);
#347=PLANE('',#13945);
#348=PLANE('',#13948);
#349=PLANE('',#13951);
#350=PLANE('',#13954);
#351=PLANE('',#13955);
#352=PLANE('',#13956);
#353=PLANE('',#13957);
#354=PLANE('',#13958);
#355=PLANE('',#13961);
#356=PLANE('',#13964);
#357=PLANE('',#13967);
#358=PLANE('',#13970);
#359=PLANE('',#13973);
#360=PLANE('',#13976);
#361=PLANE('',#13979);
#362=PLANE('',#13982);
#363=PLANE('',#13985);
#364=PLANE('',#13988);
#365=PLANE('',#13991);
#366=PLANE('',#13994);
#367=PLANE('',#13997);
#368=PLANE('',#14000);
#369=PLANE('',#14003);
#370=PLANE('',#14008);
#371=PLANE('',#14011);
#372=PLANE('',#14014);
#373=PLANE('',#14017);
#374=PLANE('',#14020);
#375=PLANE('',#14023);
#376=PLANE('',#14026);
#377=PLANE('',#14029);
#378=PLANE('',#14030);
#379=PLANE('',#14033);
#380=PLANE('',#14036);
#381=PLANE('',#14039);
#382=PLANE('',#14044);
#383=PLANE('',#14047);
#384=PLANE('',#14050);
#385=PLANE('',#14053);
#386=PLANE('',#14054);
#387=PLANE('',#14057);
#388=PLANE('',#14060);
#389=PLANE('',#14063);
#390=PLANE('',#14066);
#391=PLANE('',#14069);
#392=PLANE('',#14072);
#393=PLANE('',#14075);
#394=PLANE('',#14078);
#395=PLANE('',#14081);
#396=PLANE('',#14084);
#397=PLANE('',#14087);
#398=PLANE('',#14092);
#399=PLANE('',#14095);
#400=PLANE('',#14098);
#401=PLANE('',#14101);
#402=PLANE('',#14102);
#403=PLANE('',#14105);
#404=PLANE('',#14108);
#405=PLANE('',#14111);
#406=PLANE('',#14114);
#407=PLANE('',#14117);
#408=PLANE('',#14120);
#409=PLANE('',#14123);
#410=PLANE('',#14126);
#411=PLANE('',#14129);
#412=PLANE('',#14132);
#413=PLANE('',#14135);
#414=PLANE('',#14138);
#415=PLANE('',#14141);
#416=PLANE('',#14144);
#417=PLANE('',#14147);
#418=PLANE('',#14150);
#419=PLANE('',#14153);
#420=PLANE('',#14156);
#421=PLANE('',#14159);
#422=PLANE('',#14164);
#423=PLANE('',#14167);
#424=PLANE('',#14170);
#425=PLANE('',#14173);
#426=PLANE('',#14174);
#427=PLANE('',#14177);
#428=PLANE('',#14180);
#429=PLANE('',#14183);
#430=PLANE('',#14188);
#431=PLANE('',#14191);
#432=PLANE('',#14194);
#433=PLANE('',#14197);
#434=PLANE('',#14198);
#435=PLANE('',#14201);
#436=PLANE('',#14204);
#437=PLANE('',#14207);
#438=PLANE('',#14212);
#439=PLANE('',#14215);
#440=PLANE('',#14218);
#441=PLANE('',#14221);
#442=PLANE('',#14224);
#443=PLANE('',#14227);
#444=PLANE('',#14230);
#445=PLANE('',#14233);
#446=PLANE('',#14236);
#447=PLANE('',#14239);
#448=PLANE('',#14242);
#449=PLANE('',#14245);
#450=PLANE('',#14248);
#451=PLANE('',#14251);
#452=PLANE('',#14254);
#453=PLANE('',#14257);
#454=PLANE('',#14258);
#455=PLANE('',#14261);
#456=PLANE('',#14264);
#457=PLANE('',#14267);
#458=PLANE('',#14270);
#459=PLANE('',#14271);
#460=PLANE('',#14272);
#461=PLANE('',#14273);
#462=PLANE('',#14274);
#463=PLANE('',#14277);
#464=PLANE('',#14280);
#465=PLANE('',#14283);
#466=PLANE('',#14296);
#467=PLANE('',#14299);
#468=PLANE('',#14302);
#469=PLANE('',#14303);
#470=PLANE('',#14306);
#471=PLANE('',#14309);
#472=PLANE('',#14310);
#473=PLANE('',#14311);
#474=PLANE('',#14314);
#475=PLANE('',#14317);
#476=PLANE('',#14318);
#477=PLANE('',#14319);
#478=PLANE('',#14322);
#479=PLANE('',#14325);
#480=PLANE('',#14326);
#481=FACE_OUTER_BOUND('',#1119,.T.);
#482=FACE_OUTER_BOUND('',#1120,.T.);
#483=FACE_OUTER_BOUND('',#1121,.T.);
#484=FACE_OUTER_BOUND('',#1196,.T.);
#485=FACE_OUTER_BOUND('',#1197,.T.);
#486=FACE_OUTER_BOUND('',#1198,.T.);
#487=FACE_OUTER_BOUND('',#1199,.T.);
#488=FACE_OUTER_BOUND('',#1200,.T.);
#489=FACE_OUTER_BOUND('',#1201,.T.);
#490=FACE_OUTER_BOUND('',#1202,.T.);
#491=FACE_OUTER_BOUND('',#1203,.T.);
#492=FACE_OUTER_BOUND('',#1204,.T.);
#493=FACE_OUTER_BOUND('',#1205,.T.);
#494=FACE_OUTER_BOUND('',#1206,.T.);
#495=FACE_OUTER_BOUND('',#1207,.T.);
#496=FACE_OUTER_BOUND('',#1208,.T.);
#497=FACE_OUTER_BOUND('',#1209,.T.);
#498=FACE_OUTER_BOUND('',#1210,.T.);
#499=FACE_OUTER_BOUND('',#1211,.T.);
#500=FACE_OUTER_BOUND('',#1212,.T.);
#501=FACE_OUTER_BOUND('',#1213,.T.);
#502=FACE_OUTER_BOUND('',#1214,.T.);
#503=FACE_OUTER_BOUND('',#1215,.T.);
#504=FACE_OUTER_BOUND('',#1216,.T.);
#505=FACE_OUTER_BOUND('',#1217,.T.);
#506=FACE_OUTER_BOUND('',#1218,.T.);
#507=FACE_OUTER_BOUND('',#1219,.T.);
#508=FACE_OUTER_BOUND('',#1220,.T.);
#509=FACE_OUTER_BOUND('',#1221,.T.);
#510=FACE_OUTER_BOUND('',#1222,.T.);
#511=FACE_OUTER_BOUND('',#1223,.T.);
#512=FACE_OUTER_BOUND('',#1224,.T.);
#513=FACE_OUTER_BOUND('',#1225,.T.);
#514=FACE_OUTER_BOUND('',#1226,.T.);
#515=FACE_OUTER_BOUND('',#1227,.T.);
#516=FACE_OUTER_BOUND('',#1228,.T.);
#517=FACE_OUTER_BOUND('',#1229,.T.);
#518=FACE_OUTER_BOUND('',#1230,.T.);
#519=FACE_OUTER_BOUND('',#1231,.T.);
#520=FACE_OUTER_BOUND('',#1232,.T.);
#521=FACE_OUTER_BOUND('',#1233,.T.);
#522=FACE_OUTER_BOUND('',#1234,.T.);
#523=FACE_OUTER_BOUND('',#1235,.T.);
#524=FACE_OUTER_BOUND('',#1236,.T.);
#525=FACE_OUTER_BOUND('',#1237,.T.);
#526=FACE_OUTER_BOUND('',#1238,.T.);
#527=FACE_OUTER_BOUND('',#1239,.T.);
#528=FACE_OUTER_BOUND('',#1240,.T.);
#529=FACE_OUTER_BOUND('',#1241,.T.);
#530=FACE_OUTER_BOUND('',#1242,.T.);
#531=FACE_OUTER_BOUND('',#1243,.T.);
#532=FACE_OUTER_BOUND('',#1244,.T.);
#533=FACE_OUTER_BOUND('',#1245,.T.);
#534=FACE_OUTER_BOUND('',#1246,.T.);
#535=FACE_OUTER_BOUND('',#1247,.T.);
#536=FACE_OUTER_BOUND('',#1248,.T.);
#537=FACE_OUTER_BOUND('',#1249,.T.);
#538=FACE_OUTER_BOUND('',#1250,.T.);
#539=FACE_OUTER_BOUND('',#1251,.T.);
#540=FACE_OUTER_BOUND('',#1252,.T.);
#541=FACE_OUTER_BOUND('',#1253,.T.);
#542=FACE_OUTER_BOUND('',#1254,.T.);
#543=FACE_OUTER_BOUND('',#1255,.T.);
#544=FACE_OUTER_BOUND('',#1256,.T.);
#545=FACE_OUTER_BOUND('',#1257,.T.);
#546=FACE_OUTER_BOUND('',#1258,.T.);
#547=FACE_OUTER_BOUND('',#1259,.T.);
#548=FACE_OUTER_BOUND('',#1260,.T.);
#549=FACE_OUTER_BOUND('',#1261,.T.);
#550=FACE_OUTER_BOUND('',#1262,.T.);
#551=FACE_OUTER_BOUND('',#1263,.T.);
#552=FACE_OUTER_BOUND('',#1264,.T.);
#553=FACE_OUTER_BOUND('',#1265,.T.);
#554=FACE_OUTER_BOUND('',#1266,.T.);
#555=FACE_OUTER_BOUND('',#1267,.T.);
#556=FACE_OUTER_BOUND('',#1268,.T.);
#557=FACE_OUTER_BOUND('',#1269,.T.);
#558=FACE_OUTER_BOUND('',#1270,.T.);
#559=FACE_OUTER_BOUND('',#1271,.T.);
#560=FACE_OUTER_BOUND('',#1272,.T.);
#561=FACE_OUTER_BOUND('',#1273,.T.);
#562=FACE_OUTER_BOUND('',#1274,.T.);
#563=FACE_OUTER_BOUND('',#1275,.T.);
#564=FACE_OUTER_BOUND('',#1276,.T.);
#565=FACE_OUTER_BOUND('',#1277,.T.);
#566=FACE_OUTER_BOUND('',#1278,.T.);
#567=FACE_OUTER_BOUND('',#1279,.T.);
#568=FACE_OUTER_BOUND('',#1280,.T.);
#569=FACE_OUTER_BOUND('',#1281,.T.);
#570=FACE_OUTER_BOUND('',#1282,.T.);
#571=FACE_OUTER_BOUND('',#1283,.T.);
#572=FACE_OUTER_BOUND('',#1284,.T.);
#573=FACE_OUTER_BOUND('',#1285,.T.);
#574=FACE_OUTER_BOUND('',#1286,.T.);
#575=FACE_OUTER_BOUND('',#1287,.T.);
#576=FACE_OUTER_BOUND('',#1288,.T.);
#577=FACE_OUTER_BOUND('',#1289,.T.);
#578=FACE_OUTER_BOUND('',#1290,.T.);
#579=FACE_OUTER_BOUND('',#1291,.T.);
#580=FACE_OUTER_BOUND('',#1292,.T.);
#581=FACE_OUTER_BOUND('',#1293,.T.);
#582=FACE_OUTER_BOUND('',#1294,.T.);
#583=FACE_OUTER_BOUND('',#1295,.T.);
#584=FACE_OUTER_BOUND('',#1296,.T.);
#585=FACE_OUTER_BOUND('',#1297,.T.);
#586=FACE_OUTER_BOUND('',#1298,.T.);
#587=FACE_OUTER_BOUND('',#1299,.T.);
#588=FACE_OUTER_BOUND('',#1300,.T.);
#589=FACE_OUTER_BOUND('',#1301,.T.);
#590=FACE_OUTER_BOUND('',#1302,.T.);
#591=FACE_OUTER_BOUND('',#1303,.T.);
#592=FACE_OUTER_BOUND('',#1304,.T.);
#593=FACE_OUTER_BOUND('',#1305,.T.);
#594=FACE_OUTER_BOUND('',#1306,.T.);
#595=FACE_OUTER_BOUND('',#1307,.T.);
#596=FACE_OUTER_BOUND('',#1308,.T.);
#597=FACE_OUTER_BOUND('',#1309,.T.);
#598=FACE_OUTER_BOUND('',#1310,.T.);
#599=FACE_OUTER_BOUND('',#1311,.T.);
#600=FACE_OUTER_BOUND('',#1312,.T.);
#601=FACE_OUTER_BOUND('',#1313,.T.);
#602=FACE_OUTER_BOUND('',#1314,.T.);
#603=FACE_OUTER_BOUND('',#1315,.T.);
#604=FACE_OUTER_BOUND('',#1316,.T.);
#605=FACE_OUTER_BOUND('',#1317,.T.);
#606=FACE_OUTER_BOUND('',#1318,.T.);
#607=FACE_OUTER_BOUND('',#1319,.T.);
#608=FACE_OUTER_BOUND('',#1320,.T.);
#609=FACE_OUTER_BOUND('',#1321,.T.);
#610=FACE_OUTER_BOUND('',#1322,.T.);
#611=FACE_OUTER_BOUND('',#1323,.T.);
#612=FACE_OUTER_BOUND('',#1324,.T.);
#613=FACE_OUTER_BOUND('',#1325,.T.);
#614=FACE_OUTER_BOUND('',#1326,.T.);
#615=FACE_OUTER_BOUND('',#1327,.T.);
#616=FACE_OUTER_BOUND('',#1328,.T.);
#617=FACE_OUTER_BOUND('',#1329,.T.);
#618=FACE_OUTER_BOUND('',#1330,.T.);
#619=FACE_OUTER_BOUND('',#1331,.T.);
#620=FACE_OUTER_BOUND('',#1332,.T.);
#621=FACE_OUTER_BOUND('',#1333,.T.);
#622=FACE_OUTER_BOUND('',#1334,.T.);
#623=FACE_OUTER_BOUND('',#1335,.T.);
#624=FACE_OUTER_BOUND('',#1336,.T.);
#625=FACE_OUTER_BOUND('',#1337,.T.);
#626=FACE_OUTER_BOUND('',#1338,.T.);
#627=FACE_OUTER_BOUND('',#1339,.T.);
#628=FACE_OUTER_BOUND('',#1340,.T.);
#629=FACE_OUTER_BOUND('',#1341,.T.);
#630=FACE_OUTER_BOUND('',#1342,.T.);
#631=FACE_OUTER_BOUND('',#1343,.T.);
#632=FACE_OUTER_BOUND('',#1344,.T.);
#633=FACE_OUTER_BOUND('',#1345,.T.);
#634=FACE_OUTER_BOUND('',#1346,.T.);
#635=FACE_OUTER_BOUND('',#1347,.T.);
#636=FACE_OUTER_BOUND('',#1348,.T.);
#637=FACE_OUTER_BOUND('',#1349,.T.);
#638=FACE_OUTER_BOUND('',#1350,.T.);
#639=FACE_OUTER_BOUND('',#1351,.T.);
#640=FACE_OUTER_BOUND('',#1352,.T.);
#641=FACE_OUTER_BOUND('',#1353,.T.);
#642=FACE_OUTER_BOUND('',#1354,.T.);
#643=FACE_OUTER_BOUND('',#1355,.T.);
#644=FACE_OUTER_BOUND('',#1356,.T.);
#645=FACE_OUTER_BOUND('',#1357,.T.);
#646=FACE_OUTER_BOUND('',#1358,.T.);
#647=FACE_OUTER_BOUND('',#1359,.T.);
#648=FACE_OUTER_BOUND('',#1360,.T.);
#649=FACE_OUTER_BOUND('',#1361,.T.);
#650=FACE_OUTER_BOUND('',#1362,.T.);
#651=FACE_OUTER_BOUND('',#1363,.T.);
#652=FACE_OUTER_BOUND('',#1364,.T.);
#653=FACE_OUTER_BOUND('',#1365,.T.);
#654=FACE_OUTER_BOUND('',#1366,.T.);
#655=FACE_OUTER_BOUND('',#1367,.T.);
#656=FACE_OUTER_BOUND('',#1368,.T.);
#657=FACE_OUTER_BOUND('',#1369,.T.);
#658=FACE_OUTER_BOUND('',#1370,.T.);
#659=FACE_OUTER_BOUND('',#1371,.T.);
#660=FACE_OUTER_BOUND('',#1372,.T.);
#661=FACE_OUTER_BOUND('',#1373,.T.);
#662=FACE_OUTER_BOUND('',#1374,.T.);
#663=FACE_OUTER_BOUND('',#1375,.T.);
#664=FACE_OUTER_BOUND('',#1376,.T.);
#665=FACE_OUTER_BOUND('',#1377,.T.);
#666=FACE_OUTER_BOUND('',#1378,.T.);
#667=FACE_OUTER_BOUND('',#1379,.T.);
#668=FACE_OUTER_BOUND('',#1380,.T.);
#669=FACE_OUTER_BOUND('',#1381,.T.);
#670=FACE_OUTER_BOUND('',#1382,.T.);
#671=FACE_OUTER_BOUND('',#1383,.T.);
#672=FACE_OUTER_BOUND('',#1384,.T.);
#673=FACE_OUTER_BOUND('',#1385,.T.);
#674=FACE_OUTER_BOUND('',#1386,.T.);
#675=FACE_OUTER_BOUND('',#1387,.T.);
#676=FACE_OUTER_BOUND('',#1388,.T.);
#677=FACE_OUTER_BOUND('',#1389,.T.);
#678=FACE_OUTER_BOUND('',#1390,.T.);
#679=FACE_OUTER_BOUND('',#1391,.T.);
#680=FACE_OUTER_BOUND('',#1392,.T.);
#681=FACE_OUTER_BOUND('',#1393,.T.);
#682=FACE_OUTER_BOUND('',#1394,.T.);
#683=FACE_OUTER_BOUND('',#1395,.T.);
#684=FACE_OUTER_BOUND('',#1396,.T.);
#685=FACE_OUTER_BOUND('',#1397,.T.);
#686=FACE_OUTER_BOUND('',#1398,.T.);
#687=FACE_OUTER_BOUND('',#1399,.T.);
#688=FACE_OUTER_BOUND('',#1400,.T.);
#689=FACE_OUTER_BOUND('',#1401,.T.);
#690=FACE_OUTER_BOUND('',#1402,.T.);
#691=FACE_OUTER_BOUND('',#1403,.T.);
#692=FACE_OUTER_BOUND('',#1404,.T.);
#693=FACE_OUTER_BOUND('',#1405,.T.);
#694=FACE_OUTER_BOUND('',#1406,.T.);
#695=FACE_OUTER_BOUND('',#1407,.T.);
#696=FACE_OUTER_BOUND('',#1408,.T.);
#697=FACE_OUTER_BOUND('',#1409,.T.);
#698=FACE_OUTER_BOUND('',#1410,.T.);
#699=FACE_OUTER_BOUND('',#1411,.T.);
#700=FACE_OUTER_BOUND('',#1412,.T.);
#701=FACE_OUTER_BOUND('',#1413,.T.);
#702=FACE_OUTER_BOUND('',#1414,.T.);
#703=FACE_OUTER_BOUND('',#1415,.T.);
#704=FACE_OUTER_BOUND('',#1416,.T.);
#705=FACE_OUTER_BOUND('',#1417,.T.);
#706=FACE_OUTER_BOUND('',#1418,.T.);
#707=FACE_OUTER_BOUND('',#1419,.T.);
#708=FACE_OUTER_BOUND('',#1420,.T.);
#709=FACE_OUTER_BOUND('',#1421,.T.);
#710=FACE_OUTER_BOUND('',#1422,.T.);
#711=FACE_OUTER_BOUND('',#1423,.T.);
#712=FACE_OUTER_BOUND('',#1424,.T.);
#713=FACE_OUTER_BOUND('',#1425,.T.);
#714=FACE_OUTER_BOUND('',#1426,.T.);
#715=FACE_OUTER_BOUND('',#1427,.T.);
#716=FACE_OUTER_BOUND('',#1428,.T.);
#717=FACE_OUTER_BOUND('',#1429,.T.);
#718=FACE_OUTER_BOUND('',#1430,.T.);
#719=FACE_OUTER_BOUND('',#1431,.T.);
#720=FACE_OUTER_BOUND('',#1432,.T.);
#721=FACE_OUTER_BOUND('',#1433,.T.);
#722=FACE_OUTER_BOUND('',#1434,.T.);
#723=FACE_OUTER_BOUND('',#1435,.T.);
#724=FACE_OUTER_BOUND('',#1436,.T.);
#725=FACE_OUTER_BOUND('',#1437,.T.);
#726=FACE_OUTER_BOUND('',#1438,.T.);
#727=FACE_OUTER_BOUND('',#1439,.T.);
#728=FACE_OUTER_BOUND('',#1440,.T.);
#729=FACE_OUTER_BOUND('',#1441,.T.);
#730=FACE_OUTER_BOUND('',#1442,.T.);
#731=FACE_OUTER_BOUND('',#1443,.T.);
#732=FACE_OUTER_BOUND('',#1444,.T.);
#733=FACE_OUTER_BOUND('',#1445,.T.);
#734=FACE_OUTER_BOUND('',#1446,.T.);
#735=FACE_OUTER_BOUND('',#1447,.T.);
#736=FACE_OUTER_BOUND('',#1448,.T.);
#737=FACE_OUTER_BOUND('',#1449,.T.);
#738=FACE_OUTER_BOUND('',#1450,.T.);
#739=FACE_OUTER_BOUND('',#1451,.T.);
#740=FACE_OUTER_BOUND('',#1452,.T.);
#741=FACE_OUTER_BOUND('',#1453,.T.);
#742=FACE_OUTER_BOUND('',#1454,.T.);
#743=FACE_OUTER_BOUND('',#1455,.T.);
#744=FACE_OUTER_BOUND('',#1456,.T.);
#745=FACE_OUTER_BOUND('',#1457,.T.);
#746=FACE_OUTER_BOUND('',#1458,.T.);
#747=FACE_OUTER_BOUND('',#1459,.T.);
#748=FACE_OUTER_BOUND('',#1460,.T.);
#749=FACE_OUTER_BOUND('',#1461,.T.);
#750=FACE_OUTER_BOUND('',#1462,.T.);
#751=FACE_OUTER_BOUND('',#1463,.T.);
#752=FACE_OUTER_BOUND('',#1464,.T.);
#753=FACE_OUTER_BOUND('',#1465,.T.);
#754=FACE_OUTER_BOUND('',#1466,.T.);
#755=FACE_OUTER_BOUND('',#1467,.T.);
#756=FACE_OUTER_BOUND('',#1468,.T.);
#757=FACE_OUTER_BOUND('',#1469,.T.);
#758=FACE_OUTER_BOUND('',#1470,.T.);
#759=FACE_OUTER_BOUND('',#1471,.T.);
#760=FACE_OUTER_BOUND('',#1472,.T.);
#761=FACE_OUTER_BOUND('',#1473,.T.);
#762=FACE_OUTER_BOUND('',#1474,.T.);
#763=FACE_OUTER_BOUND('',#1475,.T.);
#764=FACE_OUTER_BOUND('',#1476,.T.);
#765=FACE_OUTER_BOUND('',#1477,.T.);
#766=FACE_OUTER_BOUND('',#1478,.T.);
#767=FACE_OUTER_BOUND('',#1479,.T.);
#768=FACE_OUTER_BOUND('',#1480,.T.);
#769=FACE_OUTER_BOUND('',#1481,.T.);
#770=FACE_OUTER_BOUND('',#1482,.T.);
#771=FACE_OUTER_BOUND('',#1483,.T.);
#772=FACE_OUTER_BOUND('',#1484,.T.);
#773=FACE_OUTER_BOUND('',#1485,.T.);
#774=FACE_OUTER_BOUND('',#1486,.T.);
#775=FACE_OUTER_BOUND('',#1487,.T.);
#776=FACE_OUTER_BOUND('',#1488,.T.);
#777=FACE_OUTER_BOUND('',#1489,.T.);
#778=FACE_OUTER_BOUND('',#1490,.T.);
#779=FACE_OUTER_BOUND('',#1491,.T.);
#780=FACE_OUTER_BOUND('',#1492,.T.);
#781=FACE_OUTER_BOUND('',#1493,.T.);
#782=FACE_OUTER_BOUND('',#1494,.T.);
#783=FACE_OUTER_BOUND('',#1495,.T.);
#784=FACE_OUTER_BOUND('',#1496,.T.);
#785=FACE_OUTER_BOUND('',#1497,.T.);
#786=FACE_OUTER_BOUND('',#1498,.T.);
#787=FACE_OUTER_BOUND('',#1499,.T.);
#788=FACE_OUTER_BOUND('',#1500,.T.);
#789=FACE_OUTER_BOUND('',#1501,.T.);
#790=FACE_OUTER_BOUND('',#1502,.T.);
#791=FACE_OUTER_BOUND('',#1503,.T.);
#792=FACE_OUTER_BOUND('',#1504,.T.);
#793=FACE_OUTER_BOUND('',#1505,.T.);
#794=FACE_OUTER_BOUND('',#1506,.T.);
#795=FACE_OUTER_BOUND('',#1507,.T.);
#796=FACE_OUTER_BOUND('',#1508,.T.);
#797=FACE_OUTER_BOUND('',#1509,.T.);
#798=FACE_OUTER_BOUND('',#1510,.T.);
#799=FACE_OUTER_BOUND('',#1511,.T.);
#800=FACE_OUTER_BOUND('',#1512,.T.);
#801=FACE_OUTER_BOUND('',#1513,.T.);
#802=FACE_OUTER_BOUND('',#1514,.T.);
#803=FACE_OUTER_BOUND('',#1515,.T.);
#804=FACE_OUTER_BOUND('',#1516,.T.);
#805=FACE_OUTER_BOUND('',#1517,.T.);
#806=FACE_OUTER_BOUND('',#1518,.T.);
#807=FACE_OUTER_BOUND('',#1519,.T.);
#808=FACE_OUTER_BOUND('',#1520,.T.);
#809=FACE_OUTER_BOUND('',#1521,.T.);
#810=FACE_OUTER_BOUND('',#1522,.T.);
#811=FACE_OUTER_BOUND('',#1523,.T.);
#812=FACE_OUTER_BOUND('',#1524,.T.);
#813=FACE_OUTER_BOUND('',#1525,.T.);
#814=FACE_OUTER_BOUND('',#1526,.T.);
#815=FACE_OUTER_BOUND('',#1527,.T.);
#816=FACE_OUTER_BOUND('',#1528,.T.);
#817=FACE_OUTER_BOUND('',#1529,.T.);
#818=FACE_OUTER_BOUND('',#1530,.T.);
#819=FACE_OUTER_BOUND('',#1531,.T.);
#820=FACE_OUTER_BOUND('',#1532,.T.);
#821=FACE_OUTER_BOUND('',#1533,.T.);
#822=FACE_OUTER_BOUND('',#1534,.T.);
#823=FACE_OUTER_BOUND('',#1535,.T.);
#824=FACE_OUTER_BOUND('',#1536,.T.);
#825=FACE_OUTER_BOUND('',#1537,.T.);
#826=FACE_OUTER_BOUND('',#1538,.T.);
#827=FACE_OUTER_BOUND('',#1539,.T.);
#828=FACE_OUTER_BOUND('',#1540,.T.);
#829=FACE_OUTER_BOUND('',#1541,.T.);
#830=FACE_OUTER_BOUND('',#1542,.T.);
#831=FACE_OUTER_BOUND('',#1543,.T.);
#832=FACE_OUTER_BOUND('',#1544,.T.);
#833=FACE_OUTER_BOUND('',#1545,.T.);
#834=FACE_OUTER_BOUND('',#1546,.T.);
#835=FACE_OUTER_BOUND('',#1547,.T.);
#836=FACE_OUTER_BOUND('',#1548,.T.);
#837=FACE_OUTER_BOUND('',#1549,.T.);
#838=FACE_OUTER_BOUND('',#1550,.T.);
#839=FACE_OUTER_BOUND('',#1551,.T.);
#840=FACE_OUTER_BOUND('',#1552,.T.);
#841=FACE_OUTER_BOUND('',#1553,.T.);
#842=FACE_OUTER_BOUND('',#1554,.T.);
#843=FACE_OUTER_BOUND('',#1555,.T.);
#844=FACE_OUTER_BOUND('',#1556,.T.);
#845=FACE_OUTER_BOUND('',#1557,.T.);
#846=FACE_OUTER_BOUND('',#1558,.T.);
#847=FACE_OUTER_BOUND('',#1559,.T.);
#848=FACE_OUTER_BOUND('',#1560,.T.);
#849=FACE_OUTER_BOUND('',#1561,.T.);
#850=FACE_OUTER_BOUND('',#1562,.T.);
#851=FACE_OUTER_BOUND('',#1563,.T.);
#852=FACE_OUTER_BOUND('',#1564,.T.);
#853=FACE_OUTER_BOUND('',#1565,.T.);
#854=FACE_OUTER_BOUND('',#1566,.T.);
#855=FACE_OUTER_BOUND('',#1567,.T.);
#856=FACE_OUTER_BOUND('',#1568,.T.);
#857=FACE_OUTER_BOUND('',#1569,.T.);
#858=FACE_OUTER_BOUND('',#1570,.T.);
#859=FACE_OUTER_BOUND('',#1571,.T.);
#860=FACE_OUTER_BOUND('',#1572,.T.);
#861=FACE_OUTER_BOUND('',#1573,.T.);
#862=FACE_OUTER_BOUND('',#1574,.T.);
#863=FACE_OUTER_BOUND('',#1575,.T.);
#864=FACE_OUTER_BOUND('',#1576,.T.);
#865=FACE_OUTER_BOUND('',#1577,.T.);
#866=FACE_OUTER_BOUND('',#1578,.T.);
#867=FACE_OUTER_BOUND('',#1579,.T.);
#868=FACE_OUTER_BOUND('',#1580,.T.);
#869=FACE_OUTER_BOUND('',#1581,.T.);
#870=FACE_OUTER_BOUND('',#1582,.T.);
#871=FACE_OUTER_BOUND('',#1583,.T.);
#872=FACE_OUTER_BOUND('',#1584,.T.);
#873=FACE_OUTER_BOUND('',#1585,.T.);
#874=FACE_OUTER_BOUND('',#1586,.T.);
#875=FACE_OUTER_BOUND('',#1587,.T.);
#876=FACE_OUTER_BOUND('',#1588,.T.);
#877=FACE_OUTER_BOUND('',#1589,.T.);
#878=FACE_OUTER_BOUND('',#1590,.T.);
#879=FACE_OUTER_BOUND('',#1591,.T.);
#880=FACE_OUTER_BOUND('',#1592,.T.);
#881=FACE_OUTER_BOUND('',#1593,.T.);
#882=FACE_OUTER_BOUND('',#1594,.T.);
#883=FACE_OUTER_BOUND('',#1595,.T.);
#884=FACE_OUTER_BOUND('',#1596,.T.);
#885=FACE_OUTER_BOUND('',#1597,.T.);
#886=FACE_OUTER_BOUND('',#1598,.T.);
#887=FACE_OUTER_BOUND('',#1599,.T.);
#888=FACE_OUTER_BOUND('',#1600,.T.);
#889=FACE_OUTER_BOUND('',#1601,.T.);
#890=FACE_OUTER_BOUND('',#1602,.T.);
#891=FACE_OUTER_BOUND('',#1603,.T.);
#892=FACE_OUTER_BOUND('',#1604,.T.);
#893=FACE_OUTER_BOUND('',#1605,.T.);
#894=FACE_OUTER_BOUND('',#1606,.T.);
#895=FACE_OUTER_BOUND('',#1607,.T.);
#896=FACE_OUTER_BOUND('',#1608,.T.);
#897=FACE_OUTER_BOUND('',#1609,.T.);
#898=FACE_OUTER_BOUND('',#1610,.T.);
#899=FACE_OUTER_BOUND('',#1611,.T.);
#900=FACE_OUTER_BOUND('',#1612,.T.);
#901=FACE_OUTER_BOUND('',#1613,.T.);
#902=FACE_OUTER_BOUND('',#1614,.T.);
#903=FACE_OUTER_BOUND('',#1615,.T.);
#904=FACE_OUTER_BOUND('',#1616,.T.);
#905=FACE_OUTER_BOUND('',#1617,.T.);
#906=FACE_OUTER_BOUND('',#1618,.T.);
#907=FACE_OUTER_BOUND('',#1619,.T.);
#908=FACE_OUTER_BOUND('',#1620,.T.);
#909=FACE_OUTER_BOUND('',#1621,.T.);
#910=FACE_OUTER_BOUND('',#1622,.T.);
#911=FACE_OUTER_BOUND('',#1623,.T.);
#912=FACE_OUTER_BOUND('',#1624,.T.);
#913=FACE_OUTER_BOUND('',#1625,.T.);
#914=FACE_OUTER_BOUND('',#1626,.T.);
#915=FACE_OUTER_BOUND('',#1627,.T.);
#916=FACE_OUTER_BOUND('',#1628,.T.);
#917=FACE_OUTER_BOUND('',#1629,.T.);
#918=FACE_OUTER_BOUND('',#1630,.T.);
#919=FACE_OUTER_BOUND('',#1631,.T.);
#920=FACE_OUTER_BOUND('',#1632,.T.);
#921=FACE_OUTER_BOUND('',#1633,.T.);
#922=FACE_OUTER_BOUND('',#1634,.T.);
#923=FACE_OUTER_BOUND('',#1635,.T.);
#924=FACE_OUTER_BOUND('',#1636,.T.);
#925=FACE_OUTER_BOUND('',#1637,.T.);
#926=FACE_OUTER_BOUND('',#1638,.T.);
#927=FACE_OUTER_BOUND('',#1639,.T.);
#928=FACE_OUTER_BOUND('',#1640,.T.);
#929=FACE_OUTER_BOUND('',#1641,.T.);
#930=FACE_OUTER_BOUND('',#1642,.T.);
#931=FACE_OUTER_BOUND('',#1643,.T.);
#932=FACE_OUTER_BOUND('',#1644,.T.);
#933=FACE_OUTER_BOUND('',#1645,.T.);
#934=FACE_OUTER_BOUND('',#1646,.T.);
#935=FACE_OUTER_BOUND('',#1647,.T.);
#936=FACE_OUTER_BOUND('',#1648,.T.);
#937=FACE_OUTER_BOUND('',#1649,.T.);
#938=FACE_OUTER_BOUND('',#1650,.T.);
#939=FACE_OUTER_BOUND('',#1651,.T.);
#940=FACE_OUTER_BOUND('',#1652,.T.);
#941=FACE_OUTER_BOUND('',#1653,.T.);
#942=FACE_OUTER_BOUND('',#1654,.T.);
#943=FACE_OUTER_BOUND('',#1655,.T.);
#944=FACE_OUTER_BOUND('',#1656,.T.);
#945=FACE_OUTER_BOUND('',#1657,.T.);
#946=FACE_OUTER_BOUND('',#1658,.T.);
#947=FACE_OUTER_BOUND('',#1659,.T.);
#948=FACE_OUTER_BOUND('',#1660,.T.);
#949=FACE_OUTER_BOUND('',#1661,.T.);
#950=FACE_OUTER_BOUND('',#1662,.T.);
#951=FACE_OUTER_BOUND('',#1663,.T.);
#952=FACE_OUTER_BOUND('',#1664,.T.);
#953=FACE_OUTER_BOUND('',#1665,.T.);
#954=FACE_OUTER_BOUND('',#1666,.T.);
#955=FACE_OUTER_BOUND('',#1667,.T.);
#956=FACE_OUTER_BOUND('',#1668,.T.);
#957=FACE_OUTER_BOUND('',#1669,.T.);
#958=FACE_OUTER_BOUND('',#1670,.T.);
#959=FACE_OUTER_BOUND('',#1671,.T.);
#960=FACE_OUTER_BOUND('',#1672,.T.);
#961=FACE_OUTER_BOUND('',#1673,.T.);
#962=FACE_OUTER_BOUND('',#1674,.T.);
#963=FACE_OUTER_BOUND('',#1675,.T.);
#964=FACE_OUTER_BOUND('',#1676,.T.);
#965=FACE_OUTER_BOUND('',#1677,.T.);
#966=FACE_OUTER_BOUND('',#1678,.T.);
#967=FACE_OUTER_BOUND('',#1679,.T.);
#968=FACE_OUTER_BOUND('',#1680,.T.);
#969=FACE_OUTER_BOUND('',#1681,.T.);
#970=FACE_OUTER_BOUND('',#1682,.T.);
#971=FACE_OUTER_BOUND('',#1683,.T.);
#972=FACE_OUTER_BOUND('',#1684,.T.);
#973=FACE_OUTER_BOUND('',#1685,.T.);
#974=FACE_OUTER_BOUND('',#1686,.T.);
#975=FACE_OUTER_BOUND('',#1687,.T.);
#976=FACE_OUTER_BOUND('',#1688,.T.);
#977=FACE_OUTER_BOUND('',#1689,.T.);
#978=FACE_OUTER_BOUND('',#1690,.T.);
#979=FACE_OUTER_BOUND('',#1691,.T.);
#980=FACE_OUTER_BOUND('',#1692,.T.);
#981=FACE_OUTER_BOUND('',#1693,.T.);
#982=FACE_OUTER_BOUND('',#1694,.T.);
#983=FACE_OUTER_BOUND('',#1695,.T.);
#984=FACE_OUTER_BOUND('',#1696,.T.);
#985=FACE_OUTER_BOUND('',#1697,.T.);
#986=FACE_OUTER_BOUND('',#1698,.T.);
#987=FACE_OUTER_BOUND('',#1699,.T.);
#988=FACE_OUTER_BOUND('',#1700,.T.);
#989=FACE_OUTER_BOUND('',#1701,.T.);
#990=FACE_OUTER_BOUND('',#1702,.T.);
#991=FACE_OUTER_BOUND('',#1703,.T.);
#992=FACE_OUTER_BOUND('',#1704,.T.);
#993=FACE_OUTER_BOUND('',#1705,.T.);
#994=FACE_OUTER_BOUND('',#1706,.T.);
#995=FACE_OUTER_BOUND('',#1707,.T.);
#996=FACE_OUTER_BOUND('',#1708,.T.);
#997=FACE_OUTER_BOUND('',#1709,.T.);
#998=FACE_OUTER_BOUND('',#1710,.T.);
#999=FACE_OUTER_BOUND('',#1711,.T.);
#1000=FACE_OUTER_BOUND('',#1712,.T.);
#1001=FACE_OUTER_BOUND('',#1713,.T.);
#1002=FACE_OUTER_BOUND('',#1714,.T.);
#1003=FACE_OUTER_BOUND('',#1715,.T.);
#1004=FACE_OUTER_BOUND('',#1716,.T.);
#1005=FACE_OUTER_BOUND('',#1717,.T.);
#1006=FACE_OUTER_BOUND('',#1718,.T.);
#1007=FACE_OUTER_BOUND('',#1719,.T.);
#1008=FACE_OUTER_BOUND('',#1720,.T.);
#1009=FACE_OUTER_BOUND('',#1721,.T.);
#1010=FACE_OUTER_BOUND('',#1722,.T.);
#1011=FACE_OUTER_BOUND('',#1723,.T.);
#1012=FACE_OUTER_BOUND('',#1724,.T.);
#1013=FACE_OUTER_BOUND('',#1725,.T.);
#1014=FACE_OUTER_BOUND('',#1726,.T.);
#1015=FACE_OUTER_BOUND('',#1727,.T.);
#1016=FACE_OUTER_BOUND('',#1728,.T.);
#1017=FACE_OUTER_BOUND('',#1729,.T.);
#1018=FACE_OUTER_BOUND('',#1730,.T.);
#1019=FACE_OUTER_BOUND('',#1731,.T.);
#1020=FACE_OUTER_BOUND('',#1732,.T.);
#1021=FACE_OUTER_BOUND('',#1733,.T.);
#1022=FACE_OUTER_BOUND('',#1734,.T.);
#1023=FACE_OUTER_BOUND('',#1735,.T.);
#1024=FACE_OUTER_BOUND('',#1736,.T.);
#1025=FACE_OUTER_BOUND('',#1737,.T.);
#1026=FACE_OUTER_BOUND('',#1738,.T.);
#1027=FACE_OUTER_BOUND('',#1739,.T.);
#1028=FACE_OUTER_BOUND('',#1740,.T.);
#1029=FACE_OUTER_BOUND('',#1741,.T.);
#1030=FACE_OUTER_BOUND('',#1742,.T.);
#1031=FACE_OUTER_BOUND('',#1743,.T.);
#1032=FACE_OUTER_BOUND('',#1744,.T.);
#1033=FACE_OUTER_BOUND('',#1745,.T.);
#1034=FACE_OUTER_BOUND('',#1746,.T.);
#1035=FACE_OUTER_BOUND('',#1747,.T.);
#1036=FACE_OUTER_BOUND('',#1748,.T.);
#1037=FACE_OUTER_BOUND('',#1749,.T.);
#1038=FACE_OUTER_BOUND('',#1750,.T.);
#1039=FACE_OUTER_BOUND('',#1751,.T.);
#1040=FACE_OUTER_BOUND('',#1752,.T.);
#1041=FACE_OUTER_BOUND('',#1753,.T.);
#1042=FACE_OUTER_BOUND('',#1754,.T.);
#1043=FACE_OUTER_BOUND('',#1755,.T.);
#1044=FACE_OUTER_BOUND('',#1756,.T.);
#1045=FACE_OUTER_BOUND('',#1757,.T.);
#1046=FACE_OUTER_BOUND('',#1758,.T.);
#1047=FACE_OUTER_BOUND('',#1759,.T.);
#1048=FACE_OUTER_BOUND('',#1760,.T.);
#1049=FACE_OUTER_BOUND('',#1761,.T.);
#1050=FACE_OUTER_BOUND('',#1762,.T.);
#1051=FACE_OUTER_BOUND('',#1763,.T.);
#1052=FACE_OUTER_BOUND('',#1764,.T.);
#1053=FACE_OUTER_BOUND('',#1765,.T.);
#1054=FACE_OUTER_BOUND('',#1766,.T.);
#1055=FACE_OUTER_BOUND('',#1767,.T.);
#1056=FACE_OUTER_BOUND('',#1768,.T.);
#1057=FACE_OUTER_BOUND('',#1769,.T.);
#1058=FACE_OUTER_BOUND('',#1770,.T.);
#1059=FACE_OUTER_BOUND('',#1771,.T.);
#1060=FACE_OUTER_BOUND('',#1772,.T.);
#1061=FACE_OUTER_BOUND('',#1773,.T.);
#1062=FACE_OUTER_BOUND('',#1774,.T.);
#1063=FACE_OUTER_BOUND('',#1775,.T.);
#1064=FACE_OUTER_BOUND('',#1776,.T.);
#1065=FACE_OUTER_BOUND('',#1777,.T.);
#1066=FACE_OUTER_BOUND('',#1778,.T.);
#1067=FACE_OUTER_BOUND('',#1779,.T.);
#1068=FACE_OUTER_BOUND('',#1780,.T.);
#1069=FACE_OUTER_BOUND('',#1781,.T.);
#1070=FACE_OUTER_BOUND('',#1782,.T.);
#1071=FACE_OUTER_BOUND('',#1783,.T.);
#1072=FACE_OUTER_BOUND('',#1784,.T.);
#1073=FACE_OUTER_BOUND('',#1785,.T.);
#1074=FACE_OUTER_BOUND('',#1786,.T.);
#1075=FACE_OUTER_BOUND('',#1787,.T.);
#1076=FACE_OUTER_BOUND('',#1788,.T.);
#1077=FACE_OUTER_BOUND('',#1789,.T.);
#1078=FACE_OUTER_BOUND('',#1790,.T.);
#1079=FACE_OUTER_BOUND('',#1791,.T.);
#1080=FACE_OUTER_BOUND('',#1792,.T.);
#1081=FACE_OUTER_BOUND('',#1793,.T.);
#1082=FACE_OUTER_BOUND('',#1794,.T.);
#1083=FACE_OUTER_BOUND('',#1795,.T.);
#1084=FACE_OUTER_BOUND('',#1796,.T.);
#1085=FACE_OUTER_BOUND('',#1797,.T.);
#1086=FACE_OUTER_BOUND('',#1798,.T.);
#1087=FACE_OUTER_BOUND('',#1799,.T.);
#1088=FACE_OUTER_BOUND('',#1800,.T.);
#1089=FACE_OUTER_BOUND('',#1801,.T.);
#1090=FACE_OUTER_BOUND('',#1802,.T.);
#1091=FACE_OUTER_BOUND('',#1803,.T.);
#1092=FACE_OUTER_BOUND('',#1804,.T.);
#1093=FACE_OUTER_BOUND('',#1805,.T.);
#1094=FACE_OUTER_BOUND('',#1806,.T.);
#1095=FACE_OUTER_BOUND('',#1807,.T.);
#1096=FACE_OUTER_BOUND('',#1808,.T.);
#1097=FACE_OUTER_BOUND('',#1809,.T.);
#1098=FACE_OUTER_BOUND('',#1810,.T.);
#1099=FACE_OUTER_BOUND('',#1811,.T.);
#1100=FACE_OUTER_BOUND('',#1812,.T.);
#1101=FACE_OUTER_BOUND('',#1813,.T.);
#1102=FACE_OUTER_BOUND('',#1814,.T.);
#1103=FACE_OUTER_BOUND('',#1815,.T.);
#1104=FACE_OUTER_BOUND('',#1816,.T.);
#1105=FACE_OUTER_BOUND('',#1817,.T.);
#1106=FACE_OUTER_BOUND('',#1818,.T.);
#1107=FACE_OUTER_BOUND('',#1819,.T.);
#1108=FACE_OUTER_BOUND('',#1820,.T.);
#1109=FACE_OUTER_BOUND('',#1821,.T.);
#1110=FACE_OUTER_BOUND('',#1822,.T.);
#1111=FACE_OUTER_BOUND('',#1823,.T.);
#1112=FACE_OUTER_BOUND('',#1824,.T.);
#1113=FACE_OUTER_BOUND('',#1825,.T.);
#1114=FACE_OUTER_BOUND('',#1826,.T.);
#1115=FACE_OUTER_BOUND('',#1827,.T.);
#1116=FACE_OUTER_BOUND('',#1828,.T.);
#1117=FACE_OUTER_BOUND('',#1829,.T.);
#1118=FACE_OUTER_BOUND('',#1830,.T.);
#1119=EDGE_LOOP('',(#8261,#8262,#8263,#8264));
#1120=EDGE_LOOP('',(#8265,#8266,#8267,#8268));
#1121=EDGE_LOOP('',(#8269,#8270,#8271,#8272,#8273,#8274,#8275,#8276,#8277,
#8278,#8279,#8280,#8281,#8282,#8283,#8284,#8285,#8286,#8287,#8288,#8289,
#8290,#8291,#8292,#8293,#8294,#8295,#8296,#8297,#8298,#8299,#8300,#8301,
#8302,#8303,#8304,#8305,#8306,#8307,#8308,#8309,#8310,#8311,#8312,#8313,
#8314,#8315,#8316,#8317,#8318,#8319,#8320));
#1122=EDGE_LOOP('',(#8321));
#1123=EDGE_LOOP('',(#8322));
#1124=EDGE_LOOP('',(#8323));
#1125=EDGE_LOOP('',(#8324));
#1126=EDGE_LOOP('',(#8325));
#1127=EDGE_LOOP('',(#8326,#8327,#8328,#8329,#8330,#8331,#8332,#8333));
#1128=EDGE_LOOP('',(#8334,#8335,#8336,#8337,#8338,#8339,#8340,#8341,#8342,
#8343,#8344,#8345,#8346,#8347,#8348,#8349));
#1129=EDGE_LOOP('',(#8350,#8351,#8352,#8353,#8354,#8355,#8356,#8357,#8358,
#8359,#8360,#8361,#8362,#8363,#8364,#8365));
#1130=EDGE_LOOP('',(#8366,#8367,#8368,#8369,#8370,#8371,#8372,#8373));
#1131=EDGE_LOOP('',(#8374,#8375,#8376,#8377,#8378,#8379,#8380,#8381));
#1132=EDGE_LOOP('',(#8382,#8383,#8384,#8385,#8386,#8387,#8388,#8389));
#1133=EDGE_LOOP('',(#8390,#8391,#8392,#8393,#8394,#8395,#8396,#8397));
#1134=EDGE_LOOP('',(#8398,#8399,#8400,#8401,#8402,#8403,#8404,#8405));
#1135=EDGE_LOOP('',(#8406,#8407,#8408,#8409,#8410,#8411,#8412,#8413));
#1136=EDGE_LOOP('',(#8414,#8415,#8416,#8417,#8418,#8419,#8420,#8421));
#1137=EDGE_LOOP('',(#8422,#8423,#8424,#8425,#8426,#8427,#8428,#8429));
#1138=EDGE_LOOP('',(#8430,#8431,#8432,#8433,#8434,#8435,#8436,#8437));
#1139=EDGE_LOOP('',(#8438,#8439,#8440,#8441,#8442,#8443,#8444,#8445));
#1140=EDGE_LOOP('',(#8446,#8447,#8448,#8449,#8450,#8451,#8452,#8453));
#1141=EDGE_LOOP('',(#8454,#8455,#8456,#8457,#8458,#8459,#8460,#8461));
#1142=EDGE_LOOP('',(#8462,#8463,#8464,#8465,#8466,#8467,#8468,#8469));
#1143=EDGE_LOOP('',(#8470,#8471,#8472,#8473,#8474,#8475,#8476,#8477));
#1144=EDGE_LOOP('',(#8478,#8479,#8480,#8481,#8482,#8483,#8484,#8485));
#1145=EDGE_LOOP('',(#8486,#8487,#8488,#8489,#8490,#8491,#8492,#8493));
#1146=EDGE_LOOP('',(#8494,#8495,#8496,#8497,#8498,#8499,#8500,#8501));
#1147=EDGE_LOOP('',(#8502,#8503,#8504,#8505,#8506,#8507,#8508,#8509));
#1148=EDGE_LOOP('',(#8510,#8511,#8512,#8513,#8514,#8515,#8516,#8517));
#1149=EDGE_LOOP('',(#8518,#8519,#8520,#8521,#8522,#8523,#8524,#8525));
#1150=EDGE_LOOP('',(#8526,#8527,#8528,#8529,#8530,#8531,#8532,#8533));
#1151=EDGE_LOOP('',(#8534,#8535,#8536,#8537,#8538,#8539,#8540,#8541));
#1152=EDGE_LOOP('',(#8542,#8543,#8544,#8545,#8546,#8547,#8548,#8549));
#1153=EDGE_LOOP('',(#8550,#8551,#8552,#8553,#8554,#8555,#8556,#8557));
#1154=EDGE_LOOP('',(#8558,#8559,#8560,#8561,#8562,#8563,#8564,#8565));
#1155=EDGE_LOOP('',(#8566,#8567,#8568,#8569,#8570,#8571,#8572,#8573));
#1156=EDGE_LOOP('',(#8574,#8575,#8576,#8577,#8578,#8579,#8580,#8581,#8582,
#8583,#8584,#8585,#8586,#8587,#8588,#8589));
#1157=EDGE_LOOP('',(#8590,#8591,#8592,#8593,#8594,#8595,#8596,#8597,#8598,
#8599,#8600,#8601,#8602,#8603,#8604,#8605));
#1158=EDGE_LOOP('',(#8606,#8607,#8608,#8609,#8610,#8611,#8612,#8613));
#1159=EDGE_LOOP('',(#8614,#8615,#8616,#8617,#8618,#8619,#8620,#8621));
#1160=EDGE_LOOP('',(#8622,#8623,#8624,#8625,#8626,#8627,#8628,#8629));
#1161=EDGE_LOOP('',(#8630,#8631,#8632,#8633,#8634,#8635,#8636,#8637));
#1162=EDGE_LOOP('',(#8638,#8639,#8640,#8641,#8642,#8643,#8644,#8645));
#1163=EDGE_LOOP('',(#8646,#8647,#8648,#8649,#8650,#8651,#8652,#8653));
#1164=EDGE_LOOP('',(#8654,#8655,#8656,#8657,#8658,#8659,#8660,#8661));
#1165=EDGE_LOOP('',(#8662,#8663,#8664,#8665,#8666,#8667,#8668,#8669));
#1166=EDGE_LOOP('',(#8670,#8671,#8672,#8673,#8674,#8675,#8676,#8677));
#1167=EDGE_LOOP('',(#8678,#8679,#8680,#8681,#8682,#8683,#8684,#8685));
#1168=EDGE_LOOP('',(#8686,#8687,#8688,#8689,#8690,#8691,#8692,#8693));
#1169=EDGE_LOOP('',(#8694,#8695,#8696,#8697,#8698,#8699,#8700,#8701));
#1170=EDGE_LOOP('',(#8702,#8703,#8704,#8705,#8706,#8707,#8708,#8709));
#1171=EDGE_LOOP('',(#8710,#8711,#8712,#8713,#8714,#8715,#8716,#8717));
#1172=EDGE_LOOP('',(#8718,#8719,#8720,#8721,#8722,#8723,#8724,#8725));
#1173=EDGE_LOOP('',(#8726,#8727,#8728,#8729,#8730,#8731,#8732,#8733));
#1174=EDGE_LOOP('',(#8734,#8735,#8736,#8737,#8738,#8739,#8740,#8741,#8742,
#8743,#8744,#8745,#8746,#8747,#8748,#8749));
#1175=EDGE_LOOP('',(#8750,#8751,#8752,#8753,#8754,#8755,#8756,#8757,#8758,
#8759,#8760,#8761,#8762,#8763,#8764,#8765));
#1176=EDGE_LOOP('',(#8766,#8767,#8768,#8769,#8770,#8771,#8772,#8773));
#1177=EDGE_LOOP('',(#8774,#8775,#8776,#8777,#8778,#8779,#8780,#8781));
#1178=EDGE_LOOP('',(#8782,#8783,#8784,#8785,#8786,#8787,#8788,#8789));
#1179=EDGE_LOOP('',(#8790,#8791,#8792,#8793,#8794,#8795,#8796,#8797));
#1180=EDGE_LOOP('',(#8798,#8799,#8800,#8801,#8802,#8803,#8804,#8805));
#1181=EDGE_LOOP('',(#8806,#8807,#8808,#8809,#8810,#8811,#8812,#8813));
#1182=EDGE_LOOP('',(#8814,#8815,#8816,#8817,#8818,#8819,#8820,#8821));
#1183=EDGE_LOOP('',(#8822,#8823,#8824,#8825,#8826,#8827,#8828,#8829));
#1184=EDGE_LOOP('',(#8830,#8831,#8832,#8833,#8834,#8835,#8836,#8837));
#1185=EDGE_LOOP('',(#8838,#8839,#8840,#8841,#8842,#8843,#8844,#8845));
#1186=EDGE_LOOP('',(#8846,#8847,#8848,#8849,#8850,#8851,#8852,#8853));
#1187=EDGE_LOOP('',(#8854,#8855,#8856,#8857,#8858,#8859,#8860,#8861));
#1188=EDGE_LOOP('',(#8862,#8863,#8864,#8865,#8866,#8867,#8868,#8869));
#1189=EDGE_LOOP('',(#8870,#8871,#8872,#8873,#8874,#8875,#8876,#8877));
#1190=EDGE_LOOP('',(#8878,#8879,#8880,#8881,#8882,#8883,#8884,#8885));
#1191=EDGE_LOOP('',(#8886,#8887,#8888,#8889,#8890,#8891,#8892,#8893));
#1192=EDGE_LOOP('',(#8894,#8895,#8896,#8897,#8898,#8899,#8900,#8901));
#1193=EDGE_LOOP('',(#8902));
#1194=EDGE_LOOP('',(#8903));
#1195=EDGE_LOOP('',(#8904));
#1196=EDGE_LOOP('',(#8905,#8906,#8907,#8908));
#1197=EDGE_LOOP('',(#8909,#8910,#8911,#8912));
#1198=EDGE_LOOP('',(#8913,#8914,#8915,#8916));
#1199=EDGE_LOOP('',(#8917,#8918,#8919,#8920));
#1200=EDGE_LOOP('',(#8921,#8922,#8923,#8924));
#1201=EDGE_LOOP('',(#8925,#8926,#8927,#8928));
#1202=EDGE_LOOP('',(#8929,#8930,#8931,#8932));
#1203=EDGE_LOOP('',(#8933,#8934,#8935,#8936));
#1204=EDGE_LOOP('',(#8937,#8938,#8939,#8940));
#1205=EDGE_LOOP('',(#8941,#8942,#8943,#8944));
#1206=EDGE_LOOP('',(#8945,#8946,#8947,#8948));
#1207=EDGE_LOOP('',(#8949,#8950,#8951,#8952));
#1208=EDGE_LOOP('',(#8953,#8954,#8955,#8956));
#1209=EDGE_LOOP('',(#8957,#8958,#8959,#8960));
#1210=EDGE_LOOP('',(#8961,#8962,#8963,#8964));
#1211=EDGE_LOOP('',(#8965,#8966,#8967,#8968));
#1212=EDGE_LOOP('',(#8969,#8970,#8971,#8972));
#1213=EDGE_LOOP('',(#8973,#8974,#8975,#8976));
#1214=EDGE_LOOP('',(#8977,#8978,#8979,#8980));
#1215=EDGE_LOOP('',(#8981,#8982,#8983,#8984));
#1216=EDGE_LOOP('',(#8985,#8986,#8987,#8988));
#1217=EDGE_LOOP('',(#8989,#8990,#8991,#8992));
#1218=EDGE_LOOP('',(#8993,#8994,#8995,#8996));
#1219=EDGE_LOOP('',(#8997,#8998,#8999,#9000));
#1220=EDGE_LOOP('',(#9001,#9002,#9003,#9004));
#1221=EDGE_LOOP('',(#9005,#9006,#9007,#9008));
#1222=EDGE_LOOP('',(#9009,#9010,#9011,#9012));
#1223=EDGE_LOOP('',(#9013,#9014,#9015,#9016));
#1224=EDGE_LOOP('',(#9017,#9018,#9019,#9020));
#1225=EDGE_LOOP('',(#9021,#9022,#9023,#9024));
#1226=EDGE_LOOP('',(#9025,#9026,#9027,#9028));
#1227=EDGE_LOOP('',(#9029,#9030,#9031,#9032));
#1228=EDGE_LOOP('',(#9033,#9034,#9035,#9036));
#1229=EDGE_LOOP('',(#9037,#9038,#9039,#9040));
#1230=EDGE_LOOP('',(#9041,#9042,#9043,#9044));
#1231=EDGE_LOOP('',(#9045,#9046,#9047,#9048));
#1232=EDGE_LOOP('',(#9049,#9050,#9051,#9052));
#1233=EDGE_LOOP('',(#9053,#9054,#9055,#9056));
#1234=EDGE_LOOP('',(#9057,#9058,#9059,#9060));
#1235=EDGE_LOOP('',(#9061,#9062,#9063,#9064));
#1236=EDGE_LOOP('',(#9065,#9066,#9067,#9068));
#1237=EDGE_LOOP('',(#9069,#9070,#9071,#9072));
#1238=EDGE_LOOP('',(#9073,#9074,#9075,#9076));
#1239=EDGE_LOOP('',(#9077,#9078,#9079,#9080));
#1240=EDGE_LOOP('',(#9081,#9082,#9083,#9084));
#1241=EDGE_LOOP('',(#9085,#9086,#9087,#9088));
#1242=EDGE_LOOP('',(#9089,#9090,#9091,#9092));
#1243=EDGE_LOOP('',(#9093,#9094,#9095,#9096));
#1244=EDGE_LOOP('',(#9097,#9098,#9099,#9100));
#1245=EDGE_LOOP('',(#9101,#9102,#9103,#9104));
#1246=EDGE_LOOP('',(#9105,#9106,#9107,#9108));
#1247=EDGE_LOOP('',(#9109,#9110,#9111,#9112));
#1248=EDGE_LOOP('',(#9113,#9114,#9115,#9116));
#1249=EDGE_LOOP('',(#9117,#9118,#9119,#9120));
#1250=EDGE_LOOP('',(#9121,#9122,#9123,#9124));
#1251=EDGE_LOOP('',(#9125,#9126,#9127,#9128));
#1252=EDGE_LOOP('',(#9129,#9130,#9131,#9132));
#1253=EDGE_LOOP('',(#9133,#9134,#9135,#9136));
#1254=EDGE_LOOP('',(#9137,#9138,#9139,#9140));
#1255=EDGE_LOOP('',(#9141,#9142,#9143,#9144));
#1256=EDGE_LOOP('',(#9145,#9146,#9147,#9148));
#1257=EDGE_LOOP('',(#9149,#9150,#9151,#9152));
#1258=EDGE_LOOP('',(#9153,#9154,#9155,#9156));
#1259=EDGE_LOOP('',(#9157,#9158,#9159,#9160));
#1260=EDGE_LOOP('',(#9161,#9162,#9163,#9164));
#1261=EDGE_LOOP('',(#9165,#9166,#9167,#9168));
#1262=EDGE_LOOP('',(#9169,#9170,#9171,#9172));
#1263=EDGE_LOOP('',(#9173,#9174,#9175,#9176));
#1264=EDGE_LOOP('',(#9177,#9178,#9179,#9180));
#1265=EDGE_LOOP('',(#9181,#9182,#9183,#9184));
#1266=EDGE_LOOP('',(#9185,#9186,#9187,#9188));
#1267=EDGE_LOOP('',(#9189,#9190,#9191,#9192));
#1268=EDGE_LOOP('',(#9193,#9194,#9195,#9196));
#1269=EDGE_LOOP('',(#9197,#9198,#9199,#9200));
#1270=EDGE_LOOP('',(#9201,#9202,#9203,#9204));
#1271=EDGE_LOOP('',(#9205,#9206,#9207,#9208));
#1272=EDGE_LOOP('',(#9209,#9210,#9211,#9212));
#1273=EDGE_LOOP('',(#9213,#9214,#9215,#9216));
#1274=EDGE_LOOP('',(#9217,#9218,#9219,#9220));
#1275=EDGE_LOOP('',(#9221,#9222,#9223,#9224));
#1276=EDGE_LOOP('',(#9225,#9226,#9227,#9228));
#1277=EDGE_LOOP('',(#9229,#9230,#9231,#9232));
#1278=EDGE_LOOP('',(#9233,#9234,#9235,#9236));
#1279=EDGE_LOOP('',(#9237,#9238,#9239,#9240));
#1280=EDGE_LOOP('',(#9241,#9242,#9243,#9244));
#1281=EDGE_LOOP('',(#9245,#9246,#9247,#9248));
#1282=EDGE_LOOP('',(#9249,#9250,#9251,#9252));
#1283=EDGE_LOOP('',(#9253,#9254,#9255,#9256));
#1284=EDGE_LOOP('',(#9257,#9258,#9259,#9260));
#1285=EDGE_LOOP('',(#9261,#9262,#9263,#9264));
#1286=EDGE_LOOP('',(#9265,#9266,#9267,#9268));
#1287=EDGE_LOOP('',(#9269,#9270,#9271,#9272));
#1288=EDGE_LOOP('',(#9273,#9274,#9275,#9276));
#1289=EDGE_LOOP('',(#9277,#9278,#9279,#9280));
#1290=EDGE_LOOP('',(#9281,#9282,#9283,#9284));
#1291=EDGE_LOOP('',(#9285,#9286,#9287,#9288));
#1292=EDGE_LOOP('',(#9289,#9290,#9291,#9292));
#1293=EDGE_LOOP('',(#9293,#9294,#9295,#9296));
#1294=EDGE_LOOP('',(#9297,#9298,#9299,#9300));
#1295=EDGE_LOOP('',(#9301,#9302,#9303,#9304));
#1296=EDGE_LOOP('',(#9305,#9306,#9307,#9308));
#1297=EDGE_LOOP('',(#9309,#9310,#9311,#9312));
#1298=EDGE_LOOP('',(#9313,#9314,#9315,#9316));
#1299=EDGE_LOOP('',(#9317,#9318,#9319,#9320));
#1300=EDGE_LOOP('',(#9321,#9322,#9323,#9324));
#1301=EDGE_LOOP('',(#9325,#9326,#9327,#9328));
#1302=EDGE_LOOP('',(#9329,#9330,#9331,#9332));
#1303=EDGE_LOOP('',(#9333,#9334,#9335,#9336));
#1304=EDGE_LOOP('',(#9337,#9338,#9339,#9340));
#1305=EDGE_LOOP('',(#9341,#9342,#9343,#9344));
#1306=EDGE_LOOP('',(#9345,#9346,#9347,#9348));
#1307=EDGE_LOOP('',(#9349,#9350,#9351,#9352));
#1308=EDGE_LOOP('',(#9353,#9354,#9355,#9356));
#1309=EDGE_LOOP('',(#9357,#9358,#9359,#9360));
#1310=EDGE_LOOP('',(#9361,#9362,#9363,#9364));
#1311=EDGE_LOOP('',(#9365,#9366,#9367,#9368));
#1312=EDGE_LOOP('',(#9369,#9370,#9371,#9372));
#1313=EDGE_LOOP('',(#9373,#9374,#9375,#9376));
#1314=EDGE_LOOP('',(#9377,#9378,#9379,#9380));
#1315=EDGE_LOOP('',(#9381,#9382,#9383,#9384));
#1316=EDGE_LOOP('',(#9385,#9386,#9387,#9388));
#1317=EDGE_LOOP('',(#9389,#9390,#9391,#9392));
#1318=EDGE_LOOP('',(#9393,#9394,#9395,#9396));
#1319=EDGE_LOOP('',(#9397,#9398,#9399,#9400));
#1320=EDGE_LOOP('',(#9401,#9402,#9403,#9404));
#1321=EDGE_LOOP('',(#9405,#9406,#9407,#9408));
#1322=EDGE_LOOP('',(#9409,#9410,#9411,#9412));
#1323=EDGE_LOOP('',(#9413,#9414,#9415,#9416));
#1324=EDGE_LOOP('',(#9417,#9418,#9419,#9420));
#1325=EDGE_LOOP('',(#9421,#9422,#9423,#9424));
#1326=EDGE_LOOP('',(#9425,#9426,#9427,#9428));
#1327=EDGE_LOOP('',(#9429,#9430,#9431,#9432));
#1328=EDGE_LOOP('',(#9433,#9434,#9435,#9436));
#1329=EDGE_LOOP('',(#9437,#9438,#9439,#9440));
#1330=EDGE_LOOP('',(#9441,#9442,#9443,#9444));
#1331=EDGE_LOOP('',(#9445,#9446,#9447,#9448));
#1332=EDGE_LOOP('',(#9449,#9450,#9451,#9452));
#1333=EDGE_LOOP('',(#9453,#9454,#9455,#9456));
#1334=EDGE_LOOP('',(#9457,#9458,#9459,#9460));
#1335=EDGE_LOOP('',(#9461,#9462,#9463,#9464));
#1336=EDGE_LOOP('',(#9465,#9466,#9467,#9468));
#1337=EDGE_LOOP('',(#9469,#9470,#9471,#9472));
#1338=EDGE_LOOP('',(#9473,#9474,#9475,#9476));
#1339=EDGE_LOOP('',(#9477,#9478,#9479,#9480));
#1340=EDGE_LOOP('',(#9481,#9482,#9483,#9484));
#1341=EDGE_LOOP('',(#9485,#9486,#9487,#9488));
#1342=EDGE_LOOP('',(#9489,#9490,#9491,#9492));
#1343=EDGE_LOOP('',(#9493,#9494,#9495,#9496));
#1344=EDGE_LOOP('',(#9497,#9498,#9499,#9500));
#1345=EDGE_LOOP('',(#9501,#9502,#9503,#9504));
#1346=EDGE_LOOP('',(#9505,#9506,#9507,#9508));
#1347=EDGE_LOOP('',(#9509,#9510,#9511,#9512));
#1348=EDGE_LOOP('',(#9513,#9514,#9515,#9516));
#1349=EDGE_LOOP('',(#9517,#9518,#9519,#9520));
#1350=EDGE_LOOP('',(#9521,#9522,#9523,#9524));
#1351=EDGE_LOOP('',(#9525,#9526,#9527,#9528));
#1352=EDGE_LOOP('',(#9529,#9530,#9531,#9532));
#1353=EDGE_LOOP('',(#9533,#9534,#9535,#9536));
#1354=EDGE_LOOP('',(#9537,#9538,#9539,#9540));
#1355=EDGE_LOOP('',(#9541,#9542,#9543,#9544));
#1356=EDGE_LOOP('',(#9545,#9546,#9547,#9548));
#1357=EDGE_LOOP('',(#9549,#9550,#9551,#9552));
#1358=EDGE_LOOP('',(#9553,#9554,#9555,#9556));
#1359=EDGE_LOOP('',(#9557,#9558,#9559,#9560));
#1360=EDGE_LOOP('',(#9561,#9562,#9563,#9564));
#1361=EDGE_LOOP('',(#9565,#9566,#9567,#9568));
#1362=EDGE_LOOP('',(#9569,#9570,#9571,#9572));
#1363=EDGE_LOOP('',(#9573,#9574,#9575,#9576));
#1364=EDGE_LOOP('',(#9577,#9578,#9579,#9580));
#1365=EDGE_LOOP('',(#9581,#9582,#9583,#9584));
#1366=EDGE_LOOP('',(#9585,#9586,#9587,#9588));
#1367=EDGE_LOOP('',(#9589,#9590,#9591,#9592));
#1368=EDGE_LOOP('',(#9593,#9594,#9595,#9596));
#1369=EDGE_LOOP('',(#9597,#9598,#9599,#9600));
#1370=EDGE_LOOP('',(#9601,#9602,#9603,#9604));
#1371=EDGE_LOOP('',(#9605,#9606,#9607,#9608));
#1372=EDGE_LOOP('',(#9609,#9610,#9611,#9612));
#1373=EDGE_LOOP('',(#9613,#9614,#9615,#9616));
#1374=EDGE_LOOP('',(#9617,#9618,#9619,#9620));
#1375=EDGE_LOOP('',(#9621,#9622,#9623,#9624));
#1376=EDGE_LOOP('',(#9625,#9626,#9627,#9628));
#1377=EDGE_LOOP('',(#9629,#9630,#9631,#9632));
#1378=EDGE_LOOP('',(#9633,#9634,#9635,#9636));
#1379=EDGE_LOOP('',(#9637,#9638,#9639,#9640));
#1380=EDGE_LOOP('',(#9641,#9642,#9643,#9644));
#1381=EDGE_LOOP('',(#9645,#9646,#9647,#9648));
#1382=EDGE_LOOP('',(#9649,#9650,#9651,#9652));
#1383=EDGE_LOOP('',(#9653,#9654,#9655,#9656));
#1384=EDGE_LOOP('',(#9657,#9658,#9659,#9660));
#1385=EDGE_LOOP('',(#9661,#9662,#9663,#9664));
#1386=EDGE_LOOP('',(#9665,#9666,#9667,#9668));
#1387=EDGE_LOOP('',(#9669,#9670,#9671,#9672));
#1388=EDGE_LOOP('',(#9673,#9674,#9675,#9676));
#1389=EDGE_LOOP('',(#9677,#9678,#9679,#9680));
#1390=EDGE_LOOP('',(#9681,#9682,#9683,#9684));
#1391=EDGE_LOOP('',(#9685,#9686,#9687,#9688));
#1392=EDGE_LOOP('',(#9689,#9690,#9691,#9692));
#1393=EDGE_LOOP('',(#9693,#9694,#9695,#9696));
#1394=EDGE_LOOP('',(#9697,#9698,#9699,#9700));
#1395=EDGE_LOOP('',(#9701,#9702,#9703,#9704));
#1396=EDGE_LOOP('',(#9705,#9706,#9707,#9708));
#1397=EDGE_LOOP('',(#9709,#9710,#9711,#9712));
#1398=EDGE_LOOP('',(#9713,#9714,#9715,#9716));
#1399=EDGE_LOOP('',(#9717,#9718,#9719,#9720));
#1400=EDGE_LOOP('',(#9721,#9722,#9723,#9724));
#1401=EDGE_LOOP('',(#9725,#9726,#9727,#9728));
#1402=EDGE_LOOP('',(#9729,#9730,#9731,#9732));
#1403=EDGE_LOOP('',(#9733,#9734,#9735,#9736));
#1404=EDGE_LOOP('',(#9737,#9738,#9739,#9740));
#1405=EDGE_LOOP('',(#9741,#9742,#9743,#9744));
#1406=EDGE_LOOP('',(#9745,#9746,#9747,#9748));
#1407=EDGE_LOOP('',(#9749,#9750,#9751,#9752));
#1408=EDGE_LOOP('',(#9753,#9754,#9755,#9756));
#1409=EDGE_LOOP('',(#9757,#9758,#9759,#9760));
#1410=EDGE_LOOP('',(#9761,#9762,#9763,#9764));
#1411=EDGE_LOOP('',(#9765,#9766,#9767,#9768));
#1412=EDGE_LOOP('',(#9769,#9770,#9771,#9772));
#1413=EDGE_LOOP('',(#9773,#9774,#9775,#9776));
#1414=EDGE_LOOP('',(#9777,#9778,#9779,#9780));
#1415=EDGE_LOOP('',(#9781,#9782,#9783,#9784));
#1416=EDGE_LOOP('',(#9785,#9786,#9787,#9788));
#1417=EDGE_LOOP('',(#9789,#9790,#9791,#9792));
#1418=EDGE_LOOP('',(#9793,#9794,#9795,#9796));
#1419=EDGE_LOOP('',(#9797,#9798,#9799,#9800));
#1420=EDGE_LOOP('',(#9801,#9802,#9803,#9804));
#1421=EDGE_LOOP('',(#9805,#9806,#9807,#9808));
#1422=EDGE_LOOP('',(#9809,#9810,#9811,#9812));
#1423=EDGE_LOOP('',(#9813,#9814,#9815,#9816));
#1424=EDGE_LOOP('',(#9817,#9818,#9819,#9820));
#1425=EDGE_LOOP('',(#9821,#9822,#9823,#9824));
#1426=EDGE_LOOP('',(#9825,#9826,#9827,#9828));
#1427=EDGE_LOOP('',(#9829,#9830,#9831,#9832));
#1428=EDGE_LOOP('',(#9833,#9834,#9835,#9836));
#1429=EDGE_LOOP('',(#9837,#9838,#9839,#9840));
#1430=EDGE_LOOP('',(#9841,#9842,#9843,#9844));
#1431=EDGE_LOOP('',(#9845,#9846,#9847,#9848));
#1432=EDGE_LOOP('',(#9849,#9850,#9851,#9852));
#1433=EDGE_LOOP('',(#9853,#9854,#9855,#9856));
#1434=EDGE_LOOP('',(#9857,#9858,#9859,#9860));
#1435=EDGE_LOOP('',(#9861,#9862,#9863,#9864));
#1436=EDGE_LOOP('',(#9865,#9866,#9867,#9868));
#1437=EDGE_LOOP('',(#9869,#9870,#9871,#9872));
#1438=EDGE_LOOP('',(#9873,#9874,#9875,#9876));
#1439=EDGE_LOOP('',(#9877,#9878,#9879,#9880));
#1440=EDGE_LOOP('',(#9881,#9882,#9883,#9884));
#1441=EDGE_LOOP('',(#9885,#9886,#9887,#9888));
#1442=EDGE_LOOP('',(#9889,#9890,#9891,#9892));
#1443=EDGE_LOOP('',(#9893,#9894,#9895,#9896));
#1444=EDGE_LOOP('',(#9897,#9898,#9899,#9900));
#1445=EDGE_LOOP('',(#9901,#9902,#9903,#9904));
#1446=EDGE_LOOP('',(#9905,#9906,#9907,#9908));
#1447=EDGE_LOOP('',(#9909,#9910,#9911,#9912));
#1448=EDGE_LOOP('',(#9913,#9914,#9915,#9916));
#1449=EDGE_LOOP('',(#9917,#9918,#9919,#9920));
#1450=EDGE_LOOP('',(#9921,#9922,#9923,#9924));
#1451=EDGE_LOOP('',(#9925,#9926,#9927,#9928));
#1452=EDGE_LOOP('',(#9929,#9930,#9931,#9932));
#1453=EDGE_LOOP('',(#9933,#9934,#9935,#9936));
#1454=EDGE_LOOP('',(#9937,#9938,#9939,#9940));
#1455=EDGE_LOOP('',(#9941,#9942,#9943,#9944));
#1456=EDGE_LOOP('',(#9945,#9946,#9947,#9948));
#1457=EDGE_LOOP('',(#9949,#9950,#9951,#9952));
#1458=EDGE_LOOP('',(#9953,#9954,#9955,#9956));
#1459=EDGE_LOOP('',(#9957,#9958,#9959,#9960));
#1460=EDGE_LOOP('',(#9961,#9962,#9963,#9964));
#1461=EDGE_LOOP('',(#9965,#9966,#9967,#9968));
#1462=EDGE_LOOP('',(#9969,#9970,#9971,#9972));
#1463=EDGE_LOOP('',(#9973,#9974,#9975,#9976));
#1464=EDGE_LOOP('',(#9977,#9978,#9979,#9980));
#1465=EDGE_LOOP('',(#9981,#9982,#9983,#9984));
#1466=EDGE_LOOP('',(#9985,#9986,#9987,#9988));
#1467=EDGE_LOOP('',(#9989,#9990,#9991,#9992));
#1468=EDGE_LOOP('',(#9993,#9994,#9995,#9996));
#1469=EDGE_LOOP('',(#9997,#9998,#9999,#10000));
#1470=EDGE_LOOP('',(#10001,#10002,#10003,#10004));
#1471=EDGE_LOOP('',(#10005,#10006,#10007,#10008));
#1472=EDGE_LOOP('',(#10009,#10010,#10011,#10012));
#1473=EDGE_LOOP('',(#10013,#10014,#10015,#10016));
#1474=EDGE_LOOP('',(#10017,#10018,#10019,#10020));
#1475=EDGE_LOOP('',(#10021,#10022,#10023,#10024));
#1476=EDGE_LOOP('',(#10025,#10026,#10027,#10028));
#1477=EDGE_LOOP('',(#10029,#10030,#10031,#10032));
#1478=EDGE_LOOP('',(#10033,#10034,#10035,#10036));
#1479=EDGE_LOOP('',(#10037,#10038,#10039,#10040));
#1480=EDGE_LOOP('',(#10041,#10042,#10043,#10044));
#1481=EDGE_LOOP('',(#10045,#10046,#10047,#10048));
#1482=EDGE_LOOP('',(#10049,#10050,#10051,#10052));
#1483=EDGE_LOOP('',(#10053,#10054,#10055,#10056));
#1484=EDGE_LOOP('',(#10057,#10058,#10059,#10060));
#1485=EDGE_LOOP('',(#10061,#10062,#10063,#10064));
#1486=EDGE_LOOP('',(#10065,#10066,#10067,#10068));
#1487=EDGE_LOOP('',(#10069,#10070,#10071,#10072));
#1488=EDGE_LOOP('',(#10073,#10074,#10075,#10076));
#1489=EDGE_LOOP('',(#10077,#10078,#10079,#10080));
#1490=EDGE_LOOP('',(#10081,#10082,#10083,#10084));
#1491=EDGE_LOOP('',(#10085,#10086,#10087,#10088));
#1492=EDGE_LOOP('',(#10089,#10090,#10091,#10092));
#1493=EDGE_LOOP('',(#10093,#10094,#10095,#10096));
#1494=EDGE_LOOP('',(#10097,#10098,#10099,#10100));
#1495=EDGE_LOOP('',(#10101,#10102,#10103,#10104));
#1496=EDGE_LOOP('',(#10105,#10106,#10107,#10108));
#1497=EDGE_LOOP('',(#10109,#10110,#10111,#10112));
#1498=EDGE_LOOP('',(#10113,#10114,#10115,#10116));
#1499=EDGE_LOOP('',(#10117,#10118,#10119,#10120));
#1500=EDGE_LOOP('',(#10121,#10122,#10123,#10124));
#1501=EDGE_LOOP('',(#10125,#10126,#10127,#10128));
#1502=EDGE_LOOP('',(#10129,#10130,#10131,#10132));
#1503=EDGE_LOOP('',(#10133,#10134,#10135,#10136));
#1504=EDGE_LOOP('',(#10137,#10138,#10139,#10140));
#1505=EDGE_LOOP('',(#10141,#10142,#10143,#10144));
#1506=EDGE_LOOP('',(#10145,#10146,#10147,#10148));
#1507=EDGE_LOOP('',(#10149,#10150,#10151,#10152));
#1508=EDGE_LOOP('',(#10153,#10154,#10155,#10156));
#1509=EDGE_LOOP('',(#10157,#10158,#10159,#10160));
#1510=EDGE_LOOP('',(#10161,#10162,#10163,#10164));
#1511=EDGE_LOOP('',(#10165,#10166,#10167,#10168));
#1512=EDGE_LOOP('',(#10169,#10170,#10171,#10172));
#1513=EDGE_LOOP('',(#10173,#10174,#10175,#10176));
#1514=EDGE_LOOP('',(#10177,#10178,#10179,#10180));
#1515=EDGE_LOOP('',(#10181,#10182,#10183,#10184));
#1516=EDGE_LOOP('',(#10185,#10186,#10187,#10188));
#1517=EDGE_LOOP('',(#10189,#10190,#10191,#10192));
#1518=EDGE_LOOP('',(#10193,#10194,#10195,#10196));
#1519=EDGE_LOOP('',(#10197,#10198,#10199,#10200));
#1520=EDGE_LOOP('',(#10201,#10202,#10203,#10204));
#1521=EDGE_LOOP('',(#10205,#10206,#10207,#10208));
#1522=EDGE_LOOP('',(#10209,#10210,#10211,#10212));
#1523=EDGE_LOOP('',(#10213,#10214,#10215,#10216));
#1524=EDGE_LOOP('',(#10217,#10218,#10219,#10220));
#1525=EDGE_LOOP('',(#10221,#10222,#10223,#10224));
#1526=EDGE_LOOP('',(#10225,#10226,#10227,#10228));
#1527=EDGE_LOOP('',(#10229,#10230,#10231,#10232));
#1528=EDGE_LOOP('',(#10233,#10234,#10235,#10236));
#1529=EDGE_LOOP('',(#10237,#10238,#10239,#10240));
#1530=EDGE_LOOP('',(#10241,#10242,#10243,#10244));
#1531=EDGE_LOOP('',(#10245,#10246,#10247,#10248));
#1532=EDGE_LOOP('',(#10249,#10250,#10251,#10252));
#1533=EDGE_LOOP('',(#10253,#10254,#10255,#10256));
#1534=EDGE_LOOP('',(#10257,#10258,#10259,#10260));
#1535=EDGE_LOOP('',(#10261,#10262,#10263,#10264));
#1536=EDGE_LOOP('',(#10265,#10266,#10267,#10268));
#1537=EDGE_LOOP('',(#10269,#10270,#10271,#10272));
#1538=EDGE_LOOP('',(#10273,#10274,#10275,#10276));
#1539=EDGE_LOOP('',(#10277,#10278,#10279,#10280));
#1540=EDGE_LOOP('',(#10281,#10282,#10283,#10284));
#1541=EDGE_LOOP('',(#10285,#10286,#10287,#10288));
#1542=EDGE_LOOP('',(#10289,#10290,#10291,#10292));
#1543=EDGE_LOOP('',(#10293,#10294,#10295,#10296));
#1544=EDGE_LOOP('',(#10297,#10298,#10299,#10300));
#1545=EDGE_LOOP('',(#10301,#10302,#10303,#10304));
#1546=EDGE_LOOP('',(#10305,#10306,#10307,#10308));
#1547=EDGE_LOOP('',(#10309,#10310,#10311,#10312));
#1548=EDGE_LOOP('',(#10313,#10314,#10315,#10316));
#1549=EDGE_LOOP('',(#10317,#10318,#10319,#10320));
#1550=EDGE_LOOP('',(#10321,#10322,#10323,#10324));
#1551=EDGE_LOOP('',(#10325,#10326,#10327,#10328));
#1552=EDGE_LOOP('',(#10329,#10330,#10331,#10332));
#1553=EDGE_LOOP('',(#10333,#10334,#10335,#10336));
#1554=EDGE_LOOP('',(#10337,#10338,#10339,#10340));
#1555=EDGE_LOOP('',(#10341,#10342,#10343,#10344));
#1556=EDGE_LOOP('',(#10345,#10346,#10347,#10348));
#1557=EDGE_LOOP('',(#10349,#10350,#10351,#10352));
#1558=EDGE_LOOP('',(#10353,#10354,#10355,#10356));
#1559=EDGE_LOOP('',(#10357,#10358,#10359,#10360));
#1560=EDGE_LOOP('',(#10361,#10362,#10363,#10364));
#1561=EDGE_LOOP('',(#10365,#10366,#10367,#10368));
#1562=EDGE_LOOP('',(#10369,#10370,#10371,#10372));
#1563=EDGE_LOOP('',(#10373,#10374,#10375,#10376));
#1564=EDGE_LOOP('',(#10377,#10378,#10379,#10380));
#1565=EDGE_LOOP('',(#10381,#10382,#10383,#10384));
#1566=EDGE_LOOP('',(#10385,#10386,#10387,#10388));
#1567=EDGE_LOOP('',(#10389,#10390,#10391,#10392));
#1568=EDGE_LOOP('',(#10393,#10394,#10395,#10396));
#1569=EDGE_LOOP('',(#10397,#10398,#10399,#10400));
#1570=EDGE_LOOP('',(#10401,#10402,#10403,#10404));
#1571=EDGE_LOOP('',(#10405,#10406,#10407,#10408));
#1572=EDGE_LOOP('',(#10409,#10410,#10411,#10412));
#1573=EDGE_LOOP('',(#10413,#10414,#10415,#10416));
#1574=EDGE_LOOP('',(#10417,#10418,#10419,#10420));
#1575=EDGE_LOOP('',(#10421,#10422,#10423,#10424));
#1576=EDGE_LOOP('',(#10425,#10426,#10427,#10428));
#1577=EDGE_LOOP('',(#10429,#10430,#10431,#10432));
#1578=EDGE_LOOP('',(#10433,#10434,#10435,#10436));
#1579=EDGE_LOOP('',(#10437,#10438,#10439,#10440));
#1580=EDGE_LOOP('',(#10441,#10442,#10443,#10444));
#1581=EDGE_LOOP('',(#10445,#10446,#10447,#10448));
#1582=EDGE_LOOP('',(#10449,#10450,#10451,#10452));
#1583=EDGE_LOOP('',(#10453,#10454,#10455,#10456));
#1584=EDGE_LOOP('',(#10457,#10458,#10459,#10460));
#1585=EDGE_LOOP('',(#10461,#10462,#10463,#10464));
#1586=EDGE_LOOP('',(#10465,#10466,#10467,#10468));
#1587=EDGE_LOOP('',(#10469,#10470,#10471,#10472));
#1588=EDGE_LOOP('',(#10473,#10474,#10475,#10476));
#1589=EDGE_LOOP('',(#10477,#10478,#10479,#10480));
#1590=EDGE_LOOP('',(#10481,#10482,#10483,#10484));
#1591=EDGE_LOOP('',(#10485,#10486,#10487,#10488));
#1592=EDGE_LOOP('',(#10489,#10490,#10491,#10492));
#1593=EDGE_LOOP('',(#10493,#10494,#10495,#10496));
#1594=EDGE_LOOP('',(#10497,#10498,#10499,#10500));
#1595=EDGE_LOOP('',(#10501,#10502,#10503,#10504));
#1596=EDGE_LOOP('',(#10505,#10506,#10507,#10508));
#1597=EDGE_LOOP('',(#10509,#10510,#10511,#10512));
#1598=EDGE_LOOP('',(#10513,#10514,#10515,#10516));
#1599=EDGE_LOOP('',(#10517,#10518,#10519,#10520));
#1600=EDGE_LOOP('',(#10521,#10522,#10523,#10524));
#1601=EDGE_LOOP('',(#10525,#10526,#10527,#10528));
#1602=EDGE_LOOP('',(#10529,#10530,#10531,#10532));
#1603=EDGE_LOOP('',(#10533,#10534,#10535,#10536));
#1604=EDGE_LOOP('',(#10537,#10538,#10539,#10540));
#1605=EDGE_LOOP('',(#10541,#10542,#10543,#10544));
#1606=EDGE_LOOP('',(#10545,#10546,#10547,#10548));
#1607=EDGE_LOOP('',(#10549,#10550,#10551,#10552));
#1608=EDGE_LOOP('',(#10553,#10554,#10555,#10556));
#1609=EDGE_LOOP('',(#10557,#10558,#10559,#10560));
#1610=EDGE_LOOP('',(#10561,#10562,#10563,#10564));
#1611=EDGE_LOOP('',(#10565,#10566,#10567,#10568));
#1612=EDGE_LOOP('',(#10569,#10570,#10571,#10572));
#1613=EDGE_LOOP('',(#10573,#10574,#10575,#10576));
#1614=EDGE_LOOP('',(#10577,#10578,#10579,#10580));
#1615=EDGE_LOOP('',(#10581,#10582,#10583,#10584));
#1616=EDGE_LOOP('',(#10585,#10586,#10587,#10588));
#1617=EDGE_LOOP('',(#10589,#10590,#10591,#10592));
#1618=EDGE_LOOP('',(#10593,#10594,#10595,#10596));
#1619=EDGE_LOOP('',(#10597,#10598,#10599,#10600));
#1620=EDGE_LOOP('',(#10601,#10602,#10603,#10604));
#1621=EDGE_LOOP('',(#10605,#10606,#10607,#10608));
#1622=EDGE_LOOP('',(#10609,#10610,#10611,#10612));
#1623=EDGE_LOOP('',(#10613,#10614,#10615,#10616));
#1624=EDGE_LOOP('',(#10617,#10618,#10619,#10620));
#1625=EDGE_LOOP('',(#10621,#10622,#10623,#10624));
#1626=EDGE_LOOP('',(#10625,#10626,#10627,#10628));
#1627=EDGE_LOOP('',(#10629,#10630,#10631,#10632));
#1628=EDGE_LOOP('',(#10633,#10634,#10635,#10636));
#1629=EDGE_LOOP('',(#10637,#10638,#10639,#10640));
#1630=EDGE_LOOP('',(#10641,#10642,#10643,#10644));
#1631=EDGE_LOOP('',(#10645,#10646,#10647,#10648));
#1632=EDGE_LOOP('',(#10649,#10650,#10651,#10652));
#1633=EDGE_LOOP('',(#10653,#10654,#10655,#10656));
#1634=EDGE_LOOP('',(#10657,#10658,#10659,#10660));
#1635=EDGE_LOOP('',(#10661,#10662,#10663,#10664));
#1636=EDGE_LOOP('',(#10665,#10666,#10667,#10668));
#1637=EDGE_LOOP('',(#10669,#10670,#10671,#10672));
#1638=EDGE_LOOP('',(#10673,#10674,#10675,#10676));
#1639=EDGE_LOOP('',(#10677,#10678,#10679,#10680));
#1640=EDGE_LOOP('',(#10681,#10682,#10683,#10684));
#1641=EDGE_LOOP('',(#10685,#10686,#10687,#10688));
#1642=EDGE_LOOP('',(#10689,#10690,#10691,#10692));
#1643=EDGE_LOOP('',(#10693,#10694,#10695,#10696));
#1644=EDGE_LOOP('',(#10697,#10698,#10699,#10700));
#1645=EDGE_LOOP('',(#10701,#10702,#10703,#10704));
#1646=EDGE_LOOP('',(#10705,#10706,#10707,#10708));
#1647=EDGE_LOOP('',(#10709,#10710,#10711,#10712));
#1648=EDGE_LOOP('',(#10713,#10714,#10715,#10716));
#1649=EDGE_LOOP('',(#10717,#10718,#10719,#10720));
#1650=EDGE_LOOP('',(#10721,#10722,#10723,#10724));
#1651=EDGE_LOOP('',(#10725,#10726,#10727,#10728));
#1652=EDGE_LOOP('',(#10729,#10730,#10731,#10732));
#1653=EDGE_LOOP('',(#10733,#10734,#10735,#10736));
#1654=EDGE_LOOP('',(#10737,#10738,#10739,#10740));
#1655=EDGE_LOOP('',(#10741,#10742,#10743,#10744));
#1656=EDGE_LOOP('',(#10745,#10746,#10747,#10748));
#1657=EDGE_LOOP('',(#10749,#10750,#10751,#10752));
#1658=EDGE_LOOP('',(#10753,#10754,#10755,#10756));
#1659=EDGE_LOOP('',(#10757,#10758,#10759,#10760));
#1660=EDGE_LOOP('',(#10761,#10762,#10763,#10764));
#1661=EDGE_LOOP('',(#10765,#10766,#10767,#10768));
#1662=EDGE_LOOP('',(#10769,#10770,#10771,#10772));
#1663=EDGE_LOOP('',(#10773,#10774,#10775,#10776));
#1664=EDGE_LOOP('',(#10777,#10778,#10779,#10780));
#1665=EDGE_LOOP('',(#10781,#10782,#10783,#10784));
#1666=EDGE_LOOP('',(#10785,#10786,#10787,#10788));
#1667=EDGE_LOOP('',(#10789,#10790,#10791,#10792));
#1668=EDGE_LOOP('',(#10793,#10794,#10795,#10796));
#1669=EDGE_LOOP('',(#10797,#10798,#10799,#10800));
#1670=EDGE_LOOP('',(#10801,#10802,#10803,#10804));
#1671=EDGE_LOOP('',(#10805,#10806,#10807,#10808));
#1672=EDGE_LOOP('',(#10809,#10810,#10811,#10812));
#1673=EDGE_LOOP('',(#10813,#10814,#10815,#10816));
#1674=EDGE_LOOP('',(#10817,#10818,#10819,#10820));
#1675=EDGE_LOOP('',(#10821,#10822,#10823,#10824));
#1676=EDGE_LOOP('',(#10825,#10826,#10827,#10828));
#1677=EDGE_LOOP('',(#10829,#10830,#10831,#10832));
#1678=EDGE_LOOP('',(#10833,#10834,#10835,#10836));
#1679=EDGE_LOOP('',(#10837,#10838,#10839,#10840));
#1680=EDGE_LOOP('',(#10841,#10842,#10843,#10844));
#1681=EDGE_LOOP('',(#10845,#10846,#10847,#10848));
#1682=EDGE_LOOP('',(#10849,#10850,#10851,#10852));
#1683=EDGE_LOOP('',(#10853,#10854,#10855,#10856));
#1684=EDGE_LOOP('',(#10857,#10858,#10859,#10860));
#1685=EDGE_LOOP('',(#10861,#10862,#10863,#10864));
#1686=EDGE_LOOP('',(#10865,#10866,#10867,#10868));
#1687=EDGE_LOOP('',(#10869,#10870,#10871,#10872));
#1688=EDGE_LOOP('',(#10873,#10874,#10875,#10876));
#1689=EDGE_LOOP('',(#10877,#10878,#10879,#10880));
#1690=EDGE_LOOP('',(#10881,#10882,#10883,#10884));
#1691=EDGE_LOOP('',(#10885,#10886,#10887,#10888));
#1692=EDGE_LOOP('',(#10889,#10890,#10891,#10892));
#1693=EDGE_LOOP('',(#10893,#10894,#10895,#10896));
#1694=EDGE_LOOP('',(#10897,#10898,#10899,#10900));
#1695=EDGE_LOOP('',(#10901,#10902,#10903,#10904));
#1696=EDGE_LOOP('',(#10905,#10906,#10907,#10908));
#1697=EDGE_LOOP('',(#10909,#10910,#10911,#10912));
#1698=EDGE_LOOP('',(#10913,#10914,#10915,#10916));
#1699=EDGE_LOOP('',(#10917,#10918,#10919,#10920));
#1700=EDGE_LOOP('',(#10921,#10922,#10923,#10924));
#1701=EDGE_LOOP('',(#10925,#10926,#10927,#10928));
#1702=EDGE_LOOP('',(#10929,#10930,#10931,#10932));
#1703=EDGE_LOOP('',(#10933,#10934,#10935,#10936));
#1704=EDGE_LOOP('',(#10937,#10938,#10939,#10940));
#1705=EDGE_LOOP('',(#10941,#10942,#10943,#10944));
#1706=EDGE_LOOP('',(#10945,#10946,#10947,#10948));
#1707=EDGE_LOOP('',(#10949,#10950,#10951,#10952));
#1708=EDGE_LOOP('',(#10953,#10954,#10955,#10956));
#1709=EDGE_LOOP('',(#10957,#10958,#10959,#10960));
#1710=EDGE_LOOP('',(#10961,#10962,#10963,#10964));
#1711=EDGE_LOOP('',(#10965,#10966,#10967,#10968));
#1712=EDGE_LOOP('',(#10969,#10970,#10971,#10972));
#1713=EDGE_LOOP('',(#10973,#10974,#10975,#10976));
#1714=EDGE_LOOP('',(#10977,#10978,#10979,#10980));
#1715=EDGE_LOOP('',(#10981,#10982,#10983,#10984));
#1716=EDGE_LOOP('',(#10985,#10986,#10987,#10988));
#1717=EDGE_LOOP('',(#10989,#10990,#10991,#10992));
#1718=EDGE_LOOP('',(#10993,#10994,#10995,#10996));
#1719=EDGE_LOOP('',(#10997,#10998,#10999,#11000));
#1720=EDGE_LOOP('',(#11001,#11002,#11003,#11004));
#1721=EDGE_LOOP('',(#11005,#11006,#11007,#11008));
#1722=EDGE_LOOP('',(#11009,#11010,#11011,#11012));
#1723=EDGE_LOOP('',(#11013,#11014,#11015,#11016));
#1724=EDGE_LOOP('',(#11017,#11018,#11019,#11020));
#1725=EDGE_LOOP('',(#11021,#11022,#11023,#11024));
#1726=EDGE_LOOP('',(#11025,#11026,#11027,#11028));
#1727=EDGE_LOOP('',(#11029,#11030,#11031,#11032));
#1728=EDGE_LOOP('',(#11033,#11034,#11035,#11036));
#1729=EDGE_LOOP('',(#11037,#11038,#11039,#11040));
#1730=EDGE_LOOP('',(#11041,#11042,#11043,#11044));
#1731=EDGE_LOOP('',(#11045,#11046,#11047,#11048));
#1732=EDGE_LOOP('',(#11049,#11050,#11051,#11052));
#1733=EDGE_LOOP('',(#11053,#11054,#11055,#11056));
#1734=EDGE_LOOP('',(#11057,#11058,#11059,#11060));
#1735=EDGE_LOOP('',(#11061,#11062,#11063,#11064));
#1736=EDGE_LOOP('',(#11065,#11066,#11067,#11068));
#1737=EDGE_LOOP('',(#11069,#11070,#11071,#11072));
#1738=EDGE_LOOP('',(#11073,#11074,#11075,#11076));
#1739=EDGE_LOOP('',(#11077,#11078,#11079,#11080));
#1740=EDGE_LOOP('',(#11081,#11082,#11083,#11084));
#1741=EDGE_LOOP('',(#11085,#11086,#11087,#11088));
#1742=EDGE_LOOP('',(#11089,#11090,#11091,#11092));
#1743=EDGE_LOOP('',(#11093,#11094,#11095,#11096));
#1744=EDGE_LOOP('',(#11097,#11098,#11099,#11100));
#1745=EDGE_LOOP('',(#11101,#11102,#11103,#11104));
#1746=EDGE_LOOP('',(#11105,#11106,#11107,#11108));
#1747=EDGE_LOOP('',(#11109,#11110,#11111,#11112));
#1748=EDGE_LOOP('',(#11113,#11114,#11115,#11116));
#1749=EDGE_LOOP('',(#11117,#11118,#11119,#11120));
#1750=EDGE_LOOP('',(#11121,#11122,#11123,#11124));
#1751=EDGE_LOOP('',(#11125,#11126,#11127,#11128));
#1752=EDGE_LOOP('',(#11129,#11130,#11131,#11132));
#1753=EDGE_LOOP('',(#11133,#11134,#11135,#11136));
#1754=EDGE_LOOP('',(#11137,#11138,#11139,#11140));
#1755=EDGE_LOOP('',(#11141,#11142,#11143,#11144));
#1756=EDGE_LOOP('',(#11145,#11146,#11147,#11148));
#1757=EDGE_LOOP('',(#11149,#11150,#11151,#11152));
#1758=EDGE_LOOP('',(#11153,#11154,#11155,#11156));
#1759=EDGE_LOOP('',(#11157,#11158,#11159,#11160));
#1760=EDGE_LOOP('',(#11161,#11162,#11163,#11164));
#1761=EDGE_LOOP('',(#11165,#11166,#11167,#11168));
#1762=EDGE_LOOP('',(#11169,#11170,#11171,#11172));
#1763=EDGE_LOOP('',(#11173,#11174,#11175,#11176));
#1764=EDGE_LOOP('',(#11177,#11178,#11179,#11180));
#1765=EDGE_LOOP('',(#11181,#11182,#11183,#11184));
#1766=EDGE_LOOP('',(#11185,#11186,#11187,#11188));
#1767=EDGE_LOOP('',(#11189,#11190,#11191,#11192));
#1768=EDGE_LOOP('',(#11193,#11194,#11195,#11196));
#1769=EDGE_LOOP('',(#11197,#11198,#11199,#11200));
#1770=EDGE_LOOP('',(#11201,#11202,#11203,#11204));
#1771=EDGE_LOOP('',(#11205,#11206,#11207,#11208));
#1772=EDGE_LOOP('',(#11209,#11210,#11211,#11212));
#1773=EDGE_LOOP('',(#11213,#11214,#11215,#11216));
#1774=EDGE_LOOP('',(#11217,#11218,#11219,#11220));
#1775=EDGE_LOOP('',(#11221,#11222,#11223,#11224));
#1776=EDGE_LOOP('',(#11225,#11226,#11227,#11228));
#1777=EDGE_LOOP('',(#11229,#11230,#11231,#11232));
#1778=EDGE_LOOP('',(#11233,#11234,#11235,#11236));
#1779=EDGE_LOOP('',(#11237,#11238,#11239,#11240));
#1780=EDGE_LOOP('',(#11241,#11242,#11243,#11244));
#1781=EDGE_LOOP('',(#11245,#11246,#11247,#11248));
#1782=EDGE_LOOP('',(#11249,#11250,#11251,#11252));
#1783=EDGE_LOOP('',(#11253,#11254,#11255,#11256));
#1784=EDGE_LOOP('',(#11257,#11258,#11259,#11260));
#1785=EDGE_LOOP('',(#11261,#11262,#11263,#11264));
#1786=EDGE_LOOP('',(#11265,#11266,#11267,#11268));
#1787=EDGE_LOOP('',(#11269,#11270,#11271,#11272));
#1788=EDGE_LOOP('',(#11273,#11274,#11275,#11276));
#1789=EDGE_LOOP('',(#11277,#11278,#11279,#11280));
#1790=EDGE_LOOP('',(#11281,#11282,#11283,#11284));
#1791=EDGE_LOOP('',(#11285,#11286,#11287,#11288));
#1792=EDGE_LOOP('',(#11289,#11290,#11291,#11292));
#1793=EDGE_LOOP('',(#11293,#11294,#11295,#11296));
#1794=EDGE_LOOP('',(#11297,#11298,#11299,#11300));
#1795=EDGE_LOOP('',(#11301,#11302,#11303,#11304));
#1796=EDGE_LOOP('',(#11305,#11306,#11307,#11308));
#1797=EDGE_LOOP('',(#11309,#11310,#11311,#11312));
#1798=EDGE_LOOP('',(#11313,#11314,#11315,#11316));
#1799=EDGE_LOOP('',(#11317,#11318,#11319,#11320));
#1800=EDGE_LOOP('',(#11321,#11322,#11323,#11324));
#1801=EDGE_LOOP('',(#11325,#11326,#11327,#11328));
#1802=EDGE_LOOP('',(#11329,#11330,#11331,#11332));
#1803=EDGE_LOOP('',(#11333,#11334,#11335,#11336));
#1804=EDGE_LOOP('',(#11337,#11338,#11339,#11340));
#1805=EDGE_LOOP('',(#11341,#11342,#11343,#11344));
#1806=EDGE_LOOP('',(#11345,#11346,#11347,#11348));
#1807=EDGE_LOOP('',(#11349,#11350,#11351,#11352));
#1808=EDGE_LOOP('',(#11353,#11354,#11355,#11356));
#1809=EDGE_LOOP('',(#11357,#11358,#11359,#11360));
#1810=EDGE_LOOP('',(#11361,#11362,#11363,#11364));
#1811=EDGE_LOOP('',(#11365,#11366,#11367,#11368));
#1812=EDGE_LOOP('',(#11369,#11370,#11371,#11372));
#1813=EDGE_LOOP('',(#11373,#11374,#11375,#11376));
#1814=EDGE_LOOP('',(#11377,#11378,#11379,#11380));
#1815=EDGE_LOOP('',(#11381,#11382,#11383,#11384));
#1816=EDGE_LOOP('',(#11385,#11386,#11387,#11388));
#1817=EDGE_LOOP('',(#11389,#11390,#11391,#11392));
#1818=EDGE_LOOP('',(#11393,#11394,#11395,#11396));
#1819=EDGE_LOOP('',(#11397,#11398,#11399,#11400));
#1820=EDGE_LOOP('',(#11401,#11402,#11403,#11404));
#1821=EDGE_LOOP('',(#11405,#11406,#11407,#11408));
#1822=EDGE_LOOP('',(#11409,#11410,#11411,#11412));
#1823=EDGE_LOOP('',(#11413,#11414,#11415,#11416));
#1824=EDGE_LOOP('',(#11417,#11418,#11419,#11420));
#1825=EDGE_LOOP('',(#11421,#11422,#11423,#11424));
#1826=EDGE_LOOP('',(#11425,#11426,#11427,#11428));
#1827=EDGE_LOOP('',(#11429,#11430,#11431,#11432));
#1828=EDGE_LOOP('',(#11433,#11434,#11435,#11436));
#1829=EDGE_LOOP('',(#11437,#11438,#11439,#11440));
#1830=EDGE_LOOP('',(#11441,#11442,#11443,#11444,#11445,#11446,#11447,#11448,
#11449,#11450,#11451,#11452,#11453,#11454,#11455,#11456,#11457,#11458,#11459,
#11460,#11461,#11462,#11463,#11464,#11465,#11466,#11467,#11468,#11469,#11470,
#11471,#11472,#11473,#11474,#11475,#11476,#11477,#11478,#11479,#11480,#11481,
#11482,#11483,#11484,#11485,#11486,#11487,#11488,#11489,#11490,#11491,#11492));
#1831=EDGE_LOOP('',(#11493,#11494,#11495,#11496,#11497,#11498,#11499,#11500,
#11501,#11502,#11503,#11504,#11505,#11506,#11507,#11508));
#1832=EDGE_LOOP('',(#11509,#11510,#11511,#11512,#11513,#11514,#11515,#11516,
#11517,#11518,#11519,#11520,#11521,#11522,#11523,#11524));
#1833=EDGE_LOOP('',(#11525,#11526,#11527,#11528,#11529,#11530,#11531,#11532,
#11533,#11534,#11535,#11536,#11537,#11538,#11539,#11540));
#1834=EDGE_LOOP('',(#11541,#11542,#11543,#11544,#11545,#11546,#11547,#11548,
#11549,#11550,#11551,#11552,#11553,#11554,#11555,#11556));
#1835=EDGE_LOOP('',(#11557,#11558,#11559,#11560,#11561,#11562,#11563,#11564,
#11565,#11566,#11567,#11568,#11569,#11570,#11571,#11572));
#1836=EDGE_LOOP('',(#11573,#11574,#11575,#11576,#11577,#11578,#11579,#11580,
#11581,#11582,#11583,#11584,#11585,#11586,#11587,#11588));
#1837=EDGE_LOOP('',(#11589));
#1838=EDGE_LOOP('',(#11590));
#1839=EDGE_LOOP('',(#11591));
#1840=EDGE_LOOP('',(#11592));
#1841=EDGE_LOOP('',(#11593));
#1842=EDGE_LOOP('',(#11594,#11595,#11596,#11597,#11598,#11599,#11600,#11601));
#1843=EDGE_LOOP('',(#11602,#11603,#11604,#11605,#11606,#11607,#11608,#11609));
#1844=EDGE_LOOP('',(#11610,#11611,#11612,#11613,#11614,#11615,#11616,#11617));
#1845=EDGE_LOOP('',(#11618,#11619,#11620,#11621,#11622,#11623,#11624,#11625));
#1846=EDGE_LOOP('',(#11626,#11627,#11628,#11629,#11630,#11631,#11632,#11633));
#1847=EDGE_LOOP('',(#11634,#11635,#11636,#11637,#11638,#11639,#11640,#11641));
#1848=EDGE_LOOP('',(#11642,#11643,#11644,#11645,#11646,#11647,#11648,#11649));
#1849=EDGE_LOOP('',(#11650,#11651,#11652,#11653,#11654,#11655,#11656,#11657));
#1850=EDGE_LOOP('',(#11658,#11659,#11660,#11661,#11662,#11663,#11664,#11665));
#1851=EDGE_LOOP('',(#11666,#11667,#11668,#11669,#11670,#11671,#11672,#11673));
#1852=EDGE_LOOP('',(#11674,#11675,#11676,#11677,#11678,#11679,#11680,#11681));
#1853=EDGE_LOOP('',(#11682,#11683,#11684,#11685,#11686,#11687,#11688,#11689));
#1854=EDGE_LOOP('',(#11690,#11691,#11692,#11693,#11694,#11695,#11696,#11697));
#1855=EDGE_LOOP('',(#11698,#11699,#11700,#11701,#11702,#11703,#11704,#11705));
#1856=EDGE_LOOP('',(#11706,#11707,#11708,#11709,#11710,#11711,#11712,#11713));
#1857=EDGE_LOOP('',(#11714,#11715,#11716,#11717,#11718,#11719,#11720,#11721));
#1858=EDGE_LOOP('',(#11722,#11723,#11724,#11725,#11726,#11727,#11728,#11729));
#1859=EDGE_LOOP('',(#11730,#11731,#11732,#11733,#11734,#11735,#11736,#11737));
#1860=EDGE_LOOP('',(#11738,#11739,#11740,#11741,#11742,#11743,#11744,#11745));
#1861=EDGE_LOOP('',(#11746,#11747,#11748,#11749,#11750,#11751,#11752,#11753));
#1862=EDGE_LOOP('',(#11754,#11755,#11756,#11757,#11758,#11759,#11760,#11761));
#1863=EDGE_LOOP('',(#11762,#11763,#11764,#11765,#11766,#11767,#11768,#11769));
#1864=EDGE_LOOP('',(#11770,#11771,#11772,#11773,#11774,#11775,#11776,#11777));
#1865=EDGE_LOOP('',(#11778,#11779,#11780,#11781,#11782,#11783,#11784,#11785));
#1866=EDGE_LOOP('',(#11786,#11787,#11788,#11789,#11790,#11791,#11792,#11793));
#1867=EDGE_LOOP('',(#11794,#11795,#11796,#11797,#11798,#11799,#11800,#11801));
#1868=EDGE_LOOP('',(#11802,#11803,#11804,#11805,#11806,#11807,#11808,#11809));
#1869=EDGE_LOOP('',(#11810,#11811,#11812,#11813,#11814,#11815,#11816,#11817));
#1870=EDGE_LOOP('',(#11818,#11819,#11820,#11821,#11822,#11823,#11824,#11825));
#1871=EDGE_LOOP('',(#11826,#11827,#11828,#11829,#11830,#11831,#11832,#11833));
#1872=EDGE_LOOP('',(#11834,#11835,#11836,#11837,#11838,#11839,#11840,#11841));
#1873=EDGE_LOOP('',(#11842,#11843,#11844,#11845,#11846,#11847,#11848,#11849));
#1874=EDGE_LOOP('',(#11850,#11851,#11852,#11853,#11854,#11855,#11856,#11857));
#1875=EDGE_LOOP('',(#11858,#11859,#11860,#11861,#11862,#11863,#11864,#11865));
#1876=EDGE_LOOP('',(#11866,#11867,#11868,#11869,#11870,#11871,#11872,#11873));
#1877=EDGE_LOOP('',(#11874,#11875,#11876,#11877,#11878,#11879,#11880,#11881));
#1878=EDGE_LOOP('',(#11882,#11883,#11884,#11885,#11886,#11887,#11888,#11889));
#1879=EDGE_LOOP('',(#11890,#11891,#11892,#11893,#11894,#11895,#11896,#11897));
#1880=EDGE_LOOP('',(#11898,#11899,#11900,#11901,#11902,#11903,#11904,#11905));
#1881=EDGE_LOOP('',(#11906,#11907,#11908,#11909,#11910,#11911,#11912,#11913));
#1882=EDGE_LOOP('',(#11914,#11915,#11916,#11917,#11918,#11919,#11920,#11921));
#1883=EDGE_LOOP('',(#11922,#11923,#11924,#11925,#11926,#11927,#11928,#11929));
#1884=EDGE_LOOP('',(#11930,#11931,#11932,#11933,#11934,#11935,#11936,#11937));
#1885=EDGE_LOOP('',(#11938,#11939,#11940,#11941,#11942,#11943,#11944,#11945));
#1886=EDGE_LOOP('',(#11946,#11947,#11948,#11949,#11950,#11951,#11952,#11953));
#1887=EDGE_LOOP('',(#11954,#11955,#11956,#11957,#11958,#11959,#11960,#11961));
#1888=EDGE_LOOP('',(#11962,#11963,#11964,#11965,#11966,#11967,#11968,#11969));
#1889=EDGE_LOOP('',(#11970,#11971,#11972,#11973,#11974,#11975,#11976,#11977));
#1890=EDGE_LOOP('',(#11978,#11979,#11980,#11981,#11982,#11983,#11984,#11985));
#1891=EDGE_LOOP('',(#11986,#11987,#11988,#11989,#11990,#11991,#11992,#11993));
#1892=EDGE_LOOP('',(#11994,#11995,#11996,#11997,#11998,#11999,#12000,#12001));
#1893=EDGE_LOOP('',(#12002,#12003,#12004,#12005,#12006,#12007,#12008,#12009));
#1894=EDGE_LOOP('',(#12010,#12011,#12012,#12013,#12014,#12015,#12016,#12017));
#1895=EDGE_LOOP('',(#12018,#12019,#12020,#12021,#12022,#12023,#12024,#12025));
#1896=EDGE_LOOP('',(#12026,#12027,#12028,#12029,#12030,#12031,#12032,#12033));
#1897=EDGE_LOOP('',(#12034,#12035,#12036,#12037,#12038,#12039,#12040,#12041));
#1898=EDGE_LOOP('',(#12042,#12043,#12044,#12045,#12046,#12047,#12048,#12049));
#1899=EDGE_LOOP('',(#12050,#12051,#12052,#12053,#12054,#12055,#12056,#12057));
#1900=EDGE_LOOP('',(#12058,#12059,#12060,#12061,#12062,#12063,#12064,#12065));
#1901=EDGE_LOOP('',(#12066,#12067,#12068,#12069,#12070,#12071,#12072,#12073));
#1902=EDGE_LOOP('',(#12074));
#1903=EDGE_LOOP('',(#12075));
#1904=EDGE_LOOP('',(#12076));
#1905=LINE('',#18159,#3173);
#1906=LINE('',#18162,#3174);
#1907=LINE('',#18165,#3175);
#1908=LINE('',#18167,#3176);
#1909=LINE('',#18168,#3177);
#1910=LINE('',#18171,#3178);
#1911=LINE('',#18175,#3179);
#1912=LINE('',#18179,#3180);
#1913=LINE('',#18183,#3181);
#1914=LINE('',#18187,#3182);
#1915=LINE('',#18191,#3183);
#1916=LINE('',#18195,#3184);
#1917=LINE('',#18199,#3185);
#1918=LINE('',#18203,#3186);
#1919=LINE('',#18205,#3187);
#1920=LINE('',#18209,#3188);
#1921=LINE('',#18213,#3189);
#1922=LINE('',#18217,#3190);
#1923=LINE('',#18221,#3191);
#1924=LINE('',#18223,#3192);
#1925=LINE('',#18227,#3193);
#1926=LINE('',#18231,#3194);
#1927=LINE('',#18235,#3195);
#1928=LINE('',#18239,#3196);
#1929=LINE('',#18243,#3197);
#1930=LINE('',#18247,#3198);
#1931=LINE('',#18249,#3199);
#1932=LINE('',#18253,#3200);
#1933=LINE('',#18257,#3201);
#1934=LINE('',#18261,#3202);
#1935=LINE('',#18265,#3203);
#1936=LINE('',#18267,#3204);
#1937=LINE('',#18283,#3205);
#1938=LINE('',#18287,#3206);
#1939=LINE('',#18291,#3207);
#1940=LINE('',#18294,#3208);
#1941=LINE('',#18299,#3209);
#1942=LINE('',#18303,#3210);
#1943=LINE('',#18307,#3211);
#1944=LINE('',#18311,#3212);
#1945=LINE('',#18315,#3213);
#1946=LINE('',#18319,#3214);
#1947=LINE('',#18323,#3215);
#1948=LINE('',#18326,#3216);
#1949=LINE('',#18331,#3217);
#1950=LINE('',#18335,#3218);
#1951=LINE('',#18339,#3219);
#1952=LINE('',#18343,#3220);
#1953=LINE('',#18347,#3221);
#1954=LINE('',#18351,#3222);
#1955=LINE('',#18355,#3223);
#1956=LINE('',#18358,#3224);
#1957=LINE('',#18363,#3225);
#1958=LINE('',#18367,#3226);
#1959=LINE('',#18371,#3227);
#1960=LINE('',#18374,#3228);
#1961=LINE('',#18377,#3229);
#1962=LINE('',#18381,#3230);
#1963=LINE('',#18385,#3231);
#1964=LINE('',#18389,#3232);
#1965=LINE('',#18393,#3233);
#1966=LINE('',#18397,#3234);
#1967=LINE('',#18401,#3235);
#1968=LINE('',#18405,#3236);
#1969=LINE('',#18409,#3237);
#1970=LINE('',#18413,#3238);
#1971=LINE('',#18417,#3239);
#1972=LINE('',#18421,#3240);
#1973=LINE('',#18425,#3241);
#1974=LINE('',#18429,#3242);
#1975=LINE('',#18433,#3243);
#1976=LINE('',#18437,#3244);
#1977=LINE('',#18443,#3245);
#1978=LINE('',#18447,#3246);
#1979=LINE('',#18451,#3247);
#1980=LINE('',#18454,#3248);
#1981=LINE('',#18457,#3249);
#1982=LINE('',#18461,#3250);
#1983=LINE('',#18465,#3251);
#1984=LINE('',#18469,#3252);
#1985=LINE('',#18475,#3253);
#1986=LINE('',#18479,#3254);
#1987=LINE('',#18483,#3255);
#1988=LINE('',#18486,#3256);
#1989=LINE('',#18489,#3257);
#1990=LINE('',#18493,#3258);
#1991=LINE('',#18497,#3259);
#1992=LINE('',#18501,#3260);
#1993=LINE('',#18507,#3261);
#1994=LINE('',#18511,#3262);
#1995=LINE('',#18515,#3263);
#1996=LINE('',#18518,#3264);
#1997=LINE('',#18523,#3265);
#1998=LINE('',#18527,#3266);
#1999=LINE('',#18531,#3267);
#2000=LINE('',#18534,#3268);
#2001=LINE('',#18539,#3269);
#2002=LINE('',#18543,#3270);
#2003=LINE('',#18547,#3271);
#2004=LINE('',#18550,#3272);
#2005=LINE('',#18555,#3273);
#2006=LINE('',#18559,#3274);
#2007=LINE('',#18563,#3275);
#2008=LINE('',#18566,#3276);
#2009=LINE('',#18571,#3277);
#2010=LINE('',#18575,#3278);
#2011=LINE('',#18579,#3279);
#2012=LINE('',#18582,#3280);
#2013=LINE('',#18585,#3281);
#2014=LINE('',#18589,#3282);
#2015=LINE('',#18593,#3283);
#2016=LINE('',#18597,#3284);
#2017=LINE('',#18603,#3285);
#2018=LINE('',#18607,#3286);
#2019=LINE('',#18611,#3287);
#2020=LINE('',#18614,#3288);
#2021=LINE('',#18619,#3289);
#2022=LINE('',#18623,#3290);
#2023=LINE('',#18627,#3291);
#2024=LINE('',#18630,#3292);
#2025=LINE('',#18635,#3293);
#2026=LINE('',#18639,#3294);
#2027=LINE('',#18643,#3295);
#2028=LINE('',#18646,#3296);
#2029=LINE('',#18649,#3297);
#2030=LINE('',#18653,#3298);
#2031=LINE('',#18657,#3299);
#2032=LINE('',#18661,#3300);
#2033=LINE('',#18667,#3301);
#2034=LINE('',#18671,#3302);
#2035=LINE('',#18675,#3303);
#2036=LINE('',#18678,#3304);
#2037=LINE('',#18681,#3305);
#2038=LINE('',#18685,#3306);
#2039=LINE('',#18689,#3307);
#2040=LINE('',#18693,#3308);
#2041=LINE('',#18697,#3309);
#2042=LINE('',#18701,#3310);
#2043=LINE('',#18705,#3311);
#2044=LINE('',#18709,#3312);
#2045=LINE('',#18715,#3313);
#2046=LINE('',#18719,#3314);
#2047=LINE('',#18723,#3315);
#2048=LINE('',#18726,#3316);
#2049=LINE('',#18731,#3317);
#2050=LINE('',#18735,#3318);
#2051=LINE('',#18739,#3319);
#2052=LINE('',#18742,#3320);
#2053=LINE('',#18747,#3321);
#2054=LINE('',#18751,#3322);
#2055=LINE('',#18755,#3323);
#2056=LINE('',#18758,#3324);
#2057=LINE('',#18763,#3325);
#2058=LINE('',#18767,#3326);
#2059=LINE('',#18771,#3327);
#2060=LINE('',#18774,#3328);
#2061=LINE('',#18779,#3329);
#2062=LINE('',#18783,#3330);
#2063=LINE('',#18787,#3331);
#2064=LINE('',#18791,#3332);
#2065=LINE('',#18795,#3333);
#2066=LINE('',#18799,#3334);
#2067=LINE('',#18803,#3335);
#2068=LINE('',#18806,#3336);
#2069=LINE('',#18811,#3337);
#2070=LINE('',#18815,#3338);
#2071=LINE('',#18819,#3339);
#2072=LINE('',#18823,#3340);
#2073=LINE('',#18827,#3341);
#2074=LINE('',#18831,#3342);
#2075=LINE('',#18835,#3343);
#2076=LINE('',#18838,#3344);
#2077=LINE('',#18843,#3345);
#2078=LINE('',#18847,#3346);
#2079=LINE('',#18851,#3347);
#2080=LINE('',#18854,#3348);
#2081=LINE('',#18859,#3349);
#2082=LINE('',#18863,#3350);
#2083=LINE('',#18867,#3351);
#2084=LINE('',#18870,#3352);
#2085=LINE('',#18873,#3353);
#2086=LINE('',#18877,#3354);
#2087=LINE('',#18881,#3355);
#2088=LINE('',#18885,#3356);
#2089=LINE('',#18889,#3357);
#2090=LINE('',#18893,#3358);
#2091=LINE('',#18897,#3359);
#2092=LINE('',#18901,#3360);
#2093=LINE('',#18907,#3361);
#2094=LINE('',#18911,#3362);
#2095=LINE('',#18915,#3363);
#2096=LINE('',#18918,#3364);
#2097=LINE('',#18923,#3365);
#2098=LINE('',#18927,#3366);
#2099=LINE('',#18931,#3367);
#2100=LINE('',#18934,#3368);
#2101=LINE('',#18939,#3369);
#2102=LINE('',#18943,#3370);
#2103=LINE('',#18947,#3371);
#2104=LINE('',#18950,#3372);
#2105=LINE('',#18955,#3373);
#2106=LINE('',#18959,#3374);
#2107=LINE('',#18963,#3375);
#2108=LINE('',#18966,#3376);
#2109=LINE('',#18969,#3377);
#2110=LINE('',#18973,#3378);
#2111=LINE('',#18977,#3379);
#2112=LINE('',#18981,#3380);
#2113=LINE('',#18987,#3381);
#2114=LINE('',#18991,#3382);
#2115=LINE('',#18995,#3383);
#2116=LINE('',#18998,#3384);
#2117=LINE('',#19003,#3385);
#2118=LINE('',#19007,#3386);
#2119=LINE('',#19011,#3387);
#2120=LINE('',#19014,#3388);
#2121=LINE('',#19019,#3389);
#2122=LINE('',#19023,#3390);
#2123=LINE('',#19027,#3391);
#2124=LINE('',#19030,#3392);
#2125=LINE('',#19033,#3393);
#2126=LINE('',#19037,#3394);
#2127=LINE('',#19041,#3395);
#2128=LINE('',#19045,#3396);
#2129=LINE('',#19051,#3397);
#2130=LINE('',#19055,#3398);
#2131=LINE('',#19059,#3399);
#2132=LINE('',#19062,#3400);
#2133=LINE('',#19067,#3401);
#2134=LINE('',#19071,#3402);
#2135=LINE('',#19075,#3403);
#2136=LINE('',#19078,#3404);
#2137=LINE('',#19083,#3405);
#2138=LINE('',#19087,#3406);
#2139=LINE('',#19091,#3407);
#2140=LINE('',#19094,#3408);
#2141=LINE('',#19099,#3409);
#2142=LINE('',#19103,#3410);
#2143=LINE('',#19107,#3411);
#2144=LINE('',#19111,#3412);
#2145=LINE('',#19115,#3413);
#2146=LINE('',#19119,#3414);
#2147=LINE('',#19123,#3415);
#2148=LINE('',#19126,#3416);
#2149=LINE('',#19131,#3417);
#2150=LINE('',#19135,#3418);
#2151=LINE('',#19139,#3419);
#2152=LINE('',#19143,#3420);
#2153=LINE('',#19147,#3421);
#2154=LINE('',#19151,#3422);
#2155=LINE('',#19155,#3423);
#2156=LINE('',#19158,#3424);
#2157=LINE('',#19161,#3425);
#2158=LINE('',#19165,#3426);
#2159=LINE('',#19169,#3427);
#2160=LINE('',#19173,#3428);
#2161=LINE('',#19179,#3429);
#2162=LINE('',#19183,#3430);
#2163=LINE('',#19187,#3431);
#2164=LINE('',#19190,#3432);
#2165=LINE('',#19195,#3433);
#2166=LINE('',#19199,#3434);
#2167=LINE('',#19203,#3435);
#2168=LINE('',#19206,#3436);
#2169=LINE('',#19211,#3437);
#2170=LINE('',#19215,#3438);
#2171=LINE('',#19219,#3439);
#2172=LINE('',#19222,#3440);
#2173=LINE('',#19227,#3441);
#2174=LINE('',#19231,#3442);
#2175=LINE('',#19235,#3443);
#2176=LINE('',#19238,#3444);
#2177=LINE('',#19243,#3445);
#2178=LINE('',#19247,#3446);
#2179=LINE('',#19251,#3447);
#2180=LINE('',#19254,#3448);
#2181=LINE('',#19259,#3449);
#2182=LINE('',#19263,#3450);
#2183=LINE('',#19267,#3451);
#2184=LINE('',#19270,#3452);
#2185=LINE('',#19273,#3453);
#2186=LINE('',#19277,#3454);
#2187=LINE('',#19281,#3455);
#2188=LINE('',#19285,#3456);
#2189=LINE('',#19289,#3457);
#2190=LINE('',#19293,#3458);
#2191=LINE('',#19297,#3459);
#2192=LINE('',#19301,#3460);
#2193=LINE('',#19305,#3461);
#2194=LINE('',#19309,#3462);
#2195=LINE('',#19313,#3463);
#2196=LINE('',#19317,#3464);
#2197=LINE('',#19323,#3465);
#2198=LINE('',#19327,#3466);
#2199=LINE('',#19331,#3467);
#2200=LINE('',#19334,#3468);
#2201=LINE('',#19339,#3469);
#2202=LINE('',#19343,#3470);
#2203=LINE('',#19347,#3471);
#2204=LINE('',#19350,#3472);
#2205=LINE('',#19355,#3473);
#2206=LINE('',#19359,#3474);
#2207=LINE('',#19363,#3475);
#2208=LINE('',#19366,#3476);
#2209=LINE('',#19371,#3477);
#2210=LINE('',#19375,#3478);
#2211=LINE('',#19379,#3479);
#2212=LINE('',#19382,#3480);
#2213=LINE('',#19385,#3481);
#2214=LINE('',#19389,#3482);
#2215=LINE('',#19393,#3483);
#2216=LINE('',#19397,#3484);
#2217=LINE('',#19403,#3485);
#2218=LINE('',#19407,#3486);
#2219=LINE('',#19411,#3487);
#2220=LINE('',#19414,#3488);
#2221=LINE('',#19419,#3489);
#2222=LINE('',#19423,#3490);
#2223=LINE('',#19427,#3491);
#2224=LINE('',#19430,#3492);
#2225=LINE('',#19439,#3493);
#2226=LINE('',#19442,#3494);
#2227=LINE('',#19445,#3495);
#2228=LINE('',#19446,#3496);
#2229=LINE('',#19449,#3497);
#2230=LINE('',#19452,#3498);
#2231=LINE('',#19455,#3499);
#2232=LINE('',#19456,#3500);
#2233=LINE('',#19459,#3501);
#2234=LINE('',#19462,#3502);
#2235=LINE('',#19465,#3503);
#2236=LINE('',#19466,#3504);
#2237=LINE('',#19469,#3505);
#2238=LINE('',#19472,#3506);
#2239=LINE('',#19475,#3507);
#2240=LINE('',#19476,#3508);
#2241=LINE('',#19479,#3509);
#2242=LINE('',#19482,#3510);
#2243=LINE('',#19485,#3511);
#2244=LINE('',#19486,#3512);
#2245=LINE('',#19489,#3513);
#2246=LINE('',#19492,#3514);
#2247=LINE('',#19495,#3515);
#2248=LINE('',#19496,#3516);
#2249=LINE('',#19499,#3517);
#2250=LINE('',#19502,#3518);
#2251=LINE('',#19505,#3519);
#2252=LINE('',#19506,#3520);
#2253=LINE('',#19509,#3521);
#2254=LINE('',#19512,#3522);
#2255=LINE('',#19515,#3523);
#2256=LINE('',#19516,#3524);
#2257=LINE('',#19519,#3525);
#2258=LINE('',#19522,#3526);
#2259=LINE('',#19525,#3527);
#2260=LINE('',#19526,#3528);
#2261=LINE('',#19529,#3529);
#2262=LINE('',#19532,#3530);
#2263=LINE('',#19535,#3531);
#2264=LINE('',#19536,#3532);
#2265=LINE('',#19539,#3533);
#2266=LINE('',#19542,#3534);
#2267=LINE('',#19545,#3535);
#2268=LINE('',#19546,#3536);
#2269=LINE('',#19549,#3537);
#2270=LINE('',#19552,#3538);
#2271=LINE('',#19555,#3539);
#2272=LINE('',#19556,#3540);
#2273=LINE('',#19559,#3541);
#2274=LINE('',#19562,#3542);
#2275=LINE('',#19565,#3543);
#2276=LINE('',#19566,#3544);
#2277=LINE('',#19571,#3545);
#2278=LINE('',#19572,#3546);
#2279=LINE('',#19575,#3547);
#2280=LINE('',#19576,#3548);
#2281=LINE('',#19581,#3549);
#2282=LINE('',#19582,#3550);
#2283=LINE('',#19585,#3551);
#2284=LINE('',#19586,#3552);
#2285=LINE('',#19591,#3553);
#2286=LINE('',#19592,#3554);
#2287=LINE('',#19595,#3555);
#2288=LINE('',#19596,#3556);
#2289=LINE('',#19601,#3557);
#2290=LINE('',#19602,#3558);
#2291=LINE('',#19604,#3559);
#2292=LINE('',#19609,#3560);
#2293=LINE('',#19610,#3561);
#2294=LINE('',#19613,#3562);
#2295=LINE('',#19614,#3563);
#2296=LINE('',#19619,#3564);
#2297=LINE('',#19620,#3565);
#2298=LINE('',#19623,#3566);
#2299=LINE('',#19624,#3567);
#2300=LINE('',#19629,#3568);
#2301=LINE('',#19630,#3569);
#2302=LINE('',#19632,#3570);
#2303=LINE('',#19637,#3571);
#2304=LINE('',#19638,#3572);
#2305=LINE('',#19641,#3573);
#2306=LINE('',#19642,#3574);
#2307=LINE('',#19647,#3575);
#2308=LINE('',#19648,#3576);
#2309=LINE('',#19651,#3577);
#2310=LINE('',#19652,#3578);
#2311=LINE('',#19656,#3579);
#2312=LINE('',#19661,#3580);
#2313=LINE('',#19662,#3581);
#2314=LINE('',#19665,#3582);
#2315=LINE('',#19666,#3583);
#2316=LINE('',#19671,#3584);
#2317=LINE('',#19672,#3585);
#2318=LINE('',#19674,#3586);
#2319=LINE('',#19678,#3587);
#2320=LINE('',#19682,#3588);
#2321=LINE('',#19685,#3589);
#2322=LINE('',#19686,#3590);
#2323=LINE('',#19690,#3591);
#2324=LINE('',#19693,#3592);
#2325=LINE('',#19694,#3593);
#2326=LINE('',#19701,#3594);
#2327=LINE('',#19702,#3595);
#2328=LINE('',#19705,#3596);
#2329=LINE('',#19706,#3597);
#2330=LINE('',#19711,#3598);
#2331=LINE('',#19712,#3599);
#2332=LINE('',#19714,#3600);
#2333=LINE('',#19719,#3601);
#2334=LINE('',#19720,#3602);
#2335=LINE('',#19722,#3603);
#2336=LINE('',#19726,#3604);
#2337=LINE('',#19728,#3605);
#2338=LINE('',#19733,#3606);
#2339=LINE('',#19734,#3607);
#2340=LINE('',#19737,#3608);
#2341=LINE('',#19738,#3609);
#2342=LINE('',#19745,#3610);
#2343=LINE('',#19746,#3611);
#2344=LINE('',#19749,#3612);
#2345=LINE('',#19750,#3613);
#2346=LINE('',#19754,#3614);
#2347=LINE('',#19759,#3615);
#2348=LINE('',#19760,#3616);
#2349=LINE('',#19762,#3617);
#2350=LINE('',#19766,#3618);
#2351=LINE('',#19768,#3619);
#2352=LINE('',#19773,#3620);
#2353=LINE('',#19774,#3621);
#2354=LINE('',#19777,#3622);
#2355=LINE('',#19778,#3623);
#2356=LINE('',#19785,#3624);
#2357=LINE('',#19786,#3625);
#2358=LINE('',#19789,#3626);
#2359=LINE('',#19790,#3627);
#2360=LINE('',#19794,#3628);
#2361=LINE('',#19799,#3629);
#2362=LINE('',#19800,#3630);
#2363=LINE('',#19802,#3631);
#2364=LINE('',#19806,#3632);
#2365=LINE('',#19808,#3633);
#2366=LINE('',#19812,#3634);
#2367=LINE('',#19817,#3635);
#2368=LINE('',#19818,#3636);
#2369=LINE('',#19820,#3637);
#2370=LINE('',#19824,#3638);
#2371=LINE('',#19829,#3639);
#2372=LINE('',#19830,#3640);
#2373=LINE('',#19833,#3641);
#2374=LINE('',#19834,#3642);
#2375=LINE('',#19839,#3643);
#2376=LINE('',#19840,#3644);
#2377=LINE('',#19842,#3645);
#2378=LINE('',#19846,#3646);
#2379=LINE('',#19848,#3647);
#2380=LINE('',#19853,#3648);
#2381=LINE('',#19854,#3649);
#2382=LINE('',#19857,#3650);
#2383=LINE('',#19858,#3651);
#2384=LINE('',#19865,#3652);
#2385=LINE('',#19866,#3653);
#2386=LINE('',#19869,#3654);
#2387=LINE('',#19870,#3655);
#2388=LINE('',#19874,#3656);
#2389=LINE('',#19878,#3657);
#2390=LINE('',#19881,#3658);
#2391=LINE('',#19882,#3659);
#2392=LINE('',#19886,#3660);
#2393=LINE('',#19888,#3661);
#2394=LINE('',#19892,#3662);
#2395=LINE('',#19897,#3663);
#2396=LINE('',#19898,#3664);
#2397=LINE('',#19900,#3665);
#2398=LINE('',#19905,#3666);
#2399=LINE('',#19906,#3667);
#2400=LINE('',#19909,#3668);
#2401=LINE('',#19910,#3669);
#2402=LINE('',#19914,#3670);
#2403=LINE('',#19917,#3671);
#2404=LINE('',#19918,#3672);
#2405=LINE('',#19922,#3673);
#2406=LINE('',#19925,#3674);
#2407=LINE('',#19926,#3675);
#2408=LINE('',#19931,#3676);
#2409=LINE('',#19935,#3677);
#2410=LINE('',#19939,#3678);
#2411=LINE('',#19944,#3679);
#2412=LINE('',#19945,#3680);
#2413=LINE('',#19946,#3681);
#2414=LINE('',#19950,#3682);
#2415=LINE('',#19953,#3683);
#2416=LINE('',#19954,#3684);
#2417=LINE('',#19958,#3685);
#2418=LINE('',#19961,#3686);
#2419=LINE('',#19962,#3687);
#2420=LINE('',#19966,#3688);
#2421=LINE('',#19969,#3689);
#2422=LINE('',#19970,#3690);
#2423=LINE('',#19976,#3691);
#2424=LINE('',#19977,#3692);
#2425=LINE('',#19978,#3693);
#2426=LINE('',#19982,#3694);
#2427=LINE('',#19985,#3695);
#2428=LINE('',#19986,#3696);
#2429=LINE('',#19990,#3697);
#2430=LINE('',#19993,#3698);
#2431=LINE('',#19994,#3699);
#2432=LINE('',#19998,#3700);
#2433=LINE('',#20001,#3701);
#2434=LINE('',#20002,#3702);
#2435=LINE('',#20009,#3703);
#2436=LINE('',#20010,#3704);
#2437=LINE('',#20013,#3705);
#2438=LINE('',#20014,#3706);
#2439=LINE('',#20018,#3707);
#2440=LINE('',#20021,#3708);
#2441=LINE('',#20022,#3709);
#2442=LINE('',#20026,#3710);
#2443=LINE('',#20029,#3711);
#2444=LINE('',#20030,#3712);
#2445=LINE('',#20034,#3713);
#2446=LINE('',#20036,#3714);
#2447=LINE('',#20040,#3715);
#2448=LINE('',#20041,#3716);
#2449=LINE('',#20042,#3717);
#2450=LINE('',#20046,#3718);
#2451=LINE('',#20049,#3719);
#2452=LINE('',#20050,#3720);
#2453=LINE('',#20054,#3721);
#2454=LINE('',#20057,#3722);
#2455=LINE('',#20058,#3723);
#2456=LINE('',#20062,#3724);
#2457=LINE('',#20065,#3725);
#2458=LINE('',#20066,#3726);
#2459=LINE('',#20072,#3727);
#2460=LINE('',#20073,#3728);
#2461=LINE('',#20074,#3729);
#2462=LINE('',#20078,#3730);
#2463=LINE('',#20081,#3731);
#2464=LINE('',#20082,#3732);
#2465=LINE('',#20086,#3733);
#2466=LINE('',#20089,#3734);
#2467=LINE('',#20090,#3735);
#2468=LINE('',#20094,#3736);
#2469=LINE('',#20097,#3737);
#2470=LINE('',#20098,#3738);
#2471=LINE('',#20104,#3739);
#2472=LINE('',#20105,#3740);
#2473=LINE('',#20106,#3741);
#2474=LINE('',#20110,#3742);
#2475=LINE('',#20113,#3743);
#2476=LINE('',#20114,#3744);
#2477=LINE('',#20118,#3745);
#2478=LINE('',#20121,#3746);
#2479=LINE('',#20122,#3747);
#2480=LINE('',#20126,#3748);
#2481=LINE('',#20129,#3749);
#2482=LINE('',#20130,#3750);
#2483=LINE('',#20136,#3751);
#2484=LINE('',#20137,#3752);
#2485=LINE('',#20138,#3753);
#2486=LINE('',#20142,#3754);
#2487=LINE('',#20145,#3755);
#2488=LINE('',#20146,#3756);
#2489=LINE('',#20150,#3757);
#2490=LINE('',#20153,#3758);
#2491=LINE('',#20154,#3759);
#2492=LINE('',#20158,#3760);
#2493=LINE('',#20161,#3761);
#2494=LINE('',#20162,#3762);
#2495=LINE('',#20169,#3763);
#2496=LINE('',#20170,#3764);
#2497=LINE('',#20173,#3765);
#2498=LINE('',#20174,#3766);
#2499=LINE('',#20178,#3767);
#2500=LINE('',#20181,#3768);
#2501=LINE('',#20182,#3769);
#2502=LINE('',#20186,#3770);
#2503=LINE('',#20189,#3771);
#2504=LINE('',#20190,#3772);
#2505=LINE('',#20194,#3773);
#2506=LINE('',#20196,#3774);
#2507=LINE('',#20201,#3775);
#2508=LINE('',#20202,#3776);
#2509=LINE('',#20205,#3777);
#2510=LINE('',#20206,#3778);
#2511=LINE('',#20210,#3779);
#2512=LINE('',#20213,#3780);
#2513=LINE('',#20214,#3781);
#2514=LINE('',#20218,#3782);
#2515=LINE('',#20221,#3783);
#2516=LINE('',#20222,#3784);
#2517=LINE('',#20226,#3785);
#2518=LINE('',#20228,#3786);
#2519=LINE('',#20233,#3787);
#2520=LINE('',#20234,#3788);
#2521=LINE('',#20237,#3789);
#2522=LINE('',#20238,#3790);
#2523=LINE('',#20242,#3791);
#2524=LINE('',#20245,#3792);
#2525=LINE('',#20246,#3793);
#2526=LINE('',#20250,#3794);
#2527=LINE('',#20253,#3795);
#2528=LINE('',#20254,#3796);
#2529=LINE('',#20258,#3797);
#2530=LINE('',#20260,#3798);
#2531=LINE('',#20264,#3799);
#2532=LINE('',#20265,#3800);
#2533=LINE('',#20266,#3801);
#2534=LINE('',#20270,#3802);
#2535=LINE('',#20273,#3803);
#2536=LINE('',#20274,#3804);
#2537=LINE('',#20278,#3805);
#2538=LINE('',#20281,#3806);
#2539=LINE('',#20282,#3807);
#2540=LINE('',#20286,#3808);
#2541=LINE('',#20289,#3809);
#2542=LINE('',#20290,#3810);
#2543=LINE('',#20296,#3811);
#2544=LINE('',#20297,#3812);
#2545=LINE('',#20298,#3813);
#2546=LINE('',#20302,#3814);
#2547=LINE('',#20305,#3815);
#2548=LINE('',#20306,#3816);
#2549=LINE('',#20310,#3817);
#2550=LINE('',#20313,#3818);
#2551=LINE('',#20314,#3819);
#2552=LINE('',#20318,#3820);
#2553=LINE('',#20321,#3821);
#2554=LINE('',#20322,#3822);
#2555=LINE('',#20328,#3823);
#2556=LINE('',#20329,#3824);
#2557=LINE('',#20330,#3825);
#2558=LINE('',#20334,#3826);
#2559=LINE('',#20337,#3827);
#2560=LINE('',#20338,#3828);
#2561=LINE('',#20342,#3829);
#2562=LINE('',#20345,#3830);
#2563=LINE('',#20346,#3831);
#2564=LINE('',#20350,#3832);
#2565=LINE('',#20353,#3833);
#2566=LINE('',#20354,#3834);
#2567=LINE('',#20360,#3835);
#2568=LINE('',#20361,#3836);
#2569=LINE('',#20362,#3837);
#2570=LINE('',#20366,#3838);
#2571=LINE('',#20369,#3839);
#2572=LINE('',#20370,#3840);
#2573=LINE('',#20374,#3841);
#2574=LINE('',#20377,#3842);
#2575=LINE('',#20378,#3843);
#2576=LINE('',#20382,#3844);
#2577=LINE('',#20385,#3845);
#2578=LINE('',#20386,#3846);
#2579=LINE('',#20392,#3847);
#2580=LINE('',#20393,#3848);
#2581=LINE('',#20394,#3849);
#2582=LINE('',#20398,#3850);
#2583=LINE('',#20401,#3851);
#2584=LINE('',#20402,#3852);
#2585=LINE('',#20406,#3853);
#2586=LINE('',#20409,#3854);
#2587=LINE('',#20410,#3855);
#2588=LINE('',#20414,#3856);
#2589=LINE('',#20417,#3857);
#2590=LINE('',#20418,#3858);
#2591=LINE('',#20424,#3859);
#2592=LINE('',#20425,#3860);
#2593=LINE('',#20426,#3861);
#2594=LINE('',#20430,#3862);
#2595=LINE('',#20433,#3863);
#2596=LINE('',#20434,#3864);
#2597=LINE('',#20438,#3865);
#2598=LINE('',#20441,#3866);
#2599=LINE('',#20442,#3867);
#2600=LINE('',#20446,#3868);
#2601=LINE('',#20449,#3869);
#2602=LINE('',#20450,#3870);
#2603=LINE('',#20457,#3871);
#2604=LINE('',#20458,#3872);
#2605=LINE('',#20461,#3873);
#2606=LINE('',#20462,#3874);
#2607=LINE('',#20466,#3875);
#2608=LINE('',#20469,#3876);
#2609=LINE('',#20470,#3877);
#2610=LINE('',#20474,#3878);
#2611=LINE('',#20477,#3879);
#2612=LINE('',#20478,#3880);
#2613=LINE('',#20482,#3881);
#2614=LINE('',#20484,#3882);
#2615=LINE('',#20486,#3883);
#2616=LINE('',#20488,#3884);
#2617=LINE('',#20490,#3885);
#2618=LINE('',#20494,#3886);
#2619=LINE('',#20495,#3887);
#2620=LINE('',#20496,#3888);
#2621=LINE('',#20500,#3889);
#2622=LINE('',#20503,#3890);
#2623=LINE('',#20504,#3891);
#2624=LINE('',#20508,#3892);
#2625=LINE('',#20511,#3893);
#2626=LINE('',#20512,#3894);
#2627=LINE('',#20516,#3895);
#2628=LINE('',#20519,#3896);
#2629=LINE('',#20520,#3897);
#2630=LINE('',#20526,#3898);
#2631=LINE('',#20527,#3899);
#2632=LINE('',#20528,#3900);
#2633=LINE('',#20532,#3901);
#2634=LINE('',#20535,#3902);
#2635=LINE('',#20536,#3903);
#2636=LINE('',#20540,#3904);
#2637=LINE('',#20543,#3905);
#2638=LINE('',#20544,#3906);
#2639=LINE('',#20548,#3907);
#2640=LINE('',#20551,#3908);
#2641=LINE('',#20552,#3909);
#2642=LINE('',#20558,#3910);
#2643=LINE('',#20559,#3911);
#2644=LINE('',#20560,#3912);
#2645=LINE('',#20564,#3913);
#2646=LINE('',#20567,#3914);
#2647=LINE('',#20568,#3915);
#2648=LINE('',#20572,#3916);
#2649=LINE('',#20575,#3917);
#2650=LINE('',#20576,#3918);
#2651=LINE('',#20580,#3919);
#2652=LINE('',#20583,#3920);
#2653=LINE('',#20584,#3921);
#2654=LINE('',#20591,#3922);
#2655=LINE('',#20592,#3923);
#2656=LINE('',#20595,#3924);
#2657=LINE('',#20596,#3925);
#2658=LINE('',#20600,#3926);
#2659=LINE('',#20603,#3927);
#2660=LINE('',#20604,#3928);
#2661=LINE('',#20608,#3929);
#2662=LINE('',#20611,#3930);
#2663=LINE('',#20612,#3931);
#2664=LINE('',#20616,#3932);
#2665=LINE('',#20618,#3933);
#2666=LINE('',#20622,#3934);
#2667=LINE('',#20623,#3935);
#2668=LINE('',#20624,#3936);
#2669=LINE('',#20628,#3937);
#2670=LINE('',#20631,#3938);
#2671=LINE('',#20632,#3939);
#2672=LINE('',#20636,#3940);
#2673=LINE('',#20639,#3941);
#2674=LINE('',#20640,#3942);
#2675=LINE('',#20644,#3943);
#2676=LINE('',#20647,#3944);
#2677=LINE('',#20648,#3945);
#2678=LINE('',#20654,#3946);
#2679=LINE('',#20655,#3947);
#2680=LINE('',#20656,#3948);
#2681=LINE('',#20660,#3949);
#2682=LINE('',#20663,#3950);
#2683=LINE('',#20664,#3951);
#2684=LINE('',#20668,#3952);
#2685=LINE('',#20671,#3953);
#2686=LINE('',#20672,#3954);
#2687=LINE('',#20676,#3955);
#2688=LINE('',#20679,#3956);
#2689=LINE('',#20680,#3957);
#2690=LINE('',#20686,#3958);
#2691=LINE('',#20687,#3959);
#2692=LINE('',#20688,#3960);
#2693=LINE('',#20692,#3961);
#2694=LINE('',#20695,#3962);
#2695=LINE('',#20696,#3963);
#2696=LINE('',#20700,#3964);
#2697=LINE('',#20703,#3965);
#2698=LINE('',#20704,#3966);
#2699=LINE('',#20708,#3967);
#2700=LINE('',#20711,#3968);
#2701=LINE('',#20712,#3969);
#2702=LINE('',#20719,#3970);
#2703=LINE('',#20720,#3971);
#2704=LINE('',#20723,#3972);
#2705=LINE('',#20724,#3973);
#2706=LINE('',#20728,#3974);
#2707=LINE('',#20731,#3975);
#2708=LINE('',#20732,#3976);
#2709=LINE('',#20736,#3977);
#2710=LINE('',#20739,#3978);
#2711=LINE('',#20740,#3979);
#2712=LINE('',#20744,#3980);
#2713=LINE('',#20746,#3981);
#2714=LINE('',#20750,#3982);
#2715=LINE('',#20751,#3983);
#2716=LINE('',#20752,#3984);
#2717=LINE('',#20756,#3985);
#2718=LINE('',#20759,#3986);
#2719=LINE('',#20760,#3987);
#2720=LINE('',#20764,#3988);
#2721=LINE('',#20767,#3989);
#2722=LINE('',#20768,#3990);
#2723=LINE('',#20772,#3991);
#2724=LINE('',#20775,#3992);
#2725=LINE('',#20776,#3993);
#2726=LINE('',#20782,#3994);
#2727=LINE('',#20783,#3995);
#2728=LINE('',#20784,#3996);
#2729=LINE('',#20788,#3997);
#2730=LINE('',#20791,#3998);
#2731=LINE('',#20792,#3999);
#2732=LINE('',#20796,#4000);
#2733=LINE('',#20799,#4001);
#2734=LINE('',#20800,#4002);
#2735=LINE('',#20804,#4003);
#2736=LINE('',#20807,#4004);
#2737=LINE('',#20808,#4005);
#2738=LINE('',#20814,#4006);
#2739=LINE('',#20815,#4007);
#2740=LINE('',#20816,#4008);
#2741=LINE('',#20820,#4009);
#2742=LINE('',#20823,#4010);
#2743=LINE('',#20824,#4011);
#2744=LINE('',#20828,#4012);
#2745=LINE('',#20831,#4013);
#2746=LINE('',#20832,#4014);
#2747=LINE('',#20836,#4015);
#2748=LINE('',#20839,#4016);
#2749=LINE('',#20840,#4017);
#2750=LINE('',#20846,#4018);
#2751=LINE('',#20847,#4019);
#2752=LINE('',#20848,#4020);
#2753=LINE('',#20852,#4021);
#2754=LINE('',#20855,#4022);
#2755=LINE('',#20856,#4023);
#2756=LINE('',#20860,#4024);
#2757=LINE('',#20863,#4025);
#2758=LINE('',#20864,#4026);
#2759=LINE('',#20868,#4027);
#2760=LINE('',#20871,#4028);
#2761=LINE('',#20872,#4029);
#2762=LINE('',#20879,#4030);
#2763=LINE('',#20880,#4031);
#2764=LINE('',#20883,#4032);
#2765=LINE('',#20884,#4033);
#2766=LINE('',#20888,#4034);
#2767=LINE('',#20891,#4035);
#2768=LINE('',#20892,#4036);
#2769=LINE('',#20896,#4037);
#2770=LINE('',#20899,#4038);
#2771=LINE('',#20900,#4039);
#2772=LINE('',#20904,#4040);
#2773=LINE('',#20906,#4041);
#2774=LINE('',#20911,#4042);
#2775=LINE('',#20912,#4043);
#2776=LINE('',#20915,#4044);
#2777=LINE('',#20916,#4045);
#2778=LINE('',#20920,#4046);
#2779=LINE('',#20923,#4047);
#2780=LINE('',#20924,#4048);
#2781=LINE('',#20928,#4049);
#2782=LINE('',#20931,#4050);
#2783=LINE('',#20932,#4051);
#2784=LINE('',#20936,#4052);
#2785=LINE('',#20938,#4053);
#2786=LINE('',#20942,#4054);
#2787=LINE('',#20943,#4055);
#2788=LINE('',#20944,#4056);
#2789=LINE('',#20948,#4057);
#2790=LINE('',#20951,#4058);
#2791=LINE('',#20952,#4059);
#2792=LINE('',#20956,#4060);
#2793=LINE('',#20959,#4061);
#2794=LINE('',#20960,#4062);
#2795=LINE('',#20964,#4063);
#2796=LINE('',#20967,#4064);
#2797=LINE('',#20968,#4065);
#2798=LINE('',#20974,#4066);
#2799=LINE('',#20975,#4067);
#2800=LINE('',#20976,#4068);
#2801=LINE('',#20980,#4069);
#2802=LINE('',#20983,#4070);
#2803=LINE('',#20984,#4071);
#2804=LINE('',#20988,#4072);
#2805=LINE('',#20991,#4073);
#2806=LINE('',#20992,#4074);
#2807=LINE('',#20996,#4075);
#2808=LINE('',#20999,#4076);
#2809=LINE('',#21000,#4077);
#2810=LINE('',#21004,#4078);
#2811=LINE('',#21006,#4079);
#2812=LINE('',#21008,#4080);
#2813=LINE('',#21010,#4081);
#2814=LINE('',#21014,#4082);
#2815=LINE('',#21015,#4083);
#2816=LINE('',#21016,#4084);
#2817=LINE('',#21020,#4085);
#2818=LINE('',#21023,#4086);
#2819=LINE('',#21024,#4087);
#2820=LINE('',#21028,#4088);
#2821=LINE('',#21031,#4089);
#2822=LINE('',#21032,#4090);
#2823=LINE('',#21036,#4091);
#2824=LINE('',#21039,#4092);
#2825=LINE('',#21040,#4093);
#2826=LINE('',#21046,#4094);
#2827=LINE('',#21047,#4095);
#2828=LINE('',#21048,#4096);
#2829=LINE('',#21052,#4097);
#2830=LINE('',#21055,#4098);
#2831=LINE('',#21056,#4099);
#2832=LINE('',#21060,#4100);
#2833=LINE('',#21063,#4101);
#2834=LINE('',#21064,#4102);
#2835=LINE('',#21068,#4103);
#2836=LINE('',#21071,#4104);
#2837=LINE('',#21072,#4105);
#2838=LINE('',#21078,#4106);
#2839=LINE('',#21079,#4107);
#2840=LINE('',#21080,#4108);
#2841=LINE('',#21084,#4109);
#2842=LINE('',#21087,#4110);
#2843=LINE('',#21088,#4111);
#2844=LINE('',#21092,#4112);
#2845=LINE('',#21095,#4113);
#2846=LINE('',#21096,#4114);
#2847=LINE('',#21100,#4115);
#2848=LINE('',#21103,#4116);
#2849=LINE('',#21104,#4117);
#2850=LINE('',#21110,#4118);
#2851=LINE('',#21111,#4119);
#2852=LINE('',#21112,#4120);
#2853=LINE('',#21116,#4121);
#2854=LINE('',#21119,#4122);
#2855=LINE('',#21120,#4123);
#2856=LINE('',#21124,#4124);
#2857=LINE('',#21127,#4125);
#2858=LINE('',#21128,#4126);
#2859=LINE('',#21132,#4127);
#2860=LINE('',#21135,#4128);
#2861=LINE('',#21136,#4129);
#2862=LINE('',#21143,#4130);
#2863=LINE('',#21144,#4131);
#2864=LINE('',#21147,#4132);
#2865=LINE('',#21148,#4133);
#2866=LINE('',#21152,#4134);
#2867=LINE('',#21155,#4135);
#2868=LINE('',#21156,#4136);
#2869=LINE('',#21160,#4137);
#2870=LINE('',#21163,#4138);
#2871=LINE('',#21164,#4139);
#2872=LINE('',#21168,#4140);
#2873=LINE('',#21170,#4141);
#2874=LINE('',#21175,#4142);
#2875=LINE('',#21176,#4143);
#2876=LINE('',#21179,#4144);
#2877=LINE('',#21180,#4145);
#2878=LINE('',#21184,#4146);
#2879=LINE('',#21187,#4147);
#2880=LINE('',#21188,#4148);
#2881=LINE('',#21192,#4149);
#2882=LINE('',#21195,#4150);
#2883=LINE('',#21196,#4151);
#2884=LINE('',#21200,#4152);
#2885=LINE('',#21202,#4153);
#2886=LINE('',#21206,#4154);
#2887=LINE('',#21207,#4155);
#2888=LINE('',#21208,#4156);
#2889=LINE('',#21212,#4157);
#2890=LINE('',#21215,#4158);
#2891=LINE('',#21216,#4159);
#2892=LINE('',#21220,#4160);
#2893=LINE('',#21223,#4161);
#2894=LINE('',#21224,#4162);
#2895=LINE('',#21228,#4163);
#2896=LINE('',#21231,#4164);
#2897=LINE('',#21232,#4165);
#2898=LINE('',#21239,#4166);
#2899=LINE('',#21240,#4167);
#2900=LINE('',#21243,#4168);
#2901=LINE('',#21244,#4169);
#2902=LINE('',#21248,#4170);
#2903=LINE('',#21251,#4171);
#2904=LINE('',#21252,#4172);
#2905=LINE('',#21256,#4173);
#2906=LINE('',#21259,#4174);
#2907=LINE('',#21260,#4175);
#2908=LINE('',#21264,#4176);
#2909=LINE('',#21266,#4177);
#2910=LINE('',#21270,#4178);
#2911=LINE('',#21271,#4179);
#2912=LINE('',#21272,#4180);
#2913=LINE('',#21276,#4181);
#2914=LINE('',#21279,#4182);
#2915=LINE('',#21280,#4183);
#2916=LINE('',#21284,#4184);
#2917=LINE('',#21287,#4185);
#2918=LINE('',#21288,#4186);
#2919=LINE('',#21292,#4187);
#2920=LINE('',#21295,#4188);
#2921=LINE('',#21296,#4189);
#2922=LINE('',#21302,#4190);
#2923=LINE('',#21303,#4191);
#2924=LINE('',#21304,#4192);
#2925=LINE('',#21308,#4193);
#2926=LINE('',#21311,#4194);
#2927=LINE('',#21312,#4195);
#2928=LINE('',#21316,#4196);
#2929=LINE('',#21319,#4197);
#2930=LINE('',#21320,#4198);
#2931=LINE('',#21324,#4199);
#2932=LINE('',#21327,#4200);
#2933=LINE('',#21328,#4201);
#2934=LINE('',#21334,#4202);
#2935=LINE('',#21335,#4203);
#2936=LINE('',#21336,#4204);
#2937=LINE('',#21340,#4205);
#2938=LINE('',#21343,#4206);
#2939=LINE('',#21344,#4207);
#2940=LINE('',#21348,#4208);
#2941=LINE('',#21351,#4209);
#2942=LINE('',#21352,#4210);
#2943=LINE('',#21356,#4211);
#2944=LINE('',#21359,#4212);
#2945=LINE('',#21360,#4213);
#2946=LINE('',#21367,#4214);
#2947=LINE('',#21368,#4215);
#2948=LINE('',#21371,#4216);
#2949=LINE('',#21372,#4217);
#2950=LINE('',#21376,#4218);
#2951=LINE('',#21379,#4219);
#2952=LINE('',#21380,#4220);
#2953=LINE('',#21384,#4221);
#2954=LINE('',#21387,#4222);
#2955=LINE('',#21388,#4223);
#2956=LINE('',#21392,#4224);
#2957=LINE('',#21394,#4225);
#2958=LINE('',#21398,#4226);
#2959=LINE('',#21399,#4227);
#2960=LINE('',#21400,#4228);
#2961=LINE('',#21404,#4229);
#2962=LINE('',#21407,#4230);
#2963=LINE('',#21408,#4231);
#2964=LINE('',#21412,#4232);
#2965=LINE('',#21415,#4233);
#2966=LINE('',#21416,#4234);
#2967=LINE('',#21420,#4235);
#2968=LINE('',#21423,#4236);
#2969=LINE('',#21424,#4237);
#2970=LINE('',#21430,#4238);
#2971=LINE('',#21431,#4239);
#2972=LINE('',#21432,#4240);
#2973=LINE('',#21436,#4241);
#2974=LINE('',#21439,#4242);
#2975=LINE('',#21440,#4243);
#2976=LINE('',#21444,#4244);
#2977=LINE('',#21447,#4245);
#2978=LINE('',#21448,#4246);
#2979=LINE('',#21452,#4247);
#2980=LINE('',#21455,#4248);
#2981=LINE('',#21456,#4249);
#2982=LINE('',#21462,#4250);
#2983=LINE('',#21463,#4251);
#2984=LINE('',#21464,#4252);
#2985=LINE('',#21468,#4253);
#2986=LINE('',#21471,#4254);
#2987=LINE('',#21472,#4255);
#2988=LINE('',#21476,#4256);
#2989=LINE('',#21479,#4257);
#2990=LINE('',#21480,#4258);
#2991=LINE('',#21484,#4259);
#2992=LINE('',#21487,#4260);
#2993=LINE('',#21488,#4261);
#2994=LINE('',#21494,#4262);
#2995=LINE('',#21495,#4263);
#2996=LINE('',#21496,#4264);
#2997=LINE('',#21500,#4265);
#2998=LINE('',#21503,#4266);
#2999=LINE('',#21504,#4267);
#3000=LINE('',#21508,#4268);
#3001=LINE('',#21511,#4269);
#3002=LINE('',#21512,#4270);
#3003=LINE('',#21516,#4271);
#3004=LINE('',#21519,#4272);
#3005=LINE('',#21520,#4273);
#3006=LINE('',#21526,#4274);
#3007=LINE('',#21527,#4275);
#3008=LINE('',#21528,#4276);
#3009=LINE('',#21532,#4277);
#3010=LINE('',#21535,#4278);
#3011=LINE('',#21536,#4279);
#3012=LINE('',#21540,#4280);
#3013=LINE('',#21543,#4281);
#3014=LINE('',#21544,#4282);
#3015=LINE('',#21548,#4283);
#3016=LINE('',#21551,#4284);
#3017=LINE('',#21552,#4285);
#3018=LINE('',#21559,#4286);
#3019=LINE('',#21560,#4287);
#3020=LINE('',#21563,#4288);
#3021=LINE('',#21564,#4289);
#3022=LINE('',#21568,#4290);
#3023=LINE('',#21571,#4291);
#3024=LINE('',#21572,#4292);
#3025=LINE('',#21576,#4293);
#3026=LINE('',#21579,#4294);
#3027=LINE('',#21580,#4295);
#3028=LINE('',#21584,#4296);
#3029=LINE('',#21586,#4297);
#3030=LINE('',#21590,#4298);
#3031=LINE('',#21591,#4299);
#3032=LINE('',#21592,#4300);
#3033=LINE('',#21596,#4301);
#3034=LINE('',#21599,#4302);
#3035=LINE('',#21600,#4303);
#3036=LINE('',#21604,#4304);
#3037=LINE('',#21607,#4305);
#3038=LINE('',#21608,#4306);
#3039=LINE('',#21612,#4307);
#3040=LINE('',#21615,#4308);
#3041=LINE('',#21616,#4309);
#3042=LINE('',#21623,#4310);
#3043=LINE('',#21624,#4311);
#3044=LINE('',#21627,#4312);
#3045=LINE('',#21628,#4313);
#3046=LINE('',#21632,#4314);
#3047=LINE('',#21635,#4315);
#3048=LINE('',#21636,#4316);
#3049=LINE('',#21640,#4317);
#3050=LINE('',#21643,#4318);
#3051=LINE('',#21644,#4319);
#3052=LINE('',#21648,#4320);
#3053=LINE('',#21650,#4321);
#3054=LINE('',#21654,#4322);
#3055=LINE('',#21655,#4323);
#3056=LINE('',#21656,#4324);
#3057=LINE('',#21660,#4325);
#3058=LINE('',#21663,#4326);
#3059=LINE('',#21664,#4327);
#3060=LINE('',#21668,#4328);
#3061=LINE('',#21671,#4329);
#3062=LINE('',#21672,#4330);
#3063=LINE('',#21676,#4331);
#3064=LINE('',#21679,#4332);
#3065=LINE('',#21680,#4333);
#3066=LINE('',#21687,#4334);
#3067=LINE('',#21688,#4335);
#3068=LINE('',#21691,#4336);
#3069=LINE('',#21692,#4337);
#3070=LINE('',#21696,#4338);
#3071=LINE('',#21699,#4339);
#3072=LINE('',#21700,#4340);
#3073=LINE('',#21704,#4341);
#3074=LINE('',#21707,#4342);
#3075=LINE('',#21708,#4343);
#3076=LINE('',#21712,#4344);
#3077=LINE('',#21714,#4345);
#3078=LINE('',#21719,#4346);
#3079=LINE('',#21720,#4347);
#3080=LINE('',#21723,#4348);
#3081=LINE('',#21724,#4349);
#3082=LINE('',#21728,#4350);
#3083=LINE('',#21731,#4351);
#3084=LINE('',#21732,#4352);
#3085=LINE('',#21736,#4353);
#3086=LINE('',#21739,#4354);
#3087=LINE('',#21740,#4355);
#3088=LINE('',#21744,#4356);
#3089=LINE('',#21746,#4357);
#3090=LINE('',#21751,#4358);
#3091=LINE('',#21752,#4359);
#3092=LINE('',#21755,#4360);
#3093=LINE('',#21756,#4361);
#3094=LINE('',#21760,#4362);
#3095=LINE('',#21763,#4363);
#3096=LINE('',#21764,#4364);
#3097=LINE('',#21768,#4365);
#3098=LINE('',#21771,#4366);
#3099=LINE('',#21772,#4367);
#3100=LINE('',#21776,#4368);
#3101=LINE('',#21778,#4369);
#3102=LINE('',#21783,#4370);
#3103=LINE('',#21784,#4371);
#3104=LINE('',#21787,#4372);
#3105=LINE('',#21788,#4373);
#3106=LINE('',#21792,#4374);
#3107=LINE('',#21795,#4375);
#3108=LINE('',#21796,#4376);
#3109=LINE('',#21800,#4377);
#3110=LINE('',#21803,#4378);
#3111=LINE('',#21804,#4379);
#3112=LINE('',#21808,#4380);
#3113=LINE('',#21810,#4381);
#3114=LINE('',#21814,#4382);
#3115=LINE('',#21815,#4383);
#3116=LINE('',#21816,#4384);
#3117=LINE('',#21820,#4385);
#3118=LINE('',#21823,#4386);
#3119=LINE('',#21824,#4387);
#3120=LINE('',#21828,#4388);
#3121=LINE('',#21831,#4389);
#3122=LINE('',#21832,#4390);
#3123=LINE('',#21836,#4391);
#3124=LINE('',#21839,#4392);
#3125=LINE('',#21840,#4393);
#3126=LINE('',#21844,#4394);
#3127=LINE('',#21846,#4395);
#3128=LINE('',#21848,#4396);
#3129=LINE('',#21850,#4397);
#3130=LINE('',#21854,#4398);
#3131=LINE('',#21855,#4399);
#3132=LINE('',#21856,#4400);
#3133=LINE('',#21860,#4401);
#3134=LINE('',#21863,#4402);
#3135=LINE('',#21864,#4403);
#3136=LINE('',#21868,#4404);
#3137=LINE('',#21871,#4405);
#3138=LINE('',#21872,#4406);
#3139=LINE('',#21876,#4407);
#3140=LINE('',#21879,#4408);
#3141=LINE('',#21880,#4409);
#3142=LINE('',#21885,#4410);
#3143=LINE('',#21889,#4411);
#3144=LINE('',#21893,#4412);
#3145=LINE('',#21897,#4413);
#3146=LINE('',#21901,#4414);
#3147=LINE('',#21905,#4415);
#3148=LINE('',#21906,#4416);
#3149=LINE('',#21911,#4417);
#3150=LINE('',#21912,#4418);
#3151=LINE('',#21917,#4419);
#3152=LINE('',#21918,#4420);
#3153=LINE('',#21921,#4421);
#3154=LINE('',#21922,#4422);
#3155=LINE('',#21927,#4423);
#3156=LINE('',#21928,#4424);
#3157=LINE('',#21932,#4425);
#3158=LINE('',#21934,#4426);
#3159=LINE('',#21936,#4427);
#3160=LINE('',#21939,#4428);
#3161=LINE('',#21940,#4429);
#3162=LINE('',#21945,#4430);
#3163=LINE('',#21946,#4431);
#3164=LINE('',#21950,#4432);
#3165=LINE('',#21953,#4433);
#3166=LINE('',#21954,#4434);
#3167=LINE('',#21957,#4435);
#3168=LINE('',#21958,#4436);
#3169=LINE('',#21963,#4437);
#3170=LINE('',#21964,#4438);
#3171=LINE('',#21968,#4439);
#3172=LINE('',#21970,#4440);
#3173=VECTOR('',#14333,10.);
#3174=VECTOR('',#14336,10.);
#3175=VECTOR('',#14339,10.);
#3176=VECTOR('',#14340,10.);
#3177=VECTOR('',#14341,10.);
#3178=VECTOR('',#14344,10.);
#3179=VECTOR('',#14347,10.);
#3180=VECTOR('',#14350,10.);
#3181=VECTOR('',#14353,10.);
#3182=VECTOR('',#14356,10.);
#3183=VECTOR('',#14359,10.);
#3184=VECTOR('',#14362,10.);
#3185=VECTOR('',#14365,10.);
#3186=VECTOR('',#14368,10.);
#3187=VECTOR('',#14369,10.);
#3188=VECTOR('',#14372,10.);
#3189=VECTOR('',#14375,10.);
#3190=VECTOR('',#14378,10.);
#3191=VECTOR('',#14381,10.);
#3192=VECTOR('',#14382,10.);
#3193=VECTOR('',#14385,10.);
#3194=VECTOR('',#14388,10.);
#3195=VECTOR('',#14391,10.);
#3196=VECTOR('',#14394,10.);
#3197=VECTOR('',#14397,10.);
#3198=VECTOR('',#14400,10.);
#3199=VECTOR('',#14401,10.);
#3200=VECTOR('',#14404,10.);
#3201=VECTOR('',#14407,10.);
#3202=VECTOR('',#14410,10.);
#3203=VECTOR('',#14413,10.);
#3204=VECTOR('',#14414,10.);
#3205=VECTOR('',#14429,10.);
#3206=VECTOR('',#14432,10.);
#3207=VECTOR('',#14435,10.);
#3208=VECTOR('',#14438,10.);
#3209=VECTOR('',#14441,10.);
#3210=VECTOR('',#14444,10.);
#3211=VECTOR('',#14447,10.);
#3212=VECTOR('',#14450,10.);
#3213=VECTOR('',#14453,10.);
#3214=VECTOR('',#14456,10.);
#3215=VECTOR('',#14459,10.);
#3216=VECTOR('',#14462,10.);
#3217=VECTOR('',#14465,10.);
#3218=VECTOR('',#14468,10.);
#3219=VECTOR('',#14471,10.);
#3220=VECTOR('',#14474,10.);
#3221=VECTOR('',#14477,10.);
#3222=VECTOR('',#14480,10.);
#3223=VECTOR('',#14483,10.);
#3224=VECTOR('',#14486,10.);
#3225=VECTOR('',#14489,10.);
#3226=VECTOR('',#14492,10.);
#3227=VECTOR('',#14495,10.);
#3228=VECTOR('',#14498,10.);
#3229=VECTOR('',#14499,10.);
#3230=VECTOR('',#14502,10.);
#3231=VECTOR('',#14505,10.);
#3232=VECTOR('',#14508,10.);
#3233=VECTOR('',#14511,10.);
#3234=VECTOR('',#14514,10.);
#3235=VECTOR('',#14517,10.);
#3236=VECTOR('',#14520,10.);
#3237=VECTOR('',#14523,10.);
#3238=VECTOR('',#14526,10.);
#3239=VECTOR('',#14529,10.);
#3240=VECTOR('',#14532,10.);
#3241=VECTOR('',#14535,10.);
#3242=VECTOR('',#14538,10.);
#3243=VECTOR('',#14541,10.);
#3244=VECTOR('',#14544,10.);
#3245=VECTOR('',#14549,10.);
#3246=VECTOR('',#14552,10.);
#3247=VECTOR('',#14555,10.);
#3248=VECTOR('',#14558,10.);
#3249=VECTOR('',#14559,10.);
#3250=VECTOR('',#14562,10.);
#3251=VECTOR('',#14565,10.);
#3252=VECTOR('',#14568,10.);
#3253=VECTOR('',#14573,10.);
#3254=VECTOR('',#14576,10.);
#3255=VECTOR('',#14579,10.);
#3256=VECTOR('',#14582,10.);
#3257=VECTOR('',#14583,10.);
#3258=VECTOR('',#14586,10.);
#3259=VECTOR('',#14589,10.);
#3260=VECTOR('',#14592,10.);
#3261=VECTOR('',#14597,10.);
#3262=VECTOR('',#14600,10.);
#3263=VECTOR('',#14603,10.);
#3264=VECTOR('',#14606,10.);
#3265=VECTOR('',#14609,10.);
#3266=VECTOR('',#14612,10.);
#3267=VECTOR('',#14615,10.);
#3268=VECTOR('',#14618,10.);
#3269=VECTOR('',#14621,10.);
#3270=VECTOR('',#14624,10.);
#3271=VECTOR('',#14627,10.);
#3272=VECTOR('',#14630,10.);
#3273=VECTOR('',#14633,10.);
#3274=VECTOR('',#14636,10.);
#3275=VECTOR('',#14639,10.);
#3276=VECTOR('',#14642,10.);
#3277=VECTOR('',#14645,10.);
#3278=VECTOR('',#14648,10.);
#3279=VECTOR('',#14651,10.);
#3280=VECTOR('',#14654,10.);
#3281=VECTOR('',#14655,10.);
#3282=VECTOR('',#14658,10.);
#3283=VECTOR('',#14661,10.);
#3284=VECTOR('',#14664,10.);
#3285=VECTOR('',#14669,10.);
#3286=VECTOR('',#14672,10.);
#3287=VECTOR('',#14675,10.);
#3288=VECTOR('',#14678,10.);
#3289=VECTOR('',#14681,10.);
#3290=VECTOR('',#14684,10.);
#3291=VECTOR('',#14687,10.);
#3292=VECTOR('',#14690,10.);
#3293=VECTOR('',#14693,10.);
#3294=VECTOR('',#14696,10.);
#3295=VECTOR('',#14699,10.);
#3296=VECTOR('',#14702,10.);
#3297=VECTOR('',#14703,10.);
#3298=VECTOR('',#14706,10.);
#3299=VECTOR('',#14709,10.);
#3300=VECTOR('',#14712,10.);
#3301=VECTOR('',#14717,10.);
#3302=VECTOR('',#14720,10.);
#3303=VECTOR('',#14723,10.);
#3304=VECTOR('',#14726,10.);
#3305=VECTOR('',#14727,10.);
#3306=VECTOR('',#14730,10.);
#3307=VECTOR('',#14733,10.);
#3308=VECTOR('',#14736,10.);
#3309=VECTOR('',#14739,10.);
#3310=VECTOR('',#14742,10.);
#3311=VECTOR('',#14745,10.);
#3312=VECTOR('',#14748,10.);
#3313=VECTOR('',#14753,10.);
#3314=VECTOR('',#14756,10.);
#3315=VECTOR('',#14759,10.);
#3316=VECTOR('',#14762,10.);
#3317=VECTOR('',#14765,10.);
#3318=VECTOR('',#14768,10.);
#3319=VECTOR('',#14771,10.);
#3320=VECTOR('',#14774,10.);
#3321=VECTOR('',#14777,10.);
#3322=VECTOR('',#14780,10.);
#3323=VECTOR('',#14783,10.);
#3324=VECTOR('',#14786,10.);
#3325=VECTOR('',#14789,10.);
#3326=VECTOR('',#14792,10.);
#3327=VECTOR('',#14795,10.);
#3328=VECTOR('',#14798,10.);
#3329=VECTOR('',#14801,10.);
#3330=VECTOR('',#14804,10.);
#3331=VECTOR('',#14807,10.);
#3332=VECTOR('',#14810,10.);
#3333=VECTOR('',#14813,10.);
#3334=VECTOR('',#14816,10.);
#3335=VECTOR('',#14819,10.);
#3336=VECTOR('',#14822,10.);
#3337=VECTOR('',#14825,10.);
#3338=VECTOR('',#14828,10.);
#3339=VECTOR('',#14831,10.);
#3340=VECTOR('',#14834,10.);
#3341=VECTOR('',#14837,10.);
#3342=VECTOR('',#14840,10.);
#3343=VECTOR('',#14843,10.);
#3344=VECTOR('',#14846,10.);
#3345=VECTOR('',#14849,10.);
#3346=VECTOR('',#14852,10.);
#3347=VECTOR('',#14855,10.);
#3348=VECTOR('',#14858,10.);
#3349=VECTOR('',#14861,10.);
#3350=VECTOR('',#14864,10.);
#3351=VECTOR('',#14867,10.);
#3352=VECTOR('',#14870,10.);
#3353=VECTOR('',#14871,10.);
#3354=VECTOR('',#14874,10.);
#3355=VECTOR('',#14877,10.);
#3356=VECTOR('',#14880,10.);
#3357=VECTOR('',#14883,10.);
#3358=VECTOR('',#14886,10.);
#3359=VECTOR('',#14889,10.);
#3360=VECTOR('',#14892,10.);
#3361=VECTOR('',#14897,10.);
#3362=VECTOR('',#14900,10.);
#3363=VECTOR('',#14903,10.);
#3364=VECTOR('',#14906,10.);
#3365=VECTOR('',#14909,10.);
#3366=VECTOR('',#14912,10.);
#3367=VECTOR('',#14915,10.);
#3368=VECTOR('',#14918,10.);
#3369=VECTOR('',#14921,10.);
#3370=VECTOR('',#14924,10.);
#3371=VECTOR('',#14927,10.);
#3372=VECTOR('',#14930,10.);
#3373=VECTOR('',#14933,10.);
#3374=VECTOR('',#14936,10.);
#3375=VECTOR('',#14939,10.);
#3376=VECTOR('',#14942,10.);
#3377=VECTOR('',#14943,10.);
#3378=VECTOR('',#14946,10.);
#3379=VECTOR('',#14949,10.);
#3380=VECTOR('',#14952,10.);
#3381=VECTOR('',#14957,10.);
#3382=VECTOR('',#14960,10.);
#3383=VECTOR('',#14963,10.);
#3384=VECTOR('',#14966,10.);
#3385=VECTOR('',#14969,10.);
#3386=VECTOR('',#14972,10.);
#3387=VECTOR('',#14975,10.);
#3388=VECTOR('',#14978,10.);
#3389=VECTOR('',#14981,10.);
#3390=VECTOR('',#14984,10.);
#3391=VECTOR('',#14987,10.);
#3392=VECTOR('',#14990,10.);
#3393=VECTOR('',#14991,10.);
#3394=VECTOR('',#14994,10.);
#3395=VECTOR('',#14997,10.);
#3396=VECTOR('',#15000,10.);
#3397=VECTOR('',#15005,10.);
#3398=VECTOR('',#15008,10.);
#3399=VECTOR('',#15011,10.);
#3400=VECTOR('',#15014,10.);
#3401=VECTOR('',#15017,10.);
#3402=VECTOR('',#15020,10.);
#3403=VECTOR('',#15023,10.);
#3404=VECTOR('',#15026,10.);
#3405=VECTOR('',#15029,10.);
#3406=VECTOR('',#15032,10.);
#3407=VECTOR('',#15035,10.);
#3408=VECTOR('',#15038,10.);
#3409=VECTOR('',#15041,10.);
#3410=VECTOR('',#15044,10.);
#3411=VECTOR('',#15047,10.);
#3412=VECTOR('',#15050,10.);
#3413=VECTOR('',#15053,10.);
#3414=VECTOR('',#15056,10.);
#3415=VECTOR('',#15059,10.);
#3416=VECTOR('',#15062,10.);
#3417=VECTOR('',#15065,10.);
#3418=VECTOR('',#15068,10.);
#3419=VECTOR('',#15071,10.);
#3420=VECTOR('',#15074,10.);
#3421=VECTOR('',#15077,10.);
#3422=VECTOR('',#15080,10.);
#3423=VECTOR('',#15083,10.);
#3424=VECTOR('',#15086,10.);
#3425=VECTOR('',#15087,10.);
#3426=VECTOR('',#15090,10.);
#3427=VECTOR('',#15093,10.);
#3428=VECTOR('',#15096,10.);
#3429=VECTOR('',#15101,10.);
#3430=VECTOR('',#15104,10.);
#3431=VECTOR('',#15107,10.);
#3432=VECTOR('',#15110,10.);
#3433=VECTOR('',#15113,10.);
#3434=VECTOR('',#15116,10.);
#3435=VECTOR('',#15119,10.);
#3436=VECTOR('',#15122,10.);
#3437=VECTOR('',#15125,10.);
#3438=VECTOR('',#15128,10.);
#3439=VECTOR('',#15131,10.);
#3440=VECTOR('',#15134,10.);
#3441=VECTOR('',#15137,10.);
#3442=VECTOR('',#15140,10.);
#3443=VECTOR('',#15143,10.);
#3444=VECTOR('',#15146,10.);
#3445=VECTOR('',#15149,10.);
#3446=VECTOR('',#15152,10.);
#3447=VECTOR('',#15155,10.);
#3448=VECTOR('',#15158,10.);
#3449=VECTOR('',#15161,10.);
#3450=VECTOR('',#15164,10.);
#3451=VECTOR('',#15167,10.);
#3452=VECTOR('',#15170,10.);
#3453=VECTOR('',#15171,10.);
#3454=VECTOR('',#15174,10.);
#3455=VECTOR('',#15177,10.);
#3456=VECTOR('',#15180,10.);
#3457=VECTOR('',#15183,10.);
#3458=VECTOR('',#15186,10.);
#3459=VECTOR('',#15189,10.);
#3460=VECTOR('',#15192,10.);
#3461=VECTOR('',#15195,10.);
#3462=VECTOR('',#15198,10.);
#3463=VECTOR('',#15201,10.);
#3464=VECTOR('',#15204,10.);
#3465=VECTOR('',#15209,10.);
#3466=VECTOR('',#15212,10.);
#3467=VECTOR('',#15215,10.);
#3468=VECTOR('',#15218,10.);
#3469=VECTOR('',#15221,10.);
#3470=VECTOR('',#15224,10.);
#3471=VECTOR('',#15227,10.);
#3472=VECTOR('',#15230,10.);
#3473=VECTOR('',#15233,10.);
#3474=VECTOR('',#15236,10.);
#3475=VECTOR('',#15239,10.);
#3476=VECTOR('',#15242,10.);
#3477=VECTOR('',#15245,10.);
#3478=VECTOR('',#15248,10.);
#3479=VECTOR('',#15251,10.);
#3480=VECTOR('',#15254,10.);
#3481=VECTOR('',#15255,10.);
#3482=VECTOR('',#15258,10.);
#3483=VECTOR('',#15261,10.);
#3484=VECTOR('',#15264,10.);
#3485=VECTOR('',#15269,10.);
#3486=VECTOR('',#15272,10.);
#3487=VECTOR('',#15275,10.);
#3488=VECTOR('',#15278,10.);
#3489=VECTOR('',#15281,10.);
#3490=VECTOR('',#15284,10.);
#3491=VECTOR('',#15287,10.);
#3492=VECTOR('',#15290,10.);
#3493=VECTOR('',#15299,10.);
#3494=VECTOR('',#15302,10.);
#3495=VECTOR('',#15305,10.);
#3496=VECTOR('',#15306,10.);
#3497=VECTOR('',#15309,10.);
#3498=VECTOR('',#15312,10.);
#3499=VECTOR('',#15315,10.);
#3500=VECTOR('',#15316,10.);
#3501=VECTOR('',#15319,10.);
#3502=VECTOR('',#15322,10.);
#3503=VECTOR('',#15325,10.);
#3504=VECTOR('',#15326,10.);
#3505=VECTOR('',#15329,10.);
#3506=VECTOR('',#15332,10.);
#3507=VECTOR('',#15335,10.);
#3508=VECTOR('',#15336,10.);
#3509=VECTOR('',#15339,10.);
#3510=VECTOR('',#15342,10.);
#3511=VECTOR('',#15345,10.);
#3512=VECTOR('',#15346,10.);
#3513=VECTOR('',#15349,10.);
#3514=VECTOR('',#15352,10.);
#3515=VECTOR('',#15355,10.);
#3516=VECTOR('',#15356,10.);
#3517=VECTOR('',#15359,10.);
#3518=VECTOR('',#15362,10.);
#3519=VECTOR('',#15365,10.);
#3520=VECTOR('',#15366,10.);
#3521=VECTOR('',#15369,10.);
#3522=VECTOR('',#15372,10.);
#3523=VECTOR('',#15375,10.);
#3524=VECTOR('',#15376,10.);
#3525=VECTOR('',#15379,10.);
#3526=VECTOR('',#15382,10.);
#3527=VECTOR('',#15385,10.);
#3528=VECTOR('',#15386,10.);
#3529=VECTOR('',#15389,10.);
#3530=VECTOR('',#15392,10.);
#3531=VECTOR('',#15395,10.);
#3532=VECTOR('',#15396,10.);
#3533=VECTOR('',#15399,10.);
#3534=VECTOR('',#15402,10.);
#3535=VECTOR('',#15405,10.);
#3536=VECTOR('',#15406,10.);
#3537=VECTOR('',#15409,10.);
#3538=VECTOR('',#15412,10.);
#3539=VECTOR('',#15415,10.);
#3540=VECTOR('',#15416,10.);
#3541=VECTOR('',#15419,10.);
#3542=VECTOR('',#15422,10.);
#3543=VECTOR('',#15425,10.);
#3544=VECTOR('',#15426,10.);
#3545=VECTOR('',#15431,10.);
#3546=VECTOR('',#15432,10.);
#3547=VECTOR('',#15435,10.);
#3548=VECTOR('',#15436,10.);
#3549=VECTOR('',#15441,10.);
#3550=VECTOR('',#15442,10.);
#3551=VECTOR('',#15445,10.);
#3552=VECTOR('',#15446,10.);
#3553=VECTOR('',#15451,10.);
#3554=VECTOR('',#15452,10.);
#3555=VECTOR('',#15455,10.);
#3556=VECTOR('',#15456,10.);
#3557=VECTOR('',#15461,10.);
#3558=VECTOR('',#15462,10.);
#3559=VECTOR('',#15465,10.);
#3560=VECTOR('',#15470,10.);
#3561=VECTOR('',#15471,10.);
#3562=VECTOR('',#15474,10.);
#3563=VECTOR('',#15475,10.);
#3564=VECTOR('',#15480,10.);
#3565=VECTOR('',#15481,10.);
#3566=VECTOR('',#15484,10.);
#3567=VECTOR('',#15485,10.);
#3568=VECTOR('',#15490,10.);
#3569=VECTOR('',#15491,10.);
#3570=VECTOR('',#15494,10.);
#3571=VECTOR('',#15499,10.);
#3572=VECTOR('',#15500,10.);
#3573=VECTOR('',#15503,10.);
#3574=VECTOR('',#15504,10.);
#3575=VECTOR('',#15509,10.);
#3576=VECTOR('',#15510,10.);
#3577=VECTOR('',#15513,10.);
#3578=VECTOR('',#15514,10.);
#3579=VECTOR('',#15519,10.);
#3580=VECTOR('',#15524,10.);
#3581=VECTOR('',#15525,10.);
#3582=VECTOR('',#15528,10.);
#3583=VECTOR('',#15529,10.);
#3584=VECTOR('',#15534,10.);
#3585=VECTOR('',#15535,10.);
#3586=VECTOR('',#15538,10.);
#3587=VECTOR('',#15543,10.);
#3588=VECTOR('',#15548,10.);
#3589=VECTOR('',#15551,10.);
#3590=VECTOR('',#15552,10.);
#3591=VECTOR('',#15557,10.);
#3592=VECTOR('',#15560,10.);
#3593=VECTOR('',#15561,10.);
#3594=VECTOR('',#15570,10.);
#3595=VECTOR('',#15571,10.);
#3596=VECTOR('',#15574,10.);
#3597=VECTOR('',#15575,10.);
#3598=VECTOR('',#15580,10.);
#3599=VECTOR('',#15581,10.);
#3600=VECTOR('',#15584,10.);
#3601=VECTOR('',#15589,10.);
#3602=VECTOR('',#15590,10.);
#3603=VECTOR('',#15593,10.);
#3604=VECTOR('',#15598,10.);
#3605=VECTOR('',#15601,10.);
#3606=VECTOR('',#15606,10.);
#3607=VECTOR('',#15607,10.);
#3608=VECTOR('',#15610,10.);
#3609=VECTOR('',#15611,10.);
#3610=VECTOR('',#15620,10.);
#3611=VECTOR('',#15621,10.);
#3612=VECTOR('',#15624,10.);
#3613=VECTOR('',#15625,10.);
#3614=VECTOR('',#15630,10.);
#3615=VECTOR('',#15635,10.);
#3616=VECTOR('',#15636,10.);
#3617=VECTOR('',#15639,10.);
#3618=VECTOR('',#15644,10.);
#3619=VECTOR('',#15647,10.);
#3620=VECTOR('',#15652,10.);
#3621=VECTOR('',#15653,10.);
#3622=VECTOR('',#15656,10.);
#3623=VECTOR('',#15657,10.);
#3624=VECTOR('',#15666,10.);
#3625=VECTOR('',#15667,10.);
#3626=VECTOR('',#15670,10.);
#3627=VECTOR('',#15671,10.);
#3628=VECTOR('',#15676,10.);
#3629=VECTOR('',#15681,10.);
#3630=VECTOR('',#15682,10.);
#3631=VECTOR('',#15685,10.);
#3632=VECTOR('',#15690,10.);
#3633=VECTOR('',#15693,10.);
#3634=VECTOR('',#15698,10.);
#3635=VECTOR('',#15703,10.);
#3636=VECTOR('',#15704,10.);
#3637=VECTOR('',#15707,10.);
#3638=VECTOR('',#15712,10.);
#3639=VECTOR('',#15717,10.);
#3640=VECTOR('',#15718,10.);
#3641=VECTOR('',#15721,10.);
#3642=VECTOR('',#15722,10.);
#3643=VECTOR('',#15727,10.);
#3644=VECTOR('',#15728,10.);
#3645=VECTOR('',#15731,10.);
#3646=VECTOR('',#15736,10.);
#3647=VECTOR('',#15739,10.);
#3648=VECTOR('',#15744,10.);
#3649=VECTOR('',#15745,10.);
#3650=VECTOR('',#15748,10.);
#3651=VECTOR('',#15749,10.);
#3652=VECTOR('',#15758,10.);
#3653=VECTOR('',#15759,10.);
#3654=VECTOR('',#15762,10.);
#3655=VECTOR('',#15763,10.);
#3656=VECTOR('',#15768,10.);
#3657=VECTOR('',#15773,10.);
#3658=VECTOR('',#15776,10.);
#3659=VECTOR('',#15777,10.);
#3660=VECTOR('',#15782,10.);
#3661=VECTOR('',#15785,10.);
#3662=VECTOR('',#15790,10.);
#3663=VECTOR('',#15795,10.);
#3664=VECTOR('',#15796,10.);
#3665=VECTOR('',#15799,10.);
#3666=VECTOR('',#15804,10.);
#3667=VECTOR('',#15805,10.);
#3668=VECTOR('',#15808,10.);
#3669=VECTOR('',#15809,10.);
#3670=VECTOR('',#15814,10.);
#3671=VECTOR('',#15817,10.);
#3672=VECTOR('',#15818,10.);
#3673=VECTOR('',#15823,10.);
#3674=VECTOR('',#15826,10.);
#3675=VECTOR('',#15827,10.);
#3676=VECTOR('',#15834,1.20000000000001);
#3677=VECTOR('',#15839,1.2);
#3678=VECTOR('',#15844,1.20000000000001);
#3679=VECTOR('',#15849,10.);
#3680=VECTOR('',#15850,10.);
#3681=VECTOR('',#15851,10.);
#3682=VECTOR('',#15856,10.);
#3683=VECTOR('',#15859,10.);
#3684=VECTOR('',#15860,10.);
#3685=VECTOR('',#15865,10.);
#3686=VECTOR('',#15868,10.);
#3687=VECTOR('',#15869,10.);
#3688=VECTOR('',#15874,10.);
#3689=VECTOR('',#15877,10.);
#3690=VECTOR('',#15878,10.);
#3691=VECTOR('',#15885,10.);
#3692=VECTOR('',#15886,10.);
#3693=VECTOR('',#15887,10.);
#3694=VECTOR('',#15892,10.);
#3695=VECTOR('',#15895,10.);
#3696=VECTOR('',#15896,10.);
#3697=VECTOR('',#15901,10.);
#3698=VECTOR('',#15904,10.);
#3699=VECTOR('',#15905,10.);
#3700=VECTOR('',#15910,10.);
#3701=VECTOR('',#15913,10.);
#3702=VECTOR('',#15914,10.);
#3703=VECTOR('',#15923,10.);
#3704=VECTOR('',#15924,10.);
#3705=VECTOR('',#15927,10.);
#3706=VECTOR('',#15928,10.);
#3707=VECTOR('',#15933,10.);
#3708=VECTOR('',#15936,10.);
#3709=VECTOR('',#15937,10.);
#3710=VECTOR('',#15942,10.);
#3711=VECTOR('',#15945,10.);
#3712=VECTOR('',#15946,10.);
#3713=VECTOR('',#15951,10.);
#3714=VECTOR('',#15954,10.);
#3715=VECTOR('',#15957,10.);
#3716=VECTOR('',#15958,10.);
#3717=VECTOR('',#15959,10.);
#3718=VECTOR('',#15964,10.);
#3719=VECTOR('',#15967,10.);
#3720=VECTOR('',#15968,10.);
#3721=VECTOR('',#15973,10.);
#3722=VECTOR('',#15976,10.);
#3723=VECTOR('',#15977,10.);
#3724=VECTOR('',#15982,10.);
#3725=VECTOR('',#15985,10.);
#3726=VECTOR('',#15986,10.);
#3727=VECTOR('',#15993,10.);
#3728=VECTOR('',#15994,10.);
#3729=VECTOR('',#15995,10.);
#3730=VECTOR('',#16000,10.);
#3731=VECTOR('',#16003,10.);
#3732=VECTOR('',#16004,10.);
#3733=VECTOR('',#16009,10.);
#3734=VECTOR('',#16012,10.);
#3735=VECTOR('',#16013,10.);
#3736=VECTOR('',#16018,10.);
#3737=VECTOR('',#16021,10.);
#3738=VECTOR('',#16022,10.);
#3739=VECTOR('',#16029,10.);
#3740=VECTOR('',#16030,10.);
#3741=VECTOR('',#16031,10.);
#3742=VECTOR('',#16036,10.);
#3743=VECTOR('',#16039,10.);
#3744=VECTOR('',#16040,10.);
#3745=VECTOR('',#16045,10.);
#3746=VECTOR('',#16048,10.);
#3747=VECTOR('',#16049,10.);
#3748=VECTOR('',#16054,10.);
#3749=VECTOR('',#16057,10.);
#3750=VECTOR('',#16058,10.);
#3751=VECTOR('',#16065,10.);
#3752=VECTOR('',#16066,10.);
#3753=VECTOR('',#16067,10.);
#3754=VECTOR('',#16072,10.);
#3755=VECTOR('',#16075,10.);
#3756=VECTOR('',#16076,10.);
#3757=VECTOR('',#16081,10.);
#3758=VECTOR('',#16084,10.);
#3759=VECTOR('',#16085,10.);
#3760=VECTOR('',#16090,10.);
#3761=VECTOR('',#16093,10.);
#3762=VECTOR('',#16094,10.);
#3763=VECTOR('',#16103,10.);
#3764=VECTOR('',#16104,10.);
#3765=VECTOR('',#16107,10.);
#3766=VECTOR('',#16108,10.);
#3767=VECTOR('',#16113,10.);
#3768=VECTOR('',#16116,10.);
#3769=VECTOR('',#16117,10.);
#3770=VECTOR('',#16122,10.);
#3771=VECTOR('',#16125,10.);
#3772=VECTOR('',#16126,10.);
#3773=VECTOR('',#16131,10.);
#3774=VECTOR('',#16134,10.);
#3775=VECTOR('',#16139,10.);
#3776=VECTOR('',#16140,10.);
#3777=VECTOR('',#16143,10.);
#3778=VECTOR('',#16144,10.);
#3779=VECTOR('',#16149,10.);
#3780=VECTOR('',#16152,10.);
#3781=VECTOR('',#16153,10.);
#3782=VECTOR('',#16158,10.);
#3783=VECTOR('',#16161,10.);
#3784=VECTOR('',#16162,10.);
#3785=VECTOR('',#16167,10.);
#3786=VECTOR('',#16170,10.);
#3787=VECTOR('',#16175,10.);
#3788=VECTOR('',#16176,10.);
#3789=VECTOR('',#16179,10.);
#3790=VECTOR('',#16180,10.);
#3791=VECTOR('',#16185,10.);
#3792=VECTOR('',#16188,10.);
#3793=VECTOR('',#16189,10.);
#3794=VECTOR('',#16194,10.);
#3795=VECTOR('',#16197,10.);
#3796=VECTOR('',#16198,10.);
#3797=VECTOR('',#16203,10.);
#3798=VECTOR('',#16206,10.);
#3799=VECTOR('',#16209,10.);
#3800=VECTOR('',#16210,10.);
#3801=VECTOR('',#16211,10.);
#3802=VECTOR('',#16216,10.);
#3803=VECTOR('',#16219,10.);
#3804=VECTOR('',#16220,10.);
#3805=VECTOR('',#16225,10.);
#3806=VECTOR('',#16228,10.);
#3807=VECTOR('',#16229,10.);
#3808=VECTOR('',#16234,10.);
#3809=VECTOR('',#16237,10.);
#3810=VECTOR('',#16238,10.);
#3811=VECTOR('',#16245,10.);
#3812=VECTOR('',#16246,10.);
#3813=VECTOR('',#16247,10.);
#3814=VECTOR('',#16252,10.);
#3815=VECTOR('',#16255,10.);
#3816=VECTOR('',#16256,10.);
#3817=VECTOR('',#16261,10.);
#3818=VECTOR('',#16264,10.);
#3819=VECTOR('',#16265,10.);
#3820=VECTOR('',#16270,10.);
#3821=VECTOR('',#16273,10.);
#3822=VECTOR('',#16274,10.);
#3823=VECTOR('',#16281,10.);
#3824=VECTOR('',#16282,10.);
#3825=VECTOR('',#16283,10.);
#3826=VECTOR('',#16288,10.);
#3827=VECTOR('',#16291,10.);
#3828=VECTOR('',#16292,10.);
#3829=VECTOR('',#16297,10.);
#3830=VECTOR('',#16300,10.);
#3831=VECTOR('',#16301,10.);
#3832=VECTOR('',#16306,10.);
#3833=VECTOR('',#16309,10.);
#3834=VECTOR('',#16310,10.);
#3835=VECTOR('',#16317,10.);
#3836=VECTOR('',#16318,10.);
#3837=VECTOR('',#16319,10.);
#3838=VECTOR('',#16324,10.);
#3839=VECTOR('',#16327,10.);
#3840=VECTOR('',#16328,10.);
#3841=VECTOR('',#16333,10.);
#3842=VECTOR('',#16336,10.);
#3843=VECTOR('',#16337,10.);
#3844=VECTOR('',#16342,10.);
#3845=VECTOR('',#16345,10.);
#3846=VECTOR('',#16346,10.);
#3847=VECTOR('',#16353,10.);
#3848=VECTOR('',#16354,10.);
#3849=VECTOR('',#16355,10.);
#3850=VECTOR('',#16360,10.);
#3851=VECTOR('',#16363,10.);
#3852=VECTOR('',#16364,10.);
#3853=VECTOR('',#16369,10.);
#3854=VECTOR('',#16372,10.);
#3855=VECTOR('',#16373,10.);
#3856=VECTOR('',#16378,10.);
#3857=VECTOR('',#16381,10.);
#3858=VECTOR('',#16382,10.);
#3859=VECTOR('',#16389,10.);
#3860=VECTOR('',#16390,10.);
#3861=VECTOR('',#16391,10.);
#3862=VECTOR('',#16396,10.);
#3863=VECTOR('',#16399,10.);
#3864=VECTOR('',#16400,10.);
#3865=VECTOR('',#16405,10.);
#3866=VECTOR('',#16408,10.);
#3867=VECTOR('',#16409,10.);
#3868=VECTOR('',#16414,10.);
#3869=VECTOR('',#16417,10.);
#3870=VECTOR('',#16418,10.);
#3871=VECTOR('',#16427,10.);
#3872=VECTOR('',#16428,10.);
#3873=VECTOR('',#16431,10.);
#3874=VECTOR('',#16432,10.);
#3875=VECTOR('',#16437,10.);
#3876=VECTOR('',#16440,10.);
#3877=VECTOR('',#16441,10.);
#3878=VECTOR('',#16446,10.);
#3879=VECTOR('',#16449,10.);
#3880=VECTOR('',#16450,10.);
#3881=VECTOR('',#16455,10.);
#3882=VECTOR('',#16458,10.);
#3883=VECTOR('',#16461,10.);
#3884=VECTOR('',#16464,10.);
#3885=VECTOR('',#16467,10.);
#3886=VECTOR('',#16470,10.);
#3887=VECTOR('',#16471,10.);
#3888=VECTOR('',#16472,10.);
#3889=VECTOR('',#16477,10.);
#3890=VECTOR('',#16480,10.);
#3891=VECTOR('',#16481,10.);
#3892=VECTOR('',#16486,10.);
#3893=VECTOR('',#16489,10.);
#3894=VECTOR('',#16490,10.);
#3895=VECTOR('',#16495,10.);
#3896=VECTOR('',#16498,10.);
#3897=VECTOR('',#16499,10.);
#3898=VECTOR('',#16506,10.);
#3899=VECTOR('',#16507,10.);
#3900=VECTOR('',#16508,10.);
#3901=VECTOR('',#16513,10.);
#3902=VECTOR('',#16516,10.);
#3903=VECTOR('',#16517,10.);
#3904=VECTOR('',#16522,10.);
#3905=VECTOR('',#16525,10.);
#3906=VECTOR('',#16526,10.);
#3907=VECTOR('',#16531,10.);
#3908=VECTOR('',#16534,10.);
#3909=VECTOR('',#16535,10.);
#3910=VECTOR('',#16542,10.);
#3911=VECTOR('',#16543,10.);
#3912=VECTOR('',#16544,10.);
#3913=VECTOR('',#16549,10.);
#3914=VECTOR('',#16552,10.);
#3915=VECTOR('',#16553,10.);
#3916=VECTOR('',#16558,10.);
#3917=VECTOR('',#16561,10.);
#3918=VECTOR('',#16562,10.);
#3919=VECTOR('',#16567,10.);
#3920=VECTOR('',#16570,10.);
#3921=VECTOR('',#16571,10.);
#3922=VECTOR('',#16580,10.);
#3923=VECTOR('',#16581,10.);
#3924=VECTOR('',#16584,10.);
#3925=VECTOR('',#16585,10.);
#3926=VECTOR('',#16590,10.);
#3927=VECTOR('',#16593,10.);
#3928=VECTOR('',#16594,10.);
#3929=VECTOR('',#16599,10.);
#3930=VECTOR('',#16602,10.);
#3931=VECTOR('',#16603,10.);
#3932=VECTOR('',#16608,10.);
#3933=VECTOR('',#16611,10.);
#3934=VECTOR('',#16614,10.);
#3935=VECTOR('',#16615,10.);
#3936=VECTOR('',#16616,10.);
#3937=VECTOR('',#16621,10.);
#3938=VECTOR('',#16624,10.);
#3939=VECTOR('',#16625,10.);
#3940=VECTOR('',#16630,10.);
#3941=VECTOR('',#16633,10.);
#3942=VECTOR('',#16634,10.);
#3943=VECTOR('',#16639,10.);
#3944=VECTOR('',#16642,10.);
#3945=VECTOR('',#16643,10.);
#3946=VECTOR('',#16650,10.);
#3947=VECTOR('',#16651,10.);
#3948=VECTOR('',#16652,10.);
#3949=VECTOR('',#16657,10.);
#3950=VECTOR('',#16660,10.);
#3951=VECTOR('',#16661,10.);
#3952=VECTOR('',#16666,10.);
#3953=VECTOR('',#16669,10.);
#3954=VECTOR('',#16670,10.);
#3955=VECTOR('',#16675,10.);
#3956=VECTOR('',#16678,10.);
#3957=VECTOR('',#16679,10.);
#3958=VECTOR('',#16686,10.);
#3959=VECTOR('',#16687,10.);
#3960=VECTOR('',#16688,10.);
#3961=VECTOR('',#16693,10.);
#3962=VECTOR('',#16696,10.);
#3963=VECTOR('',#16697,10.);
#3964=VECTOR('',#16702,10.);
#3965=VECTOR('',#16705,10.);
#3966=VECTOR('',#16706,10.);
#3967=VECTOR('',#16711,10.);
#3968=VECTOR('',#16714,10.);
#3969=VECTOR('',#16715,10.);
#3970=VECTOR('',#16724,10.);
#3971=VECTOR('',#16725,10.);
#3972=VECTOR('',#16728,10.);
#3973=VECTOR('',#16729,10.);
#3974=VECTOR('',#16734,10.);
#3975=VECTOR('',#16737,10.);
#3976=VECTOR('',#16738,10.);
#3977=VECTOR('',#16743,10.);
#3978=VECTOR('',#16746,10.);
#3979=VECTOR('',#16747,10.);
#3980=VECTOR('',#16752,10.);
#3981=VECTOR('',#16755,10.);
#3982=VECTOR('',#16758,10.);
#3983=VECTOR('',#16759,10.);
#3984=VECTOR('',#16760,10.);
#3985=VECTOR('',#16765,10.);
#3986=VECTOR('',#16768,10.);
#3987=VECTOR('',#16769,10.);
#3988=VECTOR('',#16774,10.);
#3989=VECTOR('',#16777,10.);
#3990=VECTOR('',#16778,10.);
#3991=VECTOR('',#16783,10.);
#3992=VECTOR('',#16786,10.);
#3993=VECTOR('',#16787,10.);
#3994=VECTOR('',#16794,10.);
#3995=VECTOR('',#16795,10.);
#3996=VECTOR('',#16796,10.);
#3997=VECTOR('',#16801,10.);
#3998=VECTOR('',#16804,10.);
#3999=VECTOR('',#16805,10.);
#4000=VECTOR('',#16810,10.);
#4001=VECTOR('',#16813,10.);
#4002=VECTOR('',#16814,10.);
#4003=VECTOR('',#16819,10.);
#4004=VECTOR('',#16822,10.);
#4005=VECTOR('',#16823,10.);
#4006=VECTOR('',#16830,10.);
#4007=VECTOR('',#16831,10.);
#4008=VECTOR('',#16832,10.);
#4009=VECTOR('',#16837,10.);
#4010=VECTOR('',#16840,10.);
#4011=VECTOR('',#16841,10.);
#4012=VECTOR('',#16846,10.);
#4013=VECTOR('',#16849,10.);
#4014=VECTOR('',#16850,10.);
#4015=VECTOR('',#16855,10.);
#4016=VECTOR('',#16858,10.);
#4017=VECTOR('',#16859,10.);
#4018=VECTOR('',#16866,10.);
#4019=VECTOR('',#16867,10.);
#4020=VECTOR('',#16868,10.);
#4021=VECTOR('',#16873,10.);
#4022=VECTOR('',#16876,10.);
#4023=VECTOR('',#16877,10.);
#4024=VECTOR('',#16882,10.);
#4025=VECTOR('',#16885,10.);
#4026=VECTOR('',#16886,10.);
#4027=VECTOR('',#16891,10.);
#4028=VECTOR('',#16894,10.);
#4029=VECTOR('',#16895,10.);
#4030=VECTOR('',#16904,10.);
#4031=VECTOR('',#16905,10.);
#4032=VECTOR('',#16908,10.);
#4033=VECTOR('',#16909,10.);
#4034=VECTOR('',#16914,10.);
#4035=VECTOR('',#16917,10.);
#4036=VECTOR('',#16918,10.);
#4037=VECTOR('',#16923,10.);
#4038=VECTOR('',#16926,10.);
#4039=VECTOR('',#16927,10.);
#4040=VECTOR('',#16932,10.);
#4041=VECTOR('',#16935,10.);
#4042=VECTOR('',#16940,10.);
#4043=VECTOR('',#16941,10.);
#4044=VECTOR('',#16944,10.);
#4045=VECTOR('',#16945,10.);
#4046=VECTOR('',#16950,10.);
#4047=VECTOR('',#16953,10.);
#4048=VECTOR('',#16954,10.);
#4049=VECTOR('',#16959,10.);
#4050=VECTOR('',#16962,10.);
#4051=VECTOR('',#16963,10.);
#4052=VECTOR('',#16968,10.);
#4053=VECTOR('',#16971,10.);
#4054=VECTOR('',#16974,10.);
#4055=VECTOR('',#16975,10.);
#4056=VECTOR('',#16976,10.);
#4057=VECTOR('',#16981,10.);
#4058=VECTOR('',#16984,10.);
#4059=VECTOR('',#16985,10.);
#4060=VECTOR('',#16990,10.);
#4061=VECTOR('',#16993,10.);
#4062=VECTOR('',#16994,10.);
#4063=VECTOR('',#16999,10.);
#4064=VECTOR('',#17002,10.);
#4065=VECTOR('',#17003,10.);
#4066=VECTOR('',#17010,10.);
#4067=VECTOR('',#17011,10.);
#4068=VECTOR('',#17012,10.);
#4069=VECTOR('',#17017,10.);
#4070=VECTOR('',#17020,10.);
#4071=VECTOR('',#17021,10.);
#4072=VECTOR('',#17026,10.);
#4073=VECTOR('',#17029,10.);
#4074=VECTOR('',#17030,10.);
#4075=VECTOR('',#17035,10.);
#4076=VECTOR('',#17038,10.);
#4077=VECTOR('',#17039,10.);
#4078=VECTOR('',#17046,10.);
#4079=VECTOR('',#17049,10.);
#4080=VECTOR('',#17052,10.);
#4081=VECTOR('',#17055,10.);
#4082=VECTOR('',#17058,10.);
#4083=VECTOR('',#17059,10.);
#4084=VECTOR('',#17060,10.);
#4085=VECTOR('',#17065,10.);
#4086=VECTOR('',#17068,10.);
#4087=VECTOR('',#17069,10.);
#4088=VECTOR('',#17074,10.);
#4089=VECTOR('',#17077,10.);
#4090=VECTOR('',#17078,10.);
#4091=VECTOR('',#17083,10.);
#4092=VECTOR('',#17086,10.);
#4093=VECTOR('',#17087,10.);
#4094=VECTOR('',#17094,10.);
#4095=VECTOR('',#17095,10.);
#4096=VECTOR('',#17096,10.);
#4097=VECTOR('',#17101,10.);
#4098=VECTOR('',#17104,10.);
#4099=VECTOR('',#17105,10.);
#4100=VECTOR('',#17110,10.);
#4101=VECTOR('',#17113,10.);
#4102=VECTOR('',#17114,10.);
#4103=VECTOR('',#17119,10.);
#4104=VECTOR('',#17122,10.);
#4105=VECTOR('',#17123,10.);
#4106=VECTOR('',#17130,10.);
#4107=VECTOR('',#17131,10.);
#4108=VECTOR('',#17132,10.);
#4109=VECTOR('',#17137,10.);
#4110=VECTOR('',#17140,10.);
#4111=VECTOR('',#17141,10.);
#4112=VECTOR('',#17146,10.);
#4113=VECTOR('',#17149,10.);
#4114=VECTOR('',#17150,10.);
#4115=VECTOR('',#17155,10.);
#4116=VECTOR('',#17158,10.);
#4117=VECTOR('',#17159,10.);
#4118=VECTOR('',#17166,10.);
#4119=VECTOR('',#17167,10.);
#4120=VECTOR('',#17168,10.);
#4121=VECTOR('',#17173,10.);
#4122=VECTOR('',#17176,10.);
#4123=VECTOR('',#17177,10.);
#4124=VECTOR('',#17182,10.);
#4125=VECTOR('',#17185,10.);
#4126=VECTOR('',#17186,10.);
#4127=VECTOR('',#17191,10.);
#4128=VECTOR('',#17194,10.);
#4129=VECTOR('',#17195,10.);
#4130=VECTOR('',#17204,10.);
#4131=VECTOR('',#17205,10.);
#4132=VECTOR('',#17208,10.);
#4133=VECTOR('',#17209,10.);
#4134=VECTOR('',#17214,10.);
#4135=VECTOR('',#17217,10.);
#4136=VECTOR('',#17218,10.);
#4137=VECTOR('',#17223,10.);
#4138=VECTOR('',#17226,10.);
#4139=VECTOR('',#17227,10.);
#4140=VECTOR('',#17232,10.);
#4141=VECTOR('',#17235,10.);
#4142=VECTOR('',#17240,10.);
#4143=VECTOR('',#17241,10.);
#4144=VECTOR('',#17244,10.);
#4145=VECTOR('',#17245,10.);
#4146=VECTOR('',#17250,10.);
#4147=VECTOR('',#17253,10.);
#4148=VECTOR('',#17254,10.);
#4149=VECTOR('',#17259,10.);
#4150=VECTOR('',#17262,10.);
#4151=VECTOR('',#17263,10.);
#4152=VECTOR('',#17268,10.);
#4153=VECTOR('',#17271,10.);
#4154=VECTOR('',#17274,10.);
#4155=VECTOR('',#17275,10.);
#4156=VECTOR('',#17276,10.);
#4157=VECTOR('',#17281,10.);
#4158=VECTOR('',#17284,10.);
#4159=VECTOR('',#17285,10.);
#4160=VECTOR('',#17290,10.);
#4161=VECTOR('',#17293,10.);
#4162=VECTOR('',#17294,10.);
#4163=VECTOR('',#17299,10.);
#4164=VECTOR('',#17302,10.);
#4165=VECTOR('',#17303,10.);
#4166=VECTOR('',#17312,10.);
#4167=VECTOR('',#17313,10.);
#4168=VECTOR('',#17316,10.);
#4169=VECTOR('',#17317,10.);
#4170=VECTOR('',#17322,10.);
#4171=VECTOR('',#17325,10.);
#4172=VECTOR('',#17326,10.);
#4173=VECTOR('',#17331,10.);
#4174=VECTOR('',#17334,10.);
#4175=VECTOR('',#17335,10.);
#4176=VECTOR('',#17340,10.);
#4177=VECTOR('',#17343,10.);
#4178=VECTOR('',#17346,10.);
#4179=VECTOR('',#17347,10.);
#4180=VECTOR('',#17348,10.);
#4181=VECTOR('',#17353,10.);
#4182=VECTOR('',#17356,10.);
#4183=VECTOR('',#17357,10.);
#4184=VECTOR('',#17362,10.);
#4185=VECTOR('',#17365,10.);
#4186=VECTOR('',#17366,10.);
#4187=VECTOR('',#17371,10.);
#4188=VECTOR('',#17374,10.);
#4189=VECTOR('',#17375,10.);
#4190=VECTOR('',#17382,10.);
#4191=VECTOR('',#17383,10.);
#4192=VECTOR('',#17384,10.);
#4193=VECTOR('',#17389,10.);
#4194=VECTOR('',#17392,10.);
#4195=VECTOR('',#17393,10.);
#4196=VECTOR('',#17398,10.);
#4197=VECTOR('',#17401,10.);
#4198=VECTOR('',#17402,10.);
#4199=VECTOR('',#17407,10.);
#4200=VECTOR('',#17410,10.);
#4201=VECTOR('',#17411,10.);
#4202=VECTOR('',#17418,10.);
#4203=VECTOR('',#17419,10.);
#4204=VECTOR('',#17420,10.);
#4205=VECTOR('',#17425,10.);
#4206=VECTOR('',#17428,10.);
#4207=VECTOR('',#17429,10.);
#4208=VECTOR('',#17434,10.);
#4209=VECTOR('',#17437,10.);
#4210=VECTOR('',#17438,10.);
#4211=VECTOR('',#17443,10.);
#4212=VECTOR('',#17446,10.);
#4213=VECTOR('',#17447,10.);
#4214=VECTOR('',#17456,10.);
#4215=VECTOR('',#17457,10.);
#4216=VECTOR('',#17460,10.);
#4217=VECTOR('',#17461,10.);
#4218=VECTOR('',#17466,10.);
#4219=VECTOR('',#17469,10.);
#4220=VECTOR('',#17470,10.);
#4221=VECTOR('',#17475,10.);
#4222=VECTOR('',#17478,10.);
#4223=VECTOR('',#17479,10.);
#4224=VECTOR('',#17484,10.);
#4225=VECTOR('',#17487,10.);
#4226=VECTOR('',#17490,10.);
#4227=VECTOR('',#17491,10.);
#4228=VECTOR('',#17492,10.);
#4229=VECTOR('',#17497,10.);
#4230=VECTOR('',#17500,10.);
#4231=VECTOR('',#17501,10.);
#4232=VECTOR('',#17506,10.);
#4233=VECTOR('',#17509,10.);
#4234=VECTOR('',#17510,10.);
#4235=VECTOR('',#17515,10.);
#4236=VECTOR('',#17518,10.);
#4237=VECTOR('',#17519,10.);
#4238=VECTOR('',#17526,10.);
#4239=VECTOR('',#17527,10.);
#4240=VECTOR('',#17528,10.);
#4241=VECTOR('',#17533,10.);
#4242=VECTOR('',#17536,10.);
#4243=VECTOR('',#17537,10.);
#4244=VECTOR('',#17542,10.);
#4245=VECTOR('',#17545,10.);
#4246=VECTOR('',#17546,10.);
#4247=VECTOR('',#17551,10.);
#4248=VECTOR('',#17554,10.);
#4249=VECTOR('',#17555,10.);
#4250=VECTOR('',#17562,10.);
#4251=VECTOR('',#17563,10.);
#4252=VECTOR('',#17564,10.);
#4253=VECTOR('',#17569,10.);
#4254=VECTOR('',#17572,10.);
#4255=VECTOR('',#17573,10.);
#4256=VECTOR('',#17578,10.);
#4257=VECTOR('',#17581,10.);
#4258=VECTOR('',#17582,10.);
#4259=VECTOR('',#17587,10.);
#4260=VECTOR('',#17590,10.);
#4261=VECTOR('',#17591,10.);
#4262=VECTOR('',#17598,10.);
#4263=VECTOR('',#17599,10.);
#4264=VECTOR('',#17600,10.);
#4265=VECTOR('',#17605,10.);
#4266=VECTOR('',#17608,10.);
#4267=VECTOR('',#17609,10.);
#4268=VECTOR('',#17614,10.);
#4269=VECTOR('',#17617,10.);
#4270=VECTOR('',#17618,10.);
#4271=VECTOR('',#17623,10.);
#4272=VECTOR('',#17626,10.);
#4273=VECTOR('',#17627,10.);
#4274=VECTOR('',#17634,10.);
#4275=VECTOR('',#17635,10.);
#4276=VECTOR('',#17636,10.);
#4277=VECTOR('',#17641,10.);
#4278=VECTOR('',#17644,10.);
#4279=VECTOR('',#17645,10.);
#4280=VECTOR('',#17650,10.);
#4281=VECTOR('',#17653,10.);
#4282=VECTOR('',#17654,10.);
#4283=VECTOR('',#17659,10.);
#4284=VECTOR('',#17662,10.);
#4285=VECTOR('',#17663,10.);
#4286=VECTOR('',#17672,10.);
#4287=VECTOR('',#17673,10.);
#4288=VECTOR('',#17676,10.);
#4289=VECTOR('',#17677,10.);
#4290=VECTOR('',#17682,10.);
#4291=VECTOR('',#17685,10.);
#4292=VECTOR('',#17686,10.);
#4293=VECTOR('',#17691,10.);
#4294=VECTOR('',#17694,10.);
#4295=VECTOR('',#17695,10.);
#4296=VECTOR('',#17700,10.);
#4297=VECTOR('',#17703,10.);
#4298=VECTOR('',#17706,10.);
#4299=VECTOR('',#17707,10.);
#4300=VECTOR('',#17708,10.);
#4301=VECTOR('',#17713,10.);
#4302=VECTOR('',#17716,10.);
#4303=VECTOR('',#17717,10.);
#4304=VECTOR('',#17722,10.);
#4305=VECTOR('',#17725,10.);
#4306=VECTOR('',#17726,10.);
#4307=VECTOR('',#17731,10.);
#4308=VECTOR('',#17734,10.);
#4309=VECTOR('',#17735,10.);
#4310=VECTOR('',#17744,10.);
#4311=VECTOR('',#17745,10.);
#4312=VECTOR('',#17748,10.);
#4313=VECTOR('',#17749,10.);
#4314=VECTOR('',#17754,10.);
#4315=VECTOR('',#17757,10.);
#4316=VECTOR('',#17758,10.);
#4317=VECTOR('',#17763,10.);
#4318=VECTOR('',#17766,10.);
#4319=VECTOR('',#17767,10.);
#4320=VECTOR('',#17772,10.);
#4321=VECTOR('',#17775,10.);
#4322=VECTOR('',#17778,10.);
#4323=VECTOR('',#17779,10.);
#4324=VECTOR('',#17780,10.);
#4325=VECTOR('',#17785,10.);
#4326=VECTOR('',#17788,10.);
#4327=VECTOR('',#17789,10.);
#4328=VECTOR('',#17794,10.);
#4329=VECTOR('',#17797,10.);
#4330=VECTOR('',#17798,10.);
#4331=VECTOR('',#17803,10.);
#4332=VECTOR('',#17806,10.);
#4333=VECTOR('',#17807,10.);
#4334=VECTOR('',#17816,10.);
#4335=VECTOR('',#17817,10.);
#4336=VECTOR('',#17820,10.);
#4337=VECTOR('',#17821,10.);
#4338=VECTOR('',#17826,10.);
#4339=VECTOR('',#17829,10.);
#4340=VECTOR('',#17830,10.);
#4341=VECTOR('',#17835,10.);
#4342=VECTOR('',#17838,10.);
#4343=VECTOR('',#17839,10.);
#4344=VECTOR('',#17844,10.);
#4345=VECTOR('',#17847,10.);
#4346=VECTOR('',#17852,10.);
#4347=VECTOR('',#17853,10.);
#4348=VECTOR('',#17856,10.);
#4349=VECTOR('',#17857,10.);
#4350=VECTOR('',#17862,10.);
#4351=VECTOR('',#17865,10.);
#4352=VECTOR('',#17866,10.);
#4353=VECTOR('',#17871,10.);
#4354=VECTOR('',#17874,10.);
#4355=VECTOR('',#17875,10.);
#4356=VECTOR('',#17880,10.);
#4357=VECTOR('',#17883,10.);
#4358=VECTOR('',#17888,10.);
#4359=VECTOR('',#17889,10.);
#4360=VECTOR('',#17892,10.);
#4361=VECTOR('',#17893,10.);
#4362=VECTOR('',#17898,10.);
#4363=VECTOR('',#17901,10.);
#4364=VECTOR('',#17902,10.);
#4365=VECTOR('',#17907,10.);
#4366=VECTOR('',#17910,10.);
#4367=VECTOR('',#17911,10.);
#4368=VECTOR('',#17916,10.);
#4369=VECTOR('',#17919,10.);
#4370=VECTOR('',#17924,10.);
#4371=VECTOR('',#17925,10.);
#4372=VECTOR('',#17928,10.);
#4373=VECTOR('',#17929,10.);
#4374=VECTOR('',#17934,10.);
#4375=VECTOR('',#17937,10.);
#4376=VECTOR('',#17938,10.);
#4377=VECTOR('',#17943,10.);
#4378=VECTOR('',#17946,10.);
#4379=VECTOR('',#17947,10.);
#4380=VECTOR('',#17952,10.);
#4381=VECTOR('',#17955,10.);
#4382=VECTOR('',#17958,10.);
#4383=VECTOR('',#17959,10.);
#4384=VECTOR('',#17960,10.);
#4385=VECTOR('',#17965,10.);
#4386=VECTOR('',#17968,10.);
#4387=VECTOR('',#17969,10.);
#4388=VECTOR('',#17974,10.);
#4389=VECTOR('',#17977,10.);
#4390=VECTOR('',#17978,10.);
#4391=VECTOR('',#17983,10.);
#4392=VECTOR('',#17986,10.);
#4393=VECTOR('',#17987,10.);
#4394=VECTOR('',#17994,10.);
#4395=VECTOR('',#17997,10.);
#4396=VECTOR('',#18000,10.);
#4397=VECTOR('',#18003,10.);
#4398=VECTOR('',#18006,10.);
#4399=VECTOR('',#18007,10.);
#4400=VECTOR('',#18008,10.);
#4401=VECTOR('',#18013,10.);
#4402=VECTOR('',#18016,10.);
#4403=VECTOR('',#18017,10.);
#4404=VECTOR('',#18022,10.);
#4405=VECTOR('',#18025,10.);
#4406=VECTOR('',#18026,10.);
#4407=VECTOR('',#18031,10.);
#4408=VECTOR('',#18034,10.);
#4409=VECTOR('',#18035,10.);
#4410=VECTOR('',#18042,1.20000000000001);
#4411=VECTOR('',#18047,1.2);
#4412=VECTOR('',#18052,1.2);
#4413=VECTOR('',#18057,1.2);
#4414=VECTOR('',#18062,1.20000000000001);
#4415=VECTOR('',#18067,10.);
#4416=VECTOR('',#18068,10.);
#4417=VECTOR('',#18075,10.);
#4418=VECTOR('',#18076,10.);
#4419=VECTOR('',#18083,10.);
#4420=VECTOR('',#18084,10.);
#4421=VECTOR('',#18087,10.);
#4422=VECTOR('',#18088,10.);
#4423=VECTOR('',#18095,10.);
#4424=VECTOR('',#18096,10.);
#4425=VECTOR('',#18101,10.);
#4426=VECTOR('',#18104,10.);
#4427=VECTOR('',#18107,10.);
#4428=VECTOR('',#18110,10.);
#4429=VECTOR('',#18111,10.);
#4430=VECTOR('',#18118,10.);
#4431=VECTOR('',#18119,10.);
#4432=VECTOR('',#18126,10.);
#4433=VECTOR('',#18129,10.);
#4434=VECTOR('',#18130,10.);
#4435=VECTOR('',#18133,10.);
#4436=VECTOR('',#18134,10.);
#4437=VECTOR('',#18141,10.);
#4438=VECTOR('',#18142,10.);
#4439=VECTOR('',#18147,10.);
#4440=VECTOR('',#18150,10.);
#4441=CIRCLE('',#13050,0.5);
#4442=CIRCLE('',#13051,0.5);
#4443=CIRCLE('',#13054,0.5);
#4444=CIRCLE('',#13055,2.7);
#4445=CIRCLE('',#13056,0.5);
#4446=CIRCLE('',#13057,0.5);
#4447=CIRCLE('',#13058,2.7);
#4448=CIRCLE('',#13059,0.5);
#4449=CIRCLE('',#13060,0.5);
#4450=CIRCLE('',#13061,0.5);
#4451=CIRCLE('',#13062,2.7);
#4452=CIRCLE('',#13063,0.5);
#4453=CIRCLE('',#13064,0.5);
#4454=CIRCLE('',#13065,2.7);
#4455=CIRCLE('',#13066,0.5);
#4456=CIRCLE('',#13067,2.7);
#4457=CIRCLE('',#13068,0.5);
#4458=CIRCLE('',#13069,0.5);
#4459=CIRCLE('',#13070,2.7);
#4460=CIRCLE('',#13071,0.5);
#4461=CIRCLE('',#13072,2.7);
#4462=CIRCLE('',#13073,0.5);
#4463=CIRCLE('',#13074,0.5);
#4464=CIRCLE('',#13075,2.7);
#4465=CIRCLE('',#13076,0.5);
#4466=CIRCLE('',#13077,1.20000000000001);
#4467=CIRCLE('',#13078,1.2);
#4468=CIRCLE('',#13079,1.2);
#4469=CIRCLE('',#13080,1.2);
#4470=CIRCLE('',#13081,1.20000000000001);
#4471=CIRCLE('',#13082,0.499999999999998);
#4472=CIRCLE('',#13083,0.500000000000007);
#4473=CIRCLE('',#13084,0.499999999999998);
#4474=CIRCLE('',#13085,0.500000000000007);
#4475=CIRCLE('',#13086,0.5);
#4476=CIRCLE('',#13087,0.5);
#4477=CIRCLE('',#13088,0.5);
#4478=CIRCLE('',#13089,0.5);
#4479=CIRCLE('',#13090,0.5);
#4480=CIRCLE('',#13091,0.5);
#4481=CIRCLE('',#13092,0.5);
#4482=CIRCLE('',#13093,0.5);
#4483=CIRCLE('',#13094,0.5);
#4484=CIRCLE('',#13095,0.5);
#4485=CIRCLE('',#13096,0.5);
#4486=CIRCLE('',#13097,0.5);
#4487=CIRCLE('',#13098,0.5);
#4488=CIRCLE('',#13099,0.5);
#4489=CIRCLE('',#13100,0.5);
#4490=CIRCLE('',#13101,0.5);
#4491=CIRCLE('',#13102,0.499999999999998);
#4492=CIRCLE('',#13103,0.499999999999998);
#4493=CIRCLE('',#13104,0.499999999999989);
#4494=CIRCLE('',#13105,0.499999999999998);
#4495=CIRCLE('',#13106,0.5);
#4496=CIRCLE('',#13107,0.500000000000007);
#4497=CIRCLE('',#13108,0.5);
#4498=CIRCLE('',#13109,0.500000000000007);
#4499=CIRCLE('',#13110,0.5);
#4500=CIRCLE('',#13111,0.500000000000007);
#4501=CIRCLE('',#13112,0.5);
#4502=CIRCLE('',#13113,0.500000000000007);
#4503=CIRCLE('',#13114,0.5);
#4504=CIRCLE('',#13115,0.499999999999998);
#4505=CIRCLE('',#13116,0.5);
#4506=CIRCLE('',#13117,0.499999999999998);
#4507=CIRCLE('',#13118,0.500000000000007);
#4508=CIRCLE('',#13119,0.500000000000007);
#4509=CIRCLE('',#13120,0.499999999999998);
#4510=CIRCLE('',#13121,0.500000000000007);
#4511=CIRCLE('',#13122,0.500000000000007);
#4512=CIRCLE('',#13123,0.499999999999998);
#4513=CIRCLE('',#13124,0.499999999999998);
#4514=CIRCLE('',#13125,0.499999999999998);
#4515=CIRCLE('',#13126,0.5);
#4516=CIRCLE('',#13127,0.500000000000007);
#4517=CIRCLE('',#13128,0.5);
#4518=CIRCLE('',#13129,0.500000000000007);
#4519=CIRCLE('',#13130,0.5);
#4520=CIRCLE('',#13131,0.500000000000007);
#4521=CIRCLE('',#13132,0.499999999999998);
#4522=CIRCLE('',#13133,0.500000000000007);
#4523=CIRCLE('',#13134,0.5);
#4524=CIRCLE('',#13135,0.499999999999998);
#4525=CIRCLE('',#13136,0.5);
#4526=CIRCLE('',#13137,0.499999999999998);
#4527=CIRCLE('',#13138,0.499999999999998);
#4528=CIRCLE('',#13139,0.499999999999998);
#4529=CIRCLE('',#13140,0.499999999999998);
#4530=CIRCLE('',#13141,0.500000000000003);
#4531=CIRCLE('',#13142,0.499999999999998);
#4532=CIRCLE('',#13143,0.499999999999989);
#4533=CIRCLE('',#13144,0.499999999999998);
#4534=CIRCLE('',#13145,0.499999999999989);
#4535=CIRCLE('',#13146,0.5);
#4536=CIRCLE('',#13147,0.500000000000007);
#4537=CIRCLE('',#13148,0.499999999999998);
#4538=CIRCLE('',#13149,0.500000000000007);
#4539=CIRCLE('',#13150,0.500000000000007);
#4540=CIRCLE('',#13151,0.499999999999972);
#4541=CIRCLE('',#13152,0.499999999999998);
#4542=CIRCLE('',#13153,0.500000000000007);
#4543=CIRCLE('',#13154,0.499999999999998);
#4544=CIRCLE('',#13155,0.500000000000007);
#4545=CIRCLE('',#13156,0.499999999999998);
#4546=CIRCLE('',#13157,0.499999999999989);
#4547=CIRCLE('',#13158,0.5);
#4548=CIRCLE('',#13159,0.499999999999989);
#4549=CIRCLE('',#13160,0.5);
#4550=CIRCLE('',#13161,0.499999999999989);
#4551=CIRCLE('',#13162,0.5);
#4552=CIRCLE('',#13163,0.499999999999972);
#4553=CIRCLE('',#13164,0.499999999999998);
#4554=CIRCLE('',#13165,0.500000000000007);
#4555=CIRCLE('',#13166,0.500000000000007);
#4556=CIRCLE('',#13167,0.499999999999989);
#4557=CIRCLE('',#13168,0.499999999999998);
#4558=CIRCLE('',#13169,0.500000000000007);
#4559=CIRCLE('',#13170,0.5);
#4560=CIRCLE('',#13171,0.500000000000007);
#4561=CIRCLE('',#13172,0.499999999999998);
#4562=CIRCLE('',#13173,0.499999999999989);
#4563=CIRCLE('',#13174,0.5);
#4564=CIRCLE('',#13175,0.500000000000007);
#4565=CIRCLE('',#13176,0.5);
#4566=CIRCLE('',#13177,0.500000000000007);
#4567=CIRCLE('',#13178,0.500000000000007);
#4568=CIRCLE('',#13179,0.500000000000007);
#4569=CIRCLE('',#13180,0.499999999999998);
#4570=CIRCLE('',#13181,0.500000000000007);
#4571=CIRCLE('',#13182,0.5);
#4572=CIRCLE('',#13183,0.500000000000003);
#4573=CIRCLE('',#13184,0.5);
#4574=CIRCLE('',#13185,0.500000000000003);
#4575=CIRCLE('',#13186,0.5);
#4576=CIRCLE('',#13187,0.500000000000007);
#4577=CIRCLE('',#13188,0.499999999999998);
#4578=CIRCLE('',#13189,0.499999999999972);
#4579=CIRCLE('',#13190,0.5);
#4580=CIRCLE('',#13191,0.500000000000007);
#4581=CIRCLE('',#13192,0.499999999999998);
#4582=CIRCLE('',#13193,0.499999999999989);
#4583=CIRCLE('',#13194,0.499999999999998);
#4584=CIRCLE('',#13195,0.500000000000007);
#4585=CIRCLE('',#13196,0.499999999999989);
#4586=CIRCLE('',#13197,0.500000000000007);
#4587=CIRCLE('',#13198,0.5);
#4588=CIRCLE('',#13199,0.499999999999989);
#4589=CIRCLE('',#13200,0.499999999999998);
#4590=CIRCLE('',#13201,0.499999999999989);
#4591=CIRCLE('',#13202,0.499999999999998);
#4592=CIRCLE('',#13203,0.499999999999998);
#4593=CIRCLE('',#13204,0.499999999999989);
#4594=CIRCLE('',#13205,0.499999999999998);
#4595=CIRCLE('',#13206,0.5);
#4596=CIRCLE('',#13207,0.5);
#4597=CIRCLE('',#13208,0.5);
#4598=CIRCLE('',#13209,0.5);
#4599=CIRCLE('',#13210,0.5);
#4600=CIRCLE('',#13211,0.5);
#4601=CIRCLE('',#13212,0.5);
#4602=CIRCLE('',#13213,0.5);
#4603=CIRCLE('',#13214,0.5);
#4604=CIRCLE('',#13215,0.5);
#4605=CIRCLE('',#13216,0.5);
#4606=CIRCLE('',#13217,0.5);
#4607=CIRCLE('',#13218,0.5);
#4608=CIRCLE('',#13219,0.5);
#4609=CIRCLE('',#13220,0.5);
#4610=CIRCLE('',#13221,0.5);
#4611=CIRCLE('',#13222,0.499999999999998);
#4612=CIRCLE('',#13223,0.499999999999989);
#4613=CIRCLE('',#13224,0.499999999999998);
#4614=CIRCLE('',#13225,0.499999999999998);
#4615=CIRCLE('',#13226,0.500000000000007);
#4616=CIRCLE('',#13227,0.499999999999998);
#4617=CIRCLE('',#13228,0.499999999999998);
#4618=CIRCLE('',#13229,0.499999999999998);
#4619=CIRCLE('',#13230,0.5);
#4620=CIRCLE('',#13231,0.500000000000007);
#4621=CIRCLE('',#13232,0.5);
#4622=CIRCLE('',#13233,0.500000000000007);
#4623=CIRCLE('',#13234,0.499999999999998);
#4624=CIRCLE('',#13235,0.500000000000007);
#4625=CIRCLE('',#13236,0.499999999999998);
#4626=CIRCLE('',#13237,0.500000000000007);
#4627=CIRCLE('',#13238,0.499999999999998);
#4628=CIRCLE('',#13239,0.500000000000007);
#4629=CIRCLE('',#13240,0.499999999999998);
#4630=CIRCLE('',#13241,0.499999999999998);
#4631=CIRCLE('',#13242,0.5);
#4632=CIRCLE('',#13243,0.500000000000007);
#4633=CIRCLE('',#13244,0.499999999999998);
#4634=CIRCLE('',#13245,0.500000000000007);
#4635=CIRCLE('',#13246,0.499999999999998);
#4636=CIRCLE('',#13247,0.500000000000007);
#4637=CIRCLE('',#13248,0.499999999999998);
#4638=CIRCLE('',#13249,0.500000000000007);
#4639=CIRCLE('',#13250,0.5);
#4640=CIRCLE('',#13251,0.500000000000003);
#4641=CIRCLE('',#13252,0.499999999999998);
#4642=CIRCLE('',#13253,0.5);
#4643=CIRCLE('',#13254,0.5);
#4644=CIRCLE('',#13255,0.499999999999972);
#4645=CIRCLE('',#13256,0.5);
#4646=CIRCLE('',#13257,0.500000000000007);
#4647=CIRCLE('',#13258,0.499999999999998);
#4648=CIRCLE('',#13259,0.500000000000007);
#4649=CIRCLE('',#13260,0.499999999999989);
#4650=CIRCLE('',#13261,0.500000000000007);
#4651=CIRCLE('',#13262,0.500000000000007);
#4652=CIRCLE('',#13263,0.500000000000007);
#4653=CIRCLE('',#13264,0.499999999999998);
#4654=CIRCLE('',#13265,0.500000000000007);
#4655=CIRCLE('',#13266,0.500000000000007);
#4656=CIRCLE('',#13267,0.500000000000007);
#4657=CIRCLE('',#13268,0.499999999999998);
#4658=CIRCLE('',#13269,0.499999999999972);
#4659=CIRCLE('',#13270,0.5);
#4660=CIRCLE('',#13271,0.500000000000007);
#4661=CIRCLE('',#13272,0.5);
#4662=CIRCLE('',#13273,0.499999999999998);
#4663=CIRCLE('',#13274,0.500000000000007);
#4664=CIRCLE('',#13275,0.500000000000007);
#4665=CIRCLE('',#13276,0.499999999999998);
#4666=CIRCLE('',#13277,0.499999999999972);
#4667=CIRCLE('',#13278,0.500000000000007);
#4668=CIRCLE('',#13279,0.500000000000007);
#4669=CIRCLE('',#13280,0.499999999999998);
#4670=CIRCLE('',#13281,0.499999999999989);
#4671=CIRCLE('',#13282,0.499999999999998);
#4672=CIRCLE('',#13283,0.499999999999972);
#4673=CIRCLE('',#13284,0.499999999999998);
#4674=CIRCLE('',#13285,0.500000000000007);
#4675=CIRCLE('',#13286,0.5);
#4676=CIRCLE('',#13287,0.5);
#4677=CIRCLE('',#13288,0.5);
#4678=CIRCLE('',#13289,0.5);
#4679=CIRCLE('',#13290,0.5);
#4680=CIRCLE('',#13291,0.5);
#4681=CIRCLE('',#13292,0.5);
#4682=CIRCLE('',#13293,0.5);
#4683=CIRCLE('',#13294,0.5);
#4684=CIRCLE('',#13295,0.5);
#4685=CIRCLE('',#13296,0.5);
#4686=CIRCLE('',#13297,0.5);
#4687=CIRCLE('',#13298,0.5);
#4688=CIRCLE('',#13299,0.5);
#4689=CIRCLE('',#13300,0.5);
#4690=CIRCLE('',#13301,0.5);
#4691=CIRCLE('',#13302,0.5);
#4692=CIRCLE('',#13303,0.500000000000007);
#4693=CIRCLE('',#13304,0.5);
#4694=CIRCLE('',#13305,0.499999999999972);
#4695=CIRCLE('',#13306,0.500000000000007);
#4696=CIRCLE('',#13307,0.499999999999989);
#4697=CIRCLE('',#13308,0.499999999999998);
#4698=CIRCLE('',#13309,0.499999999999998);
#4699=CIRCLE('',#13310,0.499999999999998);
#4700=CIRCLE('',#13311,0.499999999999998);
#4701=CIRCLE('',#13312,0.499999999999998);
#4702=CIRCLE('',#13313,0.5);
#4703=CIRCLE('',#13314,0.5);
#4704=CIRCLE('',#13315,0.500000000000007);
#4705=CIRCLE('',#13316,0.499999999999998);
#4706=CIRCLE('',#13317,0.499999999999972);
#4707=CIRCLE('',#13318,0.499999999999998);
#4708=CIRCLE('',#13319,0.500000000000007);
#4709=CIRCLE('',#13320,0.499999999999998);
#4710=CIRCLE('',#13321,0.500000000000007);
#4711=CIRCLE('',#13322,0.499999999999998);
#4712=CIRCLE('',#13323,0.500000000000007);
#4713=CIRCLE('',#13324,0.499999999999989);
#4714=CIRCLE('',#13325,0.500000000000007);
#4715=CIRCLE('',#13326,0.5);
#4716=CIRCLE('',#13327,0.499999999999972);
#4717=CIRCLE('',#13328,0.499999999999998);
#4718=CIRCLE('',#13329,0.500000000000007);
#4719=CIRCLE('',#13330,0.500000000000007);
#4720=CIRCLE('',#13331,0.500000000000007);
#4721=CIRCLE('',#13332,0.499999999999998);
#4722=CIRCLE('',#13333,0.500000000000007);
#4723=CIRCLE('',#13334,0.5);
#4724=CIRCLE('',#13335,0.5);
#4725=CIRCLE('',#13336,0.5);
#4726=CIRCLE('',#13337,0.5);
#4727=CIRCLE('',#13338,0.5);
#4728=CIRCLE('',#13339,0.500000000000007);
#4729=CIRCLE('',#13340,0.5);
#4730=CIRCLE('',#13341,0.499999999999989);
#4731=CIRCLE('',#13342,0.5);
#4732=CIRCLE('',#13343,0.499999999999998);
#4733=CIRCLE('',#13344,0.499999999999998);
#4734=CIRCLE('',#13345,0.499999999999998);
#4735=CIRCLE('',#13346,0.5);
#4736=CIRCLE('',#13347,0.499999999999998);
#4737=CIRCLE('',#13348,0.499999999999998);
#4738=CIRCLE('',#13349,0.500000000000007);
#4739=CIRCLE('',#13350,0.499999999999998);
#4740=CIRCLE('',#13351,0.499999999999989);
#4741=CIRCLE('',#13352,0.499999999999998);
#4742=CIRCLE('',#13353,0.500000000000007);
#4743=CIRCLE('',#13354,0.500000000000007);
#4744=CIRCLE('',#13355,0.499999999999998);
#4745=CIRCLE('',#13356,0.499999999999998);
#4746=CIRCLE('',#13357,0.499999999999998);
#4747=CIRCLE('',#13358,0.5);
#4748=CIRCLE('',#13359,0.499999999999989);
#4749=CIRCLE('',#13360,0.5);
#4750=CIRCLE('',#13361,0.500000000000007);
#4751=CIRCLE('',#13362,0.499999999999998);
#4752=CIRCLE('',#13363,0.500000000000007);
#4753=CIRCLE('',#13364,0.499999999999998);
#4754=CIRCLE('',#13365,0.500000000000007);
#4755=CIRCLE('',#13366,0.5);
#4756=CIRCLE('',#13367,0.499999999999998);
#4757=CIRCLE('',#13368,0.499999999999998);
#4758=CIRCLE('',#13369,0.499999999999998);
#4759=CIRCLE('',#13370,1.20000000000001);
#4760=CIRCLE('',#13371,1.2);
#4761=CIRCLE('',#13372,1.20000000000001);
#4762=CIRCLE('',#13374,0.5);
#4763=CIRCLE('',#13377,0.5);
#4764=CIRCLE('',#13380,0.5);
#4765=CIRCLE('',#13383,0.5);
#4766=CIRCLE('',#13386,0.5);
#4767=CIRCLE('',#13389,0.5);
#4768=CIRCLE('',#13392,0.5);
#4769=CIRCLE('',#13395,0.5);
#4770=CIRCLE('',#13398,0.5);
#4771=CIRCLE('',#13401,0.5);
#4772=CIRCLE('',#13404,0.5);
#4773=CIRCLE('',#13407,0.5);
#4774=CIRCLE('',#13410,0.5);
#4775=CIRCLE('',#13413,0.5);
#4776=CIRCLE('',#13416,0.5);
#4777=CIRCLE('',#13419,0.5);
#4778=CIRCLE('',#13422,0.5);
#4779=CIRCLE('',#13425,0.5);
#4780=CIRCLE('',#13428,0.5);
#4781=CIRCLE('',#13431,0.5);
#4782=CIRCLE('',#13434,0.5);
#4783=CIRCLE('',#13437,0.5);
#4784=CIRCLE('',#13440,0.5);
#4785=CIRCLE('',#13442,0.5);
#4786=CIRCLE('',#13445,0.5);
#4787=CIRCLE('',#13448,0.5);
#4788=CIRCLE('',#13450,0.5);
#4789=CIRCLE('',#13453,0.5);
#4790=CIRCLE('',#13456,0.5);
#4791=CIRCLE('',#13458,0.5);
#4792=CIRCLE('',#13461,0.5);
#4793=CIRCLE('',#13464,0.5);
#4794=CIRCLE('',#13467,0.5);
#4795=CIRCLE('',#13470,0.5);
#4796=CIRCLE('',#13473,0.5);
#4797=CIRCLE('',#13475,0.5);
#4798=CIRCLE('',#13478,0.5);
#4799=CIRCLE('',#13480,0.5);
#4800=CIRCLE('',#13483,0.5);
#4801=CIRCLE('',#13486,0.5);
#4802=CIRCLE('',#13489,0.5);
#4803=CIRCLE('',#13491,0.5);
#4804=CIRCLE('',#13494,0.5);
#4805=CIRCLE('',#13496,0.5);
#4806=CIRCLE('',#13499,0.5);
#4807=CIRCLE('',#13502,0.5);
#4808=CIRCLE('',#13504,0.5);
#4809=CIRCLE('',#13507,0.5);
#4810=CIRCLE('',#13509,0.5);
#4811=CIRCLE('',#13512,0.5);
#4812=CIRCLE('',#13515,0.5);
#4813=CIRCLE('',#13518,0.5);
#4814=CIRCLE('',#13521,0.5);
#4815=CIRCLE('',#13523,0.5);
#4816=CIRCLE('',#13526,0.5);
#4817=CIRCLE('',#13528,0.5);
#4818=CIRCLE('',#13531,0.5);
#4819=CIRCLE('',#13534,0.5);
#4820=CIRCLE('',#13536,0.5);
#4821=CIRCLE('',#13539,0.5);
#4822=CIRCLE('',#13542,0.5);
#4823=CIRCLE('',#13545,0.5);
#4824=CIRCLE('',#13548,0.5);
#4825=CIRCLE('',#13550,1.20000000000001);
#4826=CIRCLE('',#13552,1.2);
#4827=CIRCLE('',#13554,1.20000000000001);
#4828=CIRCLE('',#13557,0.499999999999998);
#4829=CIRCLE('',#13560,0.499999999999998);
#4830=CIRCLE('',#13563,0.499999999999998);
#4831=CIRCLE('',#13566,0.5);
#4832=CIRCLE('',#13569,0.500000000000007);
#4833=CIRCLE('',#13572,0.499999999999998);
#4834=CIRCLE('',#13575,0.500000000000007);
#4835=CIRCLE('',#13578,0.499999999999998);
#4836=CIRCLE('',#13580,0.500000000000007);
#4837=CIRCLE('',#13583,0.5);
#4838=CIRCLE('',#13586,0.499999999999989);
#4839=CIRCLE('',#13589,0.5);
#4840=CIRCLE('',#13593,0.499999999999998);
#4841=CIRCLE('',#13596,0.499999999999998);
#4842=CIRCLE('',#13599,0.499999999999998);
#4843=CIRCLE('',#13602,0.500000000000007);
#4844=CIRCLE('',#13605,0.500000000000007);
#4845=CIRCLE('',#13608,0.499999999999998);
#4846=CIRCLE('',#13611,0.499999999999989);
#4847=CIRCLE('',#13614,0.499999999999998);
#4848=CIRCLE('',#13617,0.500000000000007);
#4849=CIRCLE('',#13620,0.499999999999998);
#4850=CIRCLE('',#13623,0.499999999999998);
#4851=CIRCLE('',#13626,0.5);
#4852=CIRCLE('',#13629,0.499999999999998);
#4853=CIRCLE('',#13632,0.499999999999998);
#4854=CIRCLE('',#13635,0.499999999999998);
#4855=CIRCLE('',#13638,0.5);
#4856=CIRCLE('',#13640,0.499999999999989);
#4857=CIRCLE('',#13643,0.5);
#4858=CIRCLE('',#13646,0.500000000000007);
#4859=CIRCLE('',#13649,0.5);
#4860=CIRCLE('',#13652,0.5);
#4861=CIRCLE('',#13655,0.5);
#4862=CIRCLE('',#13658,0.5);
#4863=CIRCLE('',#13661,0.5);
#4864=CIRCLE('',#13664,0.500000000000007);
#4865=CIRCLE('',#13667,0.499999999999998);
#4866=CIRCLE('',#13670,0.500000000000007);
#4867=CIRCLE('',#13673,0.500000000000007);
#4868=CIRCLE('',#13677,0.500000000000007);
#4869=CIRCLE('',#13680,0.499999999999998);
#4870=CIRCLE('',#13683,0.499999999999972);
#4871=CIRCLE('',#13686,0.5);
#4872=CIRCLE('',#13689,0.500000000000007);
#4873=CIRCLE('',#13692,0.499999999999989);
#4874=CIRCLE('',#13695,0.500000000000007);
#4875=CIRCLE('',#13698,0.499999999999998);
#4876=CIRCLE('',#13701,0.500000000000007);
#4877=CIRCLE('',#13704,0.499999999999998);
#4878=CIRCLE('',#13707,0.500000000000007);
#4879=CIRCLE('',#13710,0.499999999999998);
#4880=CIRCLE('',#13713,0.499999999999972);
#4881=CIRCLE('',#13716,0.499999999999998);
#4882=CIRCLE('',#13719,0.500000000000007);
#4883=CIRCLE('',#13722,0.5);
#4884=CIRCLE('',#13725,0.5);
#4885=CIRCLE('',#13728,0.499999999999998);
#4886=CIRCLE('',#13731,0.499999999999998);
#4887=CIRCLE('',#13734,0.499999999999998);
#4888=CIRCLE('',#13737,0.499999999999998);
#4889=CIRCLE('',#13740,0.499999999999998);
#4890=CIRCLE('',#13743,0.499999999999989);
#4891=CIRCLE('',#13746,0.500000000000007);
#4892=CIRCLE('',#13748,0.499999999999972);
#4893=CIRCLE('',#13751,0.5);
#4894=CIRCLE('',#13754,0.500000000000007);
#4895=CIRCLE('',#13757,0.5);
#4896=CIRCLE('',#13764,0.500000000000007);
#4897=CIRCLE('',#13767,0.499999999999998);
#4898=CIRCLE('',#13770,0.499999999999972);
#4899=CIRCLE('',#13773,0.499999999999998);
#4900=CIRCLE('',#13776,0.499999999999989);
#4901=CIRCLE('',#13779,0.499999999999998);
#4902=CIRCLE('',#13782,0.500000000000007);
#4903=CIRCLE('',#13785,0.500000000000007);
#4904=CIRCLE('',#13788,0.499999999999972);
#4905=CIRCLE('',#13791,0.499999999999998);
#4906=CIRCLE('',#13794,0.500000000000007);
#4907=CIRCLE('',#13797,0.500000000000007);
#4908=CIRCLE('',#13799,0.499999999999998);
#4909=CIRCLE('',#13802,0.5);
#4910=CIRCLE('',#13805,0.500000000000007);
#4911=CIRCLE('',#13808,0.5);
#4912=CIRCLE('',#13812,0.499999999999972);
#4913=CIRCLE('',#13815,0.499999999999998);
#4914=CIRCLE('',#13818,0.500000000000007);
#4915=CIRCLE('',#13821,0.500000000000007);
#4916=CIRCLE('',#13824,0.500000000000007);
#4917=CIRCLE('',#13827,0.499999999999998);
#4918=CIRCLE('',#13830,0.500000000000007);
#4919=CIRCLE('',#13833,0.500000000000007);
#4920=CIRCLE('',#13836,0.500000000000007);
#4921=CIRCLE('',#13839,0.499999999999989);
#4922=CIRCLE('',#13842,0.500000000000007);
#4923=CIRCLE('',#13845,0.499999999999998);
#4924=CIRCLE('',#13847,0.500000000000007);
#4925=CIRCLE('',#13850,0.5);
#4926=CIRCLE('',#13853,0.499999999999972);
#4927=CIRCLE('',#13856,0.5);
#4928=CIRCLE('',#13860,0.5);
#4929=CIRCLE('',#13863,0.499999999999998);
#4930=CIRCLE('',#13866,0.500000000000003);
#4931=CIRCLE('',#13869,0.5);
#4932=CIRCLE('',#13872,0.500000000000007);
#4933=CIRCLE('',#13875,0.499999999999998);
#4934=CIRCLE('',#13878,0.500000000000007);
#4935=CIRCLE('',#13881,0.499999999999998);
#4936=CIRCLE('',#13884,0.500000000000007);
#4937=CIRCLE('',#13887,0.499999999999998);
#4938=CIRCLE('',#13890,0.500000000000007);
#4939=CIRCLE('',#13893,0.5);
#4940=CIRCLE('',#13896,0.499999999999998);
#4941=CIRCLE('',#13899,0.499999999999998);
#4942=CIRCLE('',#13902,0.500000000000007);
#4943=CIRCLE('',#13905,0.499999999999998);
#4944=CIRCLE('',#13907,0.500000000000007);
#4945=CIRCLE('',#13910,0.499999999999998);
#4946=CIRCLE('',#13913,0.500000000000007);
#4947=CIRCLE('',#13916,0.499999999999998);
#4948=CIRCLE('',#13919,0.500000000000007);
#4949=CIRCLE('',#13922,0.5);
#4950=CIRCLE('',#13925,0.500000000000007);
#4951=CIRCLE('',#13928,0.5);
#4952=CIRCLE('',#13932,0.499999999999998);
#4953=CIRCLE('',#13935,0.499999999999998);
#4954=CIRCLE('',#13938,0.499999999999998);
#4955=CIRCLE('',#13941,0.500000000000007);
#4956=CIRCLE('',#13944,0.499999999999998);
#4957=CIRCLE('',#13947,0.499999999999998);
#4958=CIRCLE('',#13950,0.499999999999989);
#4959=CIRCLE('',#13953,0.499999999999998);
#4960=CIRCLE('',#13960,0.499999999999998);
#4961=CIRCLE('',#13963,0.499999999999989);
#4962=CIRCLE('',#13966,0.499999999999998);
#4963=CIRCLE('',#13969,0.499999999999998);
#4964=CIRCLE('',#13972,0.499999999999989);
#4965=CIRCLE('',#13975,0.499999999999998);
#4966=CIRCLE('',#13978,0.499999999999989);
#4967=CIRCLE('',#13981,0.5);
#4968=CIRCLE('',#13984,0.500000000000007);
#4969=CIRCLE('',#13987,0.499999999999989);
#4970=CIRCLE('',#13990,0.500000000000007);
#4971=CIRCLE('',#13993,0.499999999999998);
#4972=CIRCLE('',#13996,0.499999999999989);
#4973=CIRCLE('',#13999,0.499999999999998);
#4974=CIRCLE('',#14002,0.500000000000007);
#4975=CIRCLE('',#14005,0.5);
#4976=CIRCLE('',#14007,0.499999999999972);
#4977=CIRCLE('',#14010,0.499999999999998);
#4978=CIRCLE('',#14013,0.500000000000007);
#4979=CIRCLE('',#14016,0.5);
#4980=CIRCLE('',#14019,0.500000000000003);
#4981=CIRCLE('',#14022,0.5);
#4982=CIRCLE('',#14025,0.500000000000003);
#4983=CIRCLE('',#14028,0.5);
#4984=CIRCLE('',#14032,0.500000000000007);
#4985=CIRCLE('',#14035,0.499999999999998);
#4986=CIRCLE('',#14038,0.500000000000007);
#4987=CIRCLE('',#14041,0.500000000000007);
#4988=CIRCLE('',#14043,0.500000000000007);
#4989=CIRCLE('',#14046,0.5);
#4990=CIRCLE('',#14049,0.500000000000007);
#4991=CIRCLE('',#14052,0.5);
#4992=CIRCLE('',#14056,0.499999999999989);
#4993=CIRCLE('',#14059,0.499999999999998);
#4994=CIRCLE('',#14062,0.500000000000007);
#4995=CIRCLE('',#14065,0.5);
#4996=CIRCLE('',#14068,0.500000000000007);
#4997=CIRCLE('',#14071,0.499999999999998);
#4998=CIRCLE('',#14074,0.499999999999989);
#4999=CIRCLE('',#14077,0.500000000000007);
#5000=CIRCLE('',#14080,0.500000000000007);
#5001=CIRCLE('',#14083,0.499999999999998);
#5002=CIRCLE('',#14086,0.499999999999972);
#5003=CIRCLE('',#14089,0.5);
#5004=CIRCLE('',#14091,0.499999999999989);
#5005=CIRCLE('',#14094,0.5);
#5006=CIRCLE('',#14097,0.499999999999989);
#5007=CIRCLE('',#14100,0.5);
#5008=CIRCLE('',#14104,0.499999999999989);
#5009=CIRCLE('',#14107,0.499999999999998);
#5010=CIRCLE('',#14110,0.500000000000007);
#5011=CIRCLE('',#14113,0.499999999999998);
#5012=CIRCLE('',#14116,0.500000000000007);
#5013=CIRCLE('',#14119,0.499999999999998);
#5014=CIRCLE('',#14122,0.499999999999972);
#5015=CIRCLE('',#14125,0.500000000000007);
#5016=CIRCLE('',#14128,0.500000000000007);
#5017=CIRCLE('',#14131,0.499999999999998);
#5018=CIRCLE('',#14134,0.500000000000007);
#5019=CIRCLE('',#14137,0.5);
#5020=CIRCLE('',#14140,0.499999999999989);
#5021=CIRCLE('',#14143,0.499999999999998);
#5022=CIRCLE('',#14146,0.499999999999989);
#5023=CIRCLE('',#14149,0.499999999999998);
#5024=CIRCLE('',#14152,0.500000000000003);
#5025=CIRCLE('',#14155,0.499999999999998);
#5026=CIRCLE('',#14158,0.499999999999998);
#5027=CIRCLE('',#14161,0.499999999999998);
#5028=CIRCLE('',#14163,0.499999999999998);
#5029=CIRCLE('',#14166,0.5);
#5030=CIRCLE('',#14169,0.499999999999998);
#5031=CIRCLE('',#14172,0.5);
#5032=CIRCLE('',#14176,0.500000000000007);
#5033=CIRCLE('',#14179,0.499999999999998);
#5034=CIRCLE('',#14182,0.500000000000007);
#5035=CIRCLE('',#14185,0.5);
#5036=CIRCLE('',#14187,0.500000000000007);
#5037=CIRCLE('',#14190,0.5);
#5038=CIRCLE('',#14193,0.500000000000007);
#5039=CIRCLE('',#14196,0.5);
#5040=CIRCLE('',#14200,0.499999999999998);
#5041=CIRCLE('',#14203,0.499999999999998);
#5042=CIRCLE('',#14206,0.499999999999998);
#5043=CIRCLE('',#14209,0.500000000000007);
#5044=CIRCLE('',#14211,0.500000000000007);
#5045=CIRCLE('',#14214,0.499999999999998);
#5046=CIRCLE('',#14217,0.500000000000007);
#5047=CIRCLE('',#14220,0.500000000000007);
#5048=CIRCLE('',#14223,0.499999999999998);
#5049=CIRCLE('',#14226,0.5);
#5050=CIRCLE('',#14229,0.499999999999998);
#5051=CIRCLE('',#14232,0.5);
#5052=CIRCLE('',#14235,0.500000000000007);
#5053=CIRCLE('',#14238,0.5);
#5054=CIRCLE('',#14241,0.500000000000007);
#5055=CIRCLE('',#14244,0.5);
#5056=CIRCLE('',#14247,0.500000000000007);
#5057=CIRCLE('',#14250,0.5);
#5058=CIRCLE('',#14253,0.500000000000007);
#5059=CIRCLE('',#14256,0.5);
#5060=CIRCLE('',#14260,0.499999999999998);
#5061=CIRCLE('',#14263,0.499999999999989);
#5062=CIRCLE('',#14266,0.499999999999998);
#5063=CIRCLE('',#14269,0.499999999999998);
#5064=CIRCLE('',#14276,0.500000000000007);
#5065=CIRCLE('',#14279,0.499999999999998);
#5066=CIRCLE('',#14282,0.500000000000007);
#5067=CIRCLE('',#14285,0.499999999999998);
#5068=CIRCLE('',#14287,1.20000000000001);
#5069=CIRCLE('',#14289,1.2);
#5070=CIRCLE('',#14291,1.2);
#5071=CIRCLE('',#14293,1.2);
#5072=CIRCLE('',#14295,1.20000000000001);
#5073=CIRCLE('',#14298,2.7);
#5074=CIRCLE('',#14301,2.7);
#5075=CIRCLE('',#14305,2.7);
#5076=CIRCLE('',#14308,2.7);
#5077=CIRCLE('',#14313,2.7);
#5078=CIRCLE('',#14316,2.7);
#5079=CIRCLE('',#14321,2.7);
#5080=CIRCLE('',#14324,2.7);
#5081=VERTEX_POINT('',#18155);
#5082=VERTEX_POINT('',#18156);
#5083=VERTEX_POINT('',#18158);
#5084=VERTEX_POINT('',#18160);
#5085=VERTEX_POINT('',#18164);
#5086=VERTEX_POINT('',#18166);
#5087=VERTEX_POINT('',#18170);
#5088=VERTEX_POINT('',#18172);
#5089=VERTEX_POINT('',#18174);
#5090=VERTEX_POINT('',#18176);
#5091=VERTEX_POINT('',#18178);
#5092=VERTEX_POINT('',#18180);
#5093=VERTEX_POINT('',#18182);
#5094=VERTEX_POINT('',#18184);
#5095=VERTEX_POINT('',#18186);
#5096=VERTEX_POINT('',#18188);
#5097=VERTEX_POINT('',#18190);
#5098=VERTEX_POINT('',#18192);
#5099=VERTEX_POINT('',#18194);
#5100=VERTEX_POINT('',#18196);
#5101=VERTEX_POINT('',#18198);
#5102=VERTEX_POINT('',#18200);
#5103=VERTEX_POINT('',#18202);
#5104=VERTEX_POINT('',#18204);
#5105=VERTEX_POINT('',#18206);
#5106=VERTEX_POINT('',#18208);
#5107=VERTEX_POINT('',#18210);
#5108=VERTEX_POINT('',#18212);
#5109=VERTEX_POINT('',#18214);
#5110=VERTEX_POINT('',#18216);
#5111=VERTEX_POINT('',#18218);
#5112=VERTEX_POINT('',#18220);
#5113=VERTEX_POINT('',#18222);
#5114=VERTEX_POINT('',#18224);
#5115=VERTEX_POINT('',#18226);
#5116=VERTEX_POINT('',#18228);
#5117=VERTEX_POINT('',#18230);
#5118=VERTEX_POINT('',#18232);
#5119=VERTEX_POINT('',#18234);
#5120=VERTEX_POINT('',#18236);
#5121=VERTEX_POINT('',#18238);
#5122=VERTEX_POINT('',#18240);
#5123=VERTEX_POINT('',#18242);
#5124=VERTEX_POINT('',#18244);
#5125=VERTEX_POINT('',#18246);
#5126=VERTEX_POINT('',#18248);
#5127=VERTEX_POINT('',#18250);
#5128=VERTEX_POINT('',#18252);
#5129=VERTEX_POINT('',#18254);
#5130=VERTEX_POINT('',#18256);
#5131=VERTEX_POINT('',#18258);
#5132=VERTEX_POINT('',#18260);
#5133=VERTEX_POINT('',#18262);
#5134=VERTEX_POINT('',#18264);
#5135=VERTEX_POINT('',#18266);
#5136=VERTEX_POINT('',#18269);
#5137=VERTEX_POINT('',#18271);
#5138=VERTEX_POINT('',#18273);
#5139=VERTEX_POINT('',#18275);
#5140=VERTEX_POINT('',#18277);
#5141=VERTEX_POINT('',#18279);
#5142=VERTEX_POINT('',#18280);
#5143=VERTEX_POINT('',#18282);
#5144=VERTEX_POINT('',#18284);
#5145=VERTEX_POINT('',#18286);
#5146=VERTEX_POINT('',#18288);
#5147=VERTEX_POINT('',#18290);
#5148=VERTEX_POINT('',#18292);
#5149=VERTEX_POINT('',#18295);
#5150=VERTEX_POINT('',#18296);
#5151=VERTEX_POINT('',#18298);
#5152=VERTEX_POINT('',#18300);
#5153=VERTEX_POINT('',#18302);
#5154=VERTEX_POINT('',#18304);
#5155=VERTEX_POINT('',#18306);
#5156=VERTEX_POINT('',#18308);
#5157=VERTEX_POINT('',#18310);
#5158=VERTEX_POINT('',#18312);
#5159=VERTEX_POINT('',#18314);
#5160=VERTEX_POINT('',#18316);
#5161=VERTEX_POINT('',#18318);
#5162=VERTEX_POINT('',#18320);
#5163=VERTEX_POINT('',#18322);
#5164=VERTEX_POINT('',#18324);
#5165=VERTEX_POINT('',#18327);
#5166=VERTEX_POINT('',#18328);
#5167=VERTEX_POINT('',#18330);
#5168=VERTEX_POINT('',#18332);
#5169=VERTEX_POINT('',#18334);
#5170=VERTEX_POINT('',#18336);
#5171=VERTEX_POINT('',#18338);
#5172=VERTEX_POINT('',#18340);
#5173=VERTEX_POINT('',#18342);
#5174=VERTEX_POINT('',#18344);
#5175=VERTEX_POINT('',#18346);
#5176=VERTEX_POINT('',#18348);
#5177=VERTEX_POINT('',#18350);
#5178=VERTEX_POINT('',#18352);
#5179=VERTEX_POINT('',#18354);
#5180=VERTEX_POINT('',#18356);
#5181=VERTEX_POINT('',#18359);
#5182=VERTEX_POINT('',#18360);
#5183=VERTEX_POINT('',#18362);
#5184=VERTEX_POINT('',#18364);
#5185=VERTEX_POINT('',#18366);
#5186=VERTEX_POINT('',#18368);
#5187=VERTEX_POINT('',#18370);
#5188=VERTEX_POINT('',#18372);
#5189=VERTEX_POINT('',#18375);
#5190=VERTEX_POINT('',#18376);
#5191=VERTEX_POINT('',#18378);
#5192=VERTEX_POINT('',#18380);
#5193=VERTEX_POINT('',#18382);
#5194=VERTEX_POINT('',#18384);
#5195=VERTEX_POINT('',#18386);
#5196=VERTEX_POINT('',#18388);
#5197=VERTEX_POINT('',#18391);
#5198=VERTEX_POINT('',#18392);
#5199=VERTEX_POINT('',#18394);
#5200=VERTEX_POINT('',#18396);
#5201=VERTEX_POINT('',#18398);
#5202=VERTEX_POINT('',#18400);
#5203=VERTEX_POINT('',#18402);
#5204=VERTEX_POINT('',#18404);
#5205=VERTEX_POINT('',#18407);
#5206=VERTEX_POINT('',#18408);
#5207=VERTEX_POINT('',#18410);
#5208=VERTEX_POINT('',#18412);
#5209=VERTEX_POINT('',#18414);
#5210=VERTEX_POINT('',#18416);
#5211=VERTEX_POINT('',#18418);
#5212=VERTEX_POINT('',#18420);
#5213=VERTEX_POINT('',#18423);
#5214=VERTEX_POINT('',#18424);
#5215=VERTEX_POINT('',#18426);
#5216=VERTEX_POINT('',#18428);
#5217=VERTEX_POINT('',#18430);
#5218=VERTEX_POINT('',#18432);
#5219=VERTEX_POINT('',#18434);
#5220=VERTEX_POINT('',#18436);
#5221=VERTEX_POINT('',#18439);
#5222=VERTEX_POINT('',#18440);
#5223=VERTEX_POINT('',#18442);
#5224=VERTEX_POINT('',#18444);
#5225=VERTEX_POINT('',#18446);
#5226=VERTEX_POINT('',#18448);
#5227=VERTEX_POINT('',#18450);
#5228=VERTEX_POINT('',#18452);
#5229=VERTEX_POINT('',#18455);
#5230=VERTEX_POINT('',#18456);
#5231=VERTEX_POINT('',#18458);
#5232=VERTEX_POINT('',#18460);
#5233=VERTEX_POINT('',#18462);
#5234=VERTEX_POINT('',#18464);
#5235=VERTEX_POINT('',#18466);
#5236=VERTEX_POINT('',#18468);
#5237=VERTEX_POINT('',#18471);
#5238=VERTEX_POINT('',#18472);
#5239=VERTEX_POINT('',#18474);
#5240=VERTEX_POINT('',#18476);
#5241=VERTEX_POINT('',#18478);
#5242=VERTEX_POINT('',#18480);
#5243=VERTEX_POINT('',#18482);
#5244=VERTEX_POINT('',#18484);
#5245=VERTEX_POINT('',#18487);
#5246=VERTEX_POINT('',#18488);
#5247=VERTEX_POINT('',#18490);
#5248=VERTEX_POINT('',#18492);
#5249=VERTEX_POINT('',#18494);
#5250=VERTEX_POINT('',#18496);
#5251=VERTEX_POINT('',#18498);
#5252=VERTEX_POINT('',#18500);
#5253=VERTEX_POINT('',#18503);
#5254=VERTEX_POINT('',#18504);
#5255=VERTEX_POINT('',#18506);
#5256=VERTEX_POINT('',#18508);
#5257=VERTEX_POINT('',#18510);
#5258=VERTEX_POINT('',#18512);
#5259=VERTEX_POINT('',#18514);
#5260=VERTEX_POINT('',#18516);
#5261=VERTEX_POINT('',#18519);
#5262=VERTEX_POINT('',#18520);
#5263=VERTEX_POINT('',#18522);
#5264=VERTEX_POINT('',#18524);
#5265=VERTEX_POINT('',#18526);
#5266=VERTEX_POINT('',#18528);
#5267=VERTEX_POINT('',#18530);
#5268=VERTEX_POINT('',#18532);
#5269=VERTEX_POINT('',#18535);
#5270=VERTEX_POINT('',#18536);
#5271=VERTEX_POINT('',#18538);
#5272=VERTEX_POINT('',#18540);
#5273=VERTEX_POINT('',#18542);
#5274=VERTEX_POINT('',#18544);
#5275=VERTEX_POINT('',#18546);
#5276=VERTEX_POINT('',#18548);
#5277=VERTEX_POINT('',#18551);
#5278=VERTEX_POINT('',#18552);
#5279=VERTEX_POINT('',#18554);
#5280=VERTEX_POINT('',#18556);
#5281=VERTEX_POINT('',#18558);
#5282=VERTEX_POINT('',#18560);
#5283=VERTEX_POINT('',#18562);
#5284=VERTEX_POINT('',#18564);
#5285=VERTEX_POINT('',#18567);
#5286=VERTEX_POINT('',#18568);
#5287=VERTEX_POINT('',#18570);
#5288=VERTEX_POINT('',#18572);
#5289=VERTEX_POINT('',#18574);
#5290=VERTEX_POINT('',#18576);
#5291=VERTEX_POINT('',#18578);
#5292=VERTEX_POINT('',#18580);
#5293=VERTEX_POINT('',#18583);
#5294=VERTEX_POINT('',#18584);
#5295=VERTEX_POINT('',#18586);
#5296=VERTEX_POINT('',#18588);
#5297=VERTEX_POINT('',#18590);
#5298=VERTEX_POINT('',#18592);
#5299=VERTEX_POINT('',#18594);
#5300=VERTEX_POINT('',#18596);
#5301=VERTEX_POINT('',#18599);
#5302=VERTEX_POINT('',#18600);
#5303=VERTEX_POINT('',#18602);
#5304=VERTEX_POINT('',#18604);
#5305=VERTEX_POINT('',#18606);
#5306=VERTEX_POINT('',#18608);
#5307=VERTEX_POINT('',#18610);
#5308=VERTEX_POINT('',#18612);
#5309=VERTEX_POINT('',#18615);
#5310=VERTEX_POINT('',#18616);
#5311=VERTEX_POINT('',#18618);
#5312=VERTEX_POINT('',#18620);
#5313=VERTEX_POINT('',#18622);
#5314=VERTEX_POINT('',#18624);
#5315=VERTEX_POINT('',#18626);
#5316=VERTEX_POINT('',#18628);
#5317=VERTEX_POINT('',#18631);
#5318=VERTEX_POINT('',#18632);
#5319=VERTEX_POINT('',#18634);
#5320=VERTEX_POINT('',#18636);
#5321=VERTEX_POINT('',#18638);
#5322=VERTEX_POINT('',#18640);
#5323=VERTEX_POINT('',#18642);
#5324=VERTEX_POINT('',#18644);
#5325=VERTEX_POINT('',#18647);
#5326=VERTEX_POINT('',#18648);
#5327=VERTEX_POINT('',#18650);
#5328=VERTEX_POINT('',#18652);
#5329=VERTEX_POINT('',#18654);
#5330=VERTEX_POINT('',#18656);
#5331=VERTEX_POINT('',#18658);
#5332=VERTEX_POINT('',#18660);
#5333=VERTEX_POINT('',#18663);
#5334=VERTEX_POINT('',#18664);
#5335=VERTEX_POINT('',#18666);
#5336=VERTEX_POINT('',#18668);
#5337=VERTEX_POINT('',#18670);
#5338=VERTEX_POINT('',#18672);
#5339=VERTEX_POINT('',#18674);
#5340=VERTEX_POINT('',#18676);
#5341=VERTEX_POINT('',#18679);
#5342=VERTEX_POINT('',#18680);
#5343=VERTEX_POINT('',#18682);
#5344=VERTEX_POINT('',#18684);
#5345=VERTEX_POINT('',#18686);
#5346=VERTEX_POINT('',#18688);
#5347=VERTEX_POINT('',#18690);
#5348=VERTEX_POINT('',#18692);
#5349=VERTEX_POINT('',#18695);
#5350=VERTEX_POINT('',#18696);
#5351=VERTEX_POINT('',#18698);
#5352=VERTEX_POINT('',#18700);
#5353=VERTEX_POINT('',#18702);
#5354=VERTEX_POINT('',#18704);
#5355=VERTEX_POINT('',#18706);
#5356=VERTEX_POINT('',#18708);
#5357=VERTEX_POINT('',#18711);
#5358=VERTEX_POINT('',#18712);
#5359=VERTEX_POINT('',#18714);
#5360=VERTEX_POINT('',#18716);
#5361=VERTEX_POINT('',#18718);
#5362=VERTEX_POINT('',#18720);
#5363=VERTEX_POINT('',#18722);
#5364=VERTEX_POINT('',#18724);
#5365=VERTEX_POINT('',#18727);
#5366=VERTEX_POINT('',#18728);
#5367=VERTEX_POINT('',#18730);
#5368=VERTEX_POINT('',#18732);
#5369=VERTEX_POINT('',#18734);
#5370=VERTEX_POINT('',#18736);
#5371=VERTEX_POINT('',#18738);
#5372=VERTEX_POINT('',#18740);
#5373=VERTEX_POINT('',#18743);
#5374=VERTEX_POINT('',#18744);
#5375=VERTEX_POINT('',#18746);
#5376=VERTEX_POINT('',#18748);
#5377=VERTEX_POINT('',#18750);
#5378=VERTEX_POINT('',#18752);
#5379=VERTEX_POINT('',#18754);
#5380=VERTEX_POINT('',#18756);
#5381=VERTEX_POINT('',#18759);
#5382=VERTEX_POINT('',#18760);
#5383=VERTEX_POINT('',#18762);
#5384=VERTEX_POINT('',#18764);
#5385=VERTEX_POINT('',#18766);
#5386=VERTEX_POINT('',#18768);
#5387=VERTEX_POINT('',#18770);
#5388=VERTEX_POINT('',#18772);
#5389=VERTEX_POINT('',#18775);
#5390=VERTEX_POINT('',#18776);
#5391=VERTEX_POINT('',#18778);
#5392=VERTEX_POINT('',#18780);
#5393=VERTEX_POINT('',#18782);
#5394=VERTEX_POINT('',#18784);
#5395=VERTEX_POINT('',#18786);
#5396=VERTEX_POINT('',#18788);
#5397=VERTEX_POINT('',#18790);
#5398=VERTEX_POINT('',#18792);
#5399=VERTEX_POINT('',#18794);
#5400=VERTEX_POINT('',#18796);
#5401=VERTEX_POINT('',#18798);
#5402=VERTEX_POINT('',#18800);
#5403=VERTEX_POINT('',#18802);
#5404=VERTEX_POINT('',#18804);
#5405=VERTEX_POINT('',#18807);
#5406=VERTEX_POINT('',#18808);
#5407=VERTEX_POINT('',#18810);
#5408=VERTEX_POINT('',#18812);
#5409=VERTEX_POINT('',#18814);
#5410=VERTEX_POINT('',#18816);
#5411=VERTEX_POINT('',#18818);
#5412=VERTEX_POINT('',#18820);
#5413=VERTEX_POINT('',#18822);
#5414=VERTEX_POINT('',#18824);
#5415=VERTEX_POINT('',#18826);
#5416=VERTEX_POINT('',#18828);
#5417=VERTEX_POINT('',#18830);
#5418=VERTEX_POINT('',#18832);
#5419=VERTEX_POINT('',#18834);
#5420=VERTEX_POINT('',#18836);
#5421=VERTEX_POINT('',#18839);
#5422=VERTEX_POINT('',#18840);
#5423=VERTEX_POINT('',#18842);
#5424=VERTEX_POINT('',#18844);
#5425=VERTEX_POINT('',#18846);
#5426=VERTEX_POINT('',#18848);
#5427=VERTEX_POINT('',#18850);
#5428=VERTEX_POINT('',#18852);
#5429=VERTEX_POINT('',#18855);
#5430=VERTEX_POINT('',#18856);
#5431=VERTEX_POINT('',#18858);
#5432=VERTEX_POINT('',#18860);
#5433=VERTEX_POINT('',#18862);
#5434=VERTEX_POINT('',#18864);
#5435=VERTEX_POINT('',#18866);
#5436=VERTEX_POINT('',#18868);
#5437=VERTEX_POINT('',#18871);
#5438=VERTEX_POINT('',#18872);
#5439=VERTEX_POINT('',#18874);
#5440=VERTEX_POINT('',#18876);
#5441=VERTEX_POINT('',#18878);
#5442=VERTEX_POINT('',#18880);
#5443=VERTEX_POINT('',#18882);
#5444=VERTEX_POINT('',#18884);
#5445=VERTEX_POINT('',#18887);
#5446=VERTEX_POINT('',#18888);
#5447=VERTEX_POINT('',#18890);
#5448=VERTEX_POINT('',#18892);
#5449=VERTEX_POINT('',#18894);
#5450=VERTEX_POINT('',#18896);
#5451=VERTEX_POINT('',#18898);
#5452=VERTEX_POINT('',#18900);
#5453=VERTEX_POINT('',#18903);
#5454=VERTEX_POINT('',#18904);
#5455=VERTEX_POINT('',#18906);
#5456=VERTEX_POINT('',#18908);
#5457=VERTEX_POINT('',#18910);
#5458=VERTEX_POINT('',#18912);
#5459=VERTEX_POINT('',#18914);
#5460=VERTEX_POINT('',#18916);
#5461=VERTEX_POINT('',#18919);
#5462=VERTEX_POINT('',#18920);
#5463=VERTEX_POINT('',#18922);
#5464=VERTEX_POINT('',#18924);
#5465=VERTEX_POINT('',#18926);
#5466=VERTEX_POINT('',#18928);
#5467=VERTEX_POINT('',#18930);
#5468=VERTEX_POINT('',#18932);
#5469=VERTEX_POINT('',#18935);
#5470=VERTEX_POINT('',#18936);
#5471=VERTEX_POINT('',#18938);
#5472=VERTEX_POINT('',#18940);
#5473=VERTEX_POINT('',#18942);
#5474=VERTEX_POINT('',#18944);
#5475=VERTEX_POINT('',#18946);
#5476=VERTEX_POINT('',#18948);
#5477=VERTEX_POINT('',#18951);
#5478=VERTEX_POINT('',#18952);
#5479=VERTEX_POINT('',#18954);
#5480=VERTEX_POINT('',#18956);
#5481=VERTEX_POINT('',#18958);
#5482=VERTEX_POINT('',#18960);
#5483=VERTEX_POINT('',#18962);
#5484=VERTEX_POINT('',#18964);
#5485=VERTEX_POINT('',#18967);
#5486=VERTEX_POINT('',#18968);
#5487=VERTEX_POINT('',#18970);
#5488=VERTEX_POINT('',#18972);
#5489=VERTEX_POINT('',#18974);
#5490=VERTEX_POINT('',#18976);
#5491=VERTEX_POINT('',#18978);
#5492=VERTEX_POINT('',#18980);
#5493=VERTEX_POINT('',#18983);
#5494=VERTEX_POINT('',#18984);
#5495=VERTEX_POINT('',#18986);
#5496=VERTEX_POINT('',#18988);
#5497=VERTEX_POINT('',#18990);
#5498=VERTEX_POINT('',#18992);
#5499=VERTEX_POINT('',#18994);
#5500=VERTEX_POINT('',#18996);
#5501=VERTEX_POINT('',#18999);
#5502=VERTEX_POINT('',#19000);
#5503=VERTEX_POINT('',#19002);
#5504=VERTEX_POINT('',#19004);
#5505=VERTEX_POINT('',#19006);
#5506=VERTEX_POINT('',#19008);
#5507=VERTEX_POINT('',#19010);
#5508=VERTEX_POINT('',#19012);
#5509=VERTEX_POINT('',#19015);
#5510=VERTEX_POINT('',#19016);
#5511=VERTEX_POINT('',#19018);
#5512=VERTEX_POINT('',#19020);
#5513=VERTEX_POINT('',#19022);
#5514=VERTEX_POINT('',#19024);
#5515=VERTEX_POINT('',#19026);
#5516=VERTEX_POINT('',#19028);
#5517=VERTEX_POINT('',#19031);
#5518=VERTEX_POINT('',#19032);
#5519=VERTEX_POINT('',#19034);
#5520=VERTEX_POINT('',#19036);
#5521=VERTEX_POINT('',#19038);
#5522=VERTEX_POINT('',#19040);
#5523=VERTEX_POINT('',#19042);
#5524=VERTEX_POINT('',#19044);
#5525=VERTEX_POINT('',#19047);
#5526=VERTEX_POINT('',#19048);
#5527=VERTEX_POINT('',#19050);
#5528=VERTEX_POINT('',#19052);
#5529=VERTEX_POINT('',#19054);
#5530=VERTEX_POINT('',#19056);
#5531=VERTEX_POINT('',#19058);
#5532=VERTEX_POINT('',#19060);
#5533=VERTEX_POINT('',#19063);
#5534=VERTEX_POINT('',#19064);
#5535=VERTEX_POINT('',#19066);
#5536=VERTEX_POINT('',#19068);
#5537=VERTEX_POINT('',#19070);
#5538=VERTEX_POINT('',#19072);
#5539=VERTEX_POINT('',#19074);
#5540=VERTEX_POINT('',#19076);
#5541=VERTEX_POINT('',#19079);
#5542=VERTEX_POINT('',#19080);
#5543=VERTEX_POINT('',#19082);
#5544=VERTEX_POINT('',#19084);
#5545=VERTEX_POINT('',#19086);
#5546=VERTEX_POINT('',#19088);
#5547=VERTEX_POINT('',#19090);
#5548=VERTEX_POINT('',#19092);
#5549=VERTEX_POINT('',#19095);
#5550=VERTEX_POINT('',#19096);
#5551=VERTEX_POINT('',#19098);
#5552=VERTEX_POINT('',#19100);
#5553=VERTEX_POINT('',#19102);
#5554=VERTEX_POINT('',#19104);
#5555=VERTEX_POINT('',#19106);
#5556=VERTEX_POINT('',#19108);
#5557=VERTEX_POINT('',#19110);
#5558=VERTEX_POINT('',#19112);
#5559=VERTEX_POINT('',#19114);
#5560=VERTEX_POINT('',#19116);
#5561=VERTEX_POINT('',#19118);
#5562=VERTEX_POINT('',#19120);
#5563=VERTEX_POINT('',#19122);
#5564=VERTEX_POINT('',#19124);
#5565=VERTEX_POINT('',#19127);
#5566=VERTEX_POINT('',#19128);
#5567=VERTEX_POINT('',#19130);
#5568=VERTEX_POINT('',#19132);
#5569=VERTEX_POINT('',#19134);
#5570=VERTEX_POINT('',#19136);
#5571=VERTEX_POINT('',#19138);
#5572=VERTEX_POINT('',#19140);
#5573=VERTEX_POINT('',#19142);
#5574=VERTEX_POINT('',#19144);
#5575=VERTEX_POINT('',#19146);
#5576=VERTEX_POINT('',#19148);
#5577=VERTEX_POINT('',#19150);
#5578=VERTEX_POINT('',#19152);
#5579=VERTEX_POINT('',#19154);
#5580=VERTEX_POINT('',#19156);
#5581=VERTEX_POINT('',#19159);
#5582=VERTEX_POINT('',#19160);
#5583=VERTEX_POINT('',#19162);
#5584=VERTEX_POINT('',#19164);
#5585=VERTEX_POINT('',#19166);
#5586=VERTEX_POINT('',#19168);
#5587=VERTEX_POINT('',#19170);
#5588=VERTEX_POINT('',#19172);
#5589=VERTEX_POINT('',#19175);
#5590=VERTEX_POINT('',#19176);
#5591=VERTEX_POINT('',#19178);
#5592=VERTEX_POINT('',#19180);
#5593=VERTEX_POINT('',#19182);
#5594=VERTEX_POINT('',#19184);
#5595=VERTEX_POINT('',#19186);
#5596=VERTEX_POINT('',#19188);
#5597=VERTEX_POINT('',#19191);
#5598=VERTEX_POINT('',#19192);
#5599=VERTEX_POINT('',#19194);
#5600=VERTEX_POINT('',#19196);
#5601=VERTEX_POINT('',#19198);
#5602=VERTEX_POINT('',#19200);
#5603=VERTEX_POINT('',#19202);
#5604=VERTEX_POINT('',#19204);
#5605=VERTEX_POINT('',#19207);
#5606=VERTEX_POINT('',#19208);
#5607=VERTEX_POINT('',#19210);
#5608=VERTEX_POINT('',#19212);
#5609=VERTEX_POINT('',#19214);
#5610=VERTEX_POINT('',#19216);
#5611=VERTEX_POINT('',#19218);
#5612=VERTEX_POINT('',#19220);
#5613=VERTEX_POINT('',#19223);
#5614=VERTEX_POINT('',#19224);
#5615=VERTEX_POINT('',#19226);
#5616=VERTEX_POINT('',#19228);
#5617=VERTEX_POINT('',#19230);
#5618=VERTEX_POINT('',#19232);
#5619=VERTEX_POINT('',#19234);
#5620=VERTEX_POINT('',#19236);
#5621=VERTEX_POINT('',#19239);
#5622=VERTEX_POINT('',#19240);
#5623=VERTEX_POINT('',#19242);
#5624=VERTEX_POINT('',#19244);
#5625=VERTEX_POINT('',#19246);
#5626=VERTEX_POINT('',#19248);
#5627=VERTEX_POINT('',#19250);
#5628=VERTEX_POINT('',#19252);
#5629=VERTEX_POINT('',#19255);
#5630=VERTEX_POINT('',#19256);
#5631=VERTEX_POINT('',#19258);
#5632=VERTEX_POINT('',#19260);
#5633=VERTEX_POINT('',#19262);
#5634=VERTEX_POINT('',#19264);
#5635=VERTEX_POINT('',#19266);
#5636=VERTEX_POINT('',#19268);
#5637=VERTEX_POINT('',#19271);
#5638=VERTEX_POINT('',#19272);
#5639=VERTEX_POINT('',#19274);
#5640=VERTEX_POINT('',#19276);
#5641=VERTEX_POINT('',#19278);
#5642=VERTEX_POINT('',#19280);
#5643=VERTEX_POINT('',#19282);
#5644=VERTEX_POINT('',#19284);
#5645=VERTEX_POINT('',#19287);
#5646=VERTEX_POINT('',#19288);
#5647=VERTEX_POINT('',#19290);
#5648=VERTEX_POINT('',#19292);
#5649=VERTEX_POINT('',#19294);
#5650=VERTEX_POINT('',#19296);
#5651=VERTEX_POINT('',#19298);
#5652=VERTEX_POINT('',#19300);
#5653=VERTEX_POINT('',#19303);
#5654=VERTEX_POINT('',#19304);
#5655=VERTEX_POINT('',#19306);
#5656=VERTEX_POINT('',#19308);
#5657=VERTEX_POINT('',#19310);
#5658=VERTEX_POINT('',#19312);
#5659=VERTEX_POINT('',#19314);
#5660=VERTEX_POINT('',#19316);
#5661=VERTEX_POINT('',#19319);
#5662=VERTEX_POINT('',#19320);
#5663=VERTEX_POINT('',#19322);
#5664=VERTEX_POINT('',#19324);
#5665=VERTEX_POINT('',#19326);
#5666=VERTEX_POINT('',#19328);
#5667=VERTEX_POINT('',#19330);
#5668=VERTEX_POINT('',#19332);
#5669=VERTEX_POINT('',#19335);
#5670=VERTEX_POINT('',#19336);
#5671=VERTEX_POINT('',#19338);
#5672=VERTEX_POINT('',#19340);
#5673=VERTEX_POINT('',#19342);
#5674=VERTEX_POINT('',#19344);
#5675=VERTEX_POINT('',#19346);
#5676=VERTEX_POINT('',#19348);
#5677=VERTEX_POINT('',#19351);
#5678=VERTEX_POINT('',#19352);
#5679=VERTEX_POINT('',#19354);
#5680=VERTEX_POINT('',#19356);
#5681=VERTEX_POINT('',#19358);
#5682=VERTEX_POINT('',#19360);
#5683=VERTEX_POINT('',#19362);
#5684=VERTEX_POINT('',#19364);
#5685=VERTEX_POINT('',#19367);
#5686=VERTEX_POINT('',#19368);
#5687=VERTEX_POINT('',#19370);
#5688=VERTEX_POINT('',#19372);
#5689=VERTEX_POINT('',#19374);
#5690=VERTEX_POINT('',#19376);
#5691=VERTEX_POINT('',#19378);
#5692=VERTEX_POINT('',#19380);
#5693=VERTEX_POINT('',#19383);
#5694=VERTEX_POINT('',#19384);
#5695=VERTEX_POINT('',#19386);
#5696=VERTEX_POINT('',#19388);
#5697=VERTEX_POINT('',#19390);
#5698=VERTEX_POINT('',#19392);
#5699=VERTEX_POINT('',#19394);
#5700=VERTEX_POINT('',#19396);
#5701=VERTEX_POINT('',#19399);
#5702=VERTEX_POINT('',#19400);
#5703=VERTEX_POINT('',#19402);
#5704=VERTEX_POINT('',#19404);
#5705=VERTEX_POINT('',#19406);
#5706=VERTEX_POINT('',#19408);
#5707=VERTEX_POINT('',#19410);
#5708=VERTEX_POINT('',#19412);
#5709=VERTEX_POINT('',#19415);
#5710=VERTEX_POINT('',#19416);
#5711=VERTEX_POINT('',#19418);
#5712=VERTEX_POINT('',#19420);
#5713=VERTEX_POINT('',#19422);
#5714=VERTEX_POINT('',#19424);
#5715=VERTEX_POINT('',#19426);
#5716=VERTEX_POINT('',#19428);
#5717=VERTEX_POINT('',#19431);
#5718=VERTEX_POINT('',#19433);
#5719=VERTEX_POINT('',#19435);
#5720=VERTEX_POINT('',#19438);
#5721=VERTEX_POINT('',#19440);
#5722=VERTEX_POINT('',#19444);
#5723=VERTEX_POINT('',#19448);
#5724=VERTEX_POINT('',#19450);
#5725=VERTEX_POINT('',#19454);
#5726=VERTEX_POINT('',#19458);
#5727=VERTEX_POINT('',#19460);
#5728=VERTEX_POINT('',#19464);
#5729=VERTEX_POINT('',#19468);
#5730=VERTEX_POINT('',#19470);
#5731=VERTEX_POINT('',#19474);
#5732=VERTEX_POINT('',#19478);
#5733=VERTEX_POINT('',#19480);
#5734=VERTEX_POINT('',#19484);
#5735=VERTEX_POINT('',#19488);
#5736=VERTEX_POINT('',#19490);
#5737=VERTEX_POINT('',#19494);
#5738=VERTEX_POINT('',#19498);
#5739=VERTEX_POINT('',#19500);
#5740=VERTEX_POINT('',#19504);
#5741=VERTEX_POINT('',#19508);
#5742=VERTEX_POINT('',#19510);
#5743=VERTEX_POINT('',#19514);
#5744=VERTEX_POINT('',#19518);
#5745=VERTEX_POINT('',#19520);
#5746=VERTEX_POINT('',#19524);
#5747=VERTEX_POINT('',#19528);
#5748=VERTEX_POINT('',#19530);
#5749=VERTEX_POINT('',#19534);
#5750=VERTEX_POINT('',#19538);
#5751=VERTEX_POINT('',#19540);
#5752=VERTEX_POINT('',#19544);
#5753=VERTEX_POINT('',#19548);
#5754=VERTEX_POINT('',#19550);
#5755=VERTEX_POINT('',#19554);
#5756=VERTEX_POINT('',#19558);
#5757=VERTEX_POINT('',#19560);
#5758=VERTEX_POINT('',#19564);
#5759=VERTEX_POINT('',#19568);
#5760=VERTEX_POINT('',#19569);
#5761=VERTEX_POINT('',#19574);
#5762=VERTEX_POINT('',#19578);
#5763=VERTEX_POINT('',#19579);
#5764=VERTEX_POINT('',#19584);
#5765=VERTEX_POINT('',#19588);
#5766=VERTEX_POINT('',#19589);
#5767=VERTEX_POINT('',#19594);
#5768=VERTEX_POINT('',#19598);
#5769=VERTEX_POINT('',#19599);
#5770=VERTEX_POINT('',#19606);
#5771=VERTEX_POINT('',#19607);
#5772=VERTEX_POINT('',#19612);
#5773=VERTEX_POINT('',#19616);
#5774=VERTEX_POINT('',#19617);
#5775=VERTEX_POINT('',#19622);
#5776=VERTEX_POINT('',#19626);
#5777=VERTEX_POINT('',#19627);
#5778=VERTEX_POINT('',#19634);
#5779=VERTEX_POINT('',#19635);
#5780=VERTEX_POINT('',#19640);
#5781=VERTEX_POINT('',#19644);
#5782=VERTEX_POINT('',#19645);
#5783=VERTEX_POINT('',#19650);
#5784=VERTEX_POINT('',#19654);
#5785=VERTEX_POINT('',#19658);
#5786=VERTEX_POINT('',#19659);
#5787=VERTEX_POINT('',#19664);
#5788=VERTEX_POINT('',#19668);
#5789=VERTEX_POINT('',#19669);
#5790=VERTEX_POINT('',#19676);
#5791=VERTEX_POINT('',#19680);
#5792=VERTEX_POINT('',#19684);
#5793=VERTEX_POINT('',#19688);
#5794=VERTEX_POINT('',#19692);
#5795=VERTEX_POINT('',#19698);
#5796=VERTEX_POINT('',#19699);
#5797=VERTEX_POINT('',#19704);
#5798=VERTEX_POINT('',#19708);
#5799=VERTEX_POINT('',#19709);
#5800=VERTEX_POINT('',#19716);
#5801=VERTEX_POINT('',#19717);
#5802=VERTEX_POINT('',#19724);
#5803=VERTEX_POINT('',#19730);
#5804=VERTEX_POINT('',#19731);
#5805=VERTEX_POINT('',#19736);
#5806=VERTEX_POINT('',#19742);
#5807=VERTEX_POINT('',#19743);
#5808=VERTEX_POINT('',#19748);
#5809=VERTEX_POINT('',#19752);
#5810=VERTEX_POINT('',#19756);
#5811=VERTEX_POINT('',#19757);
#5812=VERTEX_POINT('',#19764);
#5813=VERTEX_POINT('',#19770);
#5814=VERTEX_POINT('',#19771);
#5815=VERTEX_POINT('',#19776);
#5816=VERTEX_POINT('',#19782);
#5817=VERTEX_POINT('',#19783);
#5818=VERTEX_POINT('',#19788);
#5819=VERTEX_POINT('',#19792);
#5820=VERTEX_POINT('',#19796);
#5821=VERTEX_POINT('',#19797);
#5822=VERTEX_POINT('',#19804);
#5823=VERTEX_POINT('',#19810);
#5824=VERTEX_POINT('',#19814);
#5825=VERTEX_POINT('',#19815);
#5826=VERTEX_POINT('',#19822);
#5827=VERTEX_POINT('',#19826);
#5828=VERTEX_POINT('',#19827);
#5829=VERTEX_POINT('',#19832);
#5830=VERTEX_POINT('',#19836);
#5831=VERTEX_POINT('',#19837);
#5832=VERTEX_POINT('',#19844);
#5833=VERTEX_POINT('',#19850);
#5834=VERTEX_POINT('',#19851);
#5835=VERTEX_POINT('',#19856);
#5836=VERTEX_POINT('',#19862);
#5837=VERTEX_POINT('',#19863);
#5838=VERTEX_POINT('',#19868);
#5839=VERTEX_POINT('',#19872);
#5840=VERTEX_POINT('',#19876);
#5841=VERTEX_POINT('',#19880);
#5842=VERTEX_POINT('',#19884);
#5843=VERTEX_POINT('',#19890);
#5844=VERTEX_POINT('',#19894);
#5845=VERTEX_POINT('',#19895);
#5846=VERTEX_POINT('',#19902);
#5847=VERTEX_POINT('',#19903);
#5848=VERTEX_POINT('',#19908);
#5849=VERTEX_POINT('',#19912);
#5850=VERTEX_POINT('',#19916);
#5851=VERTEX_POINT('',#19920);
#5852=VERTEX_POINT('',#19924);
#5853=VERTEX_POINT('',#19930);
#5854=VERTEX_POINT('',#19934);
#5855=VERTEX_POINT('',#19938);
#5856=VERTEX_POINT('',#19942);
#5857=VERTEX_POINT('',#19943);
#5858=VERTEX_POINT('',#19948);
#5859=VERTEX_POINT('',#19952);
#5860=VERTEX_POINT('',#19956);
#5861=VERTEX_POINT('',#19960);
#5862=VERTEX_POINT('',#19964);
#5863=VERTEX_POINT('',#19968);
#5864=VERTEX_POINT('',#19974);
#5865=VERTEX_POINT('',#19975);
#5866=VERTEX_POINT('',#19980);
#5867=VERTEX_POINT('',#19984);
#5868=VERTEX_POINT('',#19988);
#5869=VERTEX_POINT('',#19992);
#5870=VERTEX_POINT('',#19996);
#5871=VERTEX_POINT('',#20000);
#5872=VERTEX_POINT('',#20006);
#5873=VERTEX_POINT('',#20007);
#5874=VERTEX_POINT('',#20012);
#5875=VERTEX_POINT('',#20016);
#5876=VERTEX_POINT('',#20020);
#5877=VERTEX_POINT('',#20024);
#5878=VERTEX_POINT('',#20028);
#5879=VERTEX_POINT('',#20032);
#5880=VERTEX_POINT('',#20038);
#5881=VERTEX_POINT('',#20039);
#5882=VERTEX_POINT('',#20044);
#5883=VERTEX_POINT('',#20048);
#5884=VERTEX_POINT('',#20052);
#5885=VERTEX_POINT('',#20056);
#5886=VERTEX_POINT('',#20060);
#5887=VERTEX_POINT('',#20064);
#5888=VERTEX_POINT('',#20070);
#5889=VERTEX_POINT('',#20071);
#5890=VERTEX_POINT('',#20076);
#5891=VERTEX_POINT('',#20080);
#5892=VERTEX_POINT('',#20084);
#5893=VERTEX_POINT('',#20088);
#5894=VERTEX_POINT('',#20092);
#5895=VERTEX_POINT('',#20096);
#5896=VERTEX_POINT('',#20102);
#5897=VERTEX_POINT('',#20103);
#5898=VERTEX_POINT('',#20108);
#5899=VERTEX_POINT('',#20112);
#5900=VERTEX_POINT('',#20116);
#5901=VERTEX_POINT('',#20120);
#5902=VERTEX_POINT('',#20124);
#5903=VERTEX_POINT('',#20128);
#5904=VERTEX_POINT('',#20134);
#5905=VERTEX_POINT('',#20135);
#5906=VERTEX_POINT('',#20140);
#5907=VERTEX_POINT('',#20144);
#5908=VERTEX_POINT('',#20148);
#5909=VERTEX_POINT('',#20152);
#5910=VERTEX_POINT('',#20156);
#5911=VERTEX_POINT('',#20160);
#5912=VERTEX_POINT('',#20166);
#5913=VERTEX_POINT('',#20167);
#5914=VERTEX_POINT('',#20172);
#5915=VERTEX_POINT('',#20176);
#5916=VERTEX_POINT('',#20180);
#5917=VERTEX_POINT('',#20184);
#5918=VERTEX_POINT('',#20188);
#5919=VERTEX_POINT('',#20192);
#5920=VERTEX_POINT('',#20198);
#5921=VERTEX_POINT('',#20199);
#5922=VERTEX_POINT('',#20204);
#5923=VERTEX_POINT('',#20208);
#5924=VERTEX_POINT('',#20212);
#5925=VERTEX_POINT('',#20216);
#5926=VERTEX_POINT('',#20220);
#5927=VERTEX_POINT('',#20224);
#5928=VERTEX_POINT('',#20230);
#5929=VERTEX_POINT('',#20231);
#5930=VERTEX_POINT('',#20236);
#5931=VERTEX_POINT('',#20240);
#5932=VERTEX_POINT('',#20244);
#5933=VERTEX_POINT('',#20248);
#5934=VERTEX_POINT('',#20252);
#5935=VERTEX_POINT('',#20256);
#5936=VERTEX_POINT('',#20262);
#5937=VERTEX_POINT('',#20263);
#5938=VERTEX_POINT('',#20268);
#5939=VERTEX_POINT('',#20272);
#5940=VERTEX_POINT('',#20276);
#5941=VERTEX_POINT('',#20280);
#5942=VERTEX_POINT('',#20284);
#5943=VERTEX_POINT('',#20288);
#5944=VERTEX_POINT('',#20294);
#5945=VERTEX_POINT('',#20295);
#5946=VERTEX_POINT('',#20300);
#5947=VERTEX_POINT('',#20304);
#5948=VERTEX_POINT('',#20308);
#5949=VERTEX_POINT('',#20312);
#5950=VERTEX_POINT('',#20316);
#5951=VERTEX_POINT('',#20320);
#5952=VERTEX_POINT('',#20326);
#5953=VERTEX_POINT('',#20327);
#5954=VERTEX_POINT('',#20332);
#5955=VERTEX_POINT('',#20336);
#5956=VERTEX_POINT('',#20340);
#5957=VERTEX_POINT('',#20344);
#5958=VERTEX_POINT('',#20348);
#5959=VERTEX_POINT('',#20352);
#5960=VERTEX_POINT('',#20358);
#5961=VERTEX_POINT('',#20359);
#5962=VERTEX_POINT('',#20364);
#5963=VERTEX_POINT('',#20368);
#5964=VERTEX_POINT('',#20372);
#5965=VERTEX_POINT('',#20376);
#5966=VERTEX_POINT('',#20380);
#5967=VERTEX_POINT('',#20384);
#5968=VERTEX_POINT('',#20390);
#5969=VERTEX_POINT('',#20391);
#5970=VERTEX_POINT('',#20396);
#5971=VERTEX_POINT('',#20400);
#5972=VERTEX_POINT('',#20404);
#5973=VERTEX_POINT('',#20408);
#5974=VERTEX_POINT('',#20412);
#5975=VERTEX_POINT('',#20416);
#5976=VERTEX_POINT('',#20422);
#5977=VERTEX_POINT('',#20423);
#5978=VERTEX_POINT('',#20428);
#5979=VERTEX_POINT('',#20432);
#5980=VERTEX_POINT('',#20436);
#5981=VERTEX_POINT('',#20440);
#5982=VERTEX_POINT('',#20444);
#5983=VERTEX_POINT('',#20448);
#5984=VERTEX_POINT('',#20454);
#5985=VERTEX_POINT('',#20455);
#5986=VERTEX_POINT('',#20460);
#5987=VERTEX_POINT('',#20464);
#5988=VERTEX_POINT('',#20468);
#5989=VERTEX_POINT('',#20472);
#5990=VERTEX_POINT('',#20476);
#5991=VERTEX_POINT('',#20480);
#5992=VERTEX_POINT('',#20492);
#5993=VERTEX_POINT('',#20493);
#5994=VERTEX_POINT('',#20498);
#5995=VERTEX_POINT('',#20502);
#5996=VERTEX_POINT('',#20506);
#5997=VERTEX_POINT('',#20510);
#5998=VERTEX_POINT('',#20514);
#5999=VERTEX_POINT('',#20518);
#6000=VERTEX_POINT('',#20524);
#6001=VERTEX_POINT('',#20525);
#6002=VERTEX_POINT('',#20530);
#6003=VERTEX_POINT('',#20534);
#6004=VERTEX_POINT('',#20538);
#6005=VERTEX_POINT('',#20542);
#6006=VERTEX_POINT('',#20546);
#6007=VERTEX_POINT('',#20550);
#6008=VERTEX_POINT('',#20556);
#6009=VERTEX_POINT('',#20557);
#6010=VERTEX_POINT('',#20562);
#6011=VERTEX_POINT('',#20566);
#6012=VERTEX_POINT('',#20570);
#6013=VERTEX_POINT('',#20574);
#6014=VERTEX_POINT('',#20578);
#6015=VERTEX_POINT('',#20582);
#6016=VERTEX_POINT('',#20588);
#6017=VERTEX_POINT('',#20589);
#6018=VERTEX_POINT('',#20594);
#6019=VERTEX_POINT('',#20598);
#6020=VERTEX_POINT('',#20602);
#6021=VERTEX_POINT('',#20606);
#6022=VERTEX_POINT('',#20610);
#6023=VERTEX_POINT('',#20614);
#6024=VERTEX_POINT('',#20620);
#6025=VERTEX_POINT('',#20621);
#6026=VERTEX_POINT('',#20626);
#6027=VERTEX_POINT('',#20630);
#6028=VERTEX_POINT('',#20634);
#6029=VERTEX_POINT('',#20638);
#6030=VERTEX_POINT('',#20642);
#6031=VERTEX_POINT('',#20646);
#6032=VERTEX_POINT('',#20652);
#6033=VERTEX_POINT('',#20653);
#6034=VERTEX_POINT('',#20658);
#6035=VERTEX_POINT('',#20662);
#6036=VERTEX_POINT('',#20666);
#6037=VERTEX_POINT('',#20670);
#6038=VERTEX_POINT('',#20674);
#6039=VERTEX_POINT('',#20678);
#6040=VERTEX_POINT('',#20684);
#6041=VERTEX_POINT('',#20685);
#6042=VERTEX_POINT('',#20690);
#6043=VERTEX_POINT('',#20694);
#6044=VERTEX_POINT('',#20698);
#6045=VERTEX_POINT('',#20702);
#6046=VERTEX_POINT('',#20706);
#6047=VERTEX_POINT('',#20710);
#6048=VERTEX_POINT('',#20716);
#6049=VERTEX_POINT('',#20717);
#6050=VERTEX_POINT('',#20722);
#6051=VERTEX_POINT('',#20726);
#6052=VERTEX_POINT('',#20730);
#6053=VERTEX_POINT('',#20734);
#6054=VERTEX_POINT('',#20738);
#6055=VERTEX_POINT('',#20742);
#6056=VERTEX_POINT('',#20748);
#6057=VERTEX_POINT('',#20749);
#6058=VERTEX_POINT('',#20754);
#6059=VERTEX_POINT('',#20758);
#6060=VERTEX_POINT('',#20762);
#6061=VERTEX_POINT('',#20766);
#6062=VERTEX_POINT('',#20770);
#6063=VERTEX_POINT('',#20774);
#6064=VERTEX_POINT('',#20780);
#6065=VERTEX_POINT('',#20781);
#6066=VERTEX_POINT('',#20786);
#6067=VERTEX_POINT('',#20790);
#6068=VERTEX_POINT('',#20794);
#6069=VERTEX_POINT('',#20798);
#6070=VERTEX_POINT('',#20802);
#6071=VERTEX_POINT('',#20806);
#6072=VERTEX_POINT('',#20812);
#6073=VERTEX_POINT('',#20813);
#6074=VERTEX_POINT('',#20818);
#6075=VERTEX_POINT('',#20822);
#6076=VERTEX_POINT('',#20826);
#6077=VERTEX_POINT('',#20830);
#6078=VERTEX_POINT('',#20834);
#6079=VERTEX_POINT('',#20838);
#6080=VERTEX_POINT('',#20844);
#6081=VERTEX_POINT('',#20845);
#6082=VERTEX_POINT('',#20850);
#6083=VERTEX_POINT('',#20854);
#6084=VERTEX_POINT('',#20858);
#6085=VERTEX_POINT('',#20862);
#6086=VERTEX_POINT('',#20866);
#6087=VERTEX_POINT('',#20870);
#6088=VERTEX_POINT('',#20876);
#6089=VERTEX_POINT('',#20877);
#6090=VERTEX_POINT('',#20882);
#6091=VERTEX_POINT('',#20886);
#6092=VERTEX_POINT('',#20890);
#6093=VERTEX_POINT('',#20894);
#6094=VERTEX_POINT('',#20898);
#6095=VERTEX_POINT('',#20902);
#6096=VERTEX_POINT('',#20908);
#6097=VERTEX_POINT('',#20909);
#6098=VERTEX_POINT('',#20914);
#6099=VERTEX_POINT('',#20918);
#6100=VERTEX_POINT('',#20922);
#6101=VERTEX_POINT('',#20926);
#6102=VERTEX_POINT('',#20930);
#6103=VERTEX_POINT('',#20934);
#6104=VERTEX_POINT('',#20940);
#6105=VERTEX_POINT('',#20941);
#6106=VERTEX_POINT('',#20946);
#6107=VERTEX_POINT('',#20950);
#6108=VERTEX_POINT('',#20954);
#6109=VERTEX_POINT('',#20958);
#6110=VERTEX_POINT('',#20962);
#6111=VERTEX_POINT('',#20966);
#6112=VERTEX_POINT('',#20972);
#6113=VERTEX_POINT('',#20973);
#6114=VERTEX_POINT('',#20978);
#6115=VERTEX_POINT('',#20982);
#6116=VERTEX_POINT('',#20986);
#6117=VERTEX_POINT('',#20990);
#6118=VERTEX_POINT('',#20994);
#6119=VERTEX_POINT('',#20998);
#6120=VERTEX_POINT('',#21012);
#6121=VERTEX_POINT('',#21013);
#6122=VERTEX_POINT('',#21018);
#6123=VERTEX_POINT('',#21022);
#6124=VERTEX_POINT('',#21026);
#6125=VERTEX_POINT('',#21030);
#6126=VERTEX_POINT('',#21034);
#6127=VERTEX_POINT('',#21038);
#6128=VERTEX_POINT('',#21044);
#6129=VERTEX_POINT('',#21045);
#6130=VERTEX_POINT('',#21050);
#6131=VERTEX_POINT('',#21054);
#6132=VERTEX_POINT('',#21058);
#6133=VERTEX_POINT('',#21062);
#6134=VERTEX_POINT('',#21066);
#6135=VERTEX_POINT('',#21070);
#6136=VERTEX_POINT('',#21076);
#6137=VERTEX_POINT('',#21077);
#6138=VERTEX_POINT('',#21082);
#6139=VERTEX_POINT('',#21086);
#6140=VERTEX_POINT('',#21090);
#6141=VERTEX_POINT('',#21094);
#6142=VERTEX_POINT('',#21098);
#6143=VERTEX_POINT('',#21102);
#6144=VERTEX_POINT('',#21108);
#6145=VERTEX_POINT('',#21109);
#6146=VERTEX_POINT('',#21114);
#6147=VERTEX_POINT('',#21118);
#6148=VERTEX_POINT('',#21122);
#6149=VERTEX_POINT('',#21126);
#6150=VERTEX_POINT('',#21130);
#6151=VERTEX_POINT('',#21134);
#6152=VERTEX_POINT('',#21140);
#6153=VERTEX_POINT('',#21141);
#6154=VERTEX_POINT('',#21146);
#6155=VERTEX_POINT('',#21150);
#6156=VERTEX_POINT('',#21154);
#6157=VERTEX_POINT('',#21158);
#6158=VERTEX_POINT('',#21162);
#6159=VERTEX_POINT('',#21166);
#6160=VERTEX_POINT('',#21172);
#6161=VERTEX_POINT('',#21173);
#6162=VERTEX_POINT('',#21178);
#6163=VERTEX_POINT('',#21182);
#6164=VERTEX_POINT('',#21186);
#6165=VERTEX_POINT('',#21190);
#6166=VERTEX_POINT('',#21194);
#6167=VERTEX_POINT('',#21198);
#6168=VERTEX_POINT('',#21204);
#6169=VERTEX_POINT('',#21205);
#6170=VERTEX_POINT('',#21210);
#6171=VERTEX_POINT('',#21214);
#6172=VERTEX_POINT('',#21218);
#6173=VERTEX_POINT('',#21222);
#6174=VERTEX_POINT('',#21226);
#6175=VERTEX_POINT('',#21230);
#6176=VERTEX_POINT('',#21236);
#6177=VERTEX_POINT('',#21237);
#6178=VERTEX_POINT('',#21242);
#6179=VERTEX_POINT('',#21246);
#6180=VERTEX_POINT('',#21250);
#6181=VERTEX_POINT('',#21254);
#6182=VERTEX_POINT('',#21258);
#6183=VERTEX_POINT('',#21262);
#6184=VERTEX_POINT('',#21268);
#6185=VERTEX_POINT('',#21269);
#6186=VERTEX_POINT('',#21274);
#6187=VERTEX_POINT('',#21278);
#6188=VERTEX_POINT('',#21282);
#6189=VERTEX_POINT('',#21286);
#6190=VERTEX_POINT('',#21290);
#6191=VERTEX_POINT('',#21294);
#6192=VERTEX_POINT('',#21300);
#6193=VERTEX_POINT('',#21301);
#6194=VERTEX_POINT('',#21306);
#6195=VERTEX_POINT('',#21310);
#6196=VERTEX_POINT('',#21314);
#6197=VERTEX_POINT('',#21318);
#6198=VERTEX_POINT('',#21322);
#6199=VERTEX_POINT('',#21326);
#6200=VERTEX_POINT('',#21332);
#6201=VERTEX_POINT('',#21333);
#6202=VERTEX_POINT('',#21338);
#6203=VERTEX_POINT('',#21342);
#6204=VERTEX_POINT('',#21346);
#6205=VERTEX_POINT('',#21350);
#6206=VERTEX_POINT('',#21354);
#6207=VERTEX_POINT('',#21358);
#6208=VERTEX_POINT('',#21364);
#6209=VERTEX_POINT('',#21365);
#6210=VERTEX_POINT('',#21370);
#6211=VERTEX_POINT('',#21374);
#6212=VERTEX_POINT('',#21378);
#6213=VERTEX_POINT('',#21382);
#6214=VERTEX_POINT('',#21386);
#6215=VERTEX_POINT('',#21390);
#6216=VERTEX_POINT('',#21396);
#6217=VERTEX_POINT('',#21397);
#6218=VERTEX_POINT('',#21402);
#6219=VERTEX_POINT('',#21406);
#6220=VERTEX_POINT('',#21410);
#6221=VERTEX_POINT('',#21414);
#6222=VERTEX_POINT('',#21418);
#6223=VERTEX_POINT('',#21422);
#6224=VERTEX_POINT('',#21428);
#6225=VERTEX_POINT('',#21429);
#6226=VERTEX_POINT('',#21434);
#6227=VERTEX_POINT('',#21438);
#6228=VERTEX_POINT('',#21442);
#6229=VERTEX_POINT('',#21446);
#6230=VERTEX_POINT('',#21450);
#6231=VERTEX_POINT('',#21454);
#6232=VERTEX_POINT('',#21460);
#6233=VERTEX_POINT('',#21461);
#6234=VERTEX_POINT('',#21466);
#6235=VERTEX_POINT('',#21470);
#6236=VERTEX_POINT('',#21474);
#6237=VERTEX_POINT('',#21478);
#6238=VERTEX_POINT('',#21482);
#6239=VERTEX_POINT('',#21486);
#6240=VERTEX_POINT('',#21492);
#6241=VERTEX_POINT('',#21493);
#6242=VERTEX_POINT('',#21498);
#6243=VERTEX_POINT('',#21502);
#6244=VERTEX_POINT('',#21506);
#6245=VERTEX_POINT('',#21510);
#6246=VERTEX_POINT('',#21514);
#6247=VERTEX_POINT('',#21518);
#6248=VERTEX_POINT('',#21524);
#6249=VERTEX_POINT('',#21525);
#6250=VERTEX_POINT('',#21530);
#6251=VERTEX_POINT('',#21534);
#6252=VERTEX_POINT('',#21538);
#6253=VERTEX_POINT('',#21542);
#6254=VERTEX_POINT('',#21546);
#6255=VERTEX_POINT('',#21550);
#6256=VERTEX_POINT('',#21556);
#6257=VERTEX_POINT('',#21557);
#6258=VERTEX_POINT('',#21562);
#6259=VERTEX_POINT('',#21566);
#6260=VERTEX_POINT('',#21570);
#6261=VERTEX_POINT('',#21574);
#6262=VERTEX_POINT('',#21578);
#6263=VERTEX_POINT('',#21582);
#6264=VERTEX_POINT('',#21588);
#6265=VERTEX_POINT('',#21589);
#6266=VERTEX_POINT('',#21594);
#6267=VERTEX_POINT('',#21598);
#6268=VERTEX_POINT('',#21602);
#6269=VERTEX_POINT('',#21606);
#6270=VERTEX_POINT('',#21610);
#6271=VERTEX_POINT('',#21614);
#6272=VERTEX_POINT('',#21620);
#6273=VERTEX_POINT('',#21621);
#6274=VERTEX_POINT('',#21626);
#6275=VERTEX_POINT('',#21630);
#6276=VERTEX_POINT('',#21634);
#6277=VERTEX_POINT('',#21638);
#6278=VERTEX_POINT('',#21642);
#6279=VERTEX_POINT('',#21646);
#6280=VERTEX_POINT('',#21652);
#6281=VERTEX_POINT('',#21653);
#6282=VERTEX_POINT('',#21658);
#6283=VERTEX_POINT('',#21662);
#6284=VERTEX_POINT('',#21666);
#6285=VERTEX_POINT('',#21670);
#6286=VERTEX_POINT('',#21674);
#6287=VERTEX_POINT('',#21678);
#6288=VERTEX_POINT('',#21684);
#6289=VERTEX_POINT('',#21685);
#6290=VERTEX_POINT('',#21690);
#6291=VERTEX_POINT('',#21694);
#6292=VERTEX_POINT('',#21698);
#6293=VERTEX_POINT('',#21702);
#6294=VERTEX_POINT('',#21706);
#6295=VERTEX_POINT('',#21710);
#6296=VERTEX_POINT('',#21716);
#6297=VERTEX_POINT('',#21717);
#6298=VERTEX_POINT('',#21722);
#6299=VERTEX_POINT('',#21726);
#6300=VERTEX_POINT('',#21730);
#6301=VERTEX_POINT('',#21734);
#6302=VERTEX_POINT('',#21738);
#6303=VERTEX_POINT('',#21742);
#6304=VERTEX_POINT('',#21748);
#6305=VERTEX_POINT('',#21749);
#6306=VERTEX_POINT('',#21754);
#6307=VERTEX_POINT('',#21758);
#6308=VERTEX_POINT('',#21762);
#6309=VERTEX_POINT('',#21766);
#6310=VERTEX_POINT('',#21770);
#6311=VERTEX_POINT('',#21774);
#6312=VERTEX_POINT('',#21780);
#6313=VERTEX_POINT('',#21781);
#6314=VERTEX_POINT('',#21786);
#6315=VERTEX_POINT('',#21790);
#6316=VERTEX_POINT('',#21794);
#6317=VERTEX_POINT('',#21798);
#6318=VERTEX_POINT('',#21802);
#6319=VERTEX_POINT('',#21806);
#6320=VERTEX_POINT('',#21812);
#6321=VERTEX_POINT('',#21813);
#6322=VERTEX_POINT('',#21818);
#6323=VERTEX_POINT('',#21822);
#6324=VERTEX_POINT('',#21826);
#6325=VERTEX_POINT('',#21830);
#6326=VERTEX_POINT('',#21834);
#6327=VERTEX_POINT('',#21838);
#6328=VERTEX_POINT('',#21852);
#6329=VERTEX_POINT('',#21853);
#6330=VERTEX_POINT('',#21858);
#6331=VERTEX_POINT('',#21862);
#6332=VERTEX_POINT('',#21866);
#6333=VERTEX_POINT('',#21870);
#6334=VERTEX_POINT('',#21874);
#6335=VERTEX_POINT('',#21878);
#6336=VERTEX_POINT('',#21884);
#6337=VERTEX_POINT('',#21888);
#6338=VERTEX_POINT('',#21892);
#6339=VERTEX_POINT('',#21896);
#6340=VERTEX_POINT('',#21900);
#6341=VERTEX_POINT('',#21904);
#6342=VERTEX_POINT('',#21910);
#6343=VERTEX_POINT('',#21916);
#6344=VERTEX_POINT('',#21920);
#6345=VERTEX_POINT('',#21926);
#6346=VERTEX_POINT('',#21930);
#6347=VERTEX_POINT('',#21938);
#6348=VERTEX_POINT('',#21944);
#6349=VERTEX_POINT('',#21952);
#6350=VERTEX_POINT('',#21956);
#6351=VERTEX_POINT('',#21962);
#6352=VERTEX_POINT('',#21966);
#6353=EDGE_CURVE('',#5081,#5082,#4441,.T.);
#6354=EDGE_CURVE('',#5082,#5083,#1905,.T.);
#6355=EDGE_CURVE('',#5083,#5084,#4442,.T.);
#6356=EDGE_CURVE('',#5084,#5081,#1906,.T.);
#6357=EDGE_CURVE('',#5085,#5082,#1907,.T.);
#6358=EDGE_CURVE('',#5086,#5085,#1908,.T.);
#6359=EDGE_CURVE('',#5083,#5086,#1909,.T.);
#6360=EDGE_CURVE('',#5081,#5087,#1910,.T.);
#6361=EDGE_CURVE('',#5088,#5087,#4443,.T.);
#6362=EDGE_CURVE('',#5088,#5089,#1911,.T.);
#6363=EDGE_CURVE('',#5089,#5090,#4444,.T.);
#6364=EDGE_CURVE('',#5090,#5091,#1912,.T.);
#6365=EDGE_CURVE('',#5092,#5091,#4445,.T.);
#6366=EDGE_CURVE('',#5092,#5093,#1913,.T.);
#6367=EDGE_CURVE('',#5094,#5093,#4446,.T.);
#6368=EDGE_CURVE('',#5094,#5095,#1914,.T.);
#6369=EDGE_CURVE('',#5095,#5096,#4447,.T.);
#6370=EDGE_CURVE('',#5096,#5097,#1915,.T.);
#6371=EDGE_CURVE('',#5098,#5097,#4448,.T.);
#6372=EDGE_CURVE('',#5098,#5099,#1916,.T.);
#6373=EDGE_CURVE('',#5100,#5099,#4449,.T.);
#6374=EDGE_CURVE('',#5100,#5101,#1917,.T.);
#6375=EDGE_CURVE('',#5102,#5101,#4450,.T.);
#6376=EDGE_CURVE('',#5102,#5103,#1918,.T.);
#6377=EDGE_CURVE('',#5103,#5104,#1919,.T.);
#6378=EDGE_CURVE('',#5104,#5105,#4451,.T.);
#6379=EDGE_CURVE('',#5105,#5106,#1920,.T.);
#6380=EDGE_CURVE('',#5107,#5106,#4452,.T.);
#6381=EDGE_CURVE('',#5107,#5108,#1921,.T.);
#6382=EDGE_CURVE('',#5109,#5108,#4453,.T.);
#6383=EDGE_CURVE('',#5109,#5110,#1922,.T.);
#6384=EDGE_CURVE('',#5110,#5111,#4454,.T.);
#6385=EDGE_CURVE('',#5111,#5112,#1923,.T.);
#6386=EDGE_CURVE('',#5112,#5113,#1924,.T.);
#6387=EDGE_CURVE('',#5114,#5113,#4455,.T.);
#6388=EDGE_CURVE('',#5114,#5115,#1925,.T.);
#6389=EDGE_CURVE('',#5115,#5116,#4456,.T.);
#6390=EDGE_CURVE('',#5116,#5117,#1926,.T.);
#6391=EDGE_CURVE('',#5118,#5117,#4457,.T.);
#6392=EDGE_CURVE('',#5118,#5119,#1927,.T.);
#6393=EDGE_CURVE('',#5120,#5119,#4458,.T.);
#6394=EDGE_CURVE('',#5120,#5121,#1928,.T.);
#6395=EDGE_CURVE('',#5121,#5122,#4459,.T.);
#6396=EDGE_CURVE('',#5122,#5123,#1929,.T.);
#6397=EDGE_CURVE('',#5124,#5123,#4460,.T.);
#6398=EDGE_CURVE('',#5124,#5125,#1930,.T.);
#6399=EDGE_CURVE('',#5125,#5126,#1931,.T.);
#6400=EDGE_CURVE('',#5126,#5127,#4461,.T.);
#6401=EDGE_CURVE('',#5127,#5128,#1932,.T.);
#6402=EDGE_CURVE('',#5129,#5128,#4462,.T.);
#6403=EDGE_CURVE('',#5129,#5130,#1933,.T.);
#6404=EDGE_CURVE('',#5131,#5130,#4463,.T.);
#6405=EDGE_CURVE('',#5131,#5132,#1934,.T.);
#6406=EDGE_CURVE('',#5132,#5133,#4464,.T.);
#6407=EDGE_CURVE('',#5133,#5134,#1935,.T.);
#6408=EDGE_CURVE('',#5134,#5135,#1936,.T.);
#6409=EDGE_CURVE('',#5085,#5135,#4465,.T.);
#6410=EDGE_CURVE('',#5136,#5136,#4466,.T.);
#6411=EDGE_CURVE('',#5137,#5137,#4467,.T.);
#6412=EDGE_CURVE('',#5138,#5138,#4468,.T.);
#6413=EDGE_CURVE('',#5139,#5139,#4469,.T.);
#6414=EDGE_CURVE('',#5140,#5140,#4470,.T.);
#6415=EDGE_CURVE('',#5141,#5142,#4471,.T.);
#6416=EDGE_CURVE('',#5142,#5143,#1937,.T.);
#6417=EDGE_CURVE('',#5143,#5144,#4472,.T.);
#6418=EDGE_CURVE('',#5144,#5145,#1938,.T.);
#6419=EDGE_CURVE('',#5145,#5146,#4473,.T.);
#6420=EDGE_CURVE('',#5146,#5147,#1939,.T.);
#6421=EDGE_CURVE('',#5147,#5148,#4474,.T.);
#6422=EDGE_CURVE('',#5148,#5141,#1940,.T.);
#6423=EDGE_CURVE('',#5149,#5150,#4475,.T.);
#6424=EDGE_CURVE('',#5149,#5151,#1941,.T.);
#6425=EDGE_CURVE('',#5152,#5151,#4476,.T.);
#6426=EDGE_CURVE('',#5152,#5153,#1942,.T.);
#6427=EDGE_CURVE('',#5154,#5153,#4477,.T.);
#6428=EDGE_CURVE('',#5154,#5155,#1943,.T.);
#6429=EDGE_CURVE('',#5156,#5155,#4478,.T.);
#6430=EDGE_CURVE('',#5156,#5157,#1944,.T.);
#6431=EDGE_CURVE('',#5158,#5157,#4479,.T.);
#6432=EDGE_CURVE('',#5158,#5159,#1945,.T.);
#6433=EDGE_CURVE('',#5160,#5159,#4480,.T.);
#6434=EDGE_CURVE('',#5160,#5161,#1946,.T.);
#6435=EDGE_CURVE('',#5162,#5161,#4481,.T.);
#6436=EDGE_CURVE('',#5162,#5163,#1947,.T.);
#6437=EDGE_CURVE('',#5164,#5163,#4482,.T.);
#6438=EDGE_CURVE('',#5164,#5150,#1948,.T.);
#6439=EDGE_CURVE('',#5165,#5166,#4483,.T.);
#6440=EDGE_CURVE('',#5165,#5167,#1949,.T.);
#6441=EDGE_CURVE('',#5168,#5167,#4484,.T.);
#6442=EDGE_CURVE('',#5168,#5169,#1950,.T.);
#6443=EDGE_CURVE('',#5170,#5169,#4485,.T.);
#6444=EDGE_CURVE('',#5170,#5171,#1951,.T.);
#6445=EDGE_CURVE('',#5172,#5171,#4486,.T.);
#6446=EDGE_CURVE('',#5172,#5173,#1952,.T.);
#6447=EDGE_CURVE('',#5174,#5173,#4487,.T.);
#6448=EDGE_CURVE('',#5174,#5175,#1953,.T.);
#6449=EDGE_CURVE('',#5176,#5175,#4488,.T.);
#6450=EDGE_CURVE('',#5176,#5177,#1954,.T.);
#6451=EDGE_CURVE('',#5178,#5177,#4489,.T.);
#6452=EDGE_CURVE('',#5178,#5179,#1955,.T.);
#6453=EDGE_CURVE('',#5180,#5179,#4490,.T.);
#6454=EDGE_CURVE('',#5180,#5166,#1956,.T.);
#6455=EDGE_CURVE('',#5181,#5182,#4491,.T.);
#6456=EDGE_CURVE('',#5182,#5183,#1957,.T.);
#6457=EDGE_CURVE('',#5183,#5184,#4492,.T.);
#6458=EDGE_CURVE('',#5184,#5185,#1958,.T.);
#6459=EDGE_CURVE('',#5185,#5186,#4493,.T.);
#6460=EDGE_CURVE('',#5186,#5187,#1959,.T.);
#6461=EDGE_CURVE('',#5187,#5188,#4494,.T.);
#6462=EDGE_CURVE('',#5188,#5181,#1960,.T.);
#6463=EDGE_CURVE('',#5189,#5190,#1961,.T.);
#6464=EDGE_CURVE('',#5190,#5191,#4495,.T.);
#6465=EDGE_CURVE('',#5191,#5192,#1962,.T.);
#6466=EDGE_CURVE('',#5192,#5193,#4496,.T.);
#6467=EDGE_CURVE('',#5193,#5194,#1963,.T.);
#6468=EDGE_CURVE('',#5194,#5195,#4497,.T.);
#6469=EDGE_CURVE('',#5195,#5196,#1964,.T.);
#6470=EDGE_CURVE('',#5196,#5189,#4498,.T.);
#6471=EDGE_CURVE('',#5197,#5198,#1965,.T.);
#6472=EDGE_CURVE('',#5198,#5199,#4499,.T.);
#6473=EDGE_CURVE('',#5199,#5200,#1966,.T.);
#6474=EDGE_CURVE('',#5200,#5201,#4500,.T.);
#6475=EDGE_CURVE('',#5201,#5202,#1967,.T.);
#6476=EDGE_CURVE('',#5202,#5203,#4501,.T.);
#6477=EDGE_CURVE('',#5203,#5204,#1968,.T.);
#6478=EDGE_CURVE('',#5204,#5197,#4502,.T.);
#6479=EDGE_CURVE('',#5205,#5206,#1969,.T.);
#6480=EDGE_CURVE('',#5206,#5207,#4503,.T.);
#6481=EDGE_CURVE('',#5207,#5208,#1970,.T.);
#6482=EDGE_CURVE('',#5208,#5209,#4504,.T.);
#6483=EDGE_CURVE('',#5209,#5210,#1971,.T.);
#6484=EDGE_CURVE('',#5210,#5211,#4505,.T.);
#6485=EDGE_CURVE('',#5211,#5212,#1972,.T.);
#6486=EDGE_CURVE('',#5212,#5205,#4506,.T.);
#6487=EDGE_CURVE('',#5213,#5214,#1973,.T.);
#6488=EDGE_CURVE('',#5214,#5215,#4507,.T.);
#6489=EDGE_CURVE('',#5215,#5216,#1974,.T.);
#6490=EDGE_CURVE('',#5216,#5217,#4508,.T.);
#6491=EDGE_CURVE('',#5217,#5218,#1975,.T.);
#6492=EDGE_CURVE('',#5218,#5219,#4509,.T.);
#6493=EDGE_CURVE('',#5219,#5220,#1976,.T.);
#6494=EDGE_CURVE('',#5220,#5213,#4510,.T.);
#6495=EDGE_CURVE('',#5221,#5222,#4511,.T.);
#6496=EDGE_CURVE('',#5222,#5223,#1977,.T.);
#6497=EDGE_CURVE('',#5223,#5224,#4512,.T.);
#6498=EDGE_CURVE('',#5224,#5225,#1978,.T.);
#6499=EDGE_CURVE('',#5225,#5226,#4513,.T.);
#6500=EDGE_CURVE('',#5226,#5227,#1979,.T.);
#6501=EDGE_CURVE('',#5227,#5228,#4514,.T.);
#6502=EDGE_CURVE('',#5228,#5221,#1980,.T.);
#6503=EDGE_CURVE('',#5229,#5230,#1981,.T.);
#6504=EDGE_CURVE('',#5230,#5231,#4515,.T.);
#6505=EDGE_CURVE('',#5231,#5232,#1982,.T.);
#6506=EDGE_CURVE('',#5232,#5233,#4516,.T.);
#6507=EDGE_CURVE('',#5233,#5234,#1983,.T.);
#6508=EDGE_CURVE('',#5234,#5235,#4517,.T.);
#6509=EDGE_CURVE('',#5235,#5236,#1984,.T.);
#6510=EDGE_CURVE('',#5236,#5229,#4518,.T.);
#6511=EDGE_CURVE('',#5237,#5238,#4519,.T.);
#6512=EDGE_CURVE('',#5238,#5239,#1985,.T.);
#6513=EDGE_CURVE('',#5239,#5240,#4520,.T.);
#6514=EDGE_CURVE('',#5240,#5241,#1986,.T.);
#6515=EDGE_CURVE('',#5241,#5242,#4521,.T.);
#6516=EDGE_CURVE('',#5242,#5243,#1987,.T.);
#6517=EDGE_CURVE('',#5243,#5244,#4522,.T.);
#6518=EDGE_CURVE('',#5244,#5237,#1988,.T.);
#6519=EDGE_CURVE('',#5245,#5246,#1989,.T.);
#6520=EDGE_CURVE('',#5246,#5247,#4523,.T.);
#6521=EDGE_CURVE('',#5247,#5248,#1990,.T.);
#6522=EDGE_CURVE('',#5248,#5249,#4524,.T.);
#6523=EDGE_CURVE('',#5249,#5250,#1991,.T.);
#6524=EDGE_CURVE('',#5250,#5251,#4525,.T.);
#6525=EDGE_CURVE('',#5251,#5252,#1992,.T.);
#6526=EDGE_CURVE('',#5252,#5245,#4526,.T.);
#6527=EDGE_CURVE('',#5253,#5254,#4527,.T.);
#6528=EDGE_CURVE('',#5254,#5255,#1993,.T.);
#6529=EDGE_CURVE('',#5255,#5256,#4528,.T.);
#6530=EDGE_CURVE('',#5256,#5257,#1994,.T.);
#6531=EDGE_CURVE('',#5257,#5258,#4529,.T.);
#6532=EDGE_CURVE('',#5258,#5259,#1995,.T.);
#6533=EDGE_CURVE('',#5259,#5260,#4530,.T.);
#6534=EDGE_CURVE('',#5260,#5253,#1996,.T.);
#6535=EDGE_CURVE('',#5261,#5262,#4531,.T.);
#6536=EDGE_CURVE('',#5262,#5263,#1997,.T.);
#6537=EDGE_CURVE('',#5263,#5264,#4532,.T.);
#6538=EDGE_CURVE('',#5264,#5265,#1998,.T.);
#6539=EDGE_CURVE('',#5265,#5266,#4533,.T.);
#6540=EDGE_CURVE('',#5266,#5267,#1999,.T.);
#6541=EDGE_CURVE('',#5267,#5268,#4534,.T.);
#6542=EDGE_CURVE('',#5268,#5261,#2000,.T.);
#6543=EDGE_CURVE('',#5269,#5270,#4535,.T.);
#6544=EDGE_CURVE('',#5270,#5271,#2001,.T.);
#6545=EDGE_CURVE('',#5271,#5272,#4536,.T.);
#6546=EDGE_CURVE('',#5272,#5273,#2002,.T.);
#6547=EDGE_CURVE('',#5273,#5274,#4537,.T.);
#6548=EDGE_CURVE('',#5274,#5275,#2003,.T.);
#6549=EDGE_CURVE('',#5275,#5276,#4538,.T.);
#6550=EDGE_CURVE('',#5276,#5269,#2004,.T.);
#6551=EDGE_CURVE('',#5277,#5278,#4539,.T.);
#6552=EDGE_CURVE('',#5278,#5279,#2005,.T.);
#6553=EDGE_CURVE('',#5279,#5280,#4540,.T.);
#6554=EDGE_CURVE('',#5280,#5281,#2006,.T.);
#6555=EDGE_CURVE('',#5281,#5282,#4541,.T.);
#6556=EDGE_CURVE('',#5282,#5283,#2007,.T.);
#6557=EDGE_CURVE('',#5283,#5284,#4542,.T.);
#6558=EDGE_CURVE('',#5284,#5277,#2008,.T.);
#6559=EDGE_CURVE('',#5285,#5286,#4543,.T.);
#6560=EDGE_CURVE('',#5286,#5287,#2009,.T.);
#6561=EDGE_CURVE('',#5287,#5288,#4544,.T.);
#6562=EDGE_CURVE('',#5288,#5289,#2010,.T.);
#6563=EDGE_CURVE('',#5289,#5290,#4545,.T.);
#6564=EDGE_CURVE('',#5290,#5291,#2011,.T.);
#6565=EDGE_CURVE('',#5291,#5292,#4546,.T.);
#6566=EDGE_CURVE('',#5292,#5285,#2012,.T.);
#6567=EDGE_CURVE('',#5293,#5294,#2013,.T.);
#6568=EDGE_CURVE('',#5294,#5295,#4547,.T.);
#6569=EDGE_CURVE('',#5295,#5296,#2014,.T.);
#6570=EDGE_CURVE('',#5296,#5297,#4548,.T.);
#6571=EDGE_CURVE('',#5297,#5298,#2015,.T.);
#6572=EDGE_CURVE('',#5298,#5299,#4549,.T.);
#6573=EDGE_CURVE('',#5299,#5300,#2016,.T.);
#6574=EDGE_CURVE('',#5300,#5293,#4550,.T.);
#6575=EDGE_CURVE('',#5301,#5302,#4551,.T.);
#6576=EDGE_CURVE('',#5302,#5303,#2017,.T.);
#6577=EDGE_CURVE('',#5303,#5304,#4552,.T.);
#6578=EDGE_CURVE('',#5304,#5305,#2018,.T.);
#6579=EDGE_CURVE('',#5305,#5306,#4553,.T.);
#6580=EDGE_CURVE('',#5306,#5307,#2019,.T.);
#6581=EDGE_CURVE('',#5307,#5308,#4554,.T.);
#6582=EDGE_CURVE('',#5308,#5301,#2020,.T.);
#6583=EDGE_CURVE('',#5309,#5310,#4555,.T.);
#6584=EDGE_CURVE('',#5310,#5311,#2021,.T.);
#6585=EDGE_CURVE('',#5311,#5312,#4556,.T.);
#6586=EDGE_CURVE('',#5312,#5313,#2022,.T.);
#6587=EDGE_CURVE('',#5313,#5314,#4557,.T.);
#6588=EDGE_CURVE('',#5314,#5315,#2023,.T.);
#6589=EDGE_CURVE('',#5315,#5316,#4558,.T.);
#6590=EDGE_CURVE('',#5316,#5309,#2024,.T.);
#6591=EDGE_CURVE('',#5317,#5318,#4559,.T.);
#6592=EDGE_CURVE('',#5318,#5319,#2025,.T.);
#6593=EDGE_CURVE('',#5319,#5320,#4560,.T.);
#6594=EDGE_CURVE('',#5320,#5321,#2026,.T.);
#6595=EDGE_CURVE('',#5321,#5322,#4561,.T.);
#6596=EDGE_CURVE('',#5322,#5323,#2027,.T.);
#6597=EDGE_CURVE('',#5323,#5324,#4562,.T.);
#6598=EDGE_CURVE('',#5324,#5317,#2028,.T.);
#6599=EDGE_CURVE('',#5325,#5326,#2029,.T.);
#6600=EDGE_CURVE('',#5326,#5327,#4563,.T.);
#6601=EDGE_CURVE('',#5327,#5328,#2030,.T.);
#6602=EDGE_CURVE('',#5328,#5329,#4564,.T.);
#6603=EDGE_CURVE('',#5329,#5330,#2031,.T.);
#6604=EDGE_CURVE('',#5330,#5331,#4565,.T.);
#6605=EDGE_CURVE('',#5331,#5332,#2032,.T.);
#6606=EDGE_CURVE('',#5332,#5325,#4566,.T.);
#6607=EDGE_CURVE('',#5333,#5334,#4567,.T.);
#6608=EDGE_CURVE('',#5334,#5335,#2033,.T.);
#6609=EDGE_CURVE('',#5335,#5336,#4568,.T.);
#6610=EDGE_CURVE('',#5336,#5337,#2034,.T.);
#6611=EDGE_CURVE('',#5337,#5338,#4569,.T.);
#6612=EDGE_CURVE('',#5338,#5339,#2035,.T.);
#6613=EDGE_CURVE('',#5339,#5340,#4570,.T.);
#6614=EDGE_CURVE('',#5340,#5333,#2036,.T.);
#6615=EDGE_CURVE('',#5341,#5342,#2037,.T.);
#6616=EDGE_CURVE('',#5342,#5343,#4571,.T.);
#6617=EDGE_CURVE('',#5343,#5344,#2038,.T.);
#6618=EDGE_CURVE('',#5344,#5345,#4572,.T.);
#6619=EDGE_CURVE('',#5345,#5346,#2039,.T.);
#6620=EDGE_CURVE('',#5346,#5347,#4573,.T.);
#6621=EDGE_CURVE('',#5347,#5348,#2040,.T.);
#6622=EDGE_CURVE('',#5348,#5341,#4574,.T.);
#6623=EDGE_CURVE('',#5349,#5350,#2041,.T.);
#6624=EDGE_CURVE('',#5350,#5351,#4575,.T.);
#6625=EDGE_CURVE('',#5351,#5352,#2042,.T.);
#6626=EDGE_CURVE('',#5352,#5353,#4576,.T.);
#6627=EDGE_CURVE('',#5353,#5354,#2043,.T.);
#6628=EDGE_CURVE('',#5354,#5355,#4577,.T.);
#6629=EDGE_CURVE('',#5355,#5356,#2044,.T.);
#6630=EDGE_CURVE('',#5356,#5349,#4578,.T.);
#6631=EDGE_CURVE('',#5357,#5358,#4579,.T.);
#6632=EDGE_CURVE('',#5358,#5359,#2045,.T.);
#6633=EDGE_CURVE('',#5359,#5360,#4580,.T.);
#6634=EDGE_CURVE('',#5360,#5361,#2046,.T.);
#6635=EDGE_CURVE('',#5361,#5362,#4581,.T.);
#6636=EDGE_CURVE('',#5362,#5363,#2047,.T.);
#6637=EDGE_CURVE('',#5363,#5364,#4582,.T.);
#6638=EDGE_CURVE('',#5364,#5357,#2048,.T.);
#6639=EDGE_CURVE('',#5365,#5366,#4583,.T.);
#6640=EDGE_CURVE('',#5366,#5367,#2049,.T.);
#6641=EDGE_CURVE('',#5367,#5368,#4584,.T.);
#6642=EDGE_CURVE('',#5368,#5369,#2050,.T.);
#6643=EDGE_CURVE('',#5369,#5370,#4585,.T.);
#6644=EDGE_CURVE('',#5370,#5371,#2051,.T.);
#6645=EDGE_CURVE('',#5371,#5372,#4586,.T.);
#6646=EDGE_CURVE('',#5372,#5365,#2052,.T.);
#6647=EDGE_CURVE('',#5373,#5374,#4587,.T.);
#6648=EDGE_CURVE('',#5374,#5375,#2053,.T.);
#6649=EDGE_CURVE('',#5375,#5376,#4588,.T.);
#6650=EDGE_CURVE('',#5376,#5377,#2054,.T.);
#6651=EDGE_CURVE('',#5377,#5378,#4589,.T.);
#6652=EDGE_CURVE('',#5378,#5379,#2055,.T.);
#6653=EDGE_CURVE('',#5379,#5380,#4590,.T.);
#6654=EDGE_CURVE('',#5380,#5373,#2056,.T.);
#6655=EDGE_CURVE('',#5381,#5382,#4591,.T.);
#6656=EDGE_CURVE('',#5382,#5383,#2057,.T.);
#6657=EDGE_CURVE('',#5383,#5384,#4592,.T.);
#6658=EDGE_CURVE('',#5384,#5385,#2058,.T.);
#6659=EDGE_CURVE('',#5385,#5386,#4593,.T.);
#6660=EDGE_CURVE('',#5386,#5387,#2059,.T.);
#6661=EDGE_CURVE('',#5387,#5388,#4594,.T.);
#6662=EDGE_CURVE('',#5388,#5381,#2060,.T.);
#6663=EDGE_CURVE('',#5389,#5390,#4595,.T.);
#6664=EDGE_CURVE('',#5389,#5391,#2061,.T.);
#6665=EDGE_CURVE('',#5392,#5391,#4596,.T.);
#6666=EDGE_CURVE('',#5392,#5393,#2062,.T.);
#6667=EDGE_CURVE('',#5394,#5393,#4597,.T.);
#6668=EDGE_CURVE('',#5394,#5395,#2063,.T.);
#6669=EDGE_CURVE('',#5396,#5395,#4598,.T.);
#6670=EDGE_CURVE('',#5396,#5397,#2064,.T.);
#6671=EDGE_CURVE('',#5398,#5397,#4599,.T.);
#6672=EDGE_CURVE('',#5398,#5399,#2065,.T.);
#6673=EDGE_CURVE('',#5400,#5399,#4600,.T.);
#6674=EDGE_CURVE('',#5400,#5401,#2066,.T.);
#6675=EDGE_CURVE('',#5402,#5401,#4601,.T.);
#6676=EDGE_CURVE('',#5402,#5403,#2067,.T.);
#6677=EDGE_CURVE('',#5404,#5403,#4602,.T.);
#6678=EDGE_CURVE('',#5404,#5390,#2068,.T.);
#6679=EDGE_CURVE('',#5405,#5406,#4603,.T.);
#6680=EDGE_CURVE('',#5405,#5407,#2069,.T.);
#6681=EDGE_CURVE('',#5408,#5407,#4604,.T.);
#6682=EDGE_CURVE('',#5408,#5409,#2070,.T.);
#6683=EDGE_CURVE('',#5410,#5409,#4605,.T.);
#6684=EDGE_CURVE('',#5410,#5411,#2071,.T.);
#6685=EDGE_CURVE('',#5412,#5411,#4606,.T.);
#6686=EDGE_CURVE('',#5412,#5413,#2072,.T.);
#6687=EDGE_CURVE('',#5414,#5413,#4607,.T.);
#6688=EDGE_CURVE('',#5414,#5415,#2073,.T.);
#6689=EDGE_CURVE('',#5416,#5415,#4608,.T.);
#6690=EDGE_CURVE('',#5416,#5417,#2074,.T.);
#6691=EDGE_CURVE('',#5418,#5417,#4609,.T.);
#6692=EDGE_CURVE('',#5418,#5419,#2075,.T.);
#6693=EDGE_CURVE('',#5420,#5419,#4610,.T.);
#6694=EDGE_CURVE('',#5420,#5406,#2076,.T.);
#6695=EDGE_CURVE('',#5421,#5422,#4611,.T.);
#6696=EDGE_CURVE('',#5422,#5423,#2077,.T.);
#6697=EDGE_CURVE('',#5423,#5424,#4612,.T.);
#6698=EDGE_CURVE('',#5424,#5425,#2078,.T.);
#6699=EDGE_CURVE('',#5425,#5426,#4613,.T.);
#6700=EDGE_CURVE('',#5426,#5427,#2079,.T.);
#6701=EDGE_CURVE('',#5427,#5428,#4614,.T.);
#6702=EDGE_CURVE('',#5428,#5421,#2080,.T.);
#6703=EDGE_CURVE('',#5429,#5430,#4615,.T.);
#6704=EDGE_CURVE('',#5430,#5431,#2081,.T.);
#6705=EDGE_CURVE('',#5431,#5432,#4616,.T.);
#6706=EDGE_CURVE('',#5432,#5433,#2082,.T.);
#6707=EDGE_CURVE('',#5433,#5434,#4617,.T.);
#6708=EDGE_CURVE('',#5434,#5435,#2083,.T.);
#6709=EDGE_CURVE('',#5435,#5436,#4618,.T.);
#6710=EDGE_CURVE('',#5436,#5429,#2084,.T.);
#6711=EDGE_CURVE('',#5437,#5438,#2085,.T.);
#6712=EDGE_CURVE('',#5438,#5439,#4619,.T.);
#6713=EDGE_CURVE('',#5439,#5440,#2086,.T.);
#6714=EDGE_CURVE('',#5440,#5441,#4620,.T.);
#6715=EDGE_CURVE('',#5441,#5442,#2087,.T.);
#6716=EDGE_CURVE('',#5442,#5443,#4621,.T.);
#6717=EDGE_CURVE('',#5443,#5444,#2088,.T.);
#6718=EDGE_CURVE('',#5444,#5437,#4622,.T.);
#6719=EDGE_CURVE('',#5445,#5446,#2089,.T.);
#6720=EDGE_CURVE('',#5446,#5447,#4623,.T.);
#6721=EDGE_CURVE('',#5447,#5448,#2090,.T.);
#6722=EDGE_CURVE('',#5448,#5449,#4624,.T.);
#6723=EDGE_CURVE('',#5449,#5450,#2091,.T.);
#6724=EDGE_CURVE('',#5450,#5451,#4625,.T.);
#6725=EDGE_CURVE('',#5451,#5452,#2092,.T.);
#6726=EDGE_CURVE('',#5452,#5445,#4626,.T.);
#6727=EDGE_CURVE('',#5453,#5454,#4627,.T.);
#6728=EDGE_CURVE('',#5454,#5455,#2093,.T.);
#6729=EDGE_CURVE('',#5455,#5456,#4628,.T.);
#6730=EDGE_CURVE('',#5456,#5457,#2094,.T.);
#6731=EDGE_CURVE('',#5457,#5458,#4629,.T.);
#6732=EDGE_CURVE('',#5458,#5459,#2095,.T.);
#6733=EDGE_CURVE('',#5459,#5460,#4630,.T.);
#6734=EDGE_CURVE('',#5460,#5453,#2096,.T.);
#6735=EDGE_CURVE('',#5461,#5462,#4631,.T.);
#6736=EDGE_CURVE('',#5462,#5463,#2097,.T.);
#6737=EDGE_CURVE('',#5463,#5464,#4632,.T.);
#6738=EDGE_CURVE('',#5464,#5465,#2098,.T.);
#6739=EDGE_CURVE('',#5465,#5466,#4633,.T.);
#6740=EDGE_CURVE('',#5466,#5467,#2099,.T.);
#6741=EDGE_CURVE('',#5467,#5468,#4634,.T.);
#6742=EDGE_CURVE('',#5468,#5461,#2100,.T.);
#6743=EDGE_CURVE('',#5469,#5470,#4635,.T.);
#6744=EDGE_CURVE('',#5470,#5471,#2101,.T.);
#6745=EDGE_CURVE('',#5471,#5472,#4636,.T.);
#6746=EDGE_CURVE('',#5472,#5473,#2102,.T.);
#6747=EDGE_CURVE('',#5473,#5474,#4637,.T.);
#6748=EDGE_CURVE('',#5474,#5475,#2103,.T.);
#6749=EDGE_CURVE('',#5475,#5476,#4638,.T.);
#6750=EDGE_CURVE('',#5476,#5469,#2104,.T.);
#6751=EDGE_CURVE('',#5477,#5478,#4639,.T.);
#6752=EDGE_CURVE('',#5478,#5479,#2105,.T.);
#6753=EDGE_CURVE('',#5479,#5480,#4640,.T.);
#6754=EDGE_CURVE('',#5480,#5481,#2106,.T.);
#6755=EDGE_CURVE('',#5481,#5482,#4641,.T.);
#6756=EDGE_CURVE('',#5482,#5483,#2107,.T.);
#6757=EDGE_CURVE('',#5483,#5484,#4642,.T.);
#6758=EDGE_CURVE('',#5484,#5477,#2108,.T.);
#6759=EDGE_CURVE('',#5485,#5486,#2109,.T.);
#6760=EDGE_CURVE('',#5486,#5487,#4643,.T.);
#6761=EDGE_CURVE('',#5487,#5488,#2110,.T.);
#6762=EDGE_CURVE('',#5488,#5489,#4644,.T.);
#6763=EDGE_CURVE('',#5489,#5490,#2111,.T.);
#6764=EDGE_CURVE('',#5490,#5491,#4645,.T.);
#6765=EDGE_CURVE('',#5491,#5492,#2112,.T.);
#6766=EDGE_CURVE('',#5492,#5485,#4646,.T.);
#6767=EDGE_CURVE('',#5493,#5494,#4647,.T.);
#6768=EDGE_CURVE('',#5494,#5495,#2113,.T.);
#6769=EDGE_CURVE('',#5495,#5496,#4648,.T.);
#6770=EDGE_CURVE('',#5496,#5497,#2114,.T.);
#6771=EDGE_CURVE('',#5497,#5498,#4649,.T.);
#6772=EDGE_CURVE('',#5498,#5499,#2115,.T.);
#6773=EDGE_CURVE('',#5499,#5500,#4650,.T.);
#6774=EDGE_CURVE('',#5500,#5493,#2116,.T.);
#6775=EDGE_CURVE('',#5501,#5502,#4651,.T.);
#6776=EDGE_CURVE('',#5502,#5503,#2117,.T.);
#6777=EDGE_CURVE('',#5503,#5504,#4652,.T.);
#6778=EDGE_CURVE('',#5504,#5505,#2118,.T.);
#6779=EDGE_CURVE('',#5505,#5506,#4653,.T.);
#6780=EDGE_CURVE('',#5506,#5507,#2119,.T.);
#6781=EDGE_CURVE('',#5507,#5508,#4654,.T.);
#6782=EDGE_CURVE('',#5508,#5501,#2120,.T.);
#6783=EDGE_CURVE('',#5509,#5510,#4655,.T.);
#6784=EDGE_CURVE('',#5510,#5511,#2121,.T.);
#6785=EDGE_CURVE('',#5511,#5512,#4656,.T.);
#6786=EDGE_CURVE('',#5512,#5513,#2122,.T.);
#6787=EDGE_CURVE('',#5513,#5514,#4657,.T.);
#6788=EDGE_CURVE('',#5514,#5515,#2123,.T.);
#6789=EDGE_CURVE('',#5515,#5516,#4658,.T.);
#6790=EDGE_CURVE('',#5516,#5509,#2124,.T.);
#6791=EDGE_CURVE('',#5517,#5518,#2125,.T.);
#6792=EDGE_CURVE('',#5518,#5519,#4659,.T.);
#6793=EDGE_CURVE('',#5519,#5520,#2126,.T.);
#6794=EDGE_CURVE('',#5520,#5521,#4660,.T.);
#6795=EDGE_CURVE('',#5521,#5522,#2127,.T.);
#6796=EDGE_CURVE('',#5522,#5523,#4661,.T.);
#6797=EDGE_CURVE('',#5523,#5524,#2128,.T.);
#6798=EDGE_CURVE('',#5524,#5517,#4662,.T.);
#6799=EDGE_CURVE('',#5525,#5526,#4663,.T.);
#6800=EDGE_CURVE('',#5526,#5527,#2129,.T.);
#6801=EDGE_CURVE('',#5527,#5528,#4664,.T.);
#6802=EDGE_CURVE('',#5528,#5529,#2130,.T.);
#6803=EDGE_CURVE('',#5529,#5530,#4665,.T.);
#6804=EDGE_CURVE('',#5530,#5531,#2131,.T.);
#6805=EDGE_CURVE('',#5531,#5532,#4666,.T.);
#6806=EDGE_CURVE('',#5532,#5525,#2132,.T.);
#6807=EDGE_CURVE('',#5533,#5534,#4667,.T.);
#6808=EDGE_CURVE('',#5534,#5535,#2133,.T.);
#6809=EDGE_CURVE('',#5535,#5536,#4668,.T.);
#6810=EDGE_CURVE('',#5536,#5537,#2134,.T.);
#6811=EDGE_CURVE('',#5537,#5538,#4669,.T.);
#6812=EDGE_CURVE('',#5538,#5539,#2135,.T.);
#6813=EDGE_CURVE('',#5539,#5540,#4670,.T.);
#6814=EDGE_CURVE('',#5540,#5533,#2136,.T.);
#6815=EDGE_CURVE('',#5541,#5542,#4671,.T.);
#6816=EDGE_CURVE('',#5542,#5543,#2137,.T.);
#6817=EDGE_CURVE('',#5543,#5544,#4672,.T.);
#6818=EDGE_CURVE('',#5544,#5545,#2138,.T.);
#6819=EDGE_CURVE('',#5545,#5546,#4673,.T.);
#6820=EDGE_CURVE('',#5546,#5547,#2139,.T.);
#6821=EDGE_CURVE('',#5547,#5548,#4674,.T.);
#6822=EDGE_CURVE('',#5548,#5541,#2140,.T.);
#6823=EDGE_CURVE('',#5549,#5550,#4675,.T.);
#6824=EDGE_CURVE('',#5549,#5551,#2141,.T.);
#6825=EDGE_CURVE('',#5552,#5551,#4676,.T.);
#6826=EDGE_CURVE('',#5552,#5553,#2142,.T.);
#6827=EDGE_CURVE('',#5554,#5553,#4677,.T.);
#6828=EDGE_CURVE('',#5554,#5555,#2143,.T.);
#6829=EDGE_CURVE('',#5556,#5555,#4678,.T.);
#6830=EDGE_CURVE('',#5556,#5557,#2144,.T.);
#6831=EDGE_CURVE('',#5558,#5557,#4679,.T.);
#6832=EDGE_CURVE('',#5558,#5559,#2145,.T.);
#6833=EDGE_CURVE('',#5560,#5559,#4680,.T.);
#6834=EDGE_CURVE('',#5560,#5561,#2146,.T.);
#6835=EDGE_CURVE('',#5562,#5561,#4681,.T.);
#6836=EDGE_CURVE('',#5562,#5563,#2147,.T.);
#6837=EDGE_CURVE('',#5564,#5563,#4682,.T.);
#6838=EDGE_CURVE('',#5564,#5550,#2148,.T.);
#6839=EDGE_CURVE('',#5565,#5566,#4683,.T.);
#6840=EDGE_CURVE('',#5565,#5567,#2149,.T.);
#6841=EDGE_CURVE('',#5568,#5567,#4684,.T.);
#6842=EDGE_CURVE('',#5568,#5569,#2150,.T.);
#6843=EDGE_CURVE('',#5570,#5569,#4685,.T.);
#6844=EDGE_CURVE('',#5570,#5571,#2151,.T.);
#6845=EDGE_CURVE('',#5572,#5571,#4686,.T.);
#6846=EDGE_CURVE('',#5572,#5573,#2152,.T.);
#6847=EDGE_CURVE('',#5574,#5573,#4687,.T.);
#6848=EDGE_CURVE('',#5574,#5575,#2153,.T.);
#6849=EDGE_CURVE('',#5576,#5575,#4688,.T.);
#6850=EDGE_CURVE('',#5576,#5577,#2154,.T.);
#6851=EDGE_CURVE('',#5578,#5577,#4689,.T.);
#6852=EDGE_CURVE('',#5578,#5579,#2155,.T.);
#6853=EDGE_CURVE('',#5580,#5579,#4690,.T.);
#6854=EDGE_CURVE('',#5580,#5566,#2156,.T.);
#6855=EDGE_CURVE('',#5581,#5582,#2157,.T.);
#6856=EDGE_CURVE('',#5582,#5583,#4691,.T.);
#6857=EDGE_CURVE('',#5583,#5584,#2158,.T.);
#6858=EDGE_CURVE('',#5584,#5585,#4692,.T.);
#6859=EDGE_CURVE('',#5585,#5586,#2159,.T.);
#6860=EDGE_CURVE('',#5586,#5587,#4693,.T.);
#6861=EDGE_CURVE('',#5587,#5588,#2160,.T.);
#6862=EDGE_CURVE('',#5588,#5581,#4694,.T.);
#6863=EDGE_CURVE('',#5589,#5590,#4695,.T.);
#6864=EDGE_CURVE('',#5590,#5591,#2161,.T.);
#6865=EDGE_CURVE('',#5591,#5592,#4696,.T.);
#6866=EDGE_CURVE('',#5592,#5593,#2162,.T.);
#6867=EDGE_CURVE('',#5593,#5594,#4697,.T.);
#6868=EDGE_CURVE('',#5594,#5595,#2163,.T.);
#6869=EDGE_CURVE('',#5595,#5596,#4698,.T.);
#6870=EDGE_CURVE('',#5596,#5589,#2164,.T.);
#6871=EDGE_CURVE('',#5597,#5598,#4699,.T.);
#6872=EDGE_CURVE('',#5598,#5599,#2165,.T.);
#6873=EDGE_CURVE('',#5599,#5600,#4700,.T.);
#6874=EDGE_CURVE('',#5600,#5601,#2166,.T.);
#6875=EDGE_CURVE('',#5601,#5602,#4701,.T.);
#6876=EDGE_CURVE('',#5602,#5603,#2167,.T.);
#6877=EDGE_CURVE('',#5603,#5604,#4702,.T.);
#6878=EDGE_CURVE('',#5604,#5597,#2168,.T.);
#6879=EDGE_CURVE('',#5605,#5606,#4703,.T.);
#6880=EDGE_CURVE('',#5606,#5607,#2169,.T.);
#6881=EDGE_CURVE('',#5607,#5608,#4704,.T.);
#6882=EDGE_CURVE('',#5608,#5609,#2170,.T.);
#6883=EDGE_CURVE('',#5609,#5610,#4705,.T.);
#6884=EDGE_CURVE('',#5610,#5611,#2171,.T.);
#6885=EDGE_CURVE('',#5611,#5612,#4706,.T.);
#6886=EDGE_CURVE('',#5612,#5605,#2172,.T.);
#6887=EDGE_CURVE('',#5613,#5614,#4707,.T.);
#6888=EDGE_CURVE('',#5614,#5615,#2173,.T.);
#6889=EDGE_CURVE('',#5615,#5616,#4708,.T.);
#6890=EDGE_CURVE('',#5616,#5617,#2174,.T.);
#6891=EDGE_CURVE('',#5617,#5618,#4709,.T.);
#6892=EDGE_CURVE('',#5618,#5619,#2175,.T.);
#6893=EDGE_CURVE('',#5619,#5620,#4710,.T.);
#6894=EDGE_CURVE('',#5620,#5613,#2176,.T.);
#6895=EDGE_CURVE('',#5621,#5622,#4711,.T.);
#6896=EDGE_CURVE('',#5622,#5623,#2177,.T.);
#6897=EDGE_CURVE('',#5623,#5624,#4712,.T.);
#6898=EDGE_CURVE('',#5624,#5625,#2178,.T.);
#6899=EDGE_CURVE('',#5625,#5626,#4713,.T.);
#6900=EDGE_CURVE('',#5626,#5627,#2179,.T.);
#6901=EDGE_CURVE('',#5627,#5628,#4714,.T.);
#6902=EDGE_CURVE('',#5628,#5621,#2180,.T.);
#6903=EDGE_CURVE('',#5629,#5630,#4715,.T.);
#6904=EDGE_CURVE('',#5630,#5631,#2181,.T.);
#6905=EDGE_CURVE('',#5631,#5632,#4716,.T.);
#6906=EDGE_CURVE('',#5632,#5633,#2182,.T.);
#6907=EDGE_CURVE('',#5633,#5634,#4717,.T.);
#6908=EDGE_CURVE('',#5634,#5635,#2183,.T.);
#6909=EDGE_CURVE('',#5635,#5636,#4718,.T.);
#6910=EDGE_CURVE('',#5636,#5629,#2184,.T.);
#6911=EDGE_CURVE('',#5637,#5638,#2185,.T.);
#6912=EDGE_CURVE('',#5638,#5639,#4719,.T.);
#6913=EDGE_CURVE('',#5639,#5640,#2186,.T.);
#6914=EDGE_CURVE('',#5640,#5641,#4720,.T.);
#6915=EDGE_CURVE('',#5641,#5642,#2187,.T.);
#6916=EDGE_CURVE('',#5642,#5643,#4721,.T.);
#6917=EDGE_CURVE('',#5643,#5644,#2188,.T.);
#6918=EDGE_CURVE('',#5644,#5637,#4722,.T.);
#6919=EDGE_CURVE('',#5645,#5646,#2189,.T.);
#6920=EDGE_CURVE('',#5646,#5647,#4723,.T.);
#6921=EDGE_CURVE('',#5647,#5648,#2190,.T.);
#6922=EDGE_CURVE('',#5648,#5649,#4724,.T.);
#6923=EDGE_CURVE('',#5649,#5650,#2191,.T.);
#6924=EDGE_CURVE('',#5650,#5651,#4725,.T.);
#6925=EDGE_CURVE('',#5651,#5652,#2192,.T.);
#6926=EDGE_CURVE('',#5652,#5645,#4726,.T.);
#6927=EDGE_CURVE('',#5653,#5654,#2193,.T.);
#6928=EDGE_CURVE('',#5654,#5655,#4727,.T.);
#6929=EDGE_CURVE('',#5655,#5656,#2194,.T.);
#6930=EDGE_CURVE('',#5656,#5657,#4728,.T.);
#6931=EDGE_CURVE('',#5657,#5658,#2195,.T.);
#6932=EDGE_CURVE('',#5658,#5659,#4729,.T.);
#6933=EDGE_CURVE('',#5659,#5660,#2196,.T.);
#6934=EDGE_CURVE('',#5660,#5653,#4730,.T.);
#6935=EDGE_CURVE('',#5661,#5662,#4731,.T.);
#6936=EDGE_CURVE('',#5662,#5663,#2197,.T.);
#6937=EDGE_CURVE('',#5663,#5664,#4732,.T.);
#6938=EDGE_CURVE('',#5664,#5665,#2198,.T.);
#6939=EDGE_CURVE('',#5665,#5666,#4733,.T.);
#6940=EDGE_CURVE('',#5666,#5667,#2199,.T.);
#6941=EDGE_CURVE('',#5667,#5668,#4734,.T.);
#6942=EDGE_CURVE('',#5668,#5661,#2200,.T.);
#6943=EDGE_CURVE('',#5669,#5670,#4735,.T.);
#6944=EDGE_CURVE('',#5670,#5671,#2201,.T.);
#6945=EDGE_CURVE('',#5671,#5672,#4736,.T.);
#6946=EDGE_CURVE('',#5672,#5673,#2202,.T.);
#6947=EDGE_CURVE('',#5673,#5674,#4737,.T.);
#6948=EDGE_CURVE('',#5674,#5675,#2203,.T.);
#6949=EDGE_CURVE('',#5675,#5676,#4738,.T.);
#6950=EDGE_CURVE('',#5676,#5669,#2204,.T.);
#6951=EDGE_CURVE('',#5677,#5678,#4739,.T.);
#6952=EDGE_CURVE('',#5678,#5679,#2205,.T.);
#6953=EDGE_CURVE('',#5679,#5680,#4740,.T.);
#6954=EDGE_CURVE('',#5680,#5681,#2206,.T.);
#6955=EDGE_CURVE('',#5681,#5682,#4741,.T.);
#6956=EDGE_CURVE('',#5682,#5683,#2207,.T.);
#6957=EDGE_CURVE('',#5683,#5684,#4742,.T.);
#6958=EDGE_CURVE('',#5684,#5677,#2208,.T.);
#6959=EDGE_CURVE('',#5685,#5686,#4743,.T.);
#6960=EDGE_CURVE('',#5686,#5687,#2209,.T.);
#6961=EDGE_CURVE('',#5687,#5688,#4744,.T.);
#6962=EDGE_CURVE('',#5688,#5689,#2210,.T.);
#6963=EDGE_CURVE('',#5689,#5690,#4745,.T.);
#6964=EDGE_CURVE('',#5690,#5691,#2211,.T.);
#6965=EDGE_CURVE('',#5691,#5692,#4746,.T.);
#6966=EDGE_CURVE('',#5692,#5685,#2212,.T.);
#6967=EDGE_CURVE('',#5693,#5694,#2213,.T.);
#6968=EDGE_CURVE('',#5694,#5695,#4747,.T.);
#6969=EDGE_CURVE('',#5695,#5696,#2214,.T.);
#6970=EDGE_CURVE('',#5696,#5697,#4748,.T.);
#6971=EDGE_CURVE('',#5697,#5698,#2215,.T.);
#6972=EDGE_CURVE('',#5698,#5699,#4749,.T.);
#6973=EDGE_CURVE('',#5699,#5700,#2216,.T.);
#6974=EDGE_CURVE('',#5700,#5693,#4750,.T.);
#6975=EDGE_CURVE('',#5701,#5702,#4751,.T.);
#6976=EDGE_CURVE('',#5702,#5703,#2217,.T.);
#6977=EDGE_CURVE('',#5703,#5704,#4752,.T.);
#6978=EDGE_CURVE('',#5704,#5705,#2218,.T.);
#6979=EDGE_CURVE('',#5705,#5706,#4753,.T.);
#6980=EDGE_CURVE('',#5706,#5707,#2219,.T.);
#6981=EDGE_CURVE('',#5707,#5708,#4754,.T.);
#6982=EDGE_CURVE('',#5708,#5701,#2220,.T.);
#6983=EDGE_CURVE('',#5709,#5710,#4755,.T.);
#6984=EDGE_CURVE('',#5710,#5711,#2221,.T.);
#6985=EDGE_CURVE('',#5711,#5712,#4756,.T.);
#6986=EDGE_CURVE('',#5712,#5713,#2222,.T.);
#6987=EDGE_CURVE('',#5713,#5714,#4757,.T.);
#6988=EDGE_CURVE('',#5714,#5715,#2223,.T.);
#6989=EDGE_CURVE('',#5715,#5716,#4758,.T.);
#6990=EDGE_CURVE('',#5716,#5709,#2224,.T.);
#6991=EDGE_CURVE('',#5717,#5717,#4759,.T.);
#6992=EDGE_CURVE('',#5718,#5718,#4760,.T.);
#6993=EDGE_CURVE('',#5719,#5719,#4761,.T.);
#6994=EDGE_CURVE('',#5099,#5720,#2225,.T.);
#6995=EDGE_CURVE('',#5720,#5721,#4762,.T.);
#6996=EDGE_CURVE('',#5721,#5100,#2226,.T.);
#6997=EDGE_CURVE('',#5722,#5098,#2227,.T.);
#6998=EDGE_CURVE('',#5720,#5722,#2228,.T.);
#6999=EDGE_CURVE('',#5150,#5723,#2229,.T.);
#7000=EDGE_CURVE('',#5723,#5724,#4763,.T.);
#7001=EDGE_CURVE('',#5724,#5149,#2230,.T.);
#7002=EDGE_CURVE('',#5725,#5164,#2231,.T.);
#7003=EDGE_CURVE('',#5725,#5723,#2232,.T.);
#7004=EDGE_CURVE('',#5159,#5726,#2233,.T.);
#7005=EDGE_CURVE('',#5726,#5727,#4764,.T.);
#7006=EDGE_CURVE('',#5727,#5160,#2234,.T.);
#7007=EDGE_CURVE('',#5728,#5158,#2235,.T.);
#7008=EDGE_CURVE('',#5728,#5726,#2236,.T.);
#7009=EDGE_CURVE('',#5390,#5729,#2237,.T.);
#7010=EDGE_CURVE('',#5729,#5730,#4765,.T.);
#7011=EDGE_CURVE('',#5730,#5389,#2238,.T.);
#7012=EDGE_CURVE('',#5731,#5404,#2239,.T.);
#7013=EDGE_CURVE('',#5731,#5729,#2240,.T.);
#7014=EDGE_CURVE('',#5395,#5732,#2241,.T.);
#7015=EDGE_CURVE('',#5732,#5733,#4766,.T.);
#7016=EDGE_CURVE('',#5733,#5396,#2242,.T.);
#7017=EDGE_CURVE('',#5734,#5394,#2243,.T.);
#7018=EDGE_CURVE('',#5734,#5732,#2244,.T.);
#7019=EDGE_CURVE('',#5406,#5735,#2245,.T.);
#7020=EDGE_CURVE('',#5735,#5736,#4767,.T.);
#7021=EDGE_CURVE('',#5736,#5405,#2246,.T.);
#7022=EDGE_CURVE('',#5737,#5420,#2247,.T.);
#7023=EDGE_CURVE('',#5737,#5735,#2248,.T.);
#7024=EDGE_CURVE('',#5411,#5738,#2249,.T.);
#7025=EDGE_CURVE('',#5738,#5739,#4768,.T.);
#7026=EDGE_CURVE('',#5739,#5412,#2250,.T.);
#7027=EDGE_CURVE('',#5740,#5410,#2251,.T.);
#7028=EDGE_CURVE('',#5740,#5738,#2252,.T.);
#7029=EDGE_CURVE('',#5166,#5741,#2253,.T.);
#7030=EDGE_CURVE('',#5741,#5742,#4769,.T.);
#7031=EDGE_CURVE('',#5742,#5165,#2254,.T.);
#7032=EDGE_CURVE('',#5743,#5180,#2255,.T.);
#7033=EDGE_CURVE('',#5743,#5741,#2256,.T.);
#7034=EDGE_CURVE('',#5175,#5744,#2257,.T.);
#7035=EDGE_CURVE('',#5744,#5745,#4770,.T.);
#7036=EDGE_CURVE('',#5745,#5176,#2258,.T.);
#7037=EDGE_CURVE('',#5746,#5174,#2259,.T.);
#7038=EDGE_CURVE('',#5746,#5744,#2260,.T.);
#7039=EDGE_CURVE('',#5566,#5747,#2261,.T.);
#7040=EDGE_CURVE('',#5747,#5748,#4771,.T.);
#7041=EDGE_CURVE('',#5748,#5565,#2262,.T.);
#7042=EDGE_CURVE('',#5749,#5580,#2263,.T.);
#7043=EDGE_CURVE('',#5749,#5747,#2264,.T.);
#7044=EDGE_CURVE('',#5575,#5750,#2265,.T.);
#7045=EDGE_CURVE('',#5750,#5751,#4772,.T.);
#7046=EDGE_CURVE('',#5751,#5576,#2266,.T.);
#7047=EDGE_CURVE('',#5752,#5574,#2267,.T.);
#7048=EDGE_CURVE('',#5752,#5750,#2268,.T.);
#7049=EDGE_CURVE('',#5550,#5753,#2269,.T.);
#7050=EDGE_CURVE('',#5753,#5754,#4773,.T.);
#7051=EDGE_CURVE('',#5754,#5549,#2270,.T.);
#7052=EDGE_CURVE('',#5755,#5564,#2271,.T.);
#7053=EDGE_CURVE('',#5755,#5753,#2272,.T.);
#7054=EDGE_CURVE('',#5559,#5756,#2273,.T.);
#7055=EDGE_CURVE('',#5756,#5757,#4774,.T.);
#7056=EDGE_CURVE('',#5757,#5560,#2274,.T.);
#7057=EDGE_CURVE('',#5757,#5758,#2275,.T.);
#7058=EDGE_CURVE('',#5561,#5758,#2276,.T.);
#7059=EDGE_CURVE('',#5759,#5760,#4775,.T.);
#7060=EDGE_CURVE('',#5760,#5129,#2277,.T.);
#7061=EDGE_CURVE('',#5128,#5759,#2278,.T.);
#7062=EDGE_CURVE('',#5761,#5760,#2279,.T.);
#7063=EDGE_CURVE('',#5130,#5761,#2280,.T.);
#7064=EDGE_CURVE('',#5762,#5763,#4776,.T.);
#7065=EDGE_CURVE('',#5763,#5124,#2281,.T.);
#7066=EDGE_CURVE('',#5123,#5762,#2282,.T.);
#7067=EDGE_CURVE('',#5764,#5763,#2283,.T.);
#7068=EDGE_CURVE('',#5764,#5125,#2284,.T.);
#7069=EDGE_CURVE('',#5765,#5766,#4777,.T.);
#7070=EDGE_CURVE('',#5766,#5120,#2285,.T.);
#7071=EDGE_CURVE('',#5119,#5765,#2286,.T.);
#7072=EDGE_CURVE('',#5767,#5766,#2287,.T.);
#7073=EDGE_CURVE('',#5767,#5121,#2288,.T.);
#7074=EDGE_CURVE('',#5768,#5769,#4778,.T.);
#7075=EDGE_CURVE('',#5769,#5118,#2289,.T.);
#7076=EDGE_CURVE('',#5117,#5768,#2290,.T.);
#7077=EDGE_CURVE('',#5765,#5769,#2291,.T.);
#7078=EDGE_CURVE('',#5770,#5771,#4779,.T.);
#7079=EDGE_CURVE('',#5771,#5114,#2292,.T.);
#7080=EDGE_CURVE('',#5113,#5770,#2293,.T.);
#7081=EDGE_CURVE('',#5772,#5771,#2294,.T.);
#7082=EDGE_CURVE('',#5772,#5115,#2295,.T.);
#7083=EDGE_CURVE('',#5773,#5774,#4780,.T.);
#7084=EDGE_CURVE('',#5774,#5109,#2296,.T.);
#7085=EDGE_CURVE('',#5108,#5773,#2297,.T.);
#7086=EDGE_CURVE('',#5775,#5774,#2298,.T.);
#7087=EDGE_CURVE('',#5775,#5110,#2299,.T.);
#7088=EDGE_CURVE('',#5776,#5777,#4781,.T.);
#7089=EDGE_CURVE('',#5777,#5107,#2300,.T.);
#7090=EDGE_CURVE('',#5106,#5776,#2301,.T.);
#7091=EDGE_CURVE('',#5773,#5777,#2302,.T.);
#7092=EDGE_CURVE('',#5778,#5779,#4782,.T.);
#7093=EDGE_CURVE('',#5779,#5102,#2303,.T.);
#7094=EDGE_CURVE('',#5101,#5778,#2304,.T.);
#7095=EDGE_CURVE('',#5780,#5779,#2305,.T.);
#7096=EDGE_CURVE('',#5780,#5103,#2306,.T.);
#7097=EDGE_CURVE('',#5781,#5782,#4783,.T.);
#7098=EDGE_CURVE('',#5782,#5094,#2307,.T.);
#7099=EDGE_CURVE('',#5093,#5781,#2308,.T.);
#7100=EDGE_CURVE('',#5783,#5782,#2309,.T.);
#7101=EDGE_CURVE('',#5783,#5095,#2310,.T.);
#7102=EDGE_CURVE('',#5784,#5722,#4784,.T.);
#7103=EDGE_CURVE('',#5097,#5784,#2311,.T.);
#7104=EDGE_CURVE('',#5785,#5786,#4785,.T.);
#7105=EDGE_CURVE('',#5786,#5088,#2312,.T.);
#7106=EDGE_CURVE('',#5087,#5785,#2313,.T.);
#7107=EDGE_CURVE('',#5787,#5786,#2314,.T.);
#7108=EDGE_CURVE('',#5787,#5089,#2315,.T.);
#7109=EDGE_CURVE('',#5788,#5789,#4786,.T.);
#7110=EDGE_CURVE('',#5789,#5092,#2316,.T.);
#7111=EDGE_CURVE('',#5091,#5788,#2317,.T.);
#7112=EDGE_CURVE('',#5781,#5789,#2318,.T.);
#7113=EDGE_CURVE('',#5790,#5086,#4787,.T.);
#7114=EDGE_CURVE('',#5135,#5790,#2319,.T.);
#7115=EDGE_CURVE('',#5761,#5791,#4788,.T.);
#7116=EDGE_CURVE('',#5791,#5131,#2320,.T.);
#7117=EDGE_CURVE('',#5792,#5791,#2321,.T.);
#7118=EDGE_CURVE('',#5792,#5132,#2322,.T.);
#7119=EDGE_CURVE('',#5758,#5793,#4789,.T.);
#7120=EDGE_CURVE('',#5793,#5562,#2323,.T.);
#7121=EDGE_CURVE('',#5793,#5794,#2324,.T.);
#7122=EDGE_CURVE('',#5563,#5794,#2325,.T.);
#7123=EDGE_CURVE('',#5794,#5755,#4790,.T.);
#7124=EDGE_CURVE('',#5795,#5796,#4791,.T.);
#7125=EDGE_CURVE('',#5796,#5552,#2326,.T.);
#7126=EDGE_CURVE('',#5551,#5795,#2327,.T.);
#7127=EDGE_CURVE('',#5796,#5797,#2328,.T.);
#7128=EDGE_CURVE('',#5553,#5797,#2329,.T.);
#7129=EDGE_CURVE('',#5798,#5799,#4792,.T.);
#7130=EDGE_CURVE('',#5799,#5558,#2330,.T.);
#7131=EDGE_CURVE('',#5557,#5798,#2331,.T.);
#7132=EDGE_CURVE('',#5799,#5756,#2332,.T.);
#7133=EDGE_CURVE('',#5800,#5801,#4793,.T.);
#7134=EDGE_CURVE('',#5801,#5556,#2333,.T.);
#7135=EDGE_CURVE('',#5555,#5800,#2334,.T.);
#7136=EDGE_CURVE('',#5801,#5798,#2335,.T.);
#7137=EDGE_CURVE('',#5797,#5802,#4794,.T.);
#7138=EDGE_CURVE('',#5802,#5554,#2336,.T.);
#7139=EDGE_CURVE('',#5802,#5800,#2337,.T.);
#7140=EDGE_CURVE('',#5803,#5804,#4795,.T.);
#7141=EDGE_CURVE('',#5804,#5578,#2338,.T.);
#7142=EDGE_CURVE('',#5577,#5803,#2339,.T.);
#7143=EDGE_CURVE('',#5804,#5805,#2340,.T.);
#7144=EDGE_CURVE('',#5579,#5805,#2341,.T.);
#7145=EDGE_CURVE('',#5805,#5749,#4796,.T.);
#7146=EDGE_CURVE('',#5806,#5807,#4797,.T.);
#7147=EDGE_CURVE('',#5807,#5568,#2342,.T.);
#7148=EDGE_CURVE('',#5567,#5806,#2343,.T.);
#7149=EDGE_CURVE('',#5807,#5808,#2344,.T.);
#7150=EDGE_CURVE('',#5569,#5808,#2345,.T.);
#7151=EDGE_CURVE('',#5809,#5752,#4798,.T.);
#7152=EDGE_CURVE('',#5573,#5809,#2346,.T.);
#7153=EDGE_CURVE('',#5810,#5811,#4799,.T.);
#7154=EDGE_CURVE('',#5811,#5572,#2347,.T.);
#7155=EDGE_CURVE('',#5571,#5810,#2348,.T.);
#7156=EDGE_CURVE('',#5811,#5809,#2349,.T.);
#7157=EDGE_CURVE('',#5808,#5812,#4800,.T.);
#7158=EDGE_CURVE('',#5812,#5570,#2350,.T.);
#7159=EDGE_CURVE('',#5812,#5810,#2351,.T.);
#7160=EDGE_CURVE('',#5813,#5814,#4801,.T.);
#7161=EDGE_CURVE('',#5814,#5178,#2352,.T.);
#7162=EDGE_CURVE('',#5177,#5813,#2353,.T.);
#7163=EDGE_CURVE('',#5814,#5815,#2354,.T.);
#7164=EDGE_CURVE('',#5179,#5815,#2355,.T.);
#7165=EDGE_CURVE('',#5815,#5743,#4802,.T.);
#7166=EDGE_CURVE('',#5816,#5817,#4803,.T.);
#7167=EDGE_CURVE('',#5817,#5168,#2356,.T.);
#7168=EDGE_CURVE('',#5167,#5816,#2357,.T.);
#7169=EDGE_CURVE('',#5817,#5818,#2358,.T.);
#7170=EDGE_CURVE('',#5169,#5818,#2359,.T.);
#7171=EDGE_CURVE('',#5819,#5746,#4804,.T.);
#7172=EDGE_CURVE('',#5173,#5819,#2360,.T.);
#7173=EDGE_CURVE('',#5820,#5821,#4805,.T.);
#7174=EDGE_CURVE('',#5821,#5172,#2361,.T.);
#7175=EDGE_CURVE('',#5171,#5820,#2362,.T.);
#7176=EDGE_CURVE('',#5821,#5819,#2363,.T.);
#7177=EDGE_CURVE('',#5818,#5822,#4806,.T.);
#7178=EDGE_CURVE('',#5822,#5170,#2364,.T.);
#7179=EDGE_CURVE('',#5822,#5820,#2365,.T.);
#7180=EDGE_CURVE('',#5823,#5725,#4807,.T.);
#7181=EDGE_CURVE('',#5163,#5823,#2366,.T.);
#7182=EDGE_CURVE('',#5824,#5825,#4808,.T.);
#7183=EDGE_CURVE('',#5825,#5162,#2367,.T.);
#7184=EDGE_CURVE('',#5161,#5824,#2368,.T.);
#7185=EDGE_CURVE('',#5825,#5823,#2369,.T.);
#7186=EDGE_CURVE('',#5826,#5728,#4809,.T.);
#7187=EDGE_CURVE('',#5157,#5826,#2370,.T.);
#7188=EDGE_CURVE('',#5827,#5828,#4810,.T.);
#7189=EDGE_CURVE('',#5828,#5152,#2371,.T.);
#7190=EDGE_CURVE('',#5151,#5827,#2372,.T.);
#7191=EDGE_CURVE('',#5828,#5829,#2373,.T.);
#7192=EDGE_CURVE('',#5153,#5829,#2374,.T.);
#7193=EDGE_CURVE('',#5830,#5831,#4811,.T.);
#7194=EDGE_CURVE('',#5831,#5156,#2375,.T.);
#7195=EDGE_CURVE('',#5155,#5830,#2376,.T.);
#7196=EDGE_CURVE('',#5831,#5826,#2377,.T.);
#7197=EDGE_CURVE('',#5829,#5832,#4812,.T.);
#7198=EDGE_CURVE('',#5832,#5154,#2378,.T.);
#7199=EDGE_CURVE('',#5832,#5830,#2379,.T.);
#7200=EDGE_CURVE('',#5833,#5834,#4813,.T.);
#7201=EDGE_CURVE('',#5834,#5392,#2380,.T.);
#7202=EDGE_CURVE('',#5391,#5833,#2381,.T.);
#7203=EDGE_CURVE('',#5834,#5835,#2382,.T.);
#7204=EDGE_CURVE('',#5393,#5835,#2383,.T.);
#7205=EDGE_CURVE('',#5835,#5734,#4814,.T.);
#7206=EDGE_CURVE('',#5836,#5837,#4815,.T.);
#7207=EDGE_CURVE('',#5837,#5398,#2384,.T.);
#7208=EDGE_CURVE('',#5397,#5836,#2385,.T.);
#7209=EDGE_CURVE('',#5837,#5838,#2386,.T.);
#7210=EDGE_CURVE('',#5399,#5838,#2387,.T.);
#7211=EDGE_CURVE('',#5839,#5731,#4816,.T.);
#7212=EDGE_CURVE('',#5403,#5839,#2388,.T.);
#7213=EDGE_CURVE('',#5838,#5840,#4817,.T.);
#7214=EDGE_CURVE('',#5840,#5400,#2389,.T.);
#7215=EDGE_CURVE('',#5840,#5841,#2390,.T.);
#7216=EDGE_CURVE('',#5401,#5841,#2391,.T.);
#7217=EDGE_CURVE('',#5841,#5842,#4818,.T.);
#7218=EDGE_CURVE('',#5842,#5402,#2392,.T.);
#7219=EDGE_CURVE('',#5842,#5839,#2393,.T.);
#7220=EDGE_CURVE('',#5843,#5740,#4819,.T.);
#7221=EDGE_CURVE('',#5409,#5843,#2394,.T.);
#7222=EDGE_CURVE('',#5844,#5845,#4820,.T.);
#7223=EDGE_CURVE('',#5845,#5408,#2395,.T.);
#7224=EDGE_CURVE('',#5407,#5844,#2396,.T.);
#7225=EDGE_CURVE('',#5845,#5843,#2397,.T.);
#7226=EDGE_CURVE('',#5846,#5847,#4821,.T.);
#7227=EDGE_CURVE('',#5847,#5414,#2398,.T.);
#7228=EDGE_CURVE('',#5413,#5846,#2399,.T.);
#7229=EDGE_CURVE('',#5847,#5848,#2400,.T.);
#7230=EDGE_CURVE('',#5415,#5848,#2401,.T.);
#7231=EDGE_CURVE('',#5848,#5849,#4822,.T.);
#7232=EDGE_CURVE('',#5849,#5416,#2402,.T.);
#7233=EDGE_CURVE('',#5849,#5850,#2403,.T.);
#7234=EDGE_CURVE('',#5417,#5850,#2404,.T.);
#7235=EDGE_CURVE('',#5850,#5851,#4823,.T.);
#7236=EDGE_CURVE('',#5851,#5418,#2405,.T.);
#7237=EDGE_CURVE('',#5851,#5852,#2406,.T.);
#7238=EDGE_CURVE('',#5419,#5852,#2407,.T.);
#7239=EDGE_CURVE('',#5852,#5737,#4824,.T.);
#7240=EDGE_CURVE('',#5719,#5853,#2408,.T.);
#7241=EDGE_CURVE('',#5853,#5853,#4825,.T.);
#7242=EDGE_CURVE('',#5718,#5854,#2409,.T.);
#7243=EDGE_CURVE('',#5854,#5854,#4826,.T.);
#7244=EDGE_CURVE('',#5717,#5855,#2410,.T.);
#7245=EDGE_CURVE('',#5855,#5855,#4827,.T.);
#7246=EDGE_CURVE('',#5856,#5857,#2411,.T.);
#7247=EDGE_CURVE('',#5857,#5709,#2412,.T.);
#7248=EDGE_CURVE('',#5856,#5716,#2413,.T.);
#7249=EDGE_CURVE('',#5858,#5856,#4828,.T.);
#7250=EDGE_CURVE('',#5858,#5715,#2414,.T.);
#7251=EDGE_CURVE('',#5859,#5858,#2415,.T.);
#7252=EDGE_CURVE('',#5859,#5714,#2416,.T.);
#7253=EDGE_CURVE('',#5860,#5859,#4829,.T.);
#7254=EDGE_CURVE('',#5860,#5713,#2417,.T.);
#7255=EDGE_CURVE('',#5861,#5860,#2418,.T.);
#7256=EDGE_CURVE('',#5861,#5712,#2419,.T.);
#7257=EDGE_CURVE('',#5862,#5861,#4830,.T.);
#7258=EDGE_CURVE('',#5862,#5711,#2420,.T.);
#7259=EDGE_CURVE('',#5863,#5862,#2421,.T.);
#7260=EDGE_CURVE('',#5863,#5710,#2422,.T.);
#7261=EDGE_CURVE('',#5857,#5863,#4831,.T.);
#7262=EDGE_CURVE('',#5864,#5865,#2423,.T.);
#7263=EDGE_CURVE('',#5865,#5701,#2424,.T.);
#7264=EDGE_CURVE('',#5864,#5708,#2425,.T.);
#7265=EDGE_CURVE('',#5866,#5864,#4832,.T.);
#7266=EDGE_CURVE('',#5866,#5707,#2426,.T.);
#7267=EDGE_CURVE('',#5867,#5866,#2427,.T.);
#7268=EDGE_CURVE('',#5867,#5706,#2428,.T.);
#7269=EDGE_CURVE('',#5868,#5867,#4833,.T.);
#7270=EDGE_CURVE('',#5868,#5705,#2429,.T.);
#7271=EDGE_CURVE('',#5869,#5868,#2430,.T.);
#7272=EDGE_CURVE('',#5869,#5704,#2431,.T.);
#7273=EDGE_CURVE('',#5870,#5869,#4834,.T.);
#7274=EDGE_CURVE('',#5870,#5703,#2432,.T.);
#7275=EDGE_CURVE('',#5871,#5870,#2433,.T.);
#7276=EDGE_CURVE('',#5871,#5702,#2434,.T.);
#7277=EDGE_CURVE('',#5865,#5871,#4835,.T.);
#7278=EDGE_CURVE('',#5872,#5873,#4836,.T.);
#7279=EDGE_CURVE('',#5873,#5693,#2435,.T.);
#7280=EDGE_CURVE('',#5872,#5700,#2436,.T.);
#7281=EDGE_CURVE('',#5874,#5872,#2437,.T.);
#7282=EDGE_CURVE('',#5874,#5699,#2438,.T.);
#7283=EDGE_CURVE('',#5875,#5874,#4837,.T.);
#7284=EDGE_CURVE('',#5875,#5698,#2439,.T.);
#7285=EDGE_CURVE('',#5876,#5875,#2440,.T.);
#7286=EDGE_CURVE('',#5876,#5697,#2441,.T.);
#7287=EDGE_CURVE('',#5877,#5876,#4838,.T.);
#7288=EDGE_CURVE('',#5877,#5696,#2442,.T.);
#7289=EDGE_CURVE('',#5878,#5877,#2443,.T.);
#7290=EDGE_CURVE('',#5878,#5695,#2444,.T.);
#7291=EDGE_CURVE('',#5879,#5878,#4839,.T.);
#7292=EDGE_CURVE('',#5879,#5694,#2445,.T.);
#7293=EDGE_CURVE('',#5873,#5879,#2446,.T.);
#7294=EDGE_CURVE('',#5880,#5881,#2447,.T.);
#7295=EDGE_CURVE('',#5881,#5685,#2448,.T.);
#7296=EDGE_CURVE('',#5880,#5692,#2449,.T.);
#7297=EDGE_CURVE('',#5882,#5880,#4840,.T.);
#7298=EDGE_CURVE('',#5882,#5691,#2450,.T.);
#7299=EDGE_CURVE('',#5883,#5882,#2451,.T.);
#7300=EDGE_CURVE('',#5883,#5690,#2452,.T.);
#7301=EDGE_CURVE('',#5884,#5883,#4841,.T.);
#7302=EDGE_CURVE('',#5884,#5689,#2453,.T.);
#7303=EDGE_CURVE('',#5885,#5884,#2454,.T.);
#7304=EDGE_CURVE('',#5885,#5688,#2455,.T.);
#7305=EDGE_CURVE('',#5886,#5885,#4842,.T.);
#7306=EDGE_CURVE('',#5886,#5687,#2456,.T.);
#7307=EDGE_CURVE('',#5887,#5886,#2457,.T.);
#7308=EDGE_CURVE('',#5887,#5686,#2458,.T.);
#7309=EDGE_CURVE('',#5881,#5887,#4843,.T.);
#7310=EDGE_CURVE('',#5888,#5889,#2459,.T.);
#7311=EDGE_CURVE('',#5889,#5677,#2460,.T.);
#7312=EDGE_CURVE('',#5888,#5684,#2461,.T.);
#7313=EDGE_CURVE('',#5890,#5888,#4844,.T.);
#7314=EDGE_CURVE('',#5890,#5683,#2462,.T.);
#7315=EDGE_CURVE('',#5891,#5890,#2463,.T.);
#7316=EDGE_CURVE('',#5891,#5682,#2464,.T.);
#7317=EDGE_CURVE('',#5892,#5891,#4845,.T.);
#7318=EDGE_CURVE('',#5892,#5681,#2465,.T.);
#7319=EDGE_CURVE('',#5893,#5892,#2466,.T.);
#7320=EDGE_CURVE('',#5893,#5680,#2467,.T.);
#7321=EDGE_CURVE('',#5894,#5893,#4846,.T.);
#7322=EDGE_CURVE('',#5894,#5679,#2468,.T.);
#7323=EDGE_CURVE('',#5895,#5894,#2469,.T.);
#7324=EDGE_CURVE('',#5895,#5678,#2470,.T.);
#7325=EDGE_CURVE('',#5889,#5895,#4847,.T.);
#7326=EDGE_CURVE('',#5896,#5897,#2471,.T.);
#7327=EDGE_CURVE('',#5897,#5669,#2472,.T.);
#7328=EDGE_CURVE('',#5896,#5676,#2473,.T.);
#7329=EDGE_CURVE('',#5898,#5896,#4848,.T.);
#7330=EDGE_CURVE('',#5898,#5675,#2474,.T.);
#7331=EDGE_CURVE('',#5899,#5898,#2475,.T.);
#7332=EDGE_CURVE('',#5899,#5674,#2476,.T.);
#7333=EDGE_CURVE('',#5900,#5899,#4849,.T.);
#7334=EDGE_CURVE('',#5900,#5673,#2477,.T.);
#7335=EDGE_CURVE('',#5901,#5900,#2478,.T.);
#7336=EDGE_CURVE('',#5901,#5672,#2479,.T.);
#7337=EDGE_CURVE('',#5902,#5901,#4850,.T.);
#7338=EDGE_CURVE('',#5902,#5671,#2480,.T.);
#7339=EDGE_CURVE('',#5903,#5902,#2481,.T.);
#7340=EDGE_CURVE('',#5903,#5670,#2482,.T.);
#7341=EDGE_CURVE('',#5897,#5903,#4851,.T.);
#7342=EDGE_CURVE('',#5904,#5905,#2483,.T.);
#7343=EDGE_CURVE('',#5905,#5661,#2484,.T.);
#7344=EDGE_CURVE('',#5904,#5668,#2485,.T.);
#7345=EDGE_CURVE('',#5906,#5904,#4852,.T.);
#7346=EDGE_CURVE('',#5906,#5667,#2486,.T.);
#7347=EDGE_CURVE('',#5907,#5906,#2487,.T.);
#7348=EDGE_CURVE('',#5907,#5666,#2488,.T.);
#7349=EDGE_CURVE('',#5908,#5907,#4853,.T.);
#7350=EDGE_CURVE('',#5908,#5665,#2489,.T.);
#7351=EDGE_CURVE('',#5909,#5908,#2490,.T.);
#7352=EDGE_CURVE('',#5909,#5664,#2491,.T.);
#7353=EDGE_CURVE('',#5910,#5909,#4854,.T.);
#7354=EDGE_CURVE('',#5910,#5663,#2492,.T.);
#7355=EDGE_CURVE('',#5911,#5910,#2493,.T.);
#7356=EDGE_CURVE('',#5911,#5662,#2494,.T.);
#7357=EDGE_CURVE('',#5905,#5911,#4855,.T.);
#7358=EDGE_CURVE('',#5912,#5913,#4856,.T.);
#7359=EDGE_CURVE('',#5913,#5653,#2495,.T.);
#7360=EDGE_CURVE('',#5912,#5660,#2496,.T.);
#7361=EDGE_CURVE('',#5914,#5912,#2497,.T.);
#7362=EDGE_CURVE('',#5914,#5659,#2498,.T.);
#7363=EDGE_CURVE('',#5915,#5914,#4857,.T.);
#7364=EDGE_CURVE('',#5915,#5658,#2499,.T.);
#7365=EDGE_CURVE('',#5916,#5915,#2500,.T.);
#7366=EDGE_CURVE('',#5916,#5657,#2501,.T.);
#7367=EDGE_CURVE('',#5917,#5916,#4858,.T.);
#7368=EDGE_CURVE('',#5917,#5656,#2502,.T.);
#7369=EDGE_CURVE('',#5918,#5917,#2503,.T.);
#7370=EDGE_CURVE('',#5918,#5655,#2504,.T.);
#7371=EDGE_CURVE('',#5919,#5918,#4859,.T.);
#7372=EDGE_CURVE('',#5919,#5654,#2505,.T.);
#7373=EDGE_CURVE('',#5913,#5919,#2506,.T.);
#7374=EDGE_CURVE('',#5920,#5921,#4860,.T.);
#7375=EDGE_CURVE('',#5921,#5645,#2507,.T.);
#7376=EDGE_CURVE('',#5920,#5652,#2508,.T.);
#7377=EDGE_CURVE('',#5922,#5920,#2509,.T.);
#7378=EDGE_CURVE('',#5922,#5651,#2510,.T.);
#7379=EDGE_CURVE('',#5923,#5922,#4861,.T.);
#7380=EDGE_CURVE('',#5923,#5650,#2511,.T.);
#7381=EDGE_CURVE('',#5924,#5923,#2512,.T.);
#7382=EDGE_CURVE('',#5924,#5649,#2513,.T.);
#7383=EDGE_CURVE('',#5925,#5924,#4862,.T.);
#7384=EDGE_CURVE('',#5925,#5648,#2514,.T.);
#7385=EDGE_CURVE('',#5926,#5925,#2515,.T.);
#7386=EDGE_CURVE('',#5926,#5647,#2516,.T.);
#7387=EDGE_CURVE('',#5927,#5926,#4863,.T.);
#7388=EDGE_CURVE('',#5927,#5646,#2517,.T.);
#7389=EDGE_CURVE('',#5921,#5927,#2518,.T.);
#7390=EDGE_CURVE('',#5928,#5929,#4864,.T.);
#7391=EDGE_CURVE('',#5929,#5637,#2519,.T.);
#7392=EDGE_CURVE('',#5928,#5644,#2520,.T.);
#7393=EDGE_CURVE('',#5930,#5928,#2521,.T.);
#7394=EDGE_CURVE('',#5930,#5643,#2522,.T.);
#7395=EDGE_CURVE('',#5931,#5930,#4865,.T.);
#7396=EDGE_CURVE('',#5931,#5642,#2523,.T.);
#7397=EDGE_CURVE('',#5932,#5931,#2524,.T.);
#7398=EDGE_CURVE('',#5932,#5641,#2525,.T.);
#7399=EDGE_CURVE('',#5933,#5932,#4866,.T.);
#7400=EDGE_CURVE('',#5933,#5640,#2526,.T.);
#7401=EDGE_CURVE('',#5934,#5933,#2527,.T.);
#7402=EDGE_CURVE('',#5934,#5639,#2528,.T.);
#7403=EDGE_CURVE('',#5935,#5934,#4867,.T.);
#7404=EDGE_CURVE('',#5935,#5638,#2529,.T.);
#7405=EDGE_CURVE('',#5929,#5935,#2530,.T.);
#7406=EDGE_CURVE('',#5936,#5937,#2531,.T.);
#7407=EDGE_CURVE('',#5937,#5629,#2532,.T.);
#7408=EDGE_CURVE('',#5936,#5636,#2533,.T.);
#7409=EDGE_CURVE('',#5938,#5936,#4868,.T.);
#7410=EDGE_CURVE('',#5938,#5635,#2534,.T.);
#7411=EDGE_CURVE('',#5939,#5938,#2535,.T.);
#7412=EDGE_CURVE('',#5939,#5634,#2536,.T.);
#7413=EDGE_CURVE('',#5940,#5939,#4869,.T.);
#7414=EDGE_CURVE('',#5940,#5633,#2537,.T.);
#7415=EDGE_CURVE('',#5941,#5940,#2538,.T.);
#7416=EDGE_CURVE('',#5941,#5632,#2539,.T.);
#7417=EDGE_CURVE('',#5942,#5941,#4870,.T.);
#7418=EDGE_CURVE('',#5942,#5631,#2540,.T.);
#7419=EDGE_CURVE('',#5943,#5942,#2541,.T.);
#7420=EDGE_CURVE('',#5943,#5630,#2542,.T.);
#7421=EDGE_CURVE('',#5937,#5943,#4871,.T.);
#7422=EDGE_CURVE('',#5944,#5945,#2543,.T.);
#7423=EDGE_CURVE('',#5945,#5621,#2544,.T.);
#7424=EDGE_CURVE('',#5944,#5628,#2545,.T.);
#7425=EDGE_CURVE('',#5946,#5944,#4872,.T.);
#7426=EDGE_CURVE('',#5946,#5627,#2546,.T.);
#7427=EDGE_CURVE('',#5947,#5946,#2547,.T.);
#7428=EDGE_CURVE('',#5947,#5626,#2548,.T.);
#7429=EDGE_CURVE('',#5948,#5947,#4873,.T.);
#7430=EDGE_CURVE('',#5948,#5625,#2549,.T.);
#7431=EDGE_CURVE('',#5949,#5948,#2550,.T.);
#7432=EDGE_CURVE('',#5949,#5624,#2551,.T.);
#7433=EDGE_CURVE('',#5950,#5949,#4874,.T.);
#7434=EDGE_CURVE('',#5950,#5623,#2552,.T.);
#7435=EDGE_CURVE('',#5951,#5950,#2553,.T.);
#7436=EDGE_CURVE('',#5951,#5622,#2554,.T.);
#7437=EDGE_CURVE('',#5945,#5951,#4875,.T.);
#7438=EDGE_CURVE('',#5952,#5953,#2555,.T.);
#7439=EDGE_CURVE('',#5953,#5613,#2556,.T.);
#7440=EDGE_CURVE('',#5952,#5620,#2557,.T.);
#7441=EDGE_CURVE('',#5954,#5952,#4876,.T.);
#7442=EDGE_CURVE('',#5954,#5619,#2558,.T.);
#7443=EDGE_CURVE('',#5955,#5954,#2559,.T.);
#7444=EDGE_CURVE('',#5955,#5618,#2560,.T.);
#7445=EDGE_CURVE('',#5956,#5955,#4877,.T.);
#7446=EDGE_CURVE('',#5956,#5617,#2561,.T.);
#7447=EDGE_CURVE('',#5957,#5956,#2562,.T.);
#7448=EDGE_CURVE('',#5957,#5616,#2563,.T.);
#7449=EDGE_CURVE('',#5958,#5957,#4878,.T.);
#7450=EDGE_CURVE('',#5958,#5615,#2564,.T.);
#7451=EDGE_CURVE('',#5959,#5958,#2565,.T.);
#7452=EDGE_CURVE('',#5959,#5614,#2566,.T.);
#7453=EDGE_CURVE('',#5953,#5959,#4879,.T.);
#7454=EDGE_CURVE('',#5960,#5961,#2567,.T.);
#7455=EDGE_CURVE('',#5961,#5605,#2568,.T.);
#7456=EDGE_CURVE('',#5960,#5612,#2569,.T.);
#7457=EDGE_CURVE('',#5962,#5960,#4880,.T.);
#7458=EDGE_CURVE('',#5962,#5611,#2570,.T.);
#7459=EDGE_CURVE('',#5963,#5962,#2571,.T.);
#7460=EDGE_CURVE('',#5963,#5610,#2572,.T.);
#7461=EDGE_CURVE('',#5964,#5963,#4881,.T.);
#7462=EDGE_CURVE('',#5964,#5609,#2573,.T.);
#7463=EDGE_CURVE('',#5965,#5964,#2574,.T.);
#7464=EDGE_CURVE('',#5965,#5608,#2575,.T.);
#7465=EDGE_CURVE('',#5966,#5965,#4882,.T.);
#7466=EDGE_CURVE('',#5966,#5607,#2576,.T.);
#7467=EDGE_CURVE('',#5967,#5966,#2577,.T.);
#7468=EDGE_CURVE('',#5967,#5606,#2578,.T.);
#7469=EDGE_CURVE('',#5961,#5967,#4883,.T.);
#7470=EDGE_CURVE('',#5968,#5969,#2579,.T.);
#7471=EDGE_CURVE('',#5969,#5597,#2580,.T.);
#7472=EDGE_CURVE('',#5968,#5604,#2581,.T.);
#7473=EDGE_CURVE('',#5970,#5968,#4884,.T.);
#7474=EDGE_CURVE('',#5970,#5603,#2582,.T.);
#7475=EDGE_CURVE('',#5971,#5970,#2583,.T.);
#7476=EDGE_CURVE('',#5971,#5602,#2584,.T.);
#7477=EDGE_CURVE('',#5972,#5971,#4885,.T.);
#7478=EDGE_CURVE('',#5972,#5601,#2585,.T.);
#7479=EDGE_CURVE('',#5973,#5972,#2586,.T.);
#7480=EDGE_CURVE('',#5973,#5600,#2587,.T.);
#7481=EDGE_CURVE('',#5974,#5973,#4886,.T.);
#7482=EDGE_CURVE('',#5974,#5599,#2588,.T.);
#7483=EDGE_CURVE('',#5975,#5974,#2589,.T.);
#7484=EDGE_CURVE('',#5975,#5598,#2590,.T.);
#7485=EDGE_CURVE('',#5969,#5975,#4887,.T.);
#7486=EDGE_CURVE('',#5976,#5977,#2591,.T.);
#7487=EDGE_CURVE('',#5977,#5589,#2592,.T.);
#7488=EDGE_CURVE('',#5976,#5596,#2593,.T.);
#7489=EDGE_CURVE('',#5978,#5976,#4888,.T.);
#7490=EDGE_CURVE('',#5978,#5595,#2594,.T.);
#7491=EDGE_CURVE('',#5979,#5978,#2595,.T.);
#7492=EDGE_CURVE('',#5979,#5594,#2596,.T.);
#7493=EDGE_CURVE('',#5980,#5979,#4889,.T.);
#7494=EDGE_CURVE('',#5980,#5593,#2597,.T.);
#7495=EDGE_CURVE('',#5981,#5980,#2598,.T.);
#7496=EDGE_CURVE('',#5981,#5592,#2599,.T.);
#7497=EDGE_CURVE('',#5982,#5981,#4890,.T.);
#7498=EDGE_CURVE('',#5982,#5591,#2600,.T.);
#7499=EDGE_CURVE('',#5983,#5982,#2601,.T.);
#7500=EDGE_CURVE('',#5983,#5590,#2602,.T.);
#7501=EDGE_CURVE('',#5977,#5983,#4891,.T.);
#7502=EDGE_CURVE('',#5984,#5985,#4892,.T.);
#7503=EDGE_CURVE('',#5985,#5581,#2603,.T.);
#7504=EDGE_CURVE('',#5984,#5588,#2604,.T.);
#7505=EDGE_CURVE('',#5986,#5984,#2605,.T.);
#7506=EDGE_CURVE('',#5986,#5587,#2606,.T.);
#7507=EDGE_CURVE('',#5987,#5986,#4893,.T.);
#7508=EDGE_CURVE('',#5987,#5586,#2607,.T.);
#7509=EDGE_CURVE('',#5988,#5987,#2608,.T.);
#7510=EDGE_CURVE('',#5988,#5585,#2609,.T.);
#7511=EDGE_CURVE('',#5989,#5988,#4894,.T.);
#7512=EDGE_CURVE('',#5989,#5584,#2610,.T.);
#7513=EDGE_CURVE('',#5990,#5989,#2611,.T.);
#7514=EDGE_CURVE('',#5990,#5583,#2612,.T.);
#7515=EDGE_CURVE('',#5991,#5990,#4895,.T.);
#7516=EDGE_CURVE('',#5991,#5582,#2613,.T.);
#7517=EDGE_CURVE('',#5985,#5991,#2614,.T.);
#7518=EDGE_CURVE('',#5748,#5806,#2615,.T.);
#7519=EDGE_CURVE('',#5751,#5803,#2616,.T.);
#7520=EDGE_CURVE('',#5754,#5795,#2617,.T.);
#7521=EDGE_CURVE('',#5992,#5993,#2618,.T.);
#7522=EDGE_CURVE('',#5993,#5541,#2619,.T.);
#7523=EDGE_CURVE('',#5992,#5548,#2620,.T.);
#7524=EDGE_CURVE('',#5994,#5992,#4896,.T.);
#7525=EDGE_CURVE('',#5994,#5547,#2621,.T.);
#7526=EDGE_CURVE('',#5995,#5994,#2622,.T.);
#7527=EDGE_CURVE('',#5995,#5546,#2623,.T.);
#7528=EDGE_CURVE('',#5996,#5995,#4897,.T.);
#7529=EDGE_CURVE('',#5996,#5545,#2624,.T.);
#7530=EDGE_CURVE('',#5997,#5996,#2625,.T.);
#7531=EDGE_CURVE('',#5997,#5544,#2626,.T.);
#7532=EDGE_CURVE('',#5998,#5997,#4898,.T.);
#7533=EDGE_CURVE('',#5998,#5543,#2627,.T.);
#7534=EDGE_CURVE('',#5999,#5998,#2628,.T.);
#7535=EDGE_CURVE('',#5999,#5542,#2629,.T.);
#7536=EDGE_CURVE('',#5993,#5999,#4899,.T.);
#7537=EDGE_CURVE('',#6000,#6001,#2630,.T.);
#7538=EDGE_CURVE('',#6001,#5533,#2631,.T.);
#7539=EDGE_CURVE('',#6000,#5540,#2632,.T.);
#7540=EDGE_CURVE('',#6002,#6000,#4900,.T.);
#7541=EDGE_CURVE('',#6002,#5539,#2633,.T.);
#7542=EDGE_CURVE('',#6003,#6002,#2634,.T.);
#7543=EDGE_CURVE('',#6003,#5538,#2635,.T.);
#7544=EDGE_CURVE('',#6004,#6003,#4901,.T.);
#7545=EDGE_CURVE('',#6004,#5537,#2636,.T.);
#7546=EDGE_CURVE('',#6005,#6004,#2637,.T.);
#7547=EDGE_CURVE('',#6005,#5536,#2638,.T.);
#7548=EDGE_CURVE('',#6006,#6005,#4902,.T.);
#7549=EDGE_CURVE('',#6006,#5535,#2639,.T.);
#7550=EDGE_CURVE('',#6007,#6006,#2640,.T.);
#7551=EDGE_CURVE('',#6007,#5534,#2641,.T.);
#7552=EDGE_CURVE('',#6001,#6007,#4903,.T.);
#7553=EDGE_CURVE('',#6008,#6009,#2642,.T.);
#7554=EDGE_CURVE('',#6009,#5525,#2643,.T.);
#7555=EDGE_CURVE('',#6008,#5532,#2644,.T.);
#7556=EDGE_CURVE('',#6010,#6008,#4904,.T.);
#7557=EDGE_CURVE('',#6010,#5531,#2645,.T.);
#7558=EDGE_CURVE('',#6011,#6010,#2646,.T.);
#7559=EDGE_CURVE('',#6011,#5530,#2647,.T.);
#7560=EDGE_CURVE('',#6012,#6011,#4905,.T.);
#7561=EDGE_CURVE('',#6012,#5529,#2648,.T.);
#7562=EDGE_CURVE('',#6013,#6012,#2649,.T.);
#7563=EDGE_CURVE('',#6013,#5528,#2650,.T.);
#7564=EDGE_CURVE('',#6014,#6013,#4906,.T.);
#7565=EDGE_CURVE('',#6014,#5527,#2651,.T.);
#7566=EDGE_CURVE('',#6015,#6014,#2652,.T.);
#7567=EDGE_CURVE('',#6015,#5526,#2653,.T.);
#7568=EDGE_CURVE('',#6009,#6015,#4907,.T.);
#7569=EDGE_CURVE('',#6016,#6017,#4908,.T.);
#7570=EDGE_CURVE('',#6017,#5517,#2654,.T.);
#7571=EDGE_CURVE('',#6016,#5524,#2655,.T.);
#7572=EDGE_CURVE('',#6018,#6016,#2656,.T.);
#7573=EDGE_CURVE('',#6018,#5523,#2657,.T.);
#7574=EDGE_CURVE('',#6019,#6018,#4909,.T.);
#7575=EDGE_CURVE('',#6019,#5522,#2658,.T.);
#7576=EDGE_CURVE('',#6020,#6019,#2659,.T.);
#7577=EDGE_CURVE('',#6020,#5521,#2660,.T.);
#7578=EDGE_CURVE('',#6021,#6020,#4910,.T.);
#7579=EDGE_CURVE('',#6021,#5520,#2661,.T.);
#7580=EDGE_CURVE('',#6022,#6021,#2662,.T.);
#7581=EDGE_CURVE('',#6022,#5519,#2663,.T.);
#7582=EDGE_CURVE('',#6023,#6022,#4911,.T.);
#7583=EDGE_CURVE('',#6023,#5518,#2664,.T.);
#7584=EDGE_CURVE('',#6017,#6023,#2665,.T.);
#7585=EDGE_CURVE('',#6024,#6025,#2666,.T.);
#7586=EDGE_CURVE('',#6025,#5509,#2667,.T.);
#7587=EDGE_CURVE('',#6024,#5516,#2668,.T.);
#7588=EDGE_CURVE('',#6026,#6024,#4912,.T.);
#7589=EDGE_CURVE('',#6026,#5515,#2669,.T.);
#7590=EDGE_CURVE('',#6027,#6026,#2670,.T.);
#7591=EDGE_CURVE('',#6027,#5514,#2671,.T.);
#7592=EDGE_CURVE('',#6028,#6027,#4913,.T.);
#7593=EDGE_CURVE('',#6028,#5513,#2672,.T.);
#7594=EDGE_CURVE('',#6029,#6028,#2673,.T.);
#7595=EDGE_CURVE('',#6029,#5512,#2674,.T.);
#7596=EDGE_CURVE('',#6030,#6029,#4914,.T.);
#7597=EDGE_CURVE('',#6030,#5511,#2675,.T.);
#7598=EDGE_CURVE('',#6031,#6030,#2676,.T.);
#7599=EDGE_CURVE('',#6031,#5510,#2677,.T.);
#7600=EDGE_CURVE('',#6025,#6031,#4915,.T.);
#7601=EDGE_CURVE('',#6032,#6033,#2678,.T.);
#7602=EDGE_CURVE('',#6033,#5501,#2679,.T.);
#7603=EDGE_CURVE('',#6032,#5508,#2680,.T.);
#7604=EDGE_CURVE('',#6034,#6032,#4916,.T.);
#7605=EDGE_CURVE('',#6034,#5507,#2681,.T.);
#7606=EDGE_CURVE('',#6035,#6034,#2682,.T.);
#7607=EDGE_CURVE('',#6035,#5506,#2683,.T.);
#7608=EDGE_CURVE('',#6036,#6035,#4917,.T.);
#7609=EDGE_CURVE('',#6036,#5505,#2684,.T.);
#7610=EDGE_CURVE('',#6037,#6036,#2685,.T.);
#7611=EDGE_CURVE('',#6037,#5504,#2686,.T.);
#7612=EDGE_CURVE('',#6038,#6037,#4918,.T.);
#7613=EDGE_CURVE('',#6038,#5503,#2687,.T.);
#7614=EDGE_CURVE('',#6039,#6038,#2688,.T.);
#7615=EDGE_CURVE('',#6039,#5502,#2689,.T.);
#7616=EDGE_CURVE('',#6033,#6039,#4919,.T.);
#7617=EDGE_CURVE('',#6040,#6041,#2690,.T.);
#7618=EDGE_CURVE('',#6041,#5493,#2691,.T.);
#7619=EDGE_CURVE('',#6040,#5500,#2692,.T.);
#7620=EDGE_CURVE('',#6042,#6040,#4920,.T.);
#7621=EDGE_CURVE('',#6042,#5499,#2693,.T.);
#7622=EDGE_CURVE('',#6043,#6042,#2694,.T.);
#7623=EDGE_CURVE('',#6043,#5498,#2695,.T.);
#7624=EDGE_CURVE('',#6044,#6043,#4921,.T.);
#7625=EDGE_CURVE('',#6044,#5497,#2696,.T.);
#7626=EDGE_CURVE('',#6045,#6044,#2697,.T.);
#7627=EDGE_CURVE('',#6045,#5496,#2698,.T.);
#7628=EDGE_CURVE('',#6046,#6045,#4922,.T.);
#7629=EDGE_CURVE('',#6046,#5495,#2699,.T.);
#7630=EDGE_CURVE('',#6047,#6046,#2700,.T.);
#7631=EDGE_CURVE('',#6047,#5494,#2701,.T.);
#7632=EDGE_CURVE('',#6041,#6047,#4923,.T.);
#7633=EDGE_CURVE('',#6048,#6049,#4924,.T.);
#7634=EDGE_CURVE('',#6049,#5485,#2702,.T.);
#7635=EDGE_CURVE('',#6048,#5492,#2703,.T.);
#7636=EDGE_CURVE('',#6050,#6048,#2704,.T.);
#7637=EDGE_CURVE('',#6050,#5491,#2705,.T.);
#7638=EDGE_CURVE('',#6051,#6050,#4925,.T.);
#7639=EDGE_CURVE('',#6051,#5490,#2706,.T.);
#7640=EDGE_CURVE('',#6052,#6051,#2707,.T.);
#7641=EDGE_CURVE('',#6052,#5489,#2708,.T.);
#7642=EDGE_CURVE('',#6053,#6052,#4926,.T.);
#7643=EDGE_CURVE('',#6053,#5488,#2709,.T.);
#7644=EDGE_CURVE('',#6054,#6053,#2710,.T.);
#7645=EDGE_CURVE('',#6054,#5487,#2711,.T.);
#7646=EDGE_CURVE('',#6055,#6054,#4927,.T.);
#7647=EDGE_CURVE('',#6055,#5486,#2712,.T.);
#7648=EDGE_CURVE('',#6049,#6055,#2713,.T.);
#7649=EDGE_CURVE('',#6056,#6057,#2714,.T.);
#7650=EDGE_CURVE('',#6057,#5477,#2715,.T.);
#7651=EDGE_CURVE('',#6056,#5484,#2716,.T.);
#7652=EDGE_CURVE('',#6058,#6056,#4928,.T.);
#7653=EDGE_CURVE('',#6058,#5483,#2717,.T.);
#7654=EDGE_CURVE('',#6059,#6058,#2718,.T.);
#7655=EDGE_CURVE('',#6059,#5482,#2719,.T.);
#7656=EDGE_CURVE('',#6060,#6059,#4929,.T.);
#7657=EDGE_CURVE('',#6060,#5481,#2720,.T.);
#7658=EDGE_CURVE('',#6061,#6060,#2721,.T.);
#7659=EDGE_CURVE('',#6061,#5480,#2722,.T.);
#7660=EDGE_CURVE('',#6062,#6061,#4930,.T.);
#7661=EDGE_CURVE('',#6062,#5479,#2723,.T.);
#7662=EDGE_CURVE('',#6063,#6062,#2724,.T.);
#7663=EDGE_CURVE('',#6063,#5478,#2725,.T.);
#7664=EDGE_CURVE('',#6057,#6063,#4931,.T.);
#7665=EDGE_CURVE('',#6064,#6065,#2726,.T.);
#7666=EDGE_CURVE('',#6065,#5469,#2727,.T.);
#7667=EDGE_CURVE('',#6064,#5476,#2728,.T.);
#7668=EDGE_CURVE('',#6066,#6064,#4932,.T.);
#7669=EDGE_CURVE('',#6066,#5475,#2729,.T.);
#7670=EDGE_CURVE('',#6067,#6066,#2730,.T.);
#7671=EDGE_CURVE('',#6067,#5474,#2731,.T.);
#7672=EDGE_CURVE('',#6068,#6067,#4933,.T.);
#7673=EDGE_CURVE('',#6068,#5473,#2732,.T.);
#7674=EDGE_CURVE('',#6069,#6068,#2733,.T.);
#7675=EDGE_CURVE('',#6069,#5472,#2734,.T.);
#7676=EDGE_CURVE('',#6070,#6069,#4934,.T.);
#7677=EDGE_CURVE('',#6070,#5471,#2735,.T.);
#7678=EDGE_CURVE('',#6071,#6070,#2736,.T.);
#7679=EDGE_CURVE('',#6071,#5470,#2737,.T.);
#7680=EDGE_CURVE('',#6065,#6071,#4935,.T.);
#7681=EDGE_CURVE('',#6072,#6073,#2738,.T.);
#7682=EDGE_CURVE('',#6073,#5461,#2739,.T.);
#7683=EDGE_CURVE('',#6072,#5468,#2740,.T.);
#7684=EDGE_CURVE('',#6074,#6072,#4936,.T.);
#7685=EDGE_CURVE('',#6074,#5467,#2741,.T.);
#7686=EDGE_CURVE('',#6075,#6074,#2742,.T.);
#7687=EDGE_CURVE('',#6075,#5466,#2743,.T.);
#7688=EDGE_CURVE('',#6076,#6075,#4937,.T.);
#7689=EDGE_CURVE('',#6076,#5465,#2744,.T.);
#7690=EDGE_CURVE('',#6077,#6076,#2745,.T.);
#7691=EDGE_CURVE('',#6077,#5464,#2746,.T.);
#7692=EDGE_CURVE('',#6078,#6077,#4938,.T.);
#7693=EDGE_CURVE('',#6078,#5463,#2747,.T.);
#7694=EDGE_CURVE('',#6079,#6078,#2748,.T.);
#7695=EDGE_CURVE('',#6079,#5462,#2749,.T.);
#7696=EDGE_CURVE('',#6073,#6079,#4939,.T.);
#7697=EDGE_CURVE('',#6080,#6081,#2750,.T.);
#7698=EDGE_CURVE('',#6081,#5453,#2751,.T.);
#7699=EDGE_CURVE('',#6080,#5460,#2752,.T.);
#7700=EDGE_CURVE('',#6082,#6080,#4940,.T.);
#7701=EDGE_CURVE('',#6082,#5459,#2753,.T.);
#7702=EDGE_CURVE('',#6083,#6082,#2754,.T.);
#7703=EDGE_CURVE('',#6083,#5458,#2755,.T.);
#7704=EDGE_CURVE('',#6084,#6083,#4941,.T.);
#7705=EDGE_CURVE('',#6084,#5457,#2756,.T.);
#7706=EDGE_CURVE('',#6085,#6084,#2757,.T.);
#7707=EDGE_CURVE('',#6085,#5456,#2758,.T.);
#7708=EDGE_CURVE('',#6086,#6085,#4942,.T.);
#7709=EDGE_CURVE('',#6086,#5455,#2759,.T.);
#7710=EDGE_CURVE('',#6087,#6086,#2760,.T.);
#7711=EDGE_CURVE('',#6087,#5454,#2761,.T.);
#7712=EDGE_CURVE('',#6081,#6087,#4943,.T.);
#7713=EDGE_CURVE('',#6088,#6089,#4944,.T.);
#7714=EDGE_CURVE('',#6089,#5445,#2762,.T.);
#7715=EDGE_CURVE('',#6088,#5452,#2763,.T.);
#7716=EDGE_CURVE('',#6090,#6088,#2764,.T.);
#7717=EDGE_CURVE('',#6090,#5451,#2765,.T.);
#7718=EDGE_CURVE('',#6091,#6090,#4945,.T.);
#7719=EDGE_CURVE('',#6091,#5450,#2766,.T.);
#7720=EDGE_CURVE('',#6092,#6091,#2767,.T.);
#7721=EDGE_CURVE('',#6092,#5449,#2768,.T.);
#7722=EDGE_CURVE('',#6093,#6092,#4946,.T.);
#7723=EDGE_CURVE('',#6093,#5448,#2769,.T.);
#7724=EDGE_CURVE('',#6094,#6093,#2770,.T.);
#7725=EDGE_CURVE('',#6094,#5447,#2771,.T.);
#7726=EDGE_CURVE('',#6095,#6094,#4947,.T.);
#7727=EDGE_CURVE('',#6095,#5446,#2772,.T.);
#7728=EDGE_CURVE('',#6089,#6095,#2773,.T.);
#7729=EDGE_CURVE('',#6096,#6097,#4948,.T.);
#7730=EDGE_CURVE('',#6097,#5437,#2774,.T.);
#7731=EDGE_CURVE('',#6096,#5444,#2775,.T.);
#7732=EDGE_CURVE('',#6098,#6096,#2776,.T.);
#7733=EDGE_CURVE('',#6098,#5443,#2777,.T.);
#7734=EDGE_CURVE('',#6099,#6098,#4949,.T.);
#7735=EDGE_CURVE('',#6099,#5442,#2778,.T.);
#7736=EDGE_CURVE('',#6100,#6099,#2779,.T.);
#7737=EDGE_CURVE('',#6100,#5441,#2780,.T.);
#7738=EDGE_CURVE('',#6101,#6100,#4950,.T.);
#7739=EDGE_CURVE('',#6101,#5440,#2781,.T.);
#7740=EDGE_CURVE('',#6102,#6101,#2782,.T.);
#7741=EDGE_CURVE('',#6102,#5439,#2783,.T.);
#7742=EDGE_CURVE('',#6103,#6102,#4951,.T.);
#7743=EDGE_CURVE('',#6103,#5438,#2784,.T.);
#7744=EDGE_CURVE('',#6097,#6103,#2785,.T.);
#7745=EDGE_CURVE('',#6104,#6105,#2786,.T.);
#7746=EDGE_CURVE('',#6105,#5429,#2787,.T.);
#7747=EDGE_CURVE('',#6104,#5436,#2788,.T.);
#7748=EDGE_CURVE('',#6106,#6104,#4952,.T.);
#7749=EDGE_CURVE('',#6106,#5435,#2789,.T.);
#7750=EDGE_CURVE('',#6107,#6106,#2790,.T.);
#7751=EDGE_CURVE('',#6107,#5434,#2791,.T.);
#7752=EDGE_CURVE('',#6108,#6107,#4953,.T.);
#7753=EDGE_CURVE('',#6108,#5433,#2792,.T.);
#7754=EDGE_CURVE('',#6109,#6108,#2793,.T.);
#7755=EDGE_CURVE('',#6109,#5432,#2794,.T.);
#7756=EDGE_CURVE('',#6110,#6109,#4954,.T.);
#7757=EDGE_CURVE('',#6110,#5431,#2795,.T.);
#7758=EDGE_CURVE('',#6111,#6110,#2796,.T.);
#7759=EDGE_CURVE('',#6111,#5430,#2797,.T.);
#7760=EDGE_CURVE('',#6105,#6111,#4955,.T.);
#7761=EDGE_CURVE('',#6112,#6113,#2798,.T.);
#7762=EDGE_CURVE('',#6113,#5421,#2799,.T.);
#7763=EDGE_CURVE('',#6112,#5428,#2800,.T.);
#7764=EDGE_CURVE('',#6114,#6112,#4956,.T.);
#7765=EDGE_CURVE('',#6114,#5427,#2801,.T.);
#7766=EDGE_CURVE('',#6115,#6114,#2802,.T.);
#7767=EDGE_CURVE('',#6115,#5426,#2803,.T.);
#7768=EDGE_CURVE('',#6116,#6115,#4957,.T.);
#7769=EDGE_CURVE('',#6116,#5425,#2804,.T.);
#7770=EDGE_CURVE('',#6117,#6116,#2805,.T.);
#7771=EDGE_CURVE('',#6117,#5424,#2806,.T.);
#7772=EDGE_CURVE('',#6118,#6117,#4958,.T.);
#7773=EDGE_CURVE('',#6118,#5423,#2807,.T.);
#7774=EDGE_CURVE('',#6119,#6118,#2808,.T.);
#7775=EDGE_CURVE('',#6119,#5422,#2809,.T.);
#7776=EDGE_CURVE('',#6113,#6119,#4959,.T.);
#7777=EDGE_CURVE('',#5739,#5846,#2810,.T.);
#7778=EDGE_CURVE('',#5736,#5844,#2811,.T.);
#7779=EDGE_CURVE('',#5733,#5836,#2812,.T.);
#7780=EDGE_CURVE('',#5730,#5833,#2813,.T.);
#7781=EDGE_CURVE('',#6120,#6121,#2814,.T.);
#7782=EDGE_CURVE('',#6121,#5381,#2815,.T.);
#7783=EDGE_CURVE('',#6120,#5388,#2816,.T.);
#7784=EDGE_CURVE('',#6122,#6120,#4960,.T.);
#7785=EDGE_CURVE('',#6122,#5387,#2817,.T.);
#7786=EDGE_CURVE('',#6123,#6122,#2818,.T.);
#7787=EDGE_CURVE('',#6123,#5386,#2819,.T.);
#7788=EDGE_CURVE('',#6124,#6123,#4961,.T.);
#7789=EDGE_CURVE('',#6124,#5385,#2820,.T.);
#7790=EDGE_CURVE('',#6125,#6124,#2821,.T.);
#7791=EDGE_CURVE('',#6125,#5384,#2822,.T.);
#7792=EDGE_CURVE('',#6126,#6125,#4962,.T.);
#7793=EDGE_CURVE('',#6126,#5383,#2823,.T.);
#7794=EDGE_CURVE('',#6127,#6126,#2824,.T.);
#7795=EDGE_CURVE('',#6127,#5382,#2825,.T.);
#7796=EDGE_CURVE('',#6121,#6127,#4963,.T.);
#7797=EDGE_CURVE('',#6128,#6129,#2826,.T.);
#7798=EDGE_CURVE('',#6129,#5373,#2827,.T.);
#7799=EDGE_CURVE('',#6128,#5380,#2828,.T.);
#7800=EDGE_CURVE('',#6130,#6128,#4964,.T.);
#7801=EDGE_CURVE('',#6130,#5379,#2829,.T.);
#7802=EDGE_CURVE('',#6131,#6130,#2830,.T.);
#7803=EDGE_CURVE('',#6131,#5378,#2831,.T.);
#7804=EDGE_CURVE('',#6132,#6131,#4965,.T.);
#7805=EDGE_CURVE('',#6132,#5377,#2832,.T.);
#7806=EDGE_CURVE('',#6133,#6132,#2833,.T.);
#7807=EDGE_CURVE('',#6133,#5376,#2834,.T.);
#7808=EDGE_CURVE('',#6134,#6133,#4966,.T.);
#7809=EDGE_CURVE('',#6134,#5375,#2835,.T.);
#7810=EDGE_CURVE('',#6135,#6134,#2836,.T.);
#7811=EDGE_CURVE('',#6135,#5374,#2837,.T.);
#7812=EDGE_CURVE('',#6129,#6135,#4967,.T.);
#7813=EDGE_CURVE('',#6136,#6137,#2838,.T.);
#7814=EDGE_CURVE('',#6137,#5365,#2839,.T.);
#7815=EDGE_CURVE('',#6136,#5372,#2840,.T.);
#7816=EDGE_CURVE('',#6138,#6136,#4968,.T.);
#7817=EDGE_CURVE('',#6138,#5371,#2841,.T.);
#7818=EDGE_CURVE('',#6139,#6138,#2842,.T.);
#7819=EDGE_CURVE('',#6139,#5370,#2843,.T.);
#7820=EDGE_CURVE('',#6140,#6139,#4969,.T.);
#7821=EDGE_CURVE('',#6140,#5369,#2844,.T.);
#7822=EDGE_CURVE('',#6141,#6140,#2845,.T.);
#7823=EDGE_CURVE('',#6141,#5368,#2846,.T.);
#7824=EDGE_CURVE('',#6142,#6141,#4970,.T.);
#7825=EDGE_CURVE('',#6142,#5367,#2847,.T.);
#7826=EDGE_CURVE('',#6143,#6142,#2848,.T.);
#7827=EDGE_CURVE('',#6143,#5366,#2849,.T.);
#7828=EDGE_CURVE('',#6137,#6143,#4971,.T.);
#7829=EDGE_CURVE('',#6144,#6145,#2850,.T.);
#7830=EDGE_CURVE('',#6145,#5357,#2851,.T.);
#7831=EDGE_CURVE('',#6144,#5364,#2852,.T.);
#7832=EDGE_CURVE('',#6146,#6144,#4972,.T.);
#7833=EDGE_CURVE('',#6146,#5363,#2853,.T.);
#7834=EDGE_CURVE('',#6147,#6146,#2854,.T.);
#7835=EDGE_CURVE('',#6147,#5362,#2855,.T.);
#7836=EDGE_CURVE('',#6148,#6147,#4973,.T.);
#7837=EDGE_CURVE('',#6148,#5361,#2856,.T.);
#7838=EDGE_CURVE('',#6149,#6148,#2857,.T.);
#7839=EDGE_CURVE('',#6149,#5360,#2858,.T.);
#7840=EDGE_CURVE('',#6150,#6149,#4974,.T.);
#7841=EDGE_CURVE('',#6150,#5359,#2859,.T.);
#7842=EDGE_CURVE('',#6151,#6150,#2860,.T.);
#7843=EDGE_CURVE('',#6151,#5358,#2861,.T.);
#7844=EDGE_CURVE('',#6145,#6151,#4975,.T.);
#7845=EDGE_CURVE('',#6152,#6153,#4976,.T.);
#7846=EDGE_CURVE('',#6153,#5349,#2862,.T.);
#7847=EDGE_CURVE('',#6152,#5356,#2863,.T.);
#7848=EDGE_CURVE('',#6154,#6152,#2864,.T.);
#7849=EDGE_CURVE('',#6154,#5355,#2865,.T.);
#7850=EDGE_CURVE('',#6155,#6154,#4977,.T.);
#7851=EDGE_CURVE('',#6155,#5354,#2866,.T.);
#7852=EDGE_CURVE('',#6156,#6155,#2867,.T.);
#7853=EDGE_CURVE('',#6156,#5353,#2868,.T.);
#7854=EDGE_CURVE('',#6157,#6156,#4978,.T.);
#7855=EDGE_CURVE('',#6157,#5352,#2869,.T.);
#7856=EDGE_CURVE('',#6158,#6157,#2870,.T.);
#7857=EDGE_CURVE('',#6158,#5351,#2871,.T.);
#7858=EDGE_CURVE('',#6159,#6158,#4979,.T.);
#7859=EDGE_CURVE('',#6159,#5350,#2872,.T.);
#7860=EDGE_CURVE('',#6153,#6159,#2873,.T.);
#7861=EDGE_CURVE('',#6160,#6161,#4980,.T.);
#7862=EDGE_CURVE('',#6161,#5341,#2874,.T.);
#7863=EDGE_CURVE('',#6160,#5348,#2875,.T.);
#7864=EDGE_CURVE('',#6162,#6160,#2876,.T.);
#7865=EDGE_CURVE('',#6162,#5347,#2877,.T.);
#7866=EDGE_CURVE('',#6163,#6162,#4981,.T.);
#7867=EDGE_CURVE('',#6163,#5346,#2878,.T.);
#7868=EDGE_CURVE('',#6164,#6163,#2879,.T.);
#7869=EDGE_CURVE('',#6164,#5345,#2880,.T.);
#7870=EDGE_CURVE('',#6165,#6164,#4982,.T.);
#7871=EDGE_CURVE('',#6165,#5344,#2881,.T.);
#7872=EDGE_CURVE('',#6166,#6165,#2882,.T.);
#7873=EDGE_CURVE('',#6166,#5343,#2883,.T.);
#7874=EDGE_CURVE('',#6167,#6166,#4983,.T.);
#7875=EDGE_CURVE('',#6167,#5342,#2884,.T.);
#7876=EDGE_CURVE('',#6161,#6167,#2885,.T.);
#7877=EDGE_CURVE('',#6168,#6169,#2886,.T.);
#7878=EDGE_CURVE('',#6169,#5333,#2887,.T.);
#7879=EDGE_CURVE('',#6168,#5340,#2888,.T.);
#7880=EDGE_CURVE('',#6170,#6168,#4984,.T.);
#7881=EDGE_CURVE('',#6170,#5339,#2889,.T.);
#7882=EDGE_CURVE('',#6171,#6170,#2890,.T.);
#7883=EDGE_CURVE('',#6171,#5338,#2891,.T.);
#7884=EDGE_CURVE('',#6172,#6171,#4985,.T.);
#7885=EDGE_CURVE('',#6172,#5337,#2892,.T.);
#7886=EDGE_CURVE('',#6173,#6172,#2893,.T.);
#7887=EDGE_CURVE('',#6173,#5336,#2894,.T.);
#7888=EDGE_CURVE('',#6174,#6173,#4986,.T.);
#7889=EDGE_CURVE('',#6174,#5335,#2895,.T.);
#7890=EDGE_CURVE('',#6175,#6174,#2896,.T.);
#7891=EDGE_CURVE('',#6175,#5334,#2897,.T.);
#7892=EDGE_CURVE('',#6169,#6175,#4987,.T.);
#7893=EDGE_CURVE('',#6176,#6177,#4988,.T.);
#7894=EDGE_CURVE('',#6177,#5325,#2898,.T.);
#7895=EDGE_CURVE('',#6176,#5332,#2899,.T.);
#7896=EDGE_CURVE('',#6178,#6176,#2900,.T.);
#7897=EDGE_CURVE('',#6178,#5331,#2901,.T.);
#7898=EDGE_CURVE('',#6179,#6178,#4989,.T.);
#7899=EDGE_CURVE('',#6179,#5330,#2902,.T.);
#7900=EDGE_CURVE('',#6180,#6179,#2903,.T.);
#7901=EDGE_CURVE('',#6180,#5329,#2904,.T.);
#7902=EDGE_CURVE('',#6181,#6180,#4990,.T.);
#7903=EDGE_CURVE('',#6181,#5328,#2905,.T.);
#7904=EDGE_CURVE('',#6182,#6181,#2906,.T.);
#7905=EDGE_CURVE('',#6182,#5327,#2907,.T.);
#7906=EDGE_CURVE('',#6183,#6182,#4991,.T.);
#7907=EDGE_CURVE('',#6183,#5326,#2908,.T.);
#7908=EDGE_CURVE('',#6177,#6183,#2909,.T.);
#7909=EDGE_CURVE('',#6184,#6185,#2910,.T.);
#7910=EDGE_CURVE('',#6185,#5317,#2911,.T.);
#7911=EDGE_CURVE('',#6184,#5324,#2912,.T.);
#7912=EDGE_CURVE('',#6186,#6184,#4992,.T.);
#7913=EDGE_CURVE('',#6186,#5323,#2913,.T.);
#7914=EDGE_CURVE('',#6187,#6186,#2914,.T.);
#7915=EDGE_CURVE('',#6187,#5322,#2915,.T.);
#7916=EDGE_CURVE('',#6188,#6187,#4993,.T.);
#7917=EDGE_CURVE('',#6188,#5321,#2916,.T.);
#7918=EDGE_CURVE('',#6189,#6188,#2917,.T.);
#7919=EDGE_CURVE('',#6189,#5320,#2918,.T.);
#7920=EDGE_CURVE('',#6190,#6189,#4994,.T.);
#7921=EDGE_CURVE('',#6190,#5319,#2919,.T.);
#7922=EDGE_CURVE('',#6191,#6190,#2920,.T.);
#7923=EDGE_CURVE('',#6191,#5318,#2921,.T.);
#7924=EDGE_CURVE('',#6185,#6191,#4995,.T.);
#7925=EDGE_CURVE('',#6192,#6193,#2922,.T.);
#7926=EDGE_CURVE('',#6193,#5309,#2923,.T.);
#7927=EDGE_CURVE('',#6192,#5316,#2924,.T.);
#7928=EDGE_CURVE('',#6194,#6192,#4996,.T.);
#7929=EDGE_CURVE('',#6194,#5315,#2925,.T.);
#7930=EDGE_CURVE('',#6195,#6194,#2926,.T.);
#7931=EDGE_CURVE('',#6195,#5314,#2927,.T.);
#7932=EDGE_CURVE('',#6196,#6195,#4997,.T.);
#7933=EDGE_CURVE('',#6196,#5313,#2928,.T.);
#7934=EDGE_CURVE('',#6197,#6196,#2929,.T.);
#7935=EDGE_CURVE('',#6197,#5312,#2930,.T.);
#7936=EDGE_CURVE('',#6198,#6197,#4998,.T.);
#7937=EDGE_CURVE('',#6198,#5311,#2931,.T.);
#7938=EDGE_CURVE('',#6199,#6198,#2932,.T.);
#7939=EDGE_CURVE('',#6199,#5310,#2933,.T.);
#7940=EDGE_CURVE('',#6193,#6199,#4999,.T.);
#7941=EDGE_CURVE('',#6200,#6201,#2934,.T.);
#7942=EDGE_CURVE('',#6201,#5301,#2935,.T.);
#7943=EDGE_CURVE('',#6200,#5308,#2936,.T.);
#7944=EDGE_CURVE('',#6202,#6200,#5000,.T.);
#7945=EDGE_CURVE('',#6202,#5307,#2937,.T.);
#7946=EDGE_CURVE('',#6203,#6202,#2938,.T.);
#7947=EDGE_CURVE('',#6203,#5306,#2939,.T.);
#7948=EDGE_CURVE('',#6204,#6203,#5001,.T.);
#7949=EDGE_CURVE('',#6204,#5305,#2940,.T.);
#7950=EDGE_CURVE('',#6205,#6204,#2941,.T.);
#7951=EDGE_CURVE('',#6205,#5304,#2942,.T.);
#7952=EDGE_CURVE('',#6206,#6205,#5002,.T.);
#7953=EDGE_CURVE('',#6206,#5303,#2943,.T.);
#7954=EDGE_CURVE('',#6207,#6206,#2944,.T.);
#7955=EDGE_CURVE('',#6207,#5302,#2945,.T.);
#7956=EDGE_CURVE('',#6201,#6207,#5003,.T.);
#7957=EDGE_CURVE('',#6208,#6209,#5004,.T.);
#7958=EDGE_CURVE('',#6209,#5293,#2946,.T.);
#7959=EDGE_CURVE('',#6208,#5300,#2947,.T.);
#7960=EDGE_CURVE('',#6210,#6208,#2948,.T.);
#7961=EDGE_CURVE('',#6210,#5299,#2949,.T.);
#7962=EDGE_CURVE('',#6211,#6210,#5005,.T.);
#7963=EDGE_CURVE('',#6211,#5298,#2950,.T.);
#7964=EDGE_CURVE('',#6212,#6211,#2951,.T.);
#7965=EDGE_CURVE('',#6212,#5297,#2952,.T.);
#7966=EDGE_CURVE('',#6213,#6212,#5006,.T.);
#7967=EDGE_CURVE('',#6213,#5296,#2953,.T.);
#7968=EDGE_CURVE('',#6214,#6213,#2954,.T.);
#7969=EDGE_CURVE('',#6214,#5295,#2955,.T.);
#7970=EDGE_CURVE('',#6215,#6214,#5007,.T.);
#7971=EDGE_CURVE('',#6215,#5294,#2956,.T.);
#7972=EDGE_CURVE('',#6209,#6215,#2957,.T.);
#7973=EDGE_CURVE('',#6216,#6217,#2958,.T.);
#7974=EDGE_CURVE('',#6217,#5285,#2959,.T.);
#7975=EDGE_CURVE('',#6216,#5292,#2960,.T.);
#7976=EDGE_CURVE('',#6218,#6216,#5008,.T.);
#7977=EDGE_CURVE('',#6218,#5291,#2961,.T.);
#7978=EDGE_CURVE('',#6219,#6218,#2962,.T.);
#7979=EDGE_CURVE('',#6219,#5290,#2963,.T.);
#7980=EDGE_CURVE('',#6220,#6219,#5009,.T.);
#7981=EDGE_CURVE('',#6220,#5289,#2964,.T.);
#7982=EDGE_CURVE('',#6221,#6220,#2965,.T.);
#7983=EDGE_CURVE('',#6221,#5288,#2966,.T.);
#7984=EDGE_CURVE('',#6222,#6221,#5010,.T.);
#7985=EDGE_CURVE('',#6222,#5287,#2967,.T.);
#7986=EDGE_CURVE('',#6223,#6222,#2968,.T.);
#7987=EDGE_CURVE('',#6223,#5286,#2969,.T.);
#7988=EDGE_CURVE('',#6217,#6223,#5011,.T.);
#7989=EDGE_CURVE('',#6224,#6225,#2970,.T.);
#7990=EDGE_CURVE('',#6225,#5277,#2971,.T.);
#7991=EDGE_CURVE('',#6224,#5284,#2972,.T.);
#7992=EDGE_CURVE('',#6226,#6224,#5012,.T.);
#7993=EDGE_CURVE('',#6226,#5283,#2973,.T.);
#7994=EDGE_CURVE('',#6227,#6226,#2974,.T.);
#7995=EDGE_CURVE('',#6227,#5282,#2975,.T.);
#7996=EDGE_CURVE('',#6228,#6227,#5013,.T.);
#7997=EDGE_CURVE('',#6228,#5281,#2976,.T.);
#7998=EDGE_CURVE('',#6229,#6228,#2977,.T.);
#7999=EDGE_CURVE('',#6229,#5280,#2978,.T.);
#8000=EDGE_CURVE('',#6230,#6229,#5014,.T.);
#8001=EDGE_CURVE('',#6230,#5279,#2979,.T.);
#8002=EDGE_CURVE('',#6231,#6230,#2980,.T.);
#8003=EDGE_CURVE('',#6231,#5278,#2981,.T.);
#8004=EDGE_CURVE('',#6225,#6231,#5015,.T.);
#8005=EDGE_CURVE('',#6232,#6233,#2982,.T.);
#8006=EDGE_CURVE('',#6233,#5269,#2983,.T.);
#8007=EDGE_CURVE('',#6232,#5276,#2984,.T.);
#8008=EDGE_CURVE('',#6234,#6232,#5016,.T.);
#8009=EDGE_CURVE('',#6234,#5275,#2985,.T.);
#8010=EDGE_CURVE('',#6235,#6234,#2986,.T.);
#8011=EDGE_CURVE('',#6235,#5274,#2987,.T.);
#8012=EDGE_CURVE('',#6236,#6235,#5017,.T.);
#8013=EDGE_CURVE('',#6236,#5273,#2988,.T.);
#8014=EDGE_CURVE('',#6237,#6236,#2989,.T.);
#8015=EDGE_CURVE('',#6237,#5272,#2990,.T.);
#8016=EDGE_CURVE('',#6238,#6237,#5018,.T.);
#8017=EDGE_CURVE('',#6238,#5271,#2991,.T.);
#8018=EDGE_CURVE('',#6239,#6238,#2992,.T.);
#8019=EDGE_CURVE('',#6239,#5270,#2993,.T.);
#8020=EDGE_CURVE('',#6233,#6239,#5019,.T.);
#8021=EDGE_CURVE('',#6240,#6241,#2994,.T.);
#8022=EDGE_CURVE('',#6241,#5261,#2995,.T.);
#8023=EDGE_CURVE('',#6240,#5268,#2996,.T.);
#8024=EDGE_CURVE('',#6242,#6240,#5020,.T.);
#8025=EDGE_CURVE('',#6242,#5267,#2997,.T.);
#8026=EDGE_CURVE('',#6243,#6242,#2998,.T.);
#8027=EDGE_CURVE('',#6243,#5266,#2999,.T.);
#8028=EDGE_CURVE('',#6244,#6243,#5021,.T.);
#8029=EDGE_CURVE('',#6244,#5265,#3000,.T.);
#8030=EDGE_CURVE('',#6245,#6244,#3001,.T.);
#8031=EDGE_CURVE('',#6245,#5264,#3002,.T.);
#8032=EDGE_CURVE('',#6246,#6245,#5022,.T.);
#8033=EDGE_CURVE('',#6246,#5263,#3003,.T.);
#8034=EDGE_CURVE('',#6247,#6246,#3004,.T.);
#8035=EDGE_CURVE('',#6247,#5262,#3005,.T.);
#8036=EDGE_CURVE('',#6241,#6247,#5023,.T.);
#8037=EDGE_CURVE('',#6248,#6249,#3006,.T.);
#8038=EDGE_CURVE('',#6249,#5253,#3007,.T.);
#8039=EDGE_CURVE('',#6248,#5260,#3008,.T.);
#8040=EDGE_CURVE('',#6250,#6248,#5024,.T.);
#8041=EDGE_CURVE('',#6250,#5259,#3009,.T.);
#8042=EDGE_CURVE('',#6251,#6250,#3010,.T.);
#8043=EDGE_CURVE('',#6251,#5258,#3011,.T.);
#8044=EDGE_CURVE('',#6252,#6251,#5025,.T.);
#8045=EDGE_CURVE('',#6252,#5257,#3012,.T.);
#8046=EDGE_CURVE('',#6253,#6252,#3013,.T.);
#8047=EDGE_CURVE('',#6253,#5256,#3014,.T.);
#8048=EDGE_CURVE('',#6254,#6253,#5026,.T.);
#8049=EDGE_CURVE('',#6254,#5255,#3015,.T.);
#8050=EDGE_CURVE('',#6255,#6254,#3016,.T.);
#8051=EDGE_CURVE('',#6255,#5254,#3017,.T.);
#8052=EDGE_CURVE('',#6249,#6255,#5027,.T.);
#8053=EDGE_CURVE('',#6256,#6257,#5028,.T.);
#8054=EDGE_CURVE('',#6257,#5245,#3018,.T.);
#8055=EDGE_CURVE('',#6256,#5252,#3019,.T.);
#8056=EDGE_CURVE('',#6258,#6256,#3020,.T.);
#8057=EDGE_CURVE('',#6258,#5251,#3021,.T.);
#8058=EDGE_CURVE('',#6259,#6258,#5029,.T.);
#8059=EDGE_CURVE('',#6259,#5250,#3022,.T.);
#8060=EDGE_CURVE('',#6260,#6259,#3023,.T.);
#8061=EDGE_CURVE('',#6260,#5249,#3024,.T.);
#8062=EDGE_CURVE('',#6261,#6260,#5030,.T.);
#8063=EDGE_CURVE('',#6261,#5248,#3025,.T.);
#8064=EDGE_CURVE('',#6262,#6261,#3026,.T.);
#8065=EDGE_CURVE('',#6262,#5247,#3027,.T.);
#8066=EDGE_CURVE('',#6263,#6262,#5031,.T.);
#8067=EDGE_CURVE('',#6263,#5246,#3028,.T.);
#8068=EDGE_CURVE('',#6257,#6263,#3029,.T.);
#8069=EDGE_CURVE('',#6264,#6265,#3030,.T.);
#8070=EDGE_CURVE('',#6265,#5237,#3031,.T.);
#8071=EDGE_CURVE('',#6264,#5244,#3032,.T.);
#8072=EDGE_CURVE('',#6266,#6264,#5032,.T.);
#8073=EDGE_CURVE('',#6266,#5243,#3033,.T.);
#8074=EDGE_CURVE('',#6267,#6266,#3034,.T.);
#8075=EDGE_CURVE('',#6267,#5242,#3035,.T.);
#8076=EDGE_CURVE('',#6268,#6267,#5033,.T.);
#8077=EDGE_CURVE('',#6268,#5241,#3036,.T.);
#8078=EDGE_CURVE('',#6269,#6268,#3037,.T.);
#8079=EDGE_CURVE('',#6269,#5240,#3038,.T.);
#8080=EDGE_CURVE('',#6270,#6269,#5034,.T.);
#8081=EDGE_CURVE('',#6270,#5239,#3039,.T.);
#8082=EDGE_CURVE('',#6271,#6270,#3040,.T.);
#8083=EDGE_CURVE('',#6271,#5238,#3041,.T.);
#8084=EDGE_CURVE('',#6265,#6271,#5035,.T.);
#8085=EDGE_CURVE('',#6272,#6273,#5036,.T.);
#8086=EDGE_CURVE('',#6273,#5229,#3042,.T.);
#8087=EDGE_CURVE('',#6272,#5236,#3043,.T.);
#8088=EDGE_CURVE('',#6274,#6272,#3044,.T.);
#8089=EDGE_CURVE('',#6274,#5235,#3045,.T.);
#8090=EDGE_CURVE('',#6275,#6274,#5037,.T.);
#8091=EDGE_CURVE('',#6275,#5234,#3046,.T.);
#8092=EDGE_CURVE('',#6276,#6275,#3047,.T.);
#8093=EDGE_CURVE('',#6276,#5233,#3048,.T.);
#8094=EDGE_CURVE('',#6277,#6276,#5038,.T.);
#8095=EDGE_CURVE('',#6277,#5232,#3049,.T.);
#8096=EDGE_CURVE('',#6278,#6277,#3050,.T.);
#8097=EDGE_CURVE('',#6278,#5231,#3051,.T.);
#8098=EDGE_CURVE('',#6279,#6278,#5039,.T.);
#8099=EDGE_CURVE('',#6279,#5230,#3052,.T.);
#8100=EDGE_CURVE('',#6273,#6279,#3053,.T.);
#8101=EDGE_CURVE('',#6280,#6281,#3054,.T.);
#8102=EDGE_CURVE('',#6281,#5221,#3055,.T.);
#8103=EDGE_CURVE('',#6280,#5228,#3056,.T.);
#8104=EDGE_CURVE('',#6282,#6280,#5040,.T.);
#8105=EDGE_CURVE('',#6282,#5227,#3057,.T.);
#8106=EDGE_CURVE('',#6283,#6282,#3058,.T.);
#8107=EDGE_CURVE('',#6283,#5226,#3059,.T.);
#8108=EDGE_CURVE('',#6284,#6283,#5041,.T.);
#8109=EDGE_CURVE('',#6284,#5225,#3060,.T.);
#8110=EDGE_CURVE('',#6285,#6284,#3061,.T.);
#8111=EDGE_CURVE('',#6285,#5224,#3062,.T.);
#8112=EDGE_CURVE('',#6286,#6285,#5042,.T.);
#8113=EDGE_CURVE('',#6286,#5223,#3063,.T.);
#8114=EDGE_CURVE('',#6287,#6286,#3064,.T.);
#8115=EDGE_CURVE('',#6287,#5222,#3065,.T.);
#8116=EDGE_CURVE('',#6281,#6287,#5043,.T.);
#8117=EDGE_CURVE('',#6288,#6289,#5044,.T.);
#8118=EDGE_CURVE('',#6289,#5213,#3066,.T.);
#8119=EDGE_CURVE('',#6288,#5220,#3067,.T.);
#8120=EDGE_CURVE('',#6290,#6288,#3068,.T.);
#8121=EDGE_CURVE('',#6290,#5219,#3069,.T.);
#8122=EDGE_CURVE('',#6291,#6290,#5045,.T.);
#8123=EDGE_CURVE('',#6291,#5218,#3070,.T.);
#8124=EDGE_CURVE('',#6292,#6291,#3071,.T.);
#8125=EDGE_CURVE('',#6292,#5217,#3072,.T.);
#8126=EDGE_CURVE('',#6293,#6292,#5046,.T.);
#8127=EDGE_CURVE('',#6293,#5216,#3073,.T.);
#8128=EDGE_CURVE('',#6294,#6293,#3074,.T.);
#8129=EDGE_CURVE('',#6294,#5215,#3075,.T.);
#8130=EDGE_CURVE('',#6295,#6294,#5047,.T.);
#8131=EDGE_CURVE('',#6295,#5214,#3076,.T.);
#8132=EDGE_CURVE('',#6289,#6295,#3077,.T.);
#8133=EDGE_CURVE('',#6296,#6297,#5048,.T.);
#8134=EDGE_CURVE('',#6297,#5205,#3078,.T.);
#8135=EDGE_CURVE('',#6296,#5212,#3079,.T.);
#8136=EDGE_CURVE('',#6298,#6296,#3080,.T.);
#8137=EDGE_CURVE('',#6298,#5211,#3081,.T.);
#8138=EDGE_CURVE('',#6299,#6298,#5049,.T.);
#8139=EDGE_CURVE('',#6299,#5210,#3082,.T.);
#8140=EDGE_CURVE('',#6300,#6299,#3083,.T.);
#8141=EDGE_CURVE('',#6300,#5209,#3084,.T.);
#8142=EDGE_CURVE('',#6301,#6300,#5050,.T.);
#8143=EDGE_CURVE('',#6301,#5208,#3085,.T.);
#8144=EDGE_CURVE('',#6302,#6301,#3086,.T.);
#8145=EDGE_CURVE('',#6302,#5207,#3087,.T.);
#8146=EDGE_CURVE('',#6303,#6302,#5051,.T.);
#8147=EDGE_CURVE('',#6303,#5206,#3088,.T.);
#8148=EDGE_CURVE('',#6297,#6303,#3089,.T.);
#8149=EDGE_CURVE('',#6304,#6305,#5052,.T.);
#8150=EDGE_CURVE('',#6305,#5197,#3090,.T.);
#8151=EDGE_CURVE('',#6304,#5204,#3091,.T.);
#8152=EDGE_CURVE('',#6306,#6304,#3092,.T.);
#8153=EDGE_CURVE('',#6306,#5203,#3093,.T.);
#8154=EDGE_CURVE('',#6307,#6306,#5053,.T.);
#8155=EDGE_CURVE('',#6307,#5202,#3094,.T.);
#8156=EDGE_CURVE('',#6308,#6307,#3095,.T.);
#8157=EDGE_CURVE('',#6308,#5201,#3096,.T.);
#8158=EDGE_CURVE('',#6309,#6308,#5054,.T.);
#8159=EDGE_CURVE('',#6309,#5200,#3097,.T.);
#8160=EDGE_CURVE('',#6310,#6309,#3098,.T.);
#8161=EDGE_CURVE('',#6310,#5199,#3099,.T.);
#8162=EDGE_CURVE('',#6311,#6310,#5055,.T.);
#8163=EDGE_CURVE('',#6311,#5198,#3100,.T.);
#8164=EDGE_CURVE('',#6305,#6311,#3101,.T.);
#8165=EDGE_CURVE('',#6312,#6313,#5056,.T.);
#8166=EDGE_CURVE('',#6313,#5189,#3102,.T.);
#8167=EDGE_CURVE('',#6312,#5196,#3103,.T.);
#8168=EDGE_CURVE('',#6314,#6312,#3104,.T.);
#8169=EDGE_CURVE('',#6314,#5195,#3105,.T.);
#8170=EDGE_CURVE('',#6315,#6314,#5057,.T.);
#8171=EDGE_CURVE('',#6315,#5194,#3106,.T.);
#8172=EDGE_CURVE('',#6316,#6315,#3107,.T.);
#8173=EDGE_CURVE('',#6316,#5193,#3108,.T.);
#8174=EDGE_CURVE('',#6317,#6316,#5058,.T.);
#8175=EDGE_CURVE('',#6317,#5192,#3109,.T.);
#8176=EDGE_CURVE('',#6318,#6317,#3110,.T.);
#8177=EDGE_CURVE('',#6318,#5191,#3111,.T.);
#8178=EDGE_CURVE('',#6319,#6318,#5059,.T.);
#8179=EDGE_CURVE('',#6319,#5190,#3112,.T.);
#8180=EDGE_CURVE('',#6313,#6319,#3113,.T.);
#8181=EDGE_CURVE('',#6320,#6321,#3114,.T.);
#8182=EDGE_CURVE('',#6321,#5181,#3115,.T.);
#8183=EDGE_CURVE('',#6320,#5188,#3116,.T.);
#8184=EDGE_CURVE('',#6322,#6320,#5060,.T.);
#8185=EDGE_CURVE('',#6322,#5187,#3117,.T.);
#8186=EDGE_CURVE('',#6323,#6322,#3118,.T.);
#8187=EDGE_CURVE('',#6323,#5186,#3119,.T.);
#8188=EDGE_CURVE('',#6324,#6323,#5061,.T.);
#8189=EDGE_CURVE('',#6324,#5185,#3120,.T.);
#8190=EDGE_CURVE('',#6325,#6324,#3121,.T.);
#8191=EDGE_CURVE('',#6325,#5184,#3122,.T.);
#8192=EDGE_CURVE('',#6326,#6325,#5062,.T.);
#8193=EDGE_CURVE('',#6326,#5183,#3123,.T.);
#8194=EDGE_CURVE('',#6327,#6326,#3124,.T.);
#8195=EDGE_CURVE('',#6327,#5182,#3125,.T.);
#8196=EDGE_CURVE('',#6321,#6327,#5063,.T.);
#8197=EDGE_CURVE('',#5745,#5813,#3126,.T.);
#8198=EDGE_CURVE('',#5742,#5816,#3127,.T.);
#8199=EDGE_CURVE('',#5724,#5827,#3128,.T.);
#8200=EDGE_CURVE('',#5727,#5824,#3129,.T.);
#8201=EDGE_CURVE('',#6328,#6329,#3130,.T.);
#8202=EDGE_CURVE('',#6329,#5141,#3131,.T.);
#8203=EDGE_CURVE('',#6328,#5148,#3132,.T.);
#8204=EDGE_CURVE('',#6330,#6328,#5064,.T.);
#8205=EDGE_CURVE('',#6330,#5147,#3133,.T.);
#8206=EDGE_CURVE('',#6331,#6330,#3134,.T.);
#8207=EDGE_CURVE('',#6331,#5146,#3135,.T.);
#8208=EDGE_CURVE('',#6332,#6331,#5065,.T.);
#8209=EDGE_CURVE('',#6332,#5145,#3136,.T.);
#8210=EDGE_CURVE('',#6333,#6332,#3137,.T.);
#8211=EDGE_CURVE('',#6333,#5144,#3138,.T.);
#8212=EDGE_CURVE('',#6334,#6333,#5066,.T.);
#8213=EDGE_CURVE('',#6334,#5143,#3139,.T.);
#8214=EDGE_CURVE('',#6335,#6334,#3140,.T.);
#8215=EDGE_CURVE('',#6335,#5142,#3141,.T.);
#8216=EDGE_CURVE('',#6329,#6335,#5067,.T.);
#8217=EDGE_CURVE('',#5140,#6336,#3142,.T.);
#8218=EDGE_CURVE('',#6336,#6336,#5068,.T.);
#8219=EDGE_CURVE('',#5139,#6337,#3143,.T.);
#8220=EDGE_CURVE('',#6337,#6337,#5069,.T.);
#8221=EDGE_CURVE('',#5138,#6338,#3144,.T.);
#8222=EDGE_CURVE('',#6338,#6338,#5070,.T.);
#8223=EDGE_CURVE('',#5137,#6339,#3145,.T.);
#8224=EDGE_CURVE('',#6339,#6339,#5071,.T.);
#8225=EDGE_CURVE('',#5136,#6340,#3146,.T.);
#8226=EDGE_CURVE('',#6340,#6340,#5072,.T.);
#8227=EDGE_CURVE('',#6341,#5122,#3147,.T.);
#8228=EDGE_CURVE('',#6341,#5762,#3148,.T.);
#8229=EDGE_CURVE('',#5767,#6341,#5073,.T.);
#8230=EDGE_CURVE('',#6342,#5116,#3149,.T.);
#8231=EDGE_CURVE('',#6342,#5768,#3150,.T.);
#8232=EDGE_CURVE('',#5772,#6342,#5074,.T.);
#8233=EDGE_CURVE('',#6343,#5112,#3151,.T.);
#8234=EDGE_CURVE('',#5770,#6343,#3152,.T.);
#8235=EDGE_CURVE('',#6344,#6343,#3153,.T.);
#8236=EDGE_CURVE('',#6344,#5111,#3154,.T.);
#8237=EDGE_CURVE('',#5775,#6344,#5075,.T.);
#8238=EDGE_CURVE('',#6345,#5105,#3155,.T.);
#8239=EDGE_CURVE('',#6345,#5776,#3156,.T.);
#8240=EDGE_CURVE('',#6346,#6345,#5076,.T.);
#8241=EDGE_CURVE('',#6346,#5104,#3157,.T.);
#8242=EDGE_CURVE('',#6346,#5780,#3158,.T.);
#8243=EDGE_CURVE('',#5778,#5721,#3159,.T.);
#8244=EDGE_CURVE('',#6347,#5096,#3160,.T.);
#8245=EDGE_CURVE('',#6347,#5784,#3161,.T.);
#8246=EDGE_CURVE('',#5783,#6347,#5077,.T.);
#8247=EDGE_CURVE('',#6348,#5090,#3162,.T.);
#8248=EDGE_CURVE('',#6348,#5788,#3163,.T.);
#8249=EDGE_CURVE('',#5787,#6348,#5078,.T.);
#8250=EDGE_CURVE('',#5785,#5084,#3164,.T.);
#8251=EDGE_CURVE('',#6349,#5134,#3165,.T.);
#8252=EDGE_CURVE('',#5790,#6349,#3166,.T.);
#8253=EDGE_CURVE('',#6350,#6349,#3167,.T.);
#8254=EDGE_CURVE('',#6350,#5133,#3168,.T.);
#8255=EDGE_CURVE('',#5792,#6350,#5079,.T.);
#8256=EDGE_CURVE('',#6351,#5127,#3169,.T.);
#8257=EDGE_CURVE('',#6351,#5759,#3170,.T.);
#8258=EDGE_CURVE('',#6352,#6351,#5080,.T.);
#8259=EDGE_CURVE('',#6352,#5126,#3171,.T.);
#8260=EDGE_CURVE('',#6352,#5764,#3172,.T.);
#8261=ORIENTED_EDGE('',*,*,#6353,.T.);
#8262=ORIENTED_EDGE('',*,*,#6354,.T.);
#8263=ORIENTED_EDGE('',*,*,#6355,.T.);
#8264=ORIENTED_EDGE('',*,*,#6356,.T.);
#8265=ORIENTED_EDGE('',*,*,#6354,.F.);
#8266=ORIENTED_EDGE('',*,*,#6357,.F.);
#8267=ORIENTED_EDGE('',*,*,#6358,.F.);
#8268=ORIENTED_EDGE('',*,*,#6359,.F.);
#8269=ORIENTED_EDGE('',*,*,#6353,.F.);
#8270=ORIENTED_EDGE('',*,*,#6360,.T.);
#8271=ORIENTED_EDGE('',*,*,#6361,.F.);
#8272=ORIENTED_EDGE('',*,*,#6362,.T.);
#8273=ORIENTED_EDGE('',*,*,#6363,.T.);
#8274=ORIENTED_EDGE('',*,*,#6364,.T.);
#8275=ORIENTED_EDGE('',*,*,#6365,.F.);
#8276=ORIENTED_EDGE('',*,*,#6366,.T.);
#8277=ORIENTED_EDGE('',*,*,#6367,.F.);
#8278=ORIENTED_EDGE('',*,*,#6368,.T.);
#8279=ORIENTED_EDGE('',*,*,#6369,.T.);
#8280=ORIENTED_EDGE('',*,*,#6370,.T.);
#8281=ORIENTED_EDGE('',*,*,#6371,.F.);
#8282=ORIENTED_EDGE('',*,*,#6372,.T.);
#8283=ORIENTED_EDGE('',*,*,#6373,.F.);
#8284=ORIENTED_EDGE('',*,*,#6374,.T.);
#8285=ORIENTED_EDGE('',*,*,#6375,.F.);
#8286=ORIENTED_EDGE('',*,*,#6376,.T.);
#8287=ORIENTED_EDGE('',*,*,#6377,.T.);
#8288=ORIENTED_EDGE('',*,*,#6378,.T.);
#8289=ORIENTED_EDGE('',*,*,#6379,.T.);
#8290=ORIENTED_EDGE('',*,*,#6380,.F.);
#8291=ORIENTED_EDGE('',*,*,#6381,.T.);
#8292=ORIENTED_EDGE('',*,*,#6382,.F.);
#8293=ORIENTED_EDGE('',*,*,#6383,.T.);
#8294=ORIENTED_EDGE('',*,*,#6384,.T.);
#8295=ORIENTED_EDGE('',*,*,#6385,.T.);
#8296=ORIENTED_EDGE('',*,*,#6386,.T.);
#8297=ORIENTED_EDGE('',*,*,#6387,.F.);
#8298=ORIENTED_EDGE('',*,*,#6388,.T.);
#8299=ORIENTED_EDGE('',*,*,#6389,.T.);
#8300=ORIENTED_EDGE('',*,*,#6390,.T.);
#8301=ORIENTED_EDGE('',*,*,#6391,.F.);
#8302=ORIENTED_EDGE('',*,*,#6392,.T.);
#8303=ORIENTED_EDGE('',*,*,#6393,.F.);
#8304=ORIENTED_EDGE('',*,*,#6394,.T.);
#8305=ORIENTED_EDGE('',*,*,#6395,.T.);
#8306=ORIENTED_EDGE('',*,*,#6396,.T.);
#8307=ORIENTED_EDGE('',*,*,#6397,.F.);
#8308=ORIENTED_EDGE('',*,*,#6398,.T.);
#8309=ORIENTED_EDGE('',*,*,#6399,.T.);
#8310=ORIENTED_EDGE('',*,*,#6400,.T.);
#8311=ORIENTED_EDGE('',*,*,#6401,.T.);
#8312=ORIENTED_EDGE('',*,*,#6402,.F.);
#8313=ORIENTED_EDGE('',*,*,#6403,.T.);
#8314=ORIENTED_EDGE('',*,*,#6404,.F.);
#8315=ORIENTED_EDGE('',*,*,#6405,.T.);
#8316=ORIENTED_EDGE('',*,*,#6406,.T.);
#8317=ORIENTED_EDGE('',*,*,#6407,.T.);
#8318=ORIENTED_EDGE('',*,*,#6408,.T.);
#8319=ORIENTED_EDGE('',*,*,#6409,.F.);
#8320=ORIENTED_EDGE('',*,*,#6357,.T.);
#8321=ORIENTED_EDGE('',*,*,#6410,.T.);
#8322=ORIENTED_EDGE('',*,*,#6411,.T.);
#8323=ORIENTED_EDGE('',*,*,#6412,.T.);
#8324=ORIENTED_EDGE('',*,*,#6413,.T.);
#8325=ORIENTED_EDGE('',*,*,#6414,.T.);
#8326=ORIENTED_EDGE('',*,*,#6415,.T.);
#8327=ORIENTED_EDGE('',*,*,#6416,.T.);
#8328=ORIENTED_EDGE('',*,*,#6417,.T.);
#8329=ORIENTED_EDGE('',*,*,#6418,.T.);
#8330=ORIENTED_EDGE('',*,*,#6419,.T.);
#8331=ORIENTED_EDGE('',*,*,#6420,.T.);
#8332=ORIENTED_EDGE('',*,*,#6421,.T.);
#8333=ORIENTED_EDGE('',*,*,#6422,.T.);
#8334=ORIENTED_EDGE('',*,*,#6423,.F.);
#8335=ORIENTED_EDGE('',*,*,#6424,.T.);
#8336=ORIENTED_EDGE('',*,*,#6425,.F.);
#8337=ORIENTED_EDGE('',*,*,#6426,.T.);
#8338=ORIENTED_EDGE('',*,*,#6427,.F.);
#8339=ORIENTED_EDGE('',*,*,#6428,.T.);
#8340=ORIENTED_EDGE('',*,*,#6429,.F.);
#8341=ORIENTED_EDGE('',*,*,#6430,.T.);
#8342=ORIENTED_EDGE('',*,*,#6431,.F.);
#8343=ORIENTED_EDGE('',*,*,#6432,.T.);
#8344=ORIENTED_EDGE('',*,*,#6433,.F.);
#8345=ORIENTED_EDGE('',*,*,#6434,.T.);
#8346=ORIENTED_EDGE('',*,*,#6435,.F.);
#8347=ORIENTED_EDGE('',*,*,#6436,.T.);
#8348=ORIENTED_EDGE('',*,*,#6437,.F.);
#8349=ORIENTED_EDGE('',*,*,#6438,.T.);
#8350=ORIENTED_EDGE('',*,*,#6439,.F.);
#8351=ORIENTED_EDGE('',*,*,#6440,.T.);
#8352=ORIENTED_EDGE('',*,*,#6441,.F.);
#8353=ORIENTED_EDGE('',*,*,#6442,.T.);
#8354=ORIENTED_EDGE('',*,*,#6443,.F.);
#8355=ORIENTED_EDGE('',*,*,#6444,.T.);
#8356=ORIENTED_EDGE('',*,*,#6445,.F.);
#8357=ORIENTED_EDGE('',*,*,#6446,.T.);
#8358=ORIENTED_EDGE('',*,*,#6447,.F.);
#8359=ORIENTED_EDGE('',*,*,#6448,.T.);
#8360=ORIENTED_EDGE('',*,*,#6449,.F.);
#8361=ORIENTED_EDGE('',*,*,#6450,.T.);
#8362=ORIENTED_EDGE('',*,*,#6451,.F.);
#8363=ORIENTED_EDGE('',*,*,#6452,.T.);
#8364=ORIENTED_EDGE('',*,*,#6453,.F.);
#8365=ORIENTED_EDGE('',*,*,#6454,.T.);
#8366=ORIENTED_EDGE('',*,*,#6455,.T.);
#8367=ORIENTED_EDGE('',*,*,#6456,.T.);
#8368=ORIENTED_EDGE('',*,*,#6457,.T.);
#8369=ORIENTED_EDGE('',*,*,#6458,.T.);
#8370=ORIENTED_EDGE('',*,*,#6459,.T.);
#8371=ORIENTED_EDGE('',*,*,#6460,.T.);
#8372=ORIENTED_EDGE('',*,*,#6461,.T.);
#8373=ORIENTED_EDGE('',*,*,#6462,.T.);
#8374=ORIENTED_EDGE('',*,*,#6463,.T.);
#8375=ORIENTED_EDGE('',*,*,#6464,.T.);
#8376=ORIENTED_EDGE('',*,*,#6465,.T.);
#8377=ORIENTED_EDGE('',*,*,#6466,.T.);
#8378=ORIENTED_EDGE('',*,*,#6467,.T.);
#8379=ORIENTED_EDGE('',*,*,#6468,.T.);
#8380=ORIENTED_EDGE('',*,*,#6469,.T.);
#8381=ORIENTED_EDGE('',*,*,#6470,.T.);
#8382=ORIENTED_EDGE('',*,*,#6471,.T.);
#8383=ORIENTED_EDGE('',*,*,#6472,.T.);
#8384=ORIENTED_EDGE('',*,*,#6473,.T.);
#8385=ORIENTED_EDGE('',*,*,#6474,.T.);
#8386=ORIENTED_EDGE('',*,*,#6475,.T.);
#8387=ORIENTED_EDGE('',*,*,#6476,.T.);
#8388=ORIENTED_EDGE('',*,*,#6477,.T.);
#8389=ORIENTED_EDGE('',*,*,#6478,.T.);
#8390=ORIENTED_EDGE('',*,*,#6479,.T.);
#8391=ORIENTED_EDGE('',*,*,#6480,.T.);
#8392=ORIENTED_EDGE('',*,*,#6481,.T.);
#8393=ORIENTED_EDGE('',*,*,#6482,.T.);
#8394=ORIENTED_EDGE('',*,*,#6483,.T.);
#8395=ORIENTED_EDGE('',*,*,#6484,.T.);
#8396=ORIENTED_EDGE('',*,*,#6485,.T.);
#8397=ORIENTED_EDGE('',*,*,#6486,.T.);
#8398=ORIENTED_EDGE('',*,*,#6487,.T.);
#8399=ORIENTED_EDGE('',*,*,#6488,.T.);
#8400=ORIENTED_EDGE('',*,*,#6489,.T.);
#8401=ORIENTED_EDGE('',*,*,#6490,.T.);
#8402=ORIENTED_EDGE('',*,*,#6491,.T.);
#8403=ORIENTED_EDGE('',*,*,#6492,.T.);
#8404=ORIENTED_EDGE('',*,*,#6493,.T.);
#8405=ORIENTED_EDGE('',*,*,#6494,.T.);
#8406=ORIENTED_EDGE('',*,*,#6495,.T.);
#8407=ORIENTED_EDGE('',*,*,#6496,.T.);
#8408=ORIENTED_EDGE('',*,*,#6497,.T.);
#8409=ORIENTED_EDGE('',*,*,#6498,.T.);
#8410=ORIENTED_EDGE('',*,*,#6499,.T.);
#8411=ORIENTED_EDGE('',*,*,#6500,.T.);
#8412=ORIENTED_EDGE('',*,*,#6501,.T.);
#8413=ORIENTED_EDGE('',*,*,#6502,.T.);
#8414=ORIENTED_EDGE('',*,*,#6503,.T.);
#8415=ORIENTED_EDGE('',*,*,#6504,.T.);
#8416=ORIENTED_EDGE('',*,*,#6505,.T.);
#8417=ORIENTED_EDGE('',*,*,#6506,.T.);
#8418=ORIENTED_EDGE('',*,*,#6507,.T.);
#8419=ORIENTED_EDGE('',*,*,#6508,.T.);
#8420=ORIENTED_EDGE('',*,*,#6509,.T.);
#8421=ORIENTED_EDGE('',*,*,#6510,.T.);
#8422=ORIENTED_EDGE('',*,*,#6511,.T.);
#8423=ORIENTED_EDGE('',*,*,#6512,.T.);
#8424=ORIENTED_EDGE('',*,*,#6513,.T.);
#8425=ORIENTED_EDGE('',*,*,#6514,.T.);
#8426=ORIENTED_EDGE('',*,*,#6515,.T.);
#8427=ORIENTED_EDGE('',*,*,#6516,.T.);
#8428=ORIENTED_EDGE('',*,*,#6517,.T.);
#8429=ORIENTED_EDGE('',*,*,#6518,.T.);
#8430=ORIENTED_EDGE('',*,*,#6519,.T.);
#8431=ORIENTED_EDGE('',*,*,#6520,.T.);
#8432=ORIENTED_EDGE('',*,*,#6521,.T.);
#8433=ORIENTED_EDGE('',*,*,#6522,.T.);
#8434=ORIENTED_EDGE('',*,*,#6523,.T.);
#8435=ORIENTED_EDGE('',*,*,#6524,.T.);
#8436=ORIENTED_EDGE('',*,*,#6525,.T.);
#8437=ORIENTED_EDGE('',*,*,#6526,.T.);
#8438=ORIENTED_EDGE('',*,*,#6527,.T.);
#8439=ORIENTED_EDGE('',*,*,#6528,.T.);
#8440=ORIENTED_EDGE('',*,*,#6529,.T.);
#8441=ORIENTED_EDGE('',*,*,#6530,.T.);
#8442=ORIENTED_EDGE('',*,*,#6531,.T.);
#8443=ORIENTED_EDGE('',*,*,#6532,.T.);
#8444=ORIENTED_EDGE('',*,*,#6533,.T.);
#8445=ORIENTED_EDGE('',*,*,#6534,.T.);
#8446=ORIENTED_EDGE('',*,*,#6535,.T.);
#8447=ORIENTED_EDGE('',*,*,#6536,.T.);
#8448=ORIENTED_EDGE('',*,*,#6537,.T.);
#8449=ORIENTED_EDGE('',*,*,#6538,.T.);
#8450=ORIENTED_EDGE('',*,*,#6539,.T.);
#8451=ORIENTED_EDGE('',*,*,#6540,.T.);
#8452=ORIENTED_EDGE('',*,*,#6541,.T.);
#8453=ORIENTED_EDGE('',*,*,#6542,.T.);
#8454=ORIENTED_EDGE('',*,*,#6543,.T.);
#8455=ORIENTED_EDGE('',*,*,#6544,.T.);
#8456=ORIENTED_EDGE('',*,*,#6545,.T.);
#8457=ORIENTED_EDGE('',*,*,#6546,.T.);
#8458=ORIENTED_EDGE('',*,*,#6547,.T.);
#8459=ORIENTED_EDGE('',*,*,#6548,.T.);
#8460=ORIENTED_EDGE('',*,*,#6549,.T.);
#8461=ORIENTED_EDGE('',*,*,#6550,.T.);
#8462=ORIENTED_EDGE('',*,*,#6551,.T.);
#8463=ORIENTED_EDGE('',*,*,#6552,.T.);
#8464=ORIENTED_EDGE('',*,*,#6553,.T.);
#8465=ORIENTED_EDGE('',*,*,#6554,.T.);
#8466=ORIENTED_EDGE('',*,*,#6555,.T.);
#8467=ORIENTED_EDGE('',*,*,#6556,.T.);
#8468=ORIENTED_EDGE('',*,*,#6557,.T.);
#8469=ORIENTED_EDGE('',*,*,#6558,.T.);
#8470=ORIENTED_EDGE('',*,*,#6559,.T.);
#8471=ORIENTED_EDGE('',*,*,#6560,.T.);
#8472=ORIENTED_EDGE('',*,*,#6561,.T.);
#8473=ORIENTED_EDGE('',*,*,#6562,.T.);
#8474=ORIENTED_EDGE('',*,*,#6563,.T.);
#8475=ORIENTED_EDGE('',*,*,#6564,.T.);
#8476=ORIENTED_EDGE('',*,*,#6565,.T.);
#8477=ORIENTED_EDGE('',*,*,#6566,.T.);
#8478=ORIENTED_EDGE('',*,*,#6567,.T.);
#8479=ORIENTED_EDGE('',*,*,#6568,.T.);
#8480=ORIENTED_EDGE('',*,*,#6569,.T.);
#8481=ORIENTED_EDGE('',*,*,#6570,.T.);
#8482=ORIENTED_EDGE('',*,*,#6571,.T.);
#8483=ORIENTED_EDGE('',*,*,#6572,.T.);
#8484=ORIENTED_EDGE('',*,*,#6573,.T.);
#8485=ORIENTED_EDGE('',*,*,#6574,.T.);
#8486=ORIENTED_EDGE('',*,*,#6575,.T.);
#8487=ORIENTED_EDGE('',*,*,#6576,.T.);
#8488=ORIENTED_EDGE('',*,*,#6577,.T.);
#8489=ORIENTED_EDGE('',*,*,#6578,.T.);
#8490=ORIENTED_EDGE('',*,*,#6579,.T.);
#8491=ORIENTED_EDGE('',*,*,#6580,.T.);
#8492=ORIENTED_EDGE('',*,*,#6581,.T.);
#8493=ORIENTED_EDGE('',*,*,#6582,.T.);
#8494=ORIENTED_EDGE('',*,*,#6583,.T.);
#8495=ORIENTED_EDGE('',*,*,#6584,.T.);
#8496=ORIENTED_EDGE('',*,*,#6585,.T.);
#8497=ORIENTED_EDGE('',*,*,#6586,.T.);
#8498=ORIENTED_EDGE('',*,*,#6587,.T.);
#8499=ORIENTED_EDGE('',*,*,#6588,.T.);
#8500=ORIENTED_EDGE('',*,*,#6589,.T.);
#8501=ORIENTED_EDGE('',*,*,#6590,.T.);
#8502=ORIENTED_EDGE('',*,*,#6591,.T.);
#8503=ORIENTED_EDGE('',*,*,#6592,.T.);
#8504=ORIENTED_EDGE('',*,*,#6593,.T.);
#8505=ORIENTED_EDGE('',*,*,#6594,.T.);
#8506=ORIENTED_EDGE('',*,*,#6595,.T.);
#8507=ORIENTED_EDGE('',*,*,#6596,.T.);
#8508=ORIENTED_EDGE('',*,*,#6597,.T.);
#8509=ORIENTED_EDGE('',*,*,#6598,.T.);
#8510=ORIENTED_EDGE('',*,*,#6599,.T.);
#8511=ORIENTED_EDGE('',*,*,#6600,.T.);
#8512=ORIENTED_EDGE('',*,*,#6601,.T.);
#8513=ORIENTED_EDGE('',*,*,#6602,.T.);
#8514=ORIENTED_EDGE('',*,*,#6603,.T.);
#8515=ORIENTED_EDGE('',*,*,#6604,.T.);
#8516=ORIENTED_EDGE('',*,*,#6605,.T.);
#8517=ORIENTED_EDGE('',*,*,#6606,.T.);
#8518=ORIENTED_EDGE('',*,*,#6607,.T.);
#8519=ORIENTED_EDGE('',*,*,#6608,.T.);
#8520=ORIENTED_EDGE('',*,*,#6609,.T.);
#8521=ORIENTED_EDGE('',*,*,#6610,.T.);
#8522=ORIENTED_EDGE('',*,*,#6611,.T.);
#8523=ORIENTED_EDGE('',*,*,#6612,.T.);
#8524=ORIENTED_EDGE('',*,*,#6613,.T.);
#8525=ORIENTED_EDGE('',*,*,#6614,.T.);
#8526=ORIENTED_EDGE('',*,*,#6615,.T.);
#8527=ORIENTED_EDGE('',*,*,#6616,.T.);
#8528=ORIENTED_EDGE('',*,*,#6617,.T.);
#8529=ORIENTED_EDGE('',*,*,#6618,.T.);
#8530=ORIENTED_EDGE('',*,*,#6619,.T.);
#8531=ORIENTED_EDGE('',*,*,#6620,.T.);
#8532=ORIENTED_EDGE('',*,*,#6621,.T.);
#8533=ORIENTED_EDGE('',*,*,#6622,.T.);
#8534=ORIENTED_EDGE('',*,*,#6623,.T.);
#8535=ORIENTED_EDGE('',*,*,#6624,.T.);
#8536=ORIENTED_EDGE('',*,*,#6625,.T.);
#8537=ORIENTED_EDGE('',*,*,#6626,.T.);
#8538=ORIENTED_EDGE('',*,*,#6627,.T.);
#8539=ORIENTED_EDGE('',*,*,#6628,.T.);
#8540=ORIENTED_EDGE('',*,*,#6629,.T.);
#8541=ORIENTED_EDGE('',*,*,#6630,.T.);
#8542=ORIENTED_EDGE('',*,*,#6631,.T.);
#8543=ORIENTED_EDGE('',*,*,#6632,.T.);
#8544=ORIENTED_EDGE('',*,*,#6633,.T.);
#8545=ORIENTED_EDGE('',*,*,#6634,.T.);
#8546=ORIENTED_EDGE('',*,*,#6635,.T.);
#8547=ORIENTED_EDGE('',*,*,#6636,.T.);
#8548=ORIENTED_EDGE('',*,*,#6637,.T.);
#8549=ORIENTED_EDGE('',*,*,#6638,.T.);
#8550=ORIENTED_EDGE('',*,*,#6639,.T.);
#8551=ORIENTED_EDGE('',*,*,#6640,.T.);
#8552=ORIENTED_EDGE('',*,*,#6641,.T.);
#8553=ORIENTED_EDGE('',*,*,#6642,.T.);
#8554=ORIENTED_EDGE('',*,*,#6643,.T.);
#8555=ORIENTED_EDGE('',*,*,#6644,.T.);
#8556=ORIENTED_EDGE('',*,*,#6645,.T.);
#8557=ORIENTED_EDGE('',*,*,#6646,.T.);
#8558=ORIENTED_EDGE('',*,*,#6647,.T.);
#8559=ORIENTED_EDGE('',*,*,#6648,.T.);
#8560=ORIENTED_EDGE('',*,*,#6649,.T.);
#8561=ORIENTED_EDGE('',*,*,#6650,.T.);
#8562=ORIENTED_EDGE('',*,*,#6651,.T.);
#8563=ORIENTED_EDGE('',*,*,#6652,.T.);
#8564=ORIENTED_EDGE('',*,*,#6653,.T.);
#8565=ORIENTED_EDGE('',*,*,#6654,.T.);
#8566=ORIENTED_EDGE('',*,*,#6655,.T.);
#8567=ORIENTED_EDGE('',*,*,#6656,.T.);
#8568=ORIENTED_EDGE('',*,*,#6657,.T.);
#8569=ORIENTED_EDGE('',*,*,#6658,.T.);
#8570=ORIENTED_EDGE('',*,*,#6659,.T.);
#8571=ORIENTED_EDGE('',*,*,#6660,.T.);
#8572=ORIENTED_EDGE('',*,*,#6661,.T.);
#8573=ORIENTED_EDGE('',*,*,#6662,.T.);
#8574=ORIENTED_EDGE('',*,*,#6663,.F.);
#8575=ORIENTED_EDGE('',*,*,#6664,.T.);
#8576=ORIENTED_EDGE('',*,*,#6665,.F.);
#8577=ORIENTED_EDGE('',*,*,#6666,.T.);
#8578=ORIENTED_EDGE('',*,*,#6667,.F.);
#8579=ORIENTED_EDGE('',*,*,#6668,.T.);
#8580=ORIENTED_EDGE('',*,*,#6669,.F.);
#8581=ORIENTED_EDGE('',*,*,#6670,.T.);
#8582=ORIENTED_EDGE('',*,*,#6671,.F.);
#8583=ORIENTED_EDGE('',*,*,#6672,.T.);
#8584=ORIENTED_EDGE('',*,*,#6673,.F.);
#8585=ORIENTED_EDGE('',*,*,#6674,.T.);
#8586=ORIENTED_EDGE('',*,*,#6675,.F.);
#8587=ORIENTED_EDGE('',*,*,#6676,.T.);
#8588=ORIENTED_EDGE('',*,*,#6677,.F.);
#8589=ORIENTED_EDGE('',*,*,#6678,.T.);
#8590=ORIENTED_EDGE('',*,*,#6679,.F.);
#8591=ORIENTED_EDGE('',*,*,#6680,.T.);
#8592=ORIENTED_EDGE('',*,*,#6681,.F.);
#8593=ORIENTED_EDGE('',*,*,#6682,.T.);
#8594=ORIENTED_EDGE('',*,*,#6683,.F.);
#8595=ORIENTED_EDGE('',*,*,#6684,.T.);
#8596=ORIENTED_EDGE('',*,*,#6685,.F.);
#8597=ORIENTED_EDGE('',*,*,#6686,.T.);
#8598=ORIENTED_EDGE('',*,*,#6687,.F.);
#8599=ORIENTED_EDGE('',*,*,#6688,.T.);
#8600=ORIENTED_EDGE('',*,*,#6689,.F.);
#8601=ORIENTED_EDGE('',*,*,#6690,.T.);
#8602=ORIENTED_EDGE('',*,*,#6691,.F.);
#8603=ORIENTED_EDGE('',*,*,#6692,.T.);
#8604=ORIENTED_EDGE('',*,*,#6693,.F.);
#8605=ORIENTED_EDGE('',*,*,#6694,.T.);
#8606=ORIENTED_EDGE('',*,*,#6695,.T.);
#8607=ORIENTED_EDGE('',*,*,#6696,.T.);
#8608=ORIENTED_EDGE('',*,*,#6697,.T.);
#8609=ORIENTED_EDGE('',*,*,#6698,.T.);
#8610=ORIENTED_EDGE('',*,*,#6699,.T.);
#8611=ORIENTED_EDGE('',*,*,#6700,.T.);
#8612=ORIENTED_EDGE('',*,*,#6701,.T.);
#8613=ORIENTED_EDGE('',*,*,#6702,.T.);
#8614=ORIENTED_EDGE('',*,*,#6703,.T.);
#8615=ORIENTED_EDGE('',*,*,#6704,.T.);
#8616=ORIENTED_EDGE('',*,*,#6705,.T.);
#8617=ORIENTED_EDGE('',*,*,#6706,.T.);
#8618=ORIENTED_EDGE('',*,*,#6707,.T.);
#8619=ORIENTED_EDGE('',*,*,#6708,.T.);
#8620=ORIENTED_EDGE('',*,*,#6709,.T.);
#8621=ORIENTED_EDGE('',*,*,#6710,.T.);
#8622=ORIENTED_EDGE('',*,*,#6711,.T.);
#8623=ORIENTED_EDGE('',*,*,#6712,.T.);
#8624=ORIENTED_EDGE('',*,*,#6713,.T.);
#8625=ORIENTED_EDGE('',*,*,#6714,.T.);
#8626=ORIENTED_EDGE('',*,*,#6715,.T.);
#8627=ORIENTED_EDGE('',*,*,#6716,.T.);
#8628=ORIENTED_EDGE('',*,*,#6717,.T.);
#8629=ORIENTED_EDGE('',*,*,#6718,.T.);
#8630=ORIENTED_EDGE('',*,*,#6719,.T.);
#8631=ORIENTED_EDGE('',*,*,#6720,.T.);
#8632=ORIENTED_EDGE('',*,*,#6721,.T.);
#8633=ORIENTED_EDGE('',*,*,#6722,.T.);
#8634=ORIENTED_EDGE('',*,*,#6723,.T.);
#8635=ORIENTED_EDGE('',*,*,#6724,.T.);
#8636=ORIENTED_EDGE('',*,*,#6725,.T.);
#8637=ORIENTED_EDGE('',*,*,#6726,.T.);
#8638=ORIENTED_EDGE('',*,*,#6727,.T.);
#8639=ORIENTED_EDGE('',*,*,#6728,.T.);
#8640=ORIENTED_EDGE('',*,*,#6729,.T.);
#8641=ORIENTED_EDGE('',*,*,#6730,.T.);
#8642=ORIENTED_EDGE('',*,*,#6731,.T.);
#8643=ORIENTED_EDGE('',*,*,#6732,.T.);
#8644=ORIENTED_EDGE('',*,*,#6733,.T.);
#8645=ORIENTED_EDGE('',*,*,#6734,.T.);
#8646=ORIENTED_EDGE('',*,*,#6735,.T.);
#8647=ORIENTED_EDGE('',*,*,#6736,.T.);
#8648=ORIENTED_EDGE('',*,*,#6737,.T.);
#8649=ORIENTED_EDGE('',*,*,#6738,.T.);
#8650=ORIENTED_EDGE('',*,*,#6739,.T.);
#8651=ORIENTED_EDGE('',*,*,#6740,.T.);
#8652=ORIENTED_EDGE('',*,*,#6741,.T.);
#8653=ORIENTED_EDGE('',*,*,#6742,.T.);
#8654=ORIENTED_EDGE('',*,*,#6743,.T.);
#8655=ORIENTED_EDGE('',*,*,#6744,.T.);
#8656=ORIENTED_EDGE('',*,*,#6745,.T.);
#8657=ORIENTED_EDGE('',*,*,#6746,.T.);
#8658=ORIENTED_EDGE('',*,*,#6747,.T.);
#8659=ORIENTED_EDGE('',*,*,#6748,.T.);
#8660=ORIENTED_EDGE('',*,*,#6749,.T.);
#8661=ORIENTED_EDGE('',*,*,#6750,.T.);
#8662=ORIENTED_EDGE('',*,*,#6751,.T.);
#8663=ORIENTED_EDGE('',*,*,#6752,.T.);
#8664=ORIENTED_EDGE('',*,*,#6753,.T.);
#8665=ORIENTED_EDGE('',*,*,#6754,.T.);
#8666=ORIENTED_EDGE('',*,*,#6755,.T.);
#8667=ORIENTED_EDGE('',*,*,#6756,.T.);
#8668=ORIENTED_EDGE('',*,*,#6757,.T.);
#8669=ORIENTED_EDGE('',*,*,#6758,.T.);
#8670=ORIENTED_EDGE('',*,*,#6759,.T.);
#8671=ORIENTED_EDGE('',*,*,#6760,.T.);
#8672=ORIENTED_EDGE('',*,*,#6761,.T.);
#8673=ORIENTED_EDGE('',*,*,#6762,.T.);
#8674=ORIENTED_EDGE('',*,*,#6763,.T.);
#8675=ORIENTED_EDGE('',*,*,#6764,.T.);
#8676=ORIENTED_EDGE('',*,*,#6765,.T.);
#8677=ORIENTED_EDGE('',*,*,#6766,.T.);
#8678=ORIENTED_EDGE('',*,*,#6767,.T.);
#8679=ORIENTED_EDGE('',*,*,#6768,.T.);
#8680=ORIENTED_EDGE('',*,*,#6769,.T.);
#8681=ORIENTED_EDGE('',*,*,#6770,.T.);
#8682=ORIENTED_EDGE('',*,*,#6771,.T.);
#8683=ORIENTED_EDGE('',*,*,#6772,.T.);
#8684=ORIENTED_EDGE('',*,*,#6773,.T.);
#8685=ORIENTED_EDGE('',*,*,#6774,.T.);
#8686=ORIENTED_EDGE('',*,*,#6775,.T.);
#8687=ORIENTED_EDGE('',*,*,#6776,.T.);
#8688=ORIENTED_EDGE('',*,*,#6777,.T.);
#8689=ORIENTED_EDGE('',*,*,#6778,.T.);
#8690=ORIENTED_EDGE('',*,*,#6779,.T.);
#8691=ORIENTED_EDGE('',*,*,#6780,.T.);
#8692=ORIENTED_EDGE('',*,*,#6781,.T.);
#8693=ORIENTED_EDGE('',*,*,#6782,.T.);
#8694=ORIENTED_EDGE('',*,*,#6783,.T.);
#8695=ORIENTED_EDGE('',*,*,#6784,.T.);
#8696=ORIENTED_EDGE('',*,*,#6785,.T.);
#8697=ORIENTED_EDGE('',*,*,#6786,.T.);
#8698=ORIENTED_EDGE('',*,*,#6787,.T.);
#8699=ORIENTED_EDGE('',*,*,#6788,.T.);
#8700=ORIENTED_EDGE('',*,*,#6789,.T.);
#8701=ORIENTED_EDGE('',*,*,#6790,.T.);
#8702=ORIENTED_EDGE('',*,*,#6791,.T.);
#8703=ORIENTED_EDGE('',*,*,#6792,.T.);
#8704=ORIENTED_EDGE('',*,*,#6793,.T.);
#8705=ORIENTED_EDGE('',*,*,#6794,.T.);
#8706=ORIENTED_EDGE('',*,*,#6795,.T.);
#8707=ORIENTED_EDGE('',*,*,#6796,.T.);
#8708=ORIENTED_EDGE('',*,*,#6797,.T.);
#8709=ORIENTED_EDGE('',*,*,#6798,.T.);
#8710=ORIENTED_EDGE('',*,*,#6799,.T.);
#8711=ORIENTED_EDGE('',*,*,#6800,.T.);
#8712=ORIENTED_EDGE('',*,*,#6801,.T.);
#8713=ORIENTED_EDGE('',*,*,#6802,.T.);
#8714=ORIENTED_EDGE('',*,*,#6803,.T.);
#8715=ORIENTED_EDGE('',*,*,#6804,.T.);
#8716=ORIENTED_EDGE('',*,*,#6805,.T.);
#8717=ORIENTED_EDGE('',*,*,#6806,.T.);
#8718=ORIENTED_EDGE('',*,*,#6807,.T.);
#8719=ORIENTED_EDGE('',*,*,#6808,.T.);
#8720=ORIENTED_EDGE('',*,*,#6809,.T.);
#8721=ORIENTED_EDGE('',*,*,#6810,.T.);
#8722=ORIENTED_EDGE('',*,*,#6811,.T.);
#8723=ORIENTED_EDGE('',*,*,#6812,.T.);
#8724=ORIENTED_EDGE('',*,*,#6813,.T.);
#8725=ORIENTED_EDGE('',*,*,#6814,.T.);
#8726=ORIENTED_EDGE('',*,*,#6815,.T.);
#8727=ORIENTED_EDGE('',*,*,#6816,.T.);
#8728=ORIENTED_EDGE('',*,*,#6817,.T.);
#8729=ORIENTED_EDGE('',*,*,#6818,.T.);
#8730=ORIENTED_EDGE('',*,*,#6819,.T.);
#8731=ORIENTED_EDGE('',*,*,#6820,.T.);
#8732=ORIENTED_EDGE('',*,*,#6821,.T.);
#8733=ORIENTED_EDGE('',*,*,#6822,.T.);
#8734=ORIENTED_EDGE('',*,*,#6823,.F.);
#8735=ORIENTED_EDGE('',*,*,#6824,.T.);
#8736=ORIENTED_EDGE('',*,*,#6825,.F.);
#8737=ORIENTED_EDGE('',*,*,#6826,.T.);
#8738=ORIENTED_EDGE('',*,*,#6827,.F.);
#8739=ORIENTED_EDGE('',*,*,#6828,.T.);
#8740=ORIENTED_EDGE('',*,*,#6829,.F.);
#8741=ORIENTED_EDGE('',*,*,#6830,.T.);
#8742=ORIENTED_EDGE('',*,*,#6831,.F.);
#8743=ORIENTED_EDGE('',*,*,#6832,.T.);
#8744=ORIENTED_EDGE('',*,*,#6833,.F.);
#8745=ORIENTED_EDGE('',*,*,#6834,.T.);
#8746=ORIENTED_EDGE('',*,*,#6835,.F.);
#8747=ORIENTED_EDGE('',*,*,#6836,.T.);
#8748=ORIENTED_EDGE('',*,*,#6837,.F.);
#8749=ORIENTED_EDGE('',*,*,#6838,.T.);
#8750=ORIENTED_EDGE('',*,*,#6839,.F.);
#8751=ORIENTED_EDGE('',*,*,#6840,.T.);
#8752=ORIENTED_EDGE('',*,*,#6841,.F.);
#8753=ORIENTED_EDGE('',*,*,#6842,.T.);
#8754=ORIENTED_EDGE('',*,*,#6843,.F.);
#8755=ORIENTED_EDGE('',*,*,#6844,.T.);
#8756=ORIENTED_EDGE('',*,*,#6845,.F.);
#8757=ORIENTED_EDGE('',*,*,#6846,.T.);
#8758=ORIENTED_EDGE('',*,*,#6847,.F.);
#8759=ORIENTED_EDGE('',*,*,#6848,.T.);
#8760=ORIENTED_EDGE('',*,*,#6849,.F.);
#8761=ORIENTED_EDGE('',*,*,#6850,.T.);
#8762=ORIENTED_EDGE('',*,*,#6851,.F.);
#8763=ORIENTED_EDGE('',*,*,#6852,.T.);
#8764=ORIENTED_EDGE('',*,*,#6853,.F.);
#8765=ORIENTED_EDGE('',*,*,#6854,.T.);
#8766=ORIENTED_EDGE('',*,*,#6855,.T.);
#8767=ORIENTED_EDGE('',*,*,#6856,.T.);
#8768=ORIENTED_EDGE('',*,*,#6857,.T.);
#8769=ORIENTED_EDGE('',*,*,#6858,.T.);
#8770=ORIENTED_EDGE('',*,*,#6859,.T.);
#8771=ORIENTED_EDGE('',*,*,#6860,.T.);
#8772=ORIENTED_EDGE('',*,*,#6861,.T.);
#8773=ORIENTED_EDGE('',*,*,#6862,.T.);
#8774=ORIENTED_EDGE('',*,*,#6863,.T.);
#8775=ORIENTED_EDGE('',*,*,#6864,.T.);
#8776=ORIENTED_EDGE('',*,*,#6865,.T.);
#8777=ORIENTED_EDGE('',*,*,#6866,.T.);
#8778=ORIENTED_EDGE('',*,*,#6867,.T.);
#8779=ORIENTED_EDGE('',*,*,#6868,.T.);
#8780=ORIENTED_EDGE('',*,*,#6869,.T.);
#8781=ORIENTED_EDGE('',*,*,#6870,.T.);
#8782=ORIENTED_EDGE('',*,*,#6871,.T.);
#8783=ORIENTED_EDGE('',*,*,#6872,.T.);
#8784=ORIENTED_EDGE('',*,*,#6873,.T.);
#8785=ORIENTED_EDGE('',*,*,#6874,.T.);
#8786=ORIENTED_EDGE('',*,*,#6875,.T.);
#8787=ORIENTED_EDGE('',*,*,#6876,.T.);
#8788=ORIENTED_EDGE('',*,*,#6877,.T.);
#8789=ORIENTED_EDGE('',*,*,#6878,.T.);
#8790=ORIENTED_EDGE('',*,*,#6879,.T.);
#8791=ORIENTED_EDGE('',*,*,#6880,.T.);
#8792=ORIENTED_EDGE('',*,*,#6881,.T.);
#8793=ORIENTED_EDGE('',*,*,#6882,.T.);
#8794=ORIENTED_EDGE('',*,*,#6883,.T.);
#8795=ORIENTED_EDGE('',*,*,#6884,.T.);
#8796=ORIENTED_EDGE('',*,*,#6885,.T.);
#8797=ORIENTED_EDGE('',*,*,#6886,.T.);
#8798=ORIENTED_EDGE('',*,*,#6887,.T.);
#8799=ORIENTED_EDGE('',*,*,#6888,.T.);
#8800=ORIENTED_EDGE('',*,*,#6889,.T.);
#8801=ORIENTED_EDGE('',*,*,#6890,.T.);
#8802=ORIENTED_EDGE('',*,*,#6891,.T.);
#8803=ORIENTED_EDGE('',*,*,#6892,.T.);
#8804=ORIENTED_EDGE('',*,*,#6893,.T.);
#8805=ORIENTED_EDGE('',*,*,#6894,.T.);
#8806=ORIENTED_EDGE('',*,*,#6895,.T.);
#8807=ORIENTED_EDGE('',*,*,#6896,.T.);
#8808=ORIENTED_EDGE('',*,*,#6897,.T.);
#8809=ORIENTED_EDGE('',*,*,#6898,.T.);
#8810=ORIENTED_EDGE('',*,*,#6899,.T.);
#8811=ORIENTED_EDGE('',*,*,#6900,.T.);
#8812=ORIENTED_EDGE('',*,*,#6901,.T.);
#8813=ORIENTED_EDGE('',*,*,#6902,.T.);
#8814=ORIENTED_EDGE('',*,*,#6903,.T.);
#8815=ORIENTED_EDGE('',*,*,#6904,.T.);
#8816=ORIENTED_EDGE('',*,*,#6905,.T.);
#8817=ORIENTED_EDGE('',*,*,#6906,.T.);
#8818=ORIENTED_EDGE('',*,*,#6907,.T.);
#8819=ORIENTED_EDGE('',*,*,#6908,.T.);
#8820=ORIENTED_EDGE('',*,*,#6909,.T.);
#8821=ORIENTED_EDGE('',*,*,#6910,.T.);
#8822=ORIENTED_EDGE('',*,*,#6911,.T.);
#8823=ORIENTED_EDGE('',*,*,#6912,.T.);
#8824=ORIENTED_EDGE('',*,*,#6913,.T.);
#8825=ORIENTED_EDGE('',*,*,#6914,.T.);
#8826=ORIENTED_EDGE('',*,*,#6915,.T.);
#8827=ORIENTED_EDGE('',*,*,#6916,.T.);
#8828=ORIENTED_EDGE('',*,*,#6917,.T.);
#8829=ORIENTED_EDGE('',*,*,#6918,.T.);
#8830=ORIENTED_EDGE('',*,*,#6919,.T.);
#8831=ORIENTED_EDGE('',*,*,#6920,.T.);
#8832=ORIENTED_EDGE('',*,*,#6921,.T.);
#8833=ORIENTED_EDGE('',*,*,#6922,.T.);
#8834=ORIENTED_EDGE('',*,*,#6923,.T.);
#8835=ORIENTED_EDGE('',*,*,#6924,.T.);
#8836=ORIENTED_EDGE('',*,*,#6925,.T.);
#8837=ORIENTED_EDGE('',*,*,#6926,.T.);
#8838=ORIENTED_EDGE('',*,*,#6927,.T.);
#8839=ORIENTED_EDGE('',*,*,#6928,.T.);
#8840=ORIENTED_EDGE('',*,*,#6929,.T.);
#8841=ORIENTED_EDGE('',*,*,#6930,.T.);
#8842=ORIENTED_EDGE('',*,*,#6931,.T.);
#8843=ORIENTED_EDGE('',*,*,#6932,.T.);
#8844=ORIENTED_EDGE('',*,*,#6933,.T.);
#8845=ORIENTED_EDGE('',*,*,#6934,.T.);
#8846=ORIENTED_EDGE('',*,*,#6935,.T.);
#8847=ORIENTED_EDGE('',*,*,#6936,.T.);
#8848=ORIENTED_EDGE('',*,*,#6937,.T.);
#8849=ORIENTED_EDGE('',*,*,#6938,.T.);
#8850=ORIENTED_EDGE('',*,*,#6939,.T.);
#8851=ORIENTED_EDGE('',*,*,#6940,.T.);
#8852=ORIENTED_EDGE('',*,*,#6941,.T.);
#8853=ORIENTED_EDGE('',*,*,#6942,.T.);
#8854=ORIENTED_EDGE('',*,*,#6943,.T.);
#8855=ORIENTED_EDGE('',*,*,#6944,.T.);
#8856=ORIENTED_EDGE('',*,*,#6945,.T.);
#8857=ORIENTED_EDGE('',*,*,#6946,.T.);
#8858=ORIENTED_EDGE('',*,*,#6947,.T.);
#8859=ORIENTED_EDGE('',*,*,#6948,.T.);
#8860=ORIENTED_EDGE('',*,*,#6949,.T.);
#8861=ORIENTED_EDGE('',*,*,#6950,.T.);
#8862=ORIENTED_EDGE('',*,*,#6951,.T.);
#8863=ORIENTED_EDGE('',*,*,#6952,.T.);
#8864=ORIENTED_EDGE('',*,*,#6953,.T.);
#8865=ORIENTED_EDGE('',*,*,#6954,.T.);
#8866=ORIENTED_EDGE('',*,*,#6955,.T.);
#8867=ORIENTED_EDGE('',*,*,#6956,.T.);
#8868=ORIENTED_EDGE('',*,*,#6957,.T.);
#8869=ORIENTED_EDGE('',*,*,#6958,.T.);
#8870=ORIENTED_EDGE('',*,*,#6959,.T.);
#8871=ORIENTED_EDGE('',*,*,#6960,.T.);
#8872=ORIENTED_EDGE('',*,*,#6961,.T.);
#8873=ORIENTED_EDGE('',*,*,#6962,.T.);
#8874=ORIENTED_EDGE('',*,*,#6963,.T.);
#8875=ORIENTED_EDGE('',*,*,#6964,.T.);
#8876=ORIENTED_EDGE('',*,*,#6965,.T.);
#8877=ORIENTED_EDGE('',*,*,#6966,.T.);
#8878=ORIENTED_EDGE('',*,*,#6967,.T.);
#8879=ORIENTED_EDGE('',*,*,#6968,.T.);
#8880=ORIENTED_EDGE('',*,*,#6969,.T.);
#8881=ORIENTED_EDGE('',*,*,#6970,.T.);
#8882=ORIENTED_EDGE('',*,*,#6971,.T.);
#8883=ORIENTED_EDGE('',*,*,#6972,.T.);
#8884=ORIENTED_EDGE('',*,*,#6973,.T.);
#8885=ORIENTED_EDGE('',*,*,#6974,.T.);
#8886=ORIENTED_EDGE('',*,*,#6975,.T.);
#8887=ORIENTED_EDGE('',*,*,#6976,.T.);
#8888=ORIENTED_EDGE('',*,*,#6977,.T.);
#8889=ORIENTED_EDGE('',*,*,#6978,.T.);
#8890=ORIENTED_EDGE('',*,*,#6979,.T.);
#8891=ORIENTED_EDGE('',*,*,#6980,.T.);
#8892=ORIENTED_EDGE('',*,*,#6981,.T.);
#8893=ORIENTED_EDGE('',*,*,#6982,.T.);
#8894=ORIENTED_EDGE('',*,*,#6983,.T.);
#8895=ORIENTED_EDGE('',*,*,#6984,.T.);
#8896=ORIENTED_EDGE('',*,*,#6985,.T.);
#8897=ORIENTED_EDGE('',*,*,#6986,.T.);
#8898=ORIENTED_EDGE('',*,*,#6987,.T.);
#8899=ORIENTED_EDGE('',*,*,#6988,.T.);
#8900=ORIENTED_EDGE('',*,*,#6989,.T.);
#8901=ORIENTED_EDGE('',*,*,#6990,.T.);
#8902=ORIENTED_EDGE('',*,*,#6991,.T.);
#8903=ORIENTED_EDGE('',*,*,#6992,.T.);
#8904=ORIENTED_EDGE('',*,*,#6993,.T.);
#8905=ORIENTED_EDGE('',*,*,#6373,.T.);
#8906=ORIENTED_EDGE('',*,*,#6994,.T.);
#8907=ORIENTED_EDGE('',*,*,#6995,.T.);
#8908=ORIENTED_EDGE('',*,*,#6996,.T.);
#8909=ORIENTED_EDGE('',*,*,#6994,.F.);
#8910=ORIENTED_EDGE('',*,*,#6372,.F.);
#8911=ORIENTED_EDGE('',*,*,#6997,.F.);
#8912=ORIENTED_EDGE('',*,*,#6998,.F.);
#8913=ORIENTED_EDGE('',*,*,#6423,.T.);
#8914=ORIENTED_EDGE('',*,*,#6999,.T.);
#8915=ORIENTED_EDGE('',*,*,#7000,.T.);
#8916=ORIENTED_EDGE('',*,*,#7001,.T.);
#8917=ORIENTED_EDGE('',*,*,#6999,.F.);
#8918=ORIENTED_EDGE('',*,*,#6438,.F.);
#8919=ORIENTED_EDGE('',*,*,#7002,.F.);
#8920=ORIENTED_EDGE('',*,*,#7003,.T.);
#8921=ORIENTED_EDGE('',*,*,#6433,.T.);
#8922=ORIENTED_EDGE('',*,*,#7004,.T.);
#8923=ORIENTED_EDGE('',*,*,#7005,.T.);
#8924=ORIENTED_EDGE('',*,*,#7006,.T.);
#8925=ORIENTED_EDGE('',*,*,#7004,.F.);
#8926=ORIENTED_EDGE('',*,*,#6432,.F.);
#8927=ORIENTED_EDGE('',*,*,#7007,.F.);
#8928=ORIENTED_EDGE('',*,*,#7008,.T.);
#8929=ORIENTED_EDGE('',*,*,#6663,.T.);
#8930=ORIENTED_EDGE('',*,*,#7009,.T.);
#8931=ORIENTED_EDGE('',*,*,#7010,.T.);
#8932=ORIENTED_EDGE('',*,*,#7011,.T.);
#8933=ORIENTED_EDGE('',*,*,#7009,.F.);
#8934=ORIENTED_EDGE('',*,*,#6678,.F.);
#8935=ORIENTED_EDGE('',*,*,#7012,.F.);
#8936=ORIENTED_EDGE('',*,*,#7013,.T.);
#8937=ORIENTED_EDGE('',*,*,#6669,.T.);
#8938=ORIENTED_EDGE('',*,*,#7014,.T.);
#8939=ORIENTED_EDGE('',*,*,#7015,.T.);
#8940=ORIENTED_EDGE('',*,*,#7016,.T.);
#8941=ORIENTED_EDGE('',*,*,#7014,.F.);
#8942=ORIENTED_EDGE('',*,*,#6668,.F.);
#8943=ORIENTED_EDGE('',*,*,#7017,.F.);
#8944=ORIENTED_EDGE('',*,*,#7018,.T.);
#8945=ORIENTED_EDGE('',*,*,#6679,.T.);
#8946=ORIENTED_EDGE('',*,*,#7019,.T.);
#8947=ORIENTED_EDGE('',*,*,#7020,.T.);
#8948=ORIENTED_EDGE('',*,*,#7021,.T.);
#8949=ORIENTED_EDGE('',*,*,#7019,.F.);
#8950=ORIENTED_EDGE('',*,*,#6694,.F.);
#8951=ORIENTED_EDGE('',*,*,#7022,.F.);
#8952=ORIENTED_EDGE('',*,*,#7023,.T.);
#8953=ORIENTED_EDGE('',*,*,#6685,.T.);
#8954=ORIENTED_EDGE('',*,*,#7024,.T.);
#8955=ORIENTED_EDGE('',*,*,#7025,.T.);
#8956=ORIENTED_EDGE('',*,*,#7026,.T.);
#8957=ORIENTED_EDGE('',*,*,#7024,.F.);
#8958=ORIENTED_EDGE('',*,*,#6684,.F.);
#8959=ORIENTED_EDGE('',*,*,#7027,.F.);
#8960=ORIENTED_EDGE('',*,*,#7028,.T.);
#8961=ORIENTED_EDGE('',*,*,#6439,.T.);
#8962=ORIENTED_EDGE('',*,*,#7029,.T.);
#8963=ORIENTED_EDGE('',*,*,#7030,.T.);
#8964=ORIENTED_EDGE('',*,*,#7031,.T.);
#8965=ORIENTED_EDGE('',*,*,#7029,.F.);
#8966=ORIENTED_EDGE('',*,*,#6454,.F.);
#8967=ORIENTED_EDGE('',*,*,#7032,.F.);
#8968=ORIENTED_EDGE('',*,*,#7033,.T.);
#8969=ORIENTED_EDGE('',*,*,#6449,.T.);
#8970=ORIENTED_EDGE('',*,*,#7034,.T.);
#8971=ORIENTED_EDGE('',*,*,#7035,.T.);
#8972=ORIENTED_EDGE('',*,*,#7036,.T.);
#8973=ORIENTED_EDGE('',*,*,#7034,.F.);
#8974=ORIENTED_EDGE('',*,*,#6448,.F.);
#8975=ORIENTED_EDGE('',*,*,#7037,.F.);
#8976=ORIENTED_EDGE('',*,*,#7038,.T.);
#8977=ORIENTED_EDGE('',*,*,#6839,.T.);
#8978=ORIENTED_EDGE('',*,*,#7039,.T.);
#8979=ORIENTED_EDGE('',*,*,#7040,.T.);
#8980=ORIENTED_EDGE('',*,*,#7041,.T.);
#8981=ORIENTED_EDGE('',*,*,#7039,.F.);
#8982=ORIENTED_EDGE('',*,*,#6854,.F.);
#8983=ORIENTED_EDGE('',*,*,#7042,.F.);
#8984=ORIENTED_EDGE('',*,*,#7043,.T.);
#8985=ORIENTED_EDGE('',*,*,#6849,.T.);
#8986=ORIENTED_EDGE('',*,*,#7044,.T.);
#8987=ORIENTED_EDGE('',*,*,#7045,.T.);
#8988=ORIENTED_EDGE('',*,*,#7046,.T.);
#8989=ORIENTED_EDGE('',*,*,#7044,.F.);
#8990=ORIENTED_EDGE('',*,*,#6848,.F.);
#8991=ORIENTED_EDGE('',*,*,#7047,.F.);
#8992=ORIENTED_EDGE('',*,*,#7048,.T.);
#8993=ORIENTED_EDGE('',*,*,#6823,.T.);
#8994=ORIENTED_EDGE('',*,*,#7049,.T.);
#8995=ORIENTED_EDGE('',*,*,#7050,.T.);
#8996=ORIENTED_EDGE('',*,*,#7051,.T.);
#8997=ORIENTED_EDGE('',*,*,#7049,.F.);
#8998=ORIENTED_EDGE('',*,*,#6838,.F.);
#8999=ORIENTED_EDGE('',*,*,#7052,.F.);
#9000=ORIENTED_EDGE('',*,*,#7053,.T.);
#9001=ORIENTED_EDGE('',*,*,#6833,.T.);
#9002=ORIENTED_EDGE('',*,*,#7054,.T.);
#9003=ORIENTED_EDGE('',*,*,#7055,.T.);
#9004=ORIENTED_EDGE('',*,*,#7056,.T.);
#9005=ORIENTED_EDGE('',*,*,#7056,.F.);
#9006=ORIENTED_EDGE('',*,*,#7057,.T.);
#9007=ORIENTED_EDGE('',*,*,#7058,.F.);
#9008=ORIENTED_EDGE('',*,*,#6834,.F.);
#9009=ORIENTED_EDGE('',*,*,#7059,.T.);
#9010=ORIENTED_EDGE('',*,*,#7060,.T.);
#9011=ORIENTED_EDGE('',*,*,#6402,.T.);
#9012=ORIENTED_EDGE('',*,*,#7061,.T.);
#9013=ORIENTED_EDGE('',*,*,#7060,.F.);
#9014=ORIENTED_EDGE('',*,*,#7062,.F.);
#9015=ORIENTED_EDGE('',*,*,#7063,.F.);
#9016=ORIENTED_EDGE('',*,*,#6403,.F.);
#9017=ORIENTED_EDGE('',*,*,#7064,.T.);
#9018=ORIENTED_EDGE('',*,*,#7065,.T.);
#9019=ORIENTED_EDGE('',*,*,#6397,.T.);
#9020=ORIENTED_EDGE('',*,*,#7066,.T.);
#9021=ORIENTED_EDGE('',*,*,#7065,.F.);
#9022=ORIENTED_EDGE('',*,*,#7067,.F.);
#9023=ORIENTED_EDGE('',*,*,#7068,.T.);
#9024=ORIENTED_EDGE('',*,*,#6398,.F.);
#9025=ORIENTED_EDGE('',*,*,#7069,.T.);
#9026=ORIENTED_EDGE('',*,*,#7070,.T.);
#9027=ORIENTED_EDGE('',*,*,#6393,.T.);
#9028=ORIENTED_EDGE('',*,*,#7071,.T.);
#9029=ORIENTED_EDGE('',*,*,#7070,.F.);
#9030=ORIENTED_EDGE('',*,*,#7072,.F.);
#9031=ORIENTED_EDGE('',*,*,#7073,.T.);
#9032=ORIENTED_EDGE('',*,*,#6394,.F.);
#9033=ORIENTED_EDGE('',*,*,#7074,.T.);
#9034=ORIENTED_EDGE('',*,*,#7075,.T.);
#9035=ORIENTED_EDGE('',*,*,#6391,.T.);
#9036=ORIENTED_EDGE('',*,*,#7076,.T.);
#9037=ORIENTED_EDGE('',*,*,#7071,.F.);
#9038=ORIENTED_EDGE('',*,*,#6392,.F.);
#9039=ORIENTED_EDGE('',*,*,#7075,.F.);
#9040=ORIENTED_EDGE('',*,*,#7077,.F.);
#9041=ORIENTED_EDGE('',*,*,#7078,.T.);
#9042=ORIENTED_EDGE('',*,*,#7079,.T.);
#9043=ORIENTED_EDGE('',*,*,#6387,.T.);
#9044=ORIENTED_EDGE('',*,*,#7080,.T.);
#9045=ORIENTED_EDGE('',*,*,#7079,.F.);
#9046=ORIENTED_EDGE('',*,*,#7081,.F.);
#9047=ORIENTED_EDGE('',*,*,#7082,.T.);
#9048=ORIENTED_EDGE('',*,*,#6388,.F.);
#9049=ORIENTED_EDGE('',*,*,#7083,.T.);
#9050=ORIENTED_EDGE('',*,*,#7084,.T.);
#9051=ORIENTED_EDGE('',*,*,#6382,.T.);
#9052=ORIENTED_EDGE('',*,*,#7085,.T.);
#9053=ORIENTED_EDGE('',*,*,#7084,.F.);
#9054=ORIENTED_EDGE('',*,*,#7086,.F.);
#9055=ORIENTED_EDGE('',*,*,#7087,.T.);
#9056=ORIENTED_EDGE('',*,*,#6383,.F.);
#9057=ORIENTED_EDGE('',*,*,#7088,.T.);
#9058=ORIENTED_EDGE('',*,*,#7089,.T.);
#9059=ORIENTED_EDGE('',*,*,#6380,.T.);
#9060=ORIENTED_EDGE('',*,*,#7090,.T.);
#9061=ORIENTED_EDGE('',*,*,#7085,.F.);
#9062=ORIENTED_EDGE('',*,*,#6381,.F.);
#9063=ORIENTED_EDGE('',*,*,#7089,.F.);
#9064=ORIENTED_EDGE('',*,*,#7091,.F.);
#9065=ORIENTED_EDGE('',*,*,#7092,.T.);
#9066=ORIENTED_EDGE('',*,*,#7093,.T.);
#9067=ORIENTED_EDGE('',*,*,#6375,.T.);
#9068=ORIENTED_EDGE('',*,*,#7094,.T.);
#9069=ORIENTED_EDGE('',*,*,#7093,.F.);
#9070=ORIENTED_EDGE('',*,*,#7095,.F.);
#9071=ORIENTED_EDGE('',*,*,#7096,.T.);
#9072=ORIENTED_EDGE('',*,*,#6376,.F.);
#9073=ORIENTED_EDGE('',*,*,#7097,.T.);
#9074=ORIENTED_EDGE('',*,*,#7098,.T.);
#9075=ORIENTED_EDGE('',*,*,#6367,.T.);
#9076=ORIENTED_EDGE('',*,*,#7099,.T.);
#9077=ORIENTED_EDGE('',*,*,#7098,.F.);
#9078=ORIENTED_EDGE('',*,*,#7100,.F.);
#9079=ORIENTED_EDGE('',*,*,#7101,.T.);
#9080=ORIENTED_EDGE('',*,*,#6368,.F.);
#9081=ORIENTED_EDGE('',*,*,#7102,.T.);
#9082=ORIENTED_EDGE('',*,*,#6997,.T.);
#9083=ORIENTED_EDGE('',*,*,#6371,.T.);
#9084=ORIENTED_EDGE('',*,*,#7103,.T.);
#9085=ORIENTED_EDGE('',*,*,#7104,.T.);
#9086=ORIENTED_EDGE('',*,*,#7105,.T.);
#9087=ORIENTED_EDGE('',*,*,#6361,.T.);
#9088=ORIENTED_EDGE('',*,*,#7106,.T.);
#9089=ORIENTED_EDGE('',*,*,#7105,.F.);
#9090=ORIENTED_EDGE('',*,*,#7107,.F.);
#9091=ORIENTED_EDGE('',*,*,#7108,.T.);
#9092=ORIENTED_EDGE('',*,*,#6362,.F.);
#9093=ORIENTED_EDGE('',*,*,#7109,.T.);
#9094=ORIENTED_EDGE('',*,*,#7110,.T.);
#9095=ORIENTED_EDGE('',*,*,#6365,.T.);
#9096=ORIENTED_EDGE('',*,*,#7111,.T.);
#9097=ORIENTED_EDGE('',*,*,#7099,.F.);
#9098=ORIENTED_EDGE('',*,*,#6366,.F.);
#9099=ORIENTED_EDGE('',*,*,#7110,.F.);
#9100=ORIENTED_EDGE('',*,*,#7112,.F.);
#9101=ORIENTED_EDGE('',*,*,#7113,.T.);
#9102=ORIENTED_EDGE('',*,*,#6358,.T.);
#9103=ORIENTED_EDGE('',*,*,#6409,.T.);
#9104=ORIENTED_EDGE('',*,*,#7114,.T.);
#9105=ORIENTED_EDGE('',*,*,#7115,.T.);
#9106=ORIENTED_EDGE('',*,*,#7116,.T.);
#9107=ORIENTED_EDGE('',*,*,#6404,.T.);
#9108=ORIENTED_EDGE('',*,*,#7063,.T.);
#9109=ORIENTED_EDGE('',*,*,#7116,.F.);
#9110=ORIENTED_EDGE('',*,*,#7117,.F.);
#9111=ORIENTED_EDGE('',*,*,#7118,.T.);
#9112=ORIENTED_EDGE('',*,*,#6405,.F.);
#9113=ORIENTED_EDGE('',*,*,#7119,.T.);
#9114=ORIENTED_EDGE('',*,*,#7120,.T.);
#9115=ORIENTED_EDGE('',*,*,#6835,.T.);
#9116=ORIENTED_EDGE('',*,*,#7058,.T.);
#9117=ORIENTED_EDGE('',*,*,#7120,.F.);
#9118=ORIENTED_EDGE('',*,*,#7121,.T.);
#9119=ORIENTED_EDGE('',*,*,#7122,.F.);
#9120=ORIENTED_EDGE('',*,*,#6836,.F.);
#9121=ORIENTED_EDGE('',*,*,#7123,.T.);
#9122=ORIENTED_EDGE('',*,*,#7052,.T.);
#9123=ORIENTED_EDGE('',*,*,#6837,.T.);
#9124=ORIENTED_EDGE('',*,*,#7122,.T.);
#9125=ORIENTED_EDGE('',*,*,#7124,.T.);
#9126=ORIENTED_EDGE('',*,*,#7125,.T.);
#9127=ORIENTED_EDGE('',*,*,#6825,.T.);
#9128=ORIENTED_EDGE('',*,*,#7126,.T.);
#9129=ORIENTED_EDGE('',*,*,#7125,.F.);
#9130=ORIENTED_EDGE('',*,*,#7127,.T.);
#9131=ORIENTED_EDGE('',*,*,#7128,.F.);
#9132=ORIENTED_EDGE('',*,*,#6826,.F.);
#9133=ORIENTED_EDGE('',*,*,#7129,.T.);
#9134=ORIENTED_EDGE('',*,*,#7130,.T.);
#9135=ORIENTED_EDGE('',*,*,#6831,.T.);
#9136=ORIENTED_EDGE('',*,*,#7131,.T.);
#9137=ORIENTED_EDGE('',*,*,#7054,.F.);
#9138=ORIENTED_EDGE('',*,*,#6832,.F.);
#9139=ORIENTED_EDGE('',*,*,#7130,.F.);
#9140=ORIENTED_EDGE('',*,*,#7132,.T.);
#9141=ORIENTED_EDGE('',*,*,#7133,.T.);
#9142=ORIENTED_EDGE('',*,*,#7134,.T.);
#9143=ORIENTED_EDGE('',*,*,#6829,.T.);
#9144=ORIENTED_EDGE('',*,*,#7135,.T.);
#9145=ORIENTED_EDGE('',*,*,#7131,.F.);
#9146=ORIENTED_EDGE('',*,*,#6830,.F.);
#9147=ORIENTED_EDGE('',*,*,#7134,.F.);
#9148=ORIENTED_EDGE('',*,*,#7136,.T.);
#9149=ORIENTED_EDGE('',*,*,#7137,.T.);
#9150=ORIENTED_EDGE('',*,*,#7138,.T.);
#9151=ORIENTED_EDGE('',*,*,#6827,.T.);
#9152=ORIENTED_EDGE('',*,*,#7128,.T.);
#9153=ORIENTED_EDGE('',*,*,#7135,.F.);
#9154=ORIENTED_EDGE('',*,*,#6828,.F.);
#9155=ORIENTED_EDGE('',*,*,#7138,.F.);
#9156=ORIENTED_EDGE('',*,*,#7139,.T.);
#9157=ORIENTED_EDGE('',*,*,#7140,.T.);
#9158=ORIENTED_EDGE('',*,*,#7141,.T.);
#9159=ORIENTED_EDGE('',*,*,#6851,.T.);
#9160=ORIENTED_EDGE('',*,*,#7142,.T.);
#9161=ORIENTED_EDGE('',*,*,#7141,.F.);
#9162=ORIENTED_EDGE('',*,*,#7143,.T.);
#9163=ORIENTED_EDGE('',*,*,#7144,.F.);
#9164=ORIENTED_EDGE('',*,*,#6852,.F.);
#9165=ORIENTED_EDGE('',*,*,#7145,.T.);
#9166=ORIENTED_EDGE('',*,*,#7042,.T.);
#9167=ORIENTED_EDGE('',*,*,#6853,.T.);
#9168=ORIENTED_EDGE('',*,*,#7144,.T.);
#9169=ORIENTED_EDGE('',*,*,#7146,.T.);
#9170=ORIENTED_EDGE('',*,*,#7147,.T.);
#9171=ORIENTED_EDGE('',*,*,#6841,.T.);
#9172=ORIENTED_EDGE('',*,*,#7148,.T.);
#9173=ORIENTED_EDGE('',*,*,#7147,.F.);
#9174=ORIENTED_EDGE('',*,*,#7149,.T.);
#9175=ORIENTED_EDGE('',*,*,#7150,.F.);
#9176=ORIENTED_EDGE('',*,*,#6842,.F.);
#9177=ORIENTED_EDGE('',*,*,#7151,.T.);
#9178=ORIENTED_EDGE('',*,*,#7047,.T.);
#9179=ORIENTED_EDGE('',*,*,#6847,.T.);
#9180=ORIENTED_EDGE('',*,*,#7152,.T.);
#9181=ORIENTED_EDGE('',*,*,#7153,.T.);
#9182=ORIENTED_EDGE('',*,*,#7154,.T.);
#9183=ORIENTED_EDGE('',*,*,#6845,.T.);
#9184=ORIENTED_EDGE('',*,*,#7155,.T.);
#9185=ORIENTED_EDGE('',*,*,#7152,.F.);
#9186=ORIENTED_EDGE('',*,*,#6846,.F.);
#9187=ORIENTED_EDGE('',*,*,#7154,.F.);
#9188=ORIENTED_EDGE('',*,*,#7156,.T.);
#9189=ORIENTED_EDGE('',*,*,#7157,.T.);
#9190=ORIENTED_EDGE('',*,*,#7158,.T.);
#9191=ORIENTED_EDGE('',*,*,#6843,.T.);
#9192=ORIENTED_EDGE('',*,*,#7150,.T.);
#9193=ORIENTED_EDGE('',*,*,#7155,.F.);
#9194=ORIENTED_EDGE('',*,*,#6844,.F.);
#9195=ORIENTED_EDGE('',*,*,#7158,.F.);
#9196=ORIENTED_EDGE('',*,*,#7159,.T.);
#9197=ORIENTED_EDGE('',*,*,#7160,.T.);
#9198=ORIENTED_EDGE('',*,*,#7161,.T.);
#9199=ORIENTED_EDGE('',*,*,#6451,.T.);
#9200=ORIENTED_EDGE('',*,*,#7162,.T.);
#9201=ORIENTED_EDGE('',*,*,#7161,.F.);
#9202=ORIENTED_EDGE('',*,*,#7163,.T.);
#9203=ORIENTED_EDGE('',*,*,#7164,.F.);
#9204=ORIENTED_EDGE('',*,*,#6452,.F.);
#9205=ORIENTED_EDGE('',*,*,#7165,.T.);
#9206=ORIENTED_EDGE('',*,*,#7032,.T.);
#9207=ORIENTED_EDGE('',*,*,#6453,.T.);
#9208=ORIENTED_EDGE('',*,*,#7164,.T.);
#9209=ORIENTED_EDGE('',*,*,#7166,.T.);
#9210=ORIENTED_EDGE('',*,*,#7167,.T.);
#9211=ORIENTED_EDGE('',*,*,#6441,.T.);
#9212=ORIENTED_EDGE('',*,*,#7168,.T.);
#9213=ORIENTED_EDGE('',*,*,#7167,.F.);
#9214=ORIENTED_EDGE('',*,*,#7169,.T.);
#9215=ORIENTED_EDGE('',*,*,#7170,.F.);
#9216=ORIENTED_EDGE('',*,*,#6442,.F.);
#9217=ORIENTED_EDGE('',*,*,#7171,.T.);
#9218=ORIENTED_EDGE('',*,*,#7037,.T.);
#9219=ORIENTED_EDGE('',*,*,#6447,.T.);
#9220=ORIENTED_EDGE('',*,*,#7172,.T.);
#9221=ORIENTED_EDGE('',*,*,#7173,.T.);
#9222=ORIENTED_EDGE('',*,*,#7174,.T.);
#9223=ORIENTED_EDGE('',*,*,#6445,.T.);
#9224=ORIENTED_EDGE('',*,*,#7175,.T.);
#9225=ORIENTED_EDGE('',*,*,#7172,.F.);
#9226=ORIENTED_EDGE('',*,*,#6446,.F.);
#9227=ORIENTED_EDGE('',*,*,#7174,.F.);
#9228=ORIENTED_EDGE('',*,*,#7176,.T.);
#9229=ORIENTED_EDGE('',*,*,#7177,.T.);
#9230=ORIENTED_EDGE('',*,*,#7178,.T.);
#9231=ORIENTED_EDGE('',*,*,#6443,.T.);
#9232=ORIENTED_EDGE('',*,*,#7170,.T.);
#9233=ORIENTED_EDGE('',*,*,#7175,.F.);
#9234=ORIENTED_EDGE('',*,*,#6444,.F.);
#9235=ORIENTED_EDGE('',*,*,#7178,.F.);
#9236=ORIENTED_EDGE('',*,*,#7179,.T.);
#9237=ORIENTED_EDGE('',*,*,#7180,.T.);
#9238=ORIENTED_EDGE('',*,*,#7002,.T.);
#9239=ORIENTED_EDGE('',*,*,#6437,.T.);
#9240=ORIENTED_EDGE('',*,*,#7181,.T.);
#9241=ORIENTED_EDGE('',*,*,#7182,.T.);
#9242=ORIENTED_EDGE('',*,*,#7183,.T.);
#9243=ORIENTED_EDGE('',*,*,#6435,.T.);
#9244=ORIENTED_EDGE('',*,*,#7184,.T.);
#9245=ORIENTED_EDGE('',*,*,#7181,.F.);
#9246=ORIENTED_EDGE('',*,*,#6436,.F.);
#9247=ORIENTED_EDGE('',*,*,#7183,.F.);
#9248=ORIENTED_EDGE('',*,*,#7185,.T.);
#9249=ORIENTED_EDGE('',*,*,#7186,.T.);
#9250=ORIENTED_EDGE('',*,*,#7007,.T.);
#9251=ORIENTED_EDGE('',*,*,#6431,.T.);
#9252=ORIENTED_EDGE('',*,*,#7187,.T.);
#9253=ORIENTED_EDGE('',*,*,#7188,.T.);
#9254=ORIENTED_EDGE('',*,*,#7189,.T.);
#9255=ORIENTED_EDGE('',*,*,#6425,.T.);
#9256=ORIENTED_EDGE('',*,*,#7190,.T.);
#9257=ORIENTED_EDGE('',*,*,#7189,.F.);
#9258=ORIENTED_EDGE('',*,*,#7191,.T.);
#9259=ORIENTED_EDGE('',*,*,#7192,.F.);
#9260=ORIENTED_EDGE('',*,*,#6426,.F.);
#9261=ORIENTED_EDGE('',*,*,#7193,.T.);
#9262=ORIENTED_EDGE('',*,*,#7194,.T.);
#9263=ORIENTED_EDGE('',*,*,#6429,.T.);
#9264=ORIENTED_EDGE('',*,*,#7195,.T.);
#9265=ORIENTED_EDGE('',*,*,#7187,.F.);
#9266=ORIENTED_EDGE('',*,*,#6430,.F.);
#9267=ORIENTED_EDGE('',*,*,#7194,.F.);
#9268=ORIENTED_EDGE('',*,*,#7196,.T.);
#9269=ORIENTED_EDGE('',*,*,#7197,.T.);
#9270=ORIENTED_EDGE('',*,*,#7198,.T.);
#9271=ORIENTED_EDGE('',*,*,#6427,.T.);
#9272=ORIENTED_EDGE('',*,*,#7192,.T.);
#9273=ORIENTED_EDGE('',*,*,#7195,.F.);
#9274=ORIENTED_EDGE('',*,*,#6428,.F.);
#9275=ORIENTED_EDGE('',*,*,#7198,.F.);
#9276=ORIENTED_EDGE('',*,*,#7199,.T.);
#9277=ORIENTED_EDGE('',*,*,#7200,.T.);
#9278=ORIENTED_EDGE('',*,*,#7201,.T.);
#9279=ORIENTED_EDGE('',*,*,#6665,.T.);
#9280=ORIENTED_EDGE('',*,*,#7202,.T.);
#9281=ORIENTED_EDGE('',*,*,#7201,.F.);
#9282=ORIENTED_EDGE('',*,*,#7203,.T.);
#9283=ORIENTED_EDGE('',*,*,#7204,.F.);
#9284=ORIENTED_EDGE('',*,*,#6666,.F.);
#9285=ORIENTED_EDGE('',*,*,#7205,.T.);
#9286=ORIENTED_EDGE('',*,*,#7017,.T.);
#9287=ORIENTED_EDGE('',*,*,#6667,.T.);
#9288=ORIENTED_EDGE('',*,*,#7204,.T.);
#9289=ORIENTED_EDGE('',*,*,#7206,.T.);
#9290=ORIENTED_EDGE('',*,*,#7207,.T.);
#9291=ORIENTED_EDGE('',*,*,#6671,.T.);
#9292=ORIENTED_EDGE('',*,*,#7208,.T.);
#9293=ORIENTED_EDGE('',*,*,#7207,.F.);
#9294=ORIENTED_EDGE('',*,*,#7209,.T.);
#9295=ORIENTED_EDGE('',*,*,#7210,.F.);
#9296=ORIENTED_EDGE('',*,*,#6672,.F.);
#9297=ORIENTED_EDGE('',*,*,#7211,.T.);
#9298=ORIENTED_EDGE('',*,*,#7012,.T.);
#9299=ORIENTED_EDGE('',*,*,#6677,.T.);
#9300=ORIENTED_EDGE('',*,*,#7212,.T.);
#9301=ORIENTED_EDGE('',*,*,#7213,.T.);
#9302=ORIENTED_EDGE('',*,*,#7214,.T.);
#9303=ORIENTED_EDGE('',*,*,#6673,.T.);
#9304=ORIENTED_EDGE('',*,*,#7210,.T.);
#9305=ORIENTED_EDGE('',*,*,#7214,.F.);
#9306=ORIENTED_EDGE('',*,*,#7215,.T.);
#9307=ORIENTED_EDGE('',*,*,#7216,.F.);
#9308=ORIENTED_EDGE('',*,*,#6674,.F.);
#9309=ORIENTED_EDGE('',*,*,#7217,.T.);
#9310=ORIENTED_EDGE('',*,*,#7218,.T.);
#9311=ORIENTED_EDGE('',*,*,#6675,.T.);
#9312=ORIENTED_EDGE('',*,*,#7216,.T.);
#9313=ORIENTED_EDGE('',*,*,#7212,.F.);
#9314=ORIENTED_EDGE('',*,*,#6676,.F.);
#9315=ORIENTED_EDGE('',*,*,#7218,.F.);
#9316=ORIENTED_EDGE('',*,*,#7219,.T.);
#9317=ORIENTED_EDGE('',*,*,#7220,.T.);
#9318=ORIENTED_EDGE('',*,*,#7027,.T.);
#9319=ORIENTED_EDGE('',*,*,#6683,.T.);
#9320=ORIENTED_EDGE('',*,*,#7221,.T.);
#9321=ORIENTED_EDGE('',*,*,#7222,.T.);
#9322=ORIENTED_EDGE('',*,*,#7223,.T.);
#9323=ORIENTED_EDGE('',*,*,#6681,.T.);
#9324=ORIENTED_EDGE('',*,*,#7224,.T.);
#9325=ORIENTED_EDGE('',*,*,#7221,.F.);
#9326=ORIENTED_EDGE('',*,*,#6682,.F.);
#9327=ORIENTED_EDGE('',*,*,#7223,.F.);
#9328=ORIENTED_EDGE('',*,*,#7225,.T.);
#9329=ORIENTED_EDGE('',*,*,#7226,.T.);
#9330=ORIENTED_EDGE('',*,*,#7227,.T.);
#9331=ORIENTED_EDGE('',*,*,#6687,.T.);
#9332=ORIENTED_EDGE('',*,*,#7228,.T.);
#9333=ORIENTED_EDGE('',*,*,#7227,.F.);
#9334=ORIENTED_EDGE('',*,*,#7229,.T.);
#9335=ORIENTED_EDGE('',*,*,#7230,.F.);
#9336=ORIENTED_EDGE('',*,*,#6688,.F.);
#9337=ORIENTED_EDGE('',*,*,#7231,.T.);
#9338=ORIENTED_EDGE('',*,*,#7232,.T.);
#9339=ORIENTED_EDGE('',*,*,#6689,.T.);
#9340=ORIENTED_EDGE('',*,*,#7230,.T.);
#9341=ORIENTED_EDGE('',*,*,#7232,.F.);
#9342=ORIENTED_EDGE('',*,*,#7233,.T.);
#9343=ORIENTED_EDGE('',*,*,#7234,.F.);
#9344=ORIENTED_EDGE('',*,*,#6690,.F.);
#9345=ORIENTED_EDGE('',*,*,#7235,.T.);
#9346=ORIENTED_EDGE('',*,*,#7236,.T.);
#9347=ORIENTED_EDGE('',*,*,#6691,.T.);
#9348=ORIENTED_EDGE('',*,*,#7234,.T.);
#9349=ORIENTED_EDGE('',*,*,#7236,.F.);
#9350=ORIENTED_EDGE('',*,*,#7237,.T.);
#9351=ORIENTED_EDGE('',*,*,#7238,.F.);
#9352=ORIENTED_EDGE('',*,*,#6692,.F.);
#9353=ORIENTED_EDGE('',*,*,#7239,.T.);
#9354=ORIENTED_EDGE('',*,*,#7022,.T.);
#9355=ORIENTED_EDGE('',*,*,#6693,.T.);
#9356=ORIENTED_EDGE('',*,*,#7238,.T.);
#9357=ORIENTED_EDGE('',*,*,#6993,.F.);
#9358=ORIENTED_EDGE('',*,*,#7240,.T.);
#9359=ORIENTED_EDGE('',*,*,#7241,.T.);
#9360=ORIENTED_EDGE('',*,*,#7240,.F.);
#9361=ORIENTED_EDGE('',*,*,#6992,.F.);
#9362=ORIENTED_EDGE('',*,*,#7242,.T.);
#9363=ORIENTED_EDGE('',*,*,#7243,.T.);
#9364=ORIENTED_EDGE('',*,*,#7242,.F.);
#9365=ORIENTED_EDGE('',*,*,#6991,.F.);
#9366=ORIENTED_EDGE('',*,*,#7244,.T.);
#9367=ORIENTED_EDGE('',*,*,#7245,.T.);
#9368=ORIENTED_EDGE('',*,*,#7244,.F.);
#9369=ORIENTED_EDGE('',*,*,#7246,.T.);
#9370=ORIENTED_EDGE('',*,*,#7247,.T.);
#9371=ORIENTED_EDGE('',*,*,#6990,.F.);
#9372=ORIENTED_EDGE('',*,*,#7248,.F.);
#9373=ORIENTED_EDGE('',*,*,#7249,.T.);
#9374=ORIENTED_EDGE('',*,*,#7248,.T.);
#9375=ORIENTED_EDGE('',*,*,#6989,.F.);
#9376=ORIENTED_EDGE('',*,*,#7250,.F.);
#9377=ORIENTED_EDGE('',*,*,#7251,.T.);
#9378=ORIENTED_EDGE('',*,*,#7250,.T.);
#9379=ORIENTED_EDGE('',*,*,#6988,.F.);
#9380=ORIENTED_EDGE('',*,*,#7252,.F.);
#9381=ORIENTED_EDGE('',*,*,#7253,.T.);
#9382=ORIENTED_EDGE('',*,*,#7252,.T.);
#9383=ORIENTED_EDGE('',*,*,#6987,.F.);
#9384=ORIENTED_EDGE('',*,*,#7254,.F.);
#9385=ORIENTED_EDGE('',*,*,#7255,.T.);
#9386=ORIENTED_EDGE('',*,*,#7254,.T.);
#9387=ORIENTED_EDGE('',*,*,#6986,.F.);
#9388=ORIENTED_EDGE('',*,*,#7256,.F.);
#9389=ORIENTED_EDGE('',*,*,#7257,.T.);
#9390=ORIENTED_EDGE('',*,*,#7256,.T.);
#9391=ORIENTED_EDGE('',*,*,#6985,.F.);
#9392=ORIENTED_EDGE('',*,*,#7258,.F.);
#9393=ORIENTED_EDGE('',*,*,#7259,.T.);
#9394=ORIENTED_EDGE('',*,*,#7258,.T.);
#9395=ORIENTED_EDGE('',*,*,#6984,.F.);
#9396=ORIENTED_EDGE('',*,*,#7260,.F.);
#9397=ORIENTED_EDGE('',*,*,#7261,.T.);
#9398=ORIENTED_EDGE('',*,*,#7260,.T.);
#9399=ORIENTED_EDGE('',*,*,#6983,.F.);
#9400=ORIENTED_EDGE('',*,*,#7247,.F.);
#9401=ORIENTED_EDGE('',*,*,#7262,.T.);
#9402=ORIENTED_EDGE('',*,*,#7263,.T.);
#9403=ORIENTED_EDGE('',*,*,#6982,.F.);
#9404=ORIENTED_EDGE('',*,*,#7264,.F.);
#9405=ORIENTED_EDGE('',*,*,#7265,.T.);
#9406=ORIENTED_EDGE('',*,*,#7264,.T.);
#9407=ORIENTED_EDGE('',*,*,#6981,.F.);
#9408=ORIENTED_EDGE('',*,*,#7266,.F.);
#9409=ORIENTED_EDGE('',*,*,#7267,.T.);
#9410=ORIENTED_EDGE('',*,*,#7266,.T.);
#9411=ORIENTED_EDGE('',*,*,#6980,.F.);
#9412=ORIENTED_EDGE('',*,*,#7268,.F.);
#9413=ORIENTED_EDGE('',*,*,#7269,.T.);
#9414=ORIENTED_EDGE('',*,*,#7268,.T.);
#9415=ORIENTED_EDGE('',*,*,#6979,.F.);
#9416=ORIENTED_EDGE('',*,*,#7270,.F.);
#9417=ORIENTED_EDGE('',*,*,#7271,.T.);
#9418=ORIENTED_EDGE('',*,*,#7270,.T.);
#9419=ORIENTED_EDGE('',*,*,#6978,.F.);
#9420=ORIENTED_EDGE('',*,*,#7272,.F.);
#9421=ORIENTED_EDGE('',*,*,#7273,.T.);
#9422=ORIENTED_EDGE('',*,*,#7272,.T.);
#9423=ORIENTED_EDGE('',*,*,#6977,.F.);
#9424=ORIENTED_EDGE('',*,*,#7274,.F.);
#9425=ORIENTED_EDGE('',*,*,#7275,.T.);
#9426=ORIENTED_EDGE('',*,*,#7274,.T.);
#9427=ORIENTED_EDGE('',*,*,#6976,.F.);
#9428=ORIENTED_EDGE('',*,*,#7276,.F.);
#9429=ORIENTED_EDGE('',*,*,#7277,.T.);
#9430=ORIENTED_EDGE('',*,*,#7276,.T.);
#9431=ORIENTED_EDGE('',*,*,#6975,.F.);
#9432=ORIENTED_EDGE('',*,*,#7263,.F.);
#9433=ORIENTED_EDGE('',*,*,#7278,.T.);
#9434=ORIENTED_EDGE('',*,*,#7279,.T.);
#9435=ORIENTED_EDGE('',*,*,#6974,.F.);
#9436=ORIENTED_EDGE('',*,*,#7280,.F.);
#9437=ORIENTED_EDGE('',*,*,#7281,.T.);
#9438=ORIENTED_EDGE('',*,*,#7280,.T.);
#9439=ORIENTED_EDGE('',*,*,#6973,.F.);
#9440=ORIENTED_EDGE('',*,*,#7282,.F.);
#9441=ORIENTED_EDGE('',*,*,#7283,.T.);
#9442=ORIENTED_EDGE('',*,*,#7282,.T.);
#9443=ORIENTED_EDGE('',*,*,#6972,.F.);
#9444=ORIENTED_EDGE('',*,*,#7284,.F.);
#9445=ORIENTED_EDGE('',*,*,#7285,.T.);
#9446=ORIENTED_EDGE('',*,*,#7284,.T.);
#9447=ORIENTED_EDGE('',*,*,#6971,.F.);
#9448=ORIENTED_EDGE('',*,*,#7286,.F.);
#9449=ORIENTED_EDGE('',*,*,#7287,.T.);
#9450=ORIENTED_EDGE('',*,*,#7286,.T.);
#9451=ORIENTED_EDGE('',*,*,#6970,.F.);
#9452=ORIENTED_EDGE('',*,*,#7288,.F.);
#9453=ORIENTED_EDGE('',*,*,#7289,.T.);
#9454=ORIENTED_EDGE('',*,*,#7288,.T.);
#9455=ORIENTED_EDGE('',*,*,#6969,.F.);
#9456=ORIENTED_EDGE('',*,*,#7290,.F.);
#9457=ORIENTED_EDGE('',*,*,#7291,.T.);
#9458=ORIENTED_EDGE('',*,*,#7290,.T.);
#9459=ORIENTED_EDGE('',*,*,#6968,.F.);
#9460=ORIENTED_EDGE('',*,*,#7292,.F.);
#9461=ORIENTED_EDGE('',*,*,#7293,.T.);
#9462=ORIENTED_EDGE('',*,*,#7292,.T.);
#9463=ORIENTED_EDGE('',*,*,#6967,.F.);
#9464=ORIENTED_EDGE('',*,*,#7279,.F.);
#9465=ORIENTED_EDGE('',*,*,#7294,.T.);
#9466=ORIENTED_EDGE('',*,*,#7295,.T.);
#9467=ORIENTED_EDGE('',*,*,#6966,.F.);
#9468=ORIENTED_EDGE('',*,*,#7296,.F.);
#9469=ORIENTED_EDGE('',*,*,#7297,.T.);
#9470=ORIENTED_EDGE('',*,*,#7296,.T.);
#9471=ORIENTED_EDGE('',*,*,#6965,.F.);
#9472=ORIENTED_EDGE('',*,*,#7298,.F.);
#9473=ORIENTED_EDGE('',*,*,#7299,.T.);
#9474=ORIENTED_EDGE('',*,*,#7298,.T.);
#9475=ORIENTED_EDGE('',*,*,#6964,.F.);
#9476=ORIENTED_EDGE('',*,*,#7300,.F.);
#9477=ORIENTED_EDGE('',*,*,#7301,.T.);
#9478=ORIENTED_EDGE('',*,*,#7300,.T.);
#9479=ORIENTED_EDGE('',*,*,#6963,.F.);
#9480=ORIENTED_EDGE('',*,*,#7302,.F.);
#9481=ORIENTED_EDGE('',*,*,#7303,.T.);
#9482=ORIENTED_EDGE('',*,*,#7302,.T.);
#9483=ORIENTED_EDGE('',*,*,#6962,.F.);
#9484=ORIENTED_EDGE('',*,*,#7304,.F.);
#9485=ORIENTED_EDGE('',*,*,#7305,.T.);
#9486=ORIENTED_EDGE('',*,*,#7304,.T.);
#9487=ORIENTED_EDGE('',*,*,#6961,.F.);
#9488=ORIENTED_EDGE('',*,*,#7306,.F.);
#9489=ORIENTED_EDGE('',*,*,#7307,.T.);
#9490=ORIENTED_EDGE('',*,*,#7306,.T.);
#9491=ORIENTED_EDGE('',*,*,#6960,.F.);
#9492=ORIENTED_EDGE('',*,*,#7308,.F.);
#9493=ORIENTED_EDGE('',*,*,#7309,.T.);
#9494=ORIENTED_EDGE('',*,*,#7308,.T.);
#9495=ORIENTED_EDGE('',*,*,#6959,.F.);
#9496=ORIENTED_EDGE('',*,*,#7295,.F.);
#9497=ORIENTED_EDGE('',*,*,#7310,.T.);
#9498=ORIENTED_EDGE('',*,*,#7311,.T.);
#9499=ORIENTED_EDGE('',*,*,#6958,.F.);
#9500=ORIENTED_EDGE('',*,*,#7312,.F.);
#9501=ORIENTED_EDGE('',*,*,#7313,.T.);
#9502=ORIENTED_EDGE('',*,*,#7312,.T.);
#9503=ORIENTED_EDGE('',*,*,#6957,.F.);
#9504=ORIENTED_EDGE('',*,*,#7314,.F.);
#9505=ORIENTED_EDGE('',*,*,#7315,.T.);
#9506=ORIENTED_EDGE('',*,*,#7314,.T.);
#9507=ORIENTED_EDGE('',*,*,#6956,.F.);
#9508=ORIENTED_EDGE('',*,*,#7316,.F.);
#9509=ORIENTED_EDGE('',*,*,#7317,.T.);
#9510=ORIENTED_EDGE('',*,*,#7316,.T.);
#9511=ORIENTED_EDGE('',*,*,#6955,.F.);
#9512=ORIENTED_EDGE('',*,*,#7318,.F.);
#9513=ORIENTED_EDGE('',*,*,#7319,.T.);
#9514=ORIENTED_EDGE('',*,*,#7318,.T.);
#9515=ORIENTED_EDGE('',*,*,#6954,.F.);
#9516=ORIENTED_EDGE('',*,*,#7320,.F.);
#9517=ORIENTED_EDGE('',*,*,#7321,.T.);
#9518=ORIENTED_EDGE('',*,*,#7320,.T.);
#9519=ORIENTED_EDGE('',*,*,#6953,.F.);
#9520=ORIENTED_EDGE('',*,*,#7322,.F.);
#9521=ORIENTED_EDGE('',*,*,#7323,.T.);
#9522=ORIENTED_EDGE('',*,*,#7322,.T.);
#9523=ORIENTED_EDGE('',*,*,#6952,.F.);
#9524=ORIENTED_EDGE('',*,*,#7324,.F.);
#9525=ORIENTED_EDGE('',*,*,#7325,.T.);
#9526=ORIENTED_EDGE('',*,*,#7324,.T.);
#9527=ORIENTED_EDGE('',*,*,#6951,.F.);
#9528=ORIENTED_EDGE('',*,*,#7311,.F.);
#9529=ORIENTED_EDGE('',*,*,#7326,.T.);
#9530=ORIENTED_EDGE('',*,*,#7327,.T.);
#9531=ORIENTED_EDGE('',*,*,#6950,.F.);
#9532=ORIENTED_EDGE('',*,*,#7328,.F.);
#9533=ORIENTED_EDGE('',*,*,#7329,.T.);
#9534=ORIENTED_EDGE('',*,*,#7328,.T.);
#9535=ORIENTED_EDGE('',*,*,#6949,.F.);
#9536=ORIENTED_EDGE('',*,*,#7330,.F.);
#9537=ORIENTED_EDGE('',*,*,#7331,.T.);
#9538=ORIENTED_EDGE('',*,*,#7330,.T.);
#9539=ORIENTED_EDGE('',*,*,#6948,.F.);
#9540=ORIENTED_EDGE('',*,*,#7332,.F.);
#9541=ORIENTED_EDGE('',*,*,#7333,.T.);
#9542=ORIENTED_EDGE('',*,*,#7332,.T.);
#9543=ORIENTED_EDGE('',*,*,#6947,.F.);
#9544=ORIENTED_EDGE('',*,*,#7334,.F.);
#9545=ORIENTED_EDGE('',*,*,#7335,.T.);
#9546=ORIENTED_EDGE('',*,*,#7334,.T.);
#9547=ORIENTED_EDGE('',*,*,#6946,.F.);
#9548=ORIENTED_EDGE('',*,*,#7336,.F.);
#9549=ORIENTED_EDGE('',*,*,#7337,.T.);
#9550=ORIENTED_EDGE('',*,*,#7336,.T.);
#9551=ORIENTED_EDGE('',*,*,#6945,.F.);
#9552=ORIENTED_EDGE('',*,*,#7338,.F.);
#9553=ORIENTED_EDGE('',*,*,#7339,.T.);
#9554=ORIENTED_EDGE('',*,*,#7338,.T.);
#9555=ORIENTED_EDGE('',*,*,#6944,.F.);
#9556=ORIENTED_EDGE('',*,*,#7340,.F.);
#9557=ORIENTED_EDGE('',*,*,#7341,.T.);
#9558=ORIENTED_EDGE('',*,*,#7340,.T.);
#9559=ORIENTED_EDGE('',*,*,#6943,.F.);
#9560=ORIENTED_EDGE('',*,*,#7327,.F.);
#9561=ORIENTED_EDGE('',*,*,#7342,.T.);
#9562=ORIENTED_EDGE('',*,*,#7343,.T.);
#9563=ORIENTED_EDGE('',*,*,#6942,.F.);
#9564=ORIENTED_EDGE('',*,*,#7344,.F.);
#9565=ORIENTED_EDGE('',*,*,#7345,.T.);
#9566=ORIENTED_EDGE('',*,*,#7344,.T.);
#9567=ORIENTED_EDGE('',*,*,#6941,.F.);
#9568=ORIENTED_EDGE('',*,*,#7346,.F.);
#9569=ORIENTED_EDGE('',*,*,#7347,.T.);
#9570=ORIENTED_EDGE('',*,*,#7346,.T.);
#9571=ORIENTED_EDGE('',*,*,#6940,.F.);
#9572=ORIENTED_EDGE('',*,*,#7348,.F.);
#9573=ORIENTED_EDGE('',*,*,#7349,.T.);
#9574=ORIENTED_EDGE('',*,*,#7348,.T.);
#9575=ORIENTED_EDGE('',*,*,#6939,.F.);
#9576=ORIENTED_EDGE('',*,*,#7350,.F.);
#9577=ORIENTED_EDGE('',*,*,#7351,.T.);
#9578=ORIENTED_EDGE('',*,*,#7350,.T.);
#9579=ORIENTED_EDGE('',*,*,#6938,.F.);
#9580=ORIENTED_EDGE('',*,*,#7352,.F.);
#9581=ORIENTED_EDGE('',*,*,#7353,.T.);
#9582=ORIENTED_EDGE('',*,*,#7352,.T.);
#9583=ORIENTED_EDGE('',*,*,#6937,.F.);
#9584=ORIENTED_EDGE('',*,*,#7354,.F.);
#9585=ORIENTED_EDGE('',*,*,#7355,.T.);
#9586=ORIENTED_EDGE('',*,*,#7354,.T.);
#9587=ORIENTED_EDGE('',*,*,#6936,.F.);
#9588=ORIENTED_EDGE('',*,*,#7356,.F.);
#9589=ORIENTED_EDGE('',*,*,#7357,.T.);
#9590=ORIENTED_EDGE('',*,*,#7356,.T.);
#9591=ORIENTED_EDGE('',*,*,#6935,.F.);
#9592=ORIENTED_EDGE('',*,*,#7343,.F.);
#9593=ORIENTED_EDGE('',*,*,#7358,.T.);
#9594=ORIENTED_EDGE('',*,*,#7359,.T.);
#9595=ORIENTED_EDGE('',*,*,#6934,.F.);
#9596=ORIENTED_EDGE('',*,*,#7360,.F.);
#9597=ORIENTED_EDGE('',*,*,#7361,.T.);
#9598=ORIENTED_EDGE('',*,*,#7360,.T.);
#9599=ORIENTED_EDGE('',*,*,#6933,.F.);
#9600=ORIENTED_EDGE('',*,*,#7362,.F.);
#9601=ORIENTED_EDGE('',*,*,#7363,.T.);
#9602=ORIENTED_EDGE('',*,*,#7362,.T.);
#9603=ORIENTED_EDGE('',*,*,#6932,.F.);
#9604=ORIENTED_EDGE('',*,*,#7364,.F.);
#9605=ORIENTED_EDGE('',*,*,#7365,.T.);
#9606=ORIENTED_EDGE('',*,*,#7364,.T.);
#9607=ORIENTED_EDGE('',*,*,#6931,.F.);
#9608=ORIENTED_EDGE('',*,*,#7366,.F.);
#9609=ORIENTED_EDGE('',*,*,#7367,.T.);
#9610=ORIENTED_EDGE('',*,*,#7366,.T.);
#9611=ORIENTED_EDGE('',*,*,#6930,.F.);
#9612=ORIENTED_EDGE('',*,*,#7368,.F.);
#9613=ORIENTED_EDGE('',*,*,#7369,.T.);
#9614=ORIENTED_EDGE('',*,*,#7368,.T.);
#9615=ORIENTED_EDGE('',*,*,#6929,.F.);
#9616=ORIENTED_EDGE('',*,*,#7370,.F.);
#9617=ORIENTED_EDGE('',*,*,#7371,.T.);
#9618=ORIENTED_EDGE('',*,*,#7370,.T.);
#9619=ORIENTED_EDGE('',*,*,#6928,.F.);
#9620=ORIENTED_EDGE('',*,*,#7372,.F.);
#9621=ORIENTED_EDGE('',*,*,#7373,.T.);
#9622=ORIENTED_EDGE('',*,*,#7372,.T.);
#9623=ORIENTED_EDGE('',*,*,#6927,.F.);
#9624=ORIENTED_EDGE('',*,*,#7359,.F.);
#9625=ORIENTED_EDGE('',*,*,#7374,.T.);
#9626=ORIENTED_EDGE('',*,*,#7375,.T.);
#9627=ORIENTED_EDGE('',*,*,#6926,.F.);
#9628=ORIENTED_EDGE('',*,*,#7376,.F.);
#9629=ORIENTED_EDGE('',*,*,#7377,.T.);
#9630=ORIENTED_EDGE('',*,*,#7376,.T.);
#9631=ORIENTED_EDGE('',*,*,#6925,.F.);
#9632=ORIENTED_EDGE('',*,*,#7378,.F.);
#9633=ORIENTED_EDGE('',*,*,#7379,.T.);
#9634=ORIENTED_EDGE('',*,*,#7378,.T.);
#9635=ORIENTED_EDGE('',*,*,#6924,.F.);
#9636=ORIENTED_EDGE('',*,*,#7380,.F.);
#9637=ORIENTED_EDGE('',*,*,#7381,.T.);
#9638=ORIENTED_EDGE('',*,*,#7380,.T.);
#9639=ORIENTED_EDGE('',*,*,#6923,.F.);
#9640=ORIENTED_EDGE('',*,*,#7382,.F.);
#9641=ORIENTED_EDGE('',*,*,#7383,.T.);
#9642=ORIENTED_EDGE('',*,*,#7382,.T.);
#9643=ORIENTED_EDGE('',*,*,#6922,.F.);
#9644=ORIENTED_EDGE('',*,*,#7384,.F.);
#9645=ORIENTED_EDGE('',*,*,#7385,.T.);
#9646=ORIENTED_EDGE('',*,*,#7384,.T.);
#9647=ORIENTED_EDGE('',*,*,#6921,.F.);
#9648=ORIENTED_EDGE('',*,*,#7386,.F.);
#9649=ORIENTED_EDGE('',*,*,#7387,.T.);
#9650=ORIENTED_EDGE('',*,*,#7386,.T.);
#9651=ORIENTED_EDGE('',*,*,#6920,.F.);
#9652=ORIENTED_EDGE('',*,*,#7388,.F.);
#9653=ORIENTED_EDGE('',*,*,#7389,.T.);
#9654=ORIENTED_EDGE('',*,*,#7388,.T.);
#9655=ORIENTED_EDGE('',*,*,#6919,.F.);
#9656=ORIENTED_EDGE('',*,*,#7375,.F.);
#9657=ORIENTED_EDGE('',*,*,#7390,.T.);
#9658=ORIENTED_EDGE('',*,*,#7391,.T.);
#9659=ORIENTED_EDGE('',*,*,#6918,.F.);
#9660=ORIENTED_EDGE('',*,*,#7392,.F.);
#9661=ORIENTED_EDGE('',*,*,#7393,.T.);
#9662=ORIENTED_EDGE('',*,*,#7392,.T.);
#9663=ORIENTED_EDGE('',*,*,#6917,.F.);
#9664=ORIENTED_EDGE('',*,*,#7394,.F.);
#9665=ORIENTED_EDGE('',*,*,#7395,.T.);
#9666=ORIENTED_EDGE('',*,*,#7394,.T.);
#9667=ORIENTED_EDGE('',*,*,#6916,.F.);
#9668=ORIENTED_EDGE('',*,*,#7396,.F.);
#9669=ORIENTED_EDGE('',*,*,#7397,.T.);
#9670=ORIENTED_EDGE('',*,*,#7396,.T.);
#9671=ORIENTED_EDGE('',*,*,#6915,.F.);
#9672=ORIENTED_EDGE('',*,*,#7398,.F.);
#9673=ORIENTED_EDGE('',*,*,#7399,.T.);
#9674=ORIENTED_EDGE('',*,*,#7398,.T.);
#9675=ORIENTED_EDGE('',*,*,#6914,.F.);
#9676=ORIENTED_EDGE('',*,*,#7400,.F.);
#9677=ORIENTED_EDGE('',*,*,#7401,.T.);
#9678=ORIENTED_EDGE('',*,*,#7400,.T.);
#9679=ORIENTED_EDGE('',*,*,#6913,.F.);
#9680=ORIENTED_EDGE('',*,*,#7402,.F.);
#9681=ORIENTED_EDGE('',*,*,#7403,.T.);
#9682=ORIENTED_EDGE('',*,*,#7402,.T.);
#9683=ORIENTED_EDGE('',*,*,#6912,.F.);
#9684=ORIENTED_EDGE('',*,*,#7404,.F.);
#9685=ORIENTED_EDGE('',*,*,#7405,.T.);
#9686=ORIENTED_EDGE('',*,*,#7404,.T.);
#9687=ORIENTED_EDGE('',*,*,#6911,.F.);
#9688=ORIENTED_EDGE('',*,*,#7391,.F.);
#9689=ORIENTED_EDGE('',*,*,#7406,.T.);
#9690=ORIENTED_EDGE('',*,*,#7407,.T.);
#9691=ORIENTED_EDGE('',*,*,#6910,.F.);
#9692=ORIENTED_EDGE('',*,*,#7408,.F.);
#9693=ORIENTED_EDGE('',*,*,#7409,.T.);
#9694=ORIENTED_EDGE('',*,*,#7408,.T.);
#9695=ORIENTED_EDGE('',*,*,#6909,.F.);
#9696=ORIENTED_EDGE('',*,*,#7410,.F.);
#9697=ORIENTED_EDGE('',*,*,#7411,.T.);
#9698=ORIENTED_EDGE('',*,*,#7410,.T.);
#9699=ORIENTED_EDGE('',*,*,#6908,.F.);
#9700=ORIENTED_EDGE('',*,*,#7412,.F.);
#9701=ORIENTED_EDGE('',*,*,#7413,.T.);
#9702=ORIENTED_EDGE('',*,*,#7412,.T.);
#9703=ORIENTED_EDGE('',*,*,#6907,.F.);
#9704=ORIENTED_EDGE('',*,*,#7414,.F.);
#9705=ORIENTED_EDGE('',*,*,#7415,.T.);
#9706=ORIENTED_EDGE('',*,*,#7414,.T.);
#9707=ORIENTED_EDGE('',*,*,#6906,.F.);
#9708=ORIENTED_EDGE('',*,*,#7416,.F.);
#9709=ORIENTED_EDGE('',*,*,#7417,.T.);
#9710=ORIENTED_EDGE('',*,*,#7416,.T.);
#9711=ORIENTED_EDGE('',*,*,#6905,.F.);
#9712=ORIENTED_EDGE('',*,*,#7418,.F.);
#9713=ORIENTED_EDGE('',*,*,#7419,.T.);
#9714=ORIENTED_EDGE('',*,*,#7418,.T.);
#9715=ORIENTED_EDGE('',*,*,#6904,.F.);
#9716=ORIENTED_EDGE('',*,*,#7420,.F.);
#9717=ORIENTED_EDGE('',*,*,#7421,.T.);
#9718=ORIENTED_EDGE('',*,*,#7420,.T.);
#9719=ORIENTED_EDGE('',*,*,#6903,.F.);
#9720=ORIENTED_EDGE('',*,*,#7407,.F.);
#9721=ORIENTED_EDGE('',*,*,#7422,.T.);
#9722=ORIENTED_EDGE('',*,*,#7423,.T.);
#9723=ORIENTED_EDGE('',*,*,#6902,.F.);
#9724=ORIENTED_EDGE('',*,*,#7424,.F.);
#9725=ORIENTED_EDGE('',*,*,#7425,.T.);
#9726=ORIENTED_EDGE('',*,*,#7424,.T.);
#9727=ORIENTED_EDGE('',*,*,#6901,.F.);
#9728=ORIENTED_EDGE('',*,*,#7426,.F.);
#9729=ORIENTED_EDGE('',*,*,#7427,.T.);
#9730=ORIENTED_EDGE('',*,*,#7426,.T.);
#9731=ORIENTED_EDGE('',*,*,#6900,.F.);
#9732=ORIENTED_EDGE('',*,*,#7428,.F.);
#9733=ORIENTED_EDGE('',*,*,#7429,.T.);
#9734=ORIENTED_EDGE('',*,*,#7428,.T.);
#9735=ORIENTED_EDGE('',*,*,#6899,.F.);
#9736=ORIENTED_EDGE('',*,*,#7430,.F.);
#9737=ORIENTED_EDGE('',*,*,#7431,.T.);
#9738=ORIENTED_EDGE('',*,*,#7430,.T.);
#9739=ORIENTED_EDGE('',*,*,#6898,.F.);
#9740=ORIENTED_EDGE('',*,*,#7432,.F.);
#9741=ORIENTED_EDGE('',*,*,#7433,.T.);
#9742=ORIENTED_EDGE('',*,*,#7432,.T.);
#9743=ORIENTED_EDGE('',*,*,#6897,.F.);
#9744=ORIENTED_EDGE('',*,*,#7434,.F.);
#9745=ORIENTED_EDGE('',*,*,#7435,.T.);
#9746=ORIENTED_EDGE('',*,*,#7434,.T.);
#9747=ORIENTED_EDGE('',*,*,#6896,.F.);
#9748=ORIENTED_EDGE('',*,*,#7436,.F.);
#9749=ORIENTED_EDGE('',*,*,#7437,.T.);
#9750=ORIENTED_EDGE('',*,*,#7436,.T.);
#9751=ORIENTED_EDGE('',*,*,#6895,.F.);
#9752=ORIENTED_EDGE('',*,*,#7423,.F.);
#9753=ORIENTED_EDGE('',*,*,#7438,.T.);
#9754=ORIENTED_EDGE('',*,*,#7439,.T.);
#9755=ORIENTED_EDGE('',*,*,#6894,.F.);
#9756=ORIENTED_EDGE('',*,*,#7440,.F.);
#9757=ORIENTED_EDGE('',*,*,#7441,.T.);
#9758=ORIENTED_EDGE('',*,*,#7440,.T.);
#9759=ORIENTED_EDGE('',*,*,#6893,.F.);
#9760=ORIENTED_EDGE('',*,*,#7442,.F.);
#9761=ORIENTED_EDGE('',*,*,#7443,.T.);
#9762=ORIENTED_EDGE('',*,*,#7442,.T.);
#9763=ORIENTED_EDGE('',*,*,#6892,.F.);
#9764=ORIENTED_EDGE('',*,*,#7444,.F.);
#9765=ORIENTED_EDGE('',*,*,#7445,.T.);
#9766=ORIENTED_EDGE('',*,*,#7444,.T.);
#9767=ORIENTED_EDGE('',*,*,#6891,.F.);
#9768=ORIENTED_EDGE('',*,*,#7446,.F.);
#9769=ORIENTED_EDGE('',*,*,#7447,.T.);
#9770=ORIENTED_EDGE('',*,*,#7446,.T.);
#9771=ORIENTED_EDGE('',*,*,#6890,.F.);
#9772=ORIENTED_EDGE('',*,*,#7448,.F.);
#9773=ORIENTED_EDGE('',*,*,#7449,.T.);
#9774=ORIENTED_EDGE('',*,*,#7448,.T.);
#9775=ORIENTED_EDGE('',*,*,#6889,.F.);
#9776=ORIENTED_EDGE('',*,*,#7450,.F.);
#9777=ORIENTED_EDGE('',*,*,#7451,.T.);
#9778=ORIENTED_EDGE('',*,*,#7450,.T.);
#9779=ORIENTED_EDGE('',*,*,#6888,.F.);
#9780=ORIENTED_EDGE('',*,*,#7452,.F.);
#9781=ORIENTED_EDGE('',*,*,#7453,.T.);
#9782=ORIENTED_EDGE('',*,*,#7452,.T.);
#9783=ORIENTED_EDGE('',*,*,#6887,.F.);
#9784=ORIENTED_EDGE('',*,*,#7439,.F.);
#9785=ORIENTED_EDGE('',*,*,#7454,.T.);
#9786=ORIENTED_EDGE('',*,*,#7455,.T.);
#9787=ORIENTED_EDGE('',*,*,#6886,.F.);
#9788=ORIENTED_EDGE('',*,*,#7456,.F.);
#9789=ORIENTED_EDGE('',*,*,#7457,.T.);
#9790=ORIENTED_EDGE('',*,*,#7456,.T.);
#9791=ORIENTED_EDGE('',*,*,#6885,.F.);
#9792=ORIENTED_EDGE('',*,*,#7458,.F.);
#9793=ORIENTED_EDGE('',*,*,#7459,.T.);
#9794=ORIENTED_EDGE('',*,*,#7458,.T.);
#9795=ORIENTED_EDGE('',*,*,#6884,.F.);
#9796=ORIENTED_EDGE('',*,*,#7460,.F.);
#9797=ORIENTED_EDGE('',*,*,#7461,.T.);
#9798=ORIENTED_EDGE('',*,*,#7460,.T.);
#9799=ORIENTED_EDGE('',*,*,#6883,.F.);
#9800=ORIENTED_EDGE('',*,*,#7462,.F.);
#9801=ORIENTED_EDGE('',*,*,#7463,.T.);
#9802=ORIENTED_EDGE('',*,*,#7462,.T.);
#9803=ORIENTED_EDGE('',*,*,#6882,.F.);
#9804=ORIENTED_EDGE('',*,*,#7464,.F.);
#9805=ORIENTED_EDGE('',*,*,#7465,.T.);
#9806=ORIENTED_EDGE('',*,*,#7464,.T.);
#9807=ORIENTED_EDGE('',*,*,#6881,.F.);
#9808=ORIENTED_EDGE('',*,*,#7466,.F.);
#9809=ORIENTED_EDGE('',*,*,#7467,.T.);
#9810=ORIENTED_EDGE('',*,*,#7466,.T.);
#9811=ORIENTED_EDGE('',*,*,#6880,.F.);
#9812=ORIENTED_EDGE('',*,*,#7468,.F.);
#9813=ORIENTED_EDGE('',*,*,#7469,.T.);
#9814=ORIENTED_EDGE('',*,*,#7468,.T.);
#9815=ORIENTED_EDGE('',*,*,#6879,.F.);
#9816=ORIENTED_EDGE('',*,*,#7455,.F.);
#9817=ORIENTED_EDGE('',*,*,#7470,.T.);
#9818=ORIENTED_EDGE('',*,*,#7471,.T.);
#9819=ORIENTED_EDGE('',*,*,#6878,.F.);
#9820=ORIENTED_EDGE('',*,*,#7472,.F.);
#9821=ORIENTED_EDGE('',*,*,#7473,.T.);
#9822=ORIENTED_EDGE('',*,*,#7472,.T.);
#9823=ORIENTED_EDGE('',*,*,#6877,.F.);
#9824=ORIENTED_EDGE('',*,*,#7474,.F.);
#9825=ORIENTED_EDGE('',*,*,#7475,.T.);
#9826=ORIENTED_EDGE('',*,*,#7474,.T.);
#9827=ORIENTED_EDGE('',*,*,#6876,.F.);
#9828=ORIENTED_EDGE('',*,*,#7476,.F.);
#9829=ORIENTED_EDGE('',*,*,#7477,.T.);
#9830=ORIENTED_EDGE('',*,*,#7476,.T.);
#9831=ORIENTED_EDGE('',*,*,#6875,.F.);
#9832=ORIENTED_EDGE('',*,*,#7478,.F.);
#9833=ORIENTED_EDGE('',*,*,#7479,.T.);
#9834=ORIENTED_EDGE('',*,*,#7478,.T.);
#9835=ORIENTED_EDGE('',*,*,#6874,.F.);
#9836=ORIENTED_EDGE('',*,*,#7480,.F.);
#9837=ORIENTED_EDGE('',*,*,#7481,.T.);
#9838=ORIENTED_EDGE('',*,*,#7480,.T.);
#9839=ORIENTED_EDGE('',*,*,#6873,.F.);
#9840=ORIENTED_EDGE('',*,*,#7482,.F.);
#9841=ORIENTED_EDGE('',*,*,#7483,.T.);
#9842=ORIENTED_EDGE('',*,*,#7482,.T.);
#9843=ORIENTED_EDGE('',*,*,#6872,.F.);
#9844=ORIENTED_EDGE('',*,*,#7484,.F.);
#9845=ORIENTED_EDGE('',*,*,#7485,.T.);
#9846=ORIENTED_EDGE('',*,*,#7484,.T.);
#9847=ORIENTED_EDGE('',*,*,#6871,.F.);
#9848=ORIENTED_EDGE('',*,*,#7471,.F.);
#9849=ORIENTED_EDGE('',*,*,#7486,.T.);
#9850=ORIENTED_EDGE('',*,*,#7487,.T.);
#9851=ORIENTED_EDGE('',*,*,#6870,.F.);
#9852=ORIENTED_EDGE('',*,*,#7488,.F.);
#9853=ORIENTED_EDGE('',*,*,#7489,.T.);
#9854=ORIENTED_EDGE('',*,*,#7488,.T.);
#9855=ORIENTED_EDGE('',*,*,#6869,.F.);
#9856=ORIENTED_EDGE('',*,*,#7490,.F.);
#9857=ORIENTED_EDGE('',*,*,#7491,.T.);
#9858=ORIENTED_EDGE('',*,*,#7490,.T.);
#9859=ORIENTED_EDGE('',*,*,#6868,.F.);
#9860=ORIENTED_EDGE('',*,*,#7492,.F.);
#9861=ORIENTED_EDGE('',*,*,#7493,.T.);
#9862=ORIENTED_EDGE('',*,*,#7492,.T.);
#9863=ORIENTED_EDGE('',*,*,#6867,.F.);
#9864=ORIENTED_EDGE('',*,*,#7494,.F.);
#9865=ORIENTED_EDGE('',*,*,#7495,.T.);
#9866=ORIENTED_EDGE('',*,*,#7494,.T.);
#9867=ORIENTED_EDGE('',*,*,#6866,.F.);
#9868=ORIENTED_EDGE('',*,*,#7496,.F.);
#9869=ORIENTED_EDGE('',*,*,#7497,.T.);
#9870=ORIENTED_EDGE('',*,*,#7496,.T.);
#9871=ORIENTED_EDGE('',*,*,#6865,.F.);
#9872=ORIENTED_EDGE('',*,*,#7498,.F.);
#9873=ORIENTED_EDGE('',*,*,#7499,.T.);
#9874=ORIENTED_EDGE('',*,*,#7498,.T.);
#9875=ORIENTED_EDGE('',*,*,#6864,.F.);
#9876=ORIENTED_EDGE('',*,*,#7500,.F.);
#9877=ORIENTED_EDGE('',*,*,#7501,.T.);
#9878=ORIENTED_EDGE('',*,*,#7500,.T.);
#9879=ORIENTED_EDGE('',*,*,#6863,.F.);
#9880=ORIENTED_EDGE('',*,*,#7487,.F.);
#9881=ORIENTED_EDGE('',*,*,#7502,.T.);
#9882=ORIENTED_EDGE('',*,*,#7503,.T.);
#9883=ORIENTED_EDGE('',*,*,#6862,.F.);
#9884=ORIENTED_EDGE('',*,*,#7504,.F.);
#9885=ORIENTED_EDGE('',*,*,#7505,.T.);
#9886=ORIENTED_EDGE('',*,*,#7504,.T.);
#9887=ORIENTED_EDGE('',*,*,#6861,.F.);
#9888=ORIENTED_EDGE('',*,*,#7506,.F.);
#9889=ORIENTED_EDGE('',*,*,#7507,.T.);
#9890=ORIENTED_EDGE('',*,*,#7506,.T.);
#9891=ORIENTED_EDGE('',*,*,#6860,.F.);
#9892=ORIENTED_EDGE('',*,*,#7508,.F.);
#9893=ORIENTED_EDGE('',*,*,#7509,.T.);
#9894=ORIENTED_EDGE('',*,*,#7508,.T.);
#9895=ORIENTED_EDGE('',*,*,#6859,.F.);
#9896=ORIENTED_EDGE('',*,*,#7510,.F.);
#9897=ORIENTED_EDGE('',*,*,#7511,.T.);
#9898=ORIENTED_EDGE('',*,*,#7510,.T.);
#9899=ORIENTED_EDGE('',*,*,#6858,.F.);
#9900=ORIENTED_EDGE('',*,*,#7512,.F.);
#9901=ORIENTED_EDGE('',*,*,#7513,.T.);
#9902=ORIENTED_EDGE('',*,*,#7512,.T.);
#9903=ORIENTED_EDGE('',*,*,#6857,.F.);
#9904=ORIENTED_EDGE('',*,*,#7514,.F.);
#9905=ORIENTED_EDGE('',*,*,#7515,.T.);
#9906=ORIENTED_EDGE('',*,*,#7514,.T.);
#9907=ORIENTED_EDGE('',*,*,#6856,.F.);
#9908=ORIENTED_EDGE('',*,*,#7516,.F.);
#9909=ORIENTED_EDGE('',*,*,#7517,.T.);
#9910=ORIENTED_EDGE('',*,*,#7516,.T.);
#9911=ORIENTED_EDGE('',*,*,#6855,.F.);
#9912=ORIENTED_EDGE('',*,*,#7503,.F.);
#9913=ORIENTED_EDGE('',*,*,#7041,.F.);
#9914=ORIENTED_EDGE('',*,*,#7518,.T.);
#9915=ORIENTED_EDGE('',*,*,#7148,.F.);
#9916=ORIENTED_EDGE('',*,*,#6840,.F.);
#9917=ORIENTED_EDGE('',*,*,#7046,.F.);
#9918=ORIENTED_EDGE('',*,*,#7519,.T.);
#9919=ORIENTED_EDGE('',*,*,#7142,.F.);
#9920=ORIENTED_EDGE('',*,*,#6850,.F.);
#9921=ORIENTED_EDGE('',*,*,#7051,.F.);
#9922=ORIENTED_EDGE('',*,*,#7520,.T.);
#9923=ORIENTED_EDGE('',*,*,#7126,.F.);
#9924=ORIENTED_EDGE('',*,*,#6824,.F.);
#9925=ORIENTED_EDGE('',*,*,#7521,.T.);
#9926=ORIENTED_EDGE('',*,*,#7522,.T.);
#9927=ORIENTED_EDGE('',*,*,#6822,.F.);
#9928=ORIENTED_EDGE('',*,*,#7523,.F.);
#9929=ORIENTED_EDGE('',*,*,#7524,.T.);
#9930=ORIENTED_EDGE('',*,*,#7523,.T.);
#9931=ORIENTED_EDGE('',*,*,#6821,.F.);
#9932=ORIENTED_EDGE('',*,*,#7525,.F.);
#9933=ORIENTED_EDGE('',*,*,#7526,.T.);
#9934=ORIENTED_EDGE('',*,*,#7525,.T.);
#9935=ORIENTED_EDGE('',*,*,#6820,.F.);
#9936=ORIENTED_EDGE('',*,*,#7527,.F.);
#9937=ORIENTED_EDGE('',*,*,#7528,.T.);
#9938=ORIENTED_EDGE('',*,*,#7527,.T.);
#9939=ORIENTED_EDGE('',*,*,#6819,.F.);
#9940=ORIENTED_EDGE('',*,*,#7529,.F.);
#9941=ORIENTED_EDGE('',*,*,#7530,.T.);
#9942=ORIENTED_EDGE('',*,*,#7529,.T.);
#9943=ORIENTED_EDGE('',*,*,#6818,.F.);
#9944=ORIENTED_EDGE('',*,*,#7531,.F.);
#9945=ORIENTED_EDGE('',*,*,#7532,.T.);
#9946=ORIENTED_EDGE('',*,*,#7531,.T.);
#9947=ORIENTED_EDGE('',*,*,#6817,.F.);
#9948=ORIENTED_EDGE('',*,*,#7533,.F.);
#9949=ORIENTED_EDGE('',*,*,#7534,.T.);
#9950=ORIENTED_EDGE('',*,*,#7533,.T.);
#9951=ORIENTED_EDGE('',*,*,#6816,.F.);
#9952=ORIENTED_EDGE('',*,*,#7535,.F.);
#9953=ORIENTED_EDGE('',*,*,#7536,.T.);
#9954=ORIENTED_EDGE('',*,*,#7535,.T.);
#9955=ORIENTED_EDGE('',*,*,#6815,.F.);
#9956=ORIENTED_EDGE('',*,*,#7522,.F.);
#9957=ORIENTED_EDGE('',*,*,#7537,.T.);
#9958=ORIENTED_EDGE('',*,*,#7538,.T.);
#9959=ORIENTED_EDGE('',*,*,#6814,.F.);
#9960=ORIENTED_EDGE('',*,*,#7539,.F.);
#9961=ORIENTED_EDGE('',*,*,#7540,.T.);
#9962=ORIENTED_EDGE('',*,*,#7539,.T.);
#9963=ORIENTED_EDGE('',*,*,#6813,.F.);
#9964=ORIENTED_EDGE('',*,*,#7541,.F.);
#9965=ORIENTED_EDGE('',*,*,#7542,.T.);
#9966=ORIENTED_EDGE('',*,*,#7541,.T.);
#9967=ORIENTED_EDGE('',*,*,#6812,.F.);
#9968=ORIENTED_EDGE('',*,*,#7543,.F.);
#9969=ORIENTED_EDGE('',*,*,#7544,.T.);
#9970=ORIENTED_EDGE('',*,*,#7543,.T.);
#9971=ORIENTED_EDGE('',*,*,#6811,.F.);
#9972=ORIENTED_EDGE('',*,*,#7545,.F.);
#9973=ORIENTED_EDGE('',*,*,#7546,.T.);
#9974=ORIENTED_EDGE('',*,*,#7545,.T.);
#9975=ORIENTED_EDGE('',*,*,#6810,.F.);
#9976=ORIENTED_EDGE('',*,*,#7547,.F.);
#9977=ORIENTED_EDGE('',*,*,#7548,.T.);
#9978=ORIENTED_EDGE('',*,*,#7547,.T.);
#9979=ORIENTED_EDGE('',*,*,#6809,.F.);
#9980=ORIENTED_EDGE('',*,*,#7549,.F.);
#9981=ORIENTED_EDGE('',*,*,#7550,.T.);
#9982=ORIENTED_EDGE('',*,*,#7549,.T.);
#9983=ORIENTED_EDGE('',*,*,#6808,.F.);
#9984=ORIENTED_EDGE('',*,*,#7551,.F.);
#9985=ORIENTED_EDGE('',*,*,#7552,.T.);
#9986=ORIENTED_EDGE('',*,*,#7551,.T.);
#9987=ORIENTED_EDGE('',*,*,#6807,.F.);
#9988=ORIENTED_EDGE('',*,*,#7538,.F.);
#9989=ORIENTED_EDGE('',*,*,#7553,.T.);
#9990=ORIENTED_EDGE('',*,*,#7554,.T.);
#9991=ORIENTED_EDGE('',*,*,#6806,.F.);
#9992=ORIENTED_EDGE('',*,*,#7555,.F.);
#9993=ORIENTED_EDGE('',*,*,#7556,.T.);
#9994=ORIENTED_EDGE('',*,*,#7555,.T.);
#9995=ORIENTED_EDGE('',*,*,#6805,.F.);
#9996=ORIENTED_EDGE('',*,*,#7557,.F.);
#9997=ORIENTED_EDGE('',*,*,#7558,.T.);
#9998=ORIENTED_EDGE('',*,*,#7557,.T.);
#9999=ORIENTED_EDGE('',*,*,#6804,.F.);
#10000=ORIENTED_EDGE('',*,*,#7559,.F.);
#10001=ORIENTED_EDGE('',*,*,#7560,.T.);
#10002=ORIENTED_EDGE('',*,*,#7559,.T.);
#10003=ORIENTED_EDGE('',*,*,#6803,.F.);
#10004=ORIENTED_EDGE('',*,*,#7561,.F.);
#10005=ORIENTED_EDGE('',*,*,#7562,.T.);
#10006=ORIENTED_EDGE('',*,*,#7561,.T.);
#10007=ORIENTED_EDGE('',*,*,#6802,.F.);
#10008=ORIENTED_EDGE('',*,*,#7563,.F.);
#10009=ORIENTED_EDGE('',*,*,#7564,.T.);
#10010=ORIENTED_EDGE('',*,*,#7563,.T.);
#10011=ORIENTED_EDGE('',*,*,#6801,.F.);
#10012=ORIENTED_EDGE('',*,*,#7565,.F.);
#10013=ORIENTED_EDGE('',*,*,#7566,.T.);
#10014=ORIENTED_EDGE('',*,*,#7565,.T.);
#10015=ORIENTED_EDGE('',*,*,#6800,.F.);
#10016=ORIENTED_EDGE('',*,*,#7567,.F.);
#10017=ORIENTED_EDGE('',*,*,#7568,.T.);
#10018=ORIENTED_EDGE('',*,*,#7567,.T.);
#10019=ORIENTED_EDGE('',*,*,#6799,.F.);
#10020=ORIENTED_EDGE('',*,*,#7554,.F.);
#10021=ORIENTED_EDGE('',*,*,#7569,.T.);
#10022=ORIENTED_EDGE('',*,*,#7570,.T.);
#10023=ORIENTED_EDGE('',*,*,#6798,.F.);
#10024=ORIENTED_EDGE('',*,*,#7571,.F.);
#10025=ORIENTED_EDGE('',*,*,#7572,.T.);
#10026=ORIENTED_EDGE('',*,*,#7571,.T.);
#10027=ORIENTED_EDGE('',*,*,#6797,.F.);
#10028=ORIENTED_EDGE('',*,*,#7573,.F.);
#10029=ORIENTED_EDGE('',*,*,#7574,.T.);
#10030=ORIENTED_EDGE('',*,*,#7573,.T.);
#10031=ORIENTED_EDGE('',*,*,#6796,.F.);
#10032=ORIENTED_EDGE('',*,*,#7575,.F.);
#10033=ORIENTED_EDGE('',*,*,#7576,.T.);
#10034=ORIENTED_EDGE('',*,*,#7575,.T.);
#10035=ORIENTED_EDGE('',*,*,#6795,.F.);
#10036=ORIENTED_EDGE('',*,*,#7577,.F.);
#10037=ORIENTED_EDGE('',*,*,#7578,.T.);
#10038=ORIENTED_EDGE('',*,*,#7577,.T.);
#10039=ORIENTED_EDGE('',*,*,#6794,.F.);
#10040=ORIENTED_EDGE('',*,*,#7579,.F.);
#10041=ORIENTED_EDGE('',*,*,#7580,.T.);
#10042=ORIENTED_EDGE('',*,*,#7579,.T.);
#10043=ORIENTED_EDGE('',*,*,#6793,.F.);
#10044=ORIENTED_EDGE('',*,*,#7581,.F.);
#10045=ORIENTED_EDGE('',*,*,#7582,.T.);
#10046=ORIENTED_EDGE('',*,*,#7581,.T.);
#10047=ORIENTED_EDGE('',*,*,#6792,.F.);
#10048=ORIENTED_EDGE('',*,*,#7583,.F.);
#10049=ORIENTED_EDGE('',*,*,#7584,.T.);
#10050=ORIENTED_EDGE('',*,*,#7583,.T.);
#10051=ORIENTED_EDGE('',*,*,#6791,.F.);
#10052=ORIENTED_EDGE('',*,*,#7570,.F.);
#10053=ORIENTED_EDGE('',*,*,#7585,.T.);
#10054=ORIENTED_EDGE('',*,*,#7586,.T.);
#10055=ORIENTED_EDGE('',*,*,#6790,.F.);
#10056=ORIENTED_EDGE('',*,*,#7587,.F.);
#10057=ORIENTED_EDGE('',*,*,#7588,.T.);
#10058=ORIENTED_EDGE('',*,*,#7587,.T.);
#10059=ORIENTED_EDGE('',*,*,#6789,.F.);
#10060=ORIENTED_EDGE('',*,*,#7589,.F.);
#10061=ORIENTED_EDGE('',*,*,#7590,.T.);
#10062=ORIENTED_EDGE('',*,*,#7589,.T.);
#10063=ORIENTED_EDGE('',*,*,#6788,.F.);
#10064=ORIENTED_EDGE('',*,*,#7591,.F.);
#10065=ORIENTED_EDGE('',*,*,#7592,.T.);
#10066=ORIENTED_EDGE('',*,*,#7591,.T.);
#10067=ORIENTED_EDGE('',*,*,#6787,.F.);
#10068=ORIENTED_EDGE('',*,*,#7593,.F.);
#10069=ORIENTED_EDGE('',*,*,#7594,.T.);
#10070=ORIENTED_EDGE('',*,*,#7593,.T.);
#10071=ORIENTED_EDGE('',*,*,#6786,.F.);
#10072=ORIENTED_EDGE('',*,*,#7595,.F.);
#10073=ORIENTED_EDGE('',*,*,#7596,.T.);
#10074=ORIENTED_EDGE('',*,*,#7595,.T.);
#10075=ORIENTED_EDGE('',*,*,#6785,.F.);
#10076=ORIENTED_EDGE('',*,*,#7597,.F.);
#10077=ORIENTED_EDGE('',*,*,#7598,.T.);
#10078=ORIENTED_EDGE('',*,*,#7597,.T.);
#10079=ORIENTED_EDGE('',*,*,#6784,.F.);
#10080=ORIENTED_EDGE('',*,*,#7599,.F.);
#10081=ORIENTED_EDGE('',*,*,#7600,.T.);
#10082=ORIENTED_EDGE('',*,*,#7599,.T.);
#10083=ORIENTED_EDGE('',*,*,#6783,.F.);
#10084=ORIENTED_EDGE('',*,*,#7586,.F.);
#10085=ORIENTED_EDGE('',*,*,#7601,.T.);
#10086=ORIENTED_EDGE('',*,*,#7602,.T.);
#10087=ORIENTED_EDGE('',*,*,#6782,.F.);
#10088=ORIENTED_EDGE('',*,*,#7603,.F.);
#10089=ORIENTED_EDGE('',*,*,#7604,.T.);
#10090=ORIENTED_EDGE('',*,*,#7603,.T.);
#10091=ORIENTED_EDGE('',*,*,#6781,.F.);
#10092=ORIENTED_EDGE('',*,*,#7605,.F.);
#10093=ORIENTED_EDGE('',*,*,#7606,.T.);
#10094=ORIENTED_EDGE('',*,*,#7605,.T.);
#10095=ORIENTED_EDGE('',*,*,#6780,.F.);
#10096=ORIENTED_EDGE('',*,*,#7607,.F.);
#10097=ORIENTED_EDGE('',*,*,#7608,.T.);
#10098=ORIENTED_EDGE('',*,*,#7607,.T.);
#10099=ORIENTED_EDGE('',*,*,#6779,.F.);
#10100=ORIENTED_EDGE('',*,*,#7609,.F.);
#10101=ORIENTED_EDGE('',*,*,#7610,.T.);
#10102=ORIENTED_EDGE('',*,*,#7609,.T.);
#10103=ORIENTED_EDGE('',*,*,#6778,.F.);
#10104=ORIENTED_EDGE('',*,*,#7611,.F.);
#10105=ORIENTED_EDGE('',*,*,#7612,.T.);
#10106=ORIENTED_EDGE('',*,*,#7611,.T.);
#10107=ORIENTED_EDGE('',*,*,#6777,.F.);
#10108=ORIENTED_EDGE('',*,*,#7613,.F.);
#10109=ORIENTED_EDGE('',*,*,#7614,.T.);
#10110=ORIENTED_EDGE('',*,*,#7613,.T.);
#10111=ORIENTED_EDGE('',*,*,#6776,.F.);
#10112=ORIENTED_EDGE('',*,*,#7615,.F.);
#10113=ORIENTED_EDGE('',*,*,#7616,.T.);
#10114=ORIENTED_EDGE('',*,*,#7615,.T.);
#10115=ORIENTED_EDGE('',*,*,#6775,.F.);
#10116=ORIENTED_EDGE('',*,*,#7602,.F.);
#10117=ORIENTED_EDGE('',*,*,#7617,.T.);
#10118=ORIENTED_EDGE('',*,*,#7618,.T.);
#10119=ORIENTED_EDGE('',*,*,#6774,.F.);
#10120=ORIENTED_EDGE('',*,*,#7619,.F.);
#10121=ORIENTED_EDGE('',*,*,#7620,.T.);
#10122=ORIENTED_EDGE('',*,*,#7619,.T.);
#10123=ORIENTED_EDGE('',*,*,#6773,.F.);
#10124=ORIENTED_EDGE('',*,*,#7621,.F.);
#10125=ORIENTED_EDGE('',*,*,#7622,.T.);
#10126=ORIENTED_EDGE('',*,*,#7621,.T.);
#10127=ORIENTED_EDGE('',*,*,#6772,.F.);
#10128=ORIENTED_EDGE('',*,*,#7623,.F.);
#10129=ORIENTED_EDGE('',*,*,#7624,.T.);
#10130=ORIENTED_EDGE('',*,*,#7623,.T.);
#10131=ORIENTED_EDGE('',*,*,#6771,.F.);
#10132=ORIENTED_EDGE('',*,*,#7625,.F.);
#10133=ORIENTED_EDGE('',*,*,#7626,.T.);
#10134=ORIENTED_EDGE('',*,*,#7625,.T.);
#10135=ORIENTED_EDGE('',*,*,#6770,.F.);
#10136=ORIENTED_EDGE('',*,*,#7627,.F.);
#10137=ORIENTED_EDGE('',*,*,#7628,.T.);
#10138=ORIENTED_EDGE('',*,*,#7627,.T.);
#10139=ORIENTED_EDGE('',*,*,#6769,.F.);
#10140=ORIENTED_EDGE('',*,*,#7629,.F.);
#10141=ORIENTED_EDGE('',*,*,#7630,.T.);
#10142=ORIENTED_EDGE('',*,*,#7629,.T.);
#10143=ORIENTED_EDGE('',*,*,#6768,.F.);
#10144=ORIENTED_EDGE('',*,*,#7631,.F.);
#10145=ORIENTED_EDGE('',*,*,#7632,.T.);
#10146=ORIENTED_EDGE('',*,*,#7631,.T.);
#10147=ORIENTED_EDGE('',*,*,#6767,.F.);
#10148=ORIENTED_EDGE('',*,*,#7618,.F.);
#10149=ORIENTED_EDGE('',*,*,#7633,.T.);
#10150=ORIENTED_EDGE('',*,*,#7634,.T.);
#10151=ORIENTED_EDGE('',*,*,#6766,.F.);
#10152=ORIENTED_EDGE('',*,*,#7635,.F.);
#10153=ORIENTED_EDGE('',*,*,#7636,.T.);
#10154=ORIENTED_EDGE('',*,*,#7635,.T.);
#10155=ORIENTED_EDGE('',*,*,#6765,.F.);
#10156=ORIENTED_EDGE('',*,*,#7637,.F.);
#10157=ORIENTED_EDGE('',*,*,#7638,.T.);
#10158=ORIENTED_EDGE('',*,*,#7637,.T.);
#10159=ORIENTED_EDGE('',*,*,#6764,.F.);
#10160=ORIENTED_EDGE('',*,*,#7639,.F.);
#10161=ORIENTED_EDGE('',*,*,#7640,.T.);
#10162=ORIENTED_EDGE('',*,*,#7639,.T.);
#10163=ORIENTED_EDGE('',*,*,#6763,.F.);
#10164=ORIENTED_EDGE('',*,*,#7641,.F.);
#10165=ORIENTED_EDGE('',*,*,#7642,.T.);
#10166=ORIENTED_EDGE('',*,*,#7641,.T.);
#10167=ORIENTED_EDGE('',*,*,#6762,.F.);
#10168=ORIENTED_EDGE('',*,*,#7643,.F.);
#10169=ORIENTED_EDGE('',*,*,#7644,.T.);
#10170=ORIENTED_EDGE('',*,*,#7643,.T.);
#10171=ORIENTED_EDGE('',*,*,#6761,.F.);
#10172=ORIENTED_EDGE('',*,*,#7645,.F.);
#10173=ORIENTED_EDGE('',*,*,#7646,.T.);
#10174=ORIENTED_EDGE('',*,*,#7645,.T.);
#10175=ORIENTED_EDGE('',*,*,#6760,.F.);
#10176=ORIENTED_EDGE('',*,*,#7647,.F.);
#10177=ORIENTED_EDGE('',*,*,#7648,.T.);
#10178=ORIENTED_EDGE('',*,*,#7647,.T.);
#10179=ORIENTED_EDGE('',*,*,#6759,.F.);
#10180=ORIENTED_EDGE('',*,*,#7634,.F.);
#10181=ORIENTED_EDGE('',*,*,#7649,.T.);
#10182=ORIENTED_EDGE('',*,*,#7650,.T.);
#10183=ORIENTED_EDGE('',*,*,#6758,.F.);
#10184=ORIENTED_EDGE('',*,*,#7651,.F.);
#10185=ORIENTED_EDGE('',*,*,#7652,.T.);
#10186=ORIENTED_EDGE('',*,*,#7651,.T.);
#10187=ORIENTED_EDGE('',*,*,#6757,.F.);
#10188=ORIENTED_EDGE('',*,*,#7653,.F.);
#10189=ORIENTED_EDGE('',*,*,#7654,.T.);
#10190=ORIENTED_EDGE('',*,*,#7653,.T.);
#10191=ORIENTED_EDGE('',*,*,#6756,.F.);
#10192=ORIENTED_EDGE('',*,*,#7655,.F.);
#10193=ORIENTED_EDGE('',*,*,#7656,.T.);
#10194=ORIENTED_EDGE('',*,*,#7655,.T.);
#10195=ORIENTED_EDGE('',*,*,#6755,.F.);
#10196=ORIENTED_EDGE('',*,*,#7657,.F.);
#10197=ORIENTED_EDGE('',*,*,#7658,.T.);
#10198=ORIENTED_EDGE('',*,*,#7657,.T.);
#10199=ORIENTED_EDGE('',*,*,#6754,.F.);
#10200=ORIENTED_EDGE('',*,*,#7659,.F.);
#10201=ORIENTED_EDGE('',*,*,#7660,.T.);
#10202=ORIENTED_EDGE('',*,*,#7659,.T.);
#10203=ORIENTED_EDGE('',*,*,#6753,.F.);
#10204=ORIENTED_EDGE('',*,*,#7661,.F.);
#10205=ORIENTED_EDGE('',*,*,#7662,.T.);
#10206=ORIENTED_EDGE('',*,*,#7661,.T.);
#10207=ORIENTED_EDGE('',*,*,#6752,.F.);
#10208=ORIENTED_EDGE('',*,*,#7663,.F.);
#10209=ORIENTED_EDGE('',*,*,#7664,.T.);
#10210=ORIENTED_EDGE('',*,*,#7663,.T.);
#10211=ORIENTED_EDGE('',*,*,#6751,.F.);
#10212=ORIENTED_EDGE('',*,*,#7650,.F.);
#10213=ORIENTED_EDGE('',*,*,#7665,.T.);
#10214=ORIENTED_EDGE('',*,*,#7666,.T.);
#10215=ORIENTED_EDGE('',*,*,#6750,.F.);
#10216=ORIENTED_EDGE('',*,*,#7667,.F.);
#10217=ORIENTED_EDGE('',*,*,#7668,.T.);
#10218=ORIENTED_EDGE('',*,*,#7667,.T.);
#10219=ORIENTED_EDGE('',*,*,#6749,.F.);
#10220=ORIENTED_EDGE('',*,*,#7669,.F.);
#10221=ORIENTED_EDGE('',*,*,#7670,.T.);
#10222=ORIENTED_EDGE('',*,*,#7669,.T.);
#10223=ORIENTED_EDGE('',*,*,#6748,.F.);
#10224=ORIENTED_EDGE('',*,*,#7671,.F.);
#10225=ORIENTED_EDGE('',*,*,#7672,.T.);
#10226=ORIENTED_EDGE('',*,*,#7671,.T.);
#10227=ORIENTED_EDGE('',*,*,#6747,.F.);
#10228=ORIENTED_EDGE('',*,*,#7673,.F.);
#10229=ORIENTED_EDGE('',*,*,#7674,.T.);
#10230=ORIENTED_EDGE('',*,*,#7673,.T.);
#10231=ORIENTED_EDGE('',*,*,#6746,.F.);
#10232=ORIENTED_EDGE('',*,*,#7675,.F.);
#10233=ORIENTED_EDGE('',*,*,#7676,.T.);
#10234=ORIENTED_EDGE('',*,*,#7675,.T.);
#10235=ORIENTED_EDGE('',*,*,#6745,.F.);
#10236=ORIENTED_EDGE('',*,*,#7677,.F.);
#10237=ORIENTED_EDGE('',*,*,#7678,.T.);
#10238=ORIENTED_EDGE('',*,*,#7677,.T.);
#10239=ORIENTED_EDGE('',*,*,#6744,.F.);
#10240=ORIENTED_EDGE('',*,*,#7679,.F.);
#10241=ORIENTED_EDGE('',*,*,#7680,.T.);
#10242=ORIENTED_EDGE('',*,*,#7679,.T.);
#10243=ORIENTED_EDGE('',*,*,#6743,.F.);
#10244=ORIENTED_EDGE('',*,*,#7666,.F.);
#10245=ORIENTED_EDGE('',*,*,#7681,.T.);
#10246=ORIENTED_EDGE('',*,*,#7682,.T.);
#10247=ORIENTED_EDGE('',*,*,#6742,.F.);
#10248=ORIENTED_EDGE('',*,*,#7683,.F.);
#10249=ORIENTED_EDGE('',*,*,#7684,.T.);
#10250=ORIENTED_EDGE('',*,*,#7683,.T.);
#10251=ORIENTED_EDGE('',*,*,#6741,.F.);
#10252=ORIENTED_EDGE('',*,*,#7685,.F.);
#10253=ORIENTED_EDGE('',*,*,#7686,.T.);
#10254=ORIENTED_EDGE('',*,*,#7685,.T.);
#10255=ORIENTED_EDGE('',*,*,#6740,.F.);
#10256=ORIENTED_EDGE('',*,*,#7687,.F.);
#10257=ORIENTED_EDGE('',*,*,#7688,.T.);
#10258=ORIENTED_EDGE('',*,*,#7687,.T.);
#10259=ORIENTED_EDGE('',*,*,#6739,.F.);
#10260=ORIENTED_EDGE('',*,*,#7689,.F.);
#10261=ORIENTED_EDGE('',*,*,#7690,.T.);
#10262=ORIENTED_EDGE('',*,*,#7689,.T.);
#10263=ORIENTED_EDGE('',*,*,#6738,.F.);
#10264=ORIENTED_EDGE('',*,*,#7691,.F.);
#10265=ORIENTED_EDGE('',*,*,#7692,.T.);
#10266=ORIENTED_EDGE('',*,*,#7691,.T.);
#10267=ORIENTED_EDGE('',*,*,#6737,.F.);
#10268=ORIENTED_EDGE('',*,*,#7693,.F.);
#10269=ORIENTED_EDGE('',*,*,#7694,.T.);
#10270=ORIENTED_EDGE('',*,*,#7693,.T.);
#10271=ORIENTED_EDGE('',*,*,#6736,.F.);
#10272=ORIENTED_EDGE('',*,*,#7695,.F.);
#10273=ORIENTED_EDGE('',*,*,#7696,.T.);
#10274=ORIENTED_EDGE('',*,*,#7695,.T.);
#10275=ORIENTED_EDGE('',*,*,#6735,.F.);
#10276=ORIENTED_EDGE('',*,*,#7682,.F.);
#10277=ORIENTED_EDGE('',*,*,#7697,.T.);
#10278=ORIENTED_EDGE('',*,*,#7698,.T.);
#10279=ORIENTED_EDGE('',*,*,#6734,.F.);
#10280=ORIENTED_EDGE('',*,*,#7699,.F.);
#10281=ORIENTED_EDGE('',*,*,#7700,.T.);
#10282=ORIENTED_EDGE('',*,*,#7699,.T.);
#10283=ORIENTED_EDGE('',*,*,#6733,.F.);
#10284=ORIENTED_EDGE('',*,*,#7701,.F.);
#10285=ORIENTED_EDGE('',*,*,#7702,.T.);
#10286=ORIENTED_EDGE('',*,*,#7701,.T.);
#10287=ORIENTED_EDGE('',*,*,#6732,.F.);
#10288=ORIENTED_EDGE('',*,*,#7703,.F.);
#10289=ORIENTED_EDGE('',*,*,#7704,.T.);
#10290=ORIENTED_EDGE('',*,*,#7703,.T.);
#10291=ORIENTED_EDGE('',*,*,#6731,.F.);
#10292=ORIENTED_EDGE('',*,*,#7705,.F.);
#10293=ORIENTED_EDGE('',*,*,#7706,.T.);
#10294=ORIENTED_EDGE('',*,*,#7705,.T.);
#10295=ORIENTED_EDGE('',*,*,#6730,.F.);
#10296=ORIENTED_EDGE('',*,*,#7707,.F.);
#10297=ORIENTED_EDGE('',*,*,#7708,.T.);
#10298=ORIENTED_EDGE('',*,*,#7707,.T.);
#10299=ORIENTED_EDGE('',*,*,#6729,.F.);
#10300=ORIENTED_EDGE('',*,*,#7709,.F.);
#10301=ORIENTED_EDGE('',*,*,#7710,.T.);
#10302=ORIENTED_EDGE('',*,*,#7709,.T.);
#10303=ORIENTED_EDGE('',*,*,#6728,.F.);
#10304=ORIENTED_EDGE('',*,*,#7711,.F.);
#10305=ORIENTED_EDGE('',*,*,#7712,.T.);
#10306=ORIENTED_EDGE('',*,*,#7711,.T.);
#10307=ORIENTED_EDGE('',*,*,#6727,.F.);
#10308=ORIENTED_EDGE('',*,*,#7698,.F.);
#10309=ORIENTED_EDGE('',*,*,#7713,.T.);
#10310=ORIENTED_EDGE('',*,*,#7714,.T.);
#10311=ORIENTED_EDGE('',*,*,#6726,.F.);
#10312=ORIENTED_EDGE('',*,*,#7715,.F.);
#10313=ORIENTED_EDGE('',*,*,#7716,.T.);
#10314=ORIENTED_EDGE('',*,*,#7715,.T.);
#10315=ORIENTED_EDGE('',*,*,#6725,.F.);
#10316=ORIENTED_EDGE('',*,*,#7717,.F.);
#10317=ORIENTED_EDGE('',*,*,#7718,.T.);
#10318=ORIENTED_EDGE('',*,*,#7717,.T.);
#10319=ORIENTED_EDGE('',*,*,#6724,.F.);
#10320=ORIENTED_EDGE('',*,*,#7719,.F.);
#10321=ORIENTED_EDGE('',*,*,#7720,.T.);
#10322=ORIENTED_EDGE('',*,*,#7719,.T.);
#10323=ORIENTED_EDGE('',*,*,#6723,.F.);
#10324=ORIENTED_EDGE('',*,*,#7721,.F.);
#10325=ORIENTED_EDGE('',*,*,#7722,.T.);
#10326=ORIENTED_EDGE('',*,*,#7721,.T.);
#10327=ORIENTED_EDGE('',*,*,#6722,.F.);
#10328=ORIENTED_EDGE('',*,*,#7723,.F.);
#10329=ORIENTED_EDGE('',*,*,#7724,.T.);
#10330=ORIENTED_EDGE('',*,*,#7723,.T.);
#10331=ORIENTED_EDGE('',*,*,#6721,.F.);
#10332=ORIENTED_EDGE('',*,*,#7725,.F.);
#10333=ORIENTED_EDGE('',*,*,#7726,.T.);
#10334=ORIENTED_EDGE('',*,*,#7725,.T.);
#10335=ORIENTED_EDGE('',*,*,#6720,.F.);
#10336=ORIENTED_EDGE('',*,*,#7727,.F.);
#10337=ORIENTED_EDGE('',*,*,#7728,.T.);
#10338=ORIENTED_EDGE('',*,*,#7727,.T.);
#10339=ORIENTED_EDGE('',*,*,#6719,.F.);
#10340=ORIENTED_EDGE('',*,*,#7714,.F.);
#10341=ORIENTED_EDGE('',*,*,#7729,.T.);
#10342=ORIENTED_EDGE('',*,*,#7730,.T.);
#10343=ORIENTED_EDGE('',*,*,#6718,.F.);
#10344=ORIENTED_EDGE('',*,*,#7731,.F.);
#10345=ORIENTED_EDGE('',*,*,#7732,.T.);
#10346=ORIENTED_EDGE('',*,*,#7731,.T.);
#10347=ORIENTED_EDGE('',*,*,#6717,.F.);
#10348=ORIENTED_EDGE('',*,*,#7733,.F.);
#10349=ORIENTED_EDGE('',*,*,#7734,.T.);
#10350=ORIENTED_EDGE('',*,*,#7733,.T.);
#10351=ORIENTED_EDGE('',*,*,#6716,.F.);
#10352=ORIENTED_EDGE('',*,*,#7735,.F.);
#10353=ORIENTED_EDGE('',*,*,#7736,.T.);
#10354=ORIENTED_EDGE('',*,*,#7735,.T.);
#10355=ORIENTED_EDGE('',*,*,#6715,.F.);
#10356=ORIENTED_EDGE('',*,*,#7737,.F.);
#10357=ORIENTED_EDGE('',*,*,#7738,.T.);
#10358=ORIENTED_EDGE('',*,*,#7737,.T.);
#10359=ORIENTED_EDGE('',*,*,#6714,.F.);
#10360=ORIENTED_EDGE('',*,*,#7739,.F.);
#10361=ORIENTED_EDGE('',*,*,#7740,.T.);
#10362=ORIENTED_EDGE('',*,*,#7739,.T.);
#10363=ORIENTED_EDGE('',*,*,#6713,.F.);
#10364=ORIENTED_EDGE('',*,*,#7741,.F.);
#10365=ORIENTED_EDGE('',*,*,#7742,.T.);
#10366=ORIENTED_EDGE('',*,*,#7741,.T.);
#10367=ORIENTED_EDGE('',*,*,#6712,.F.);
#10368=ORIENTED_EDGE('',*,*,#7743,.F.);
#10369=ORIENTED_EDGE('',*,*,#7744,.T.);
#10370=ORIENTED_EDGE('',*,*,#7743,.T.);
#10371=ORIENTED_EDGE('',*,*,#6711,.F.);
#10372=ORIENTED_EDGE('',*,*,#7730,.F.);
#10373=ORIENTED_EDGE('',*,*,#7745,.T.);
#10374=ORIENTED_EDGE('',*,*,#7746,.T.);
#10375=ORIENTED_EDGE('',*,*,#6710,.F.);
#10376=ORIENTED_EDGE('',*,*,#7747,.F.);
#10377=ORIENTED_EDGE('',*,*,#7748,.T.);
#10378=ORIENTED_EDGE('',*,*,#7747,.T.);
#10379=ORIENTED_EDGE('',*,*,#6709,.F.);
#10380=ORIENTED_EDGE('',*,*,#7749,.F.);
#10381=ORIENTED_EDGE('',*,*,#7750,.T.);
#10382=ORIENTED_EDGE('',*,*,#7749,.T.);
#10383=ORIENTED_EDGE('',*,*,#6708,.F.);
#10384=ORIENTED_EDGE('',*,*,#7751,.F.);
#10385=ORIENTED_EDGE('',*,*,#7752,.T.);
#10386=ORIENTED_EDGE('',*,*,#7751,.T.);
#10387=ORIENTED_EDGE('',*,*,#6707,.F.);
#10388=ORIENTED_EDGE('',*,*,#7753,.F.);
#10389=ORIENTED_EDGE('',*,*,#7754,.T.);
#10390=ORIENTED_EDGE('',*,*,#7753,.T.);
#10391=ORIENTED_EDGE('',*,*,#6706,.F.);
#10392=ORIENTED_EDGE('',*,*,#7755,.F.);
#10393=ORIENTED_EDGE('',*,*,#7756,.T.);
#10394=ORIENTED_EDGE('',*,*,#7755,.T.);
#10395=ORIENTED_EDGE('',*,*,#6705,.F.);
#10396=ORIENTED_EDGE('',*,*,#7757,.F.);
#10397=ORIENTED_EDGE('',*,*,#7758,.T.);
#10398=ORIENTED_EDGE('',*,*,#7757,.T.);
#10399=ORIENTED_EDGE('',*,*,#6704,.F.);
#10400=ORIENTED_EDGE('',*,*,#7759,.F.);
#10401=ORIENTED_EDGE('',*,*,#7760,.T.);
#10402=ORIENTED_EDGE('',*,*,#7759,.T.);
#10403=ORIENTED_EDGE('',*,*,#6703,.F.);
#10404=ORIENTED_EDGE('',*,*,#7746,.F.);
#10405=ORIENTED_EDGE('',*,*,#7761,.T.);
#10406=ORIENTED_EDGE('',*,*,#7762,.T.);
#10407=ORIENTED_EDGE('',*,*,#6702,.F.);
#10408=ORIENTED_EDGE('',*,*,#7763,.F.);
#10409=ORIENTED_EDGE('',*,*,#7764,.T.);
#10410=ORIENTED_EDGE('',*,*,#7763,.T.);
#10411=ORIENTED_EDGE('',*,*,#6701,.F.);
#10412=ORIENTED_EDGE('',*,*,#7765,.F.);
#10413=ORIENTED_EDGE('',*,*,#7766,.T.);
#10414=ORIENTED_EDGE('',*,*,#7765,.T.);
#10415=ORIENTED_EDGE('',*,*,#6700,.F.);
#10416=ORIENTED_EDGE('',*,*,#7767,.F.);
#10417=ORIENTED_EDGE('',*,*,#7768,.T.);
#10418=ORIENTED_EDGE('',*,*,#7767,.T.);
#10419=ORIENTED_EDGE('',*,*,#6699,.F.);
#10420=ORIENTED_EDGE('',*,*,#7769,.F.);
#10421=ORIENTED_EDGE('',*,*,#7770,.T.);
#10422=ORIENTED_EDGE('',*,*,#7769,.T.);
#10423=ORIENTED_EDGE('',*,*,#6698,.F.);
#10424=ORIENTED_EDGE('',*,*,#7771,.F.);
#10425=ORIENTED_EDGE('',*,*,#7772,.T.);
#10426=ORIENTED_EDGE('',*,*,#7771,.T.);
#10427=ORIENTED_EDGE('',*,*,#6697,.F.);
#10428=ORIENTED_EDGE('',*,*,#7773,.F.);
#10429=ORIENTED_EDGE('',*,*,#7774,.T.);
#10430=ORIENTED_EDGE('',*,*,#7773,.T.);
#10431=ORIENTED_EDGE('',*,*,#6696,.F.);
#10432=ORIENTED_EDGE('',*,*,#7775,.F.);
#10433=ORIENTED_EDGE('',*,*,#7776,.T.);
#10434=ORIENTED_EDGE('',*,*,#7775,.T.);
#10435=ORIENTED_EDGE('',*,*,#6695,.F.);
#10436=ORIENTED_EDGE('',*,*,#7762,.F.);
#10437=ORIENTED_EDGE('',*,*,#7026,.F.);
#10438=ORIENTED_EDGE('',*,*,#7777,.T.);
#10439=ORIENTED_EDGE('',*,*,#7228,.F.);
#10440=ORIENTED_EDGE('',*,*,#6686,.F.);
#10441=ORIENTED_EDGE('',*,*,#7021,.F.);
#10442=ORIENTED_EDGE('',*,*,#7778,.T.);
#10443=ORIENTED_EDGE('',*,*,#7224,.F.);
#10444=ORIENTED_EDGE('',*,*,#6680,.F.);
#10445=ORIENTED_EDGE('',*,*,#7016,.F.);
#10446=ORIENTED_EDGE('',*,*,#7779,.T.);
#10447=ORIENTED_EDGE('',*,*,#7208,.F.);
#10448=ORIENTED_EDGE('',*,*,#6670,.F.);
#10449=ORIENTED_EDGE('',*,*,#7011,.F.);
#10450=ORIENTED_EDGE('',*,*,#7780,.T.);
#10451=ORIENTED_EDGE('',*,*,#7202,.F.);
#10452=ORIENTED_EDGE('',*,*,#6664,.F.);
#10453=ORIENTED_EDGE('',*,*,#7781,.T.);
#10454=ORIENTED_EDGE('',*,*,#7782,.T.);
#10455=ORIENTED_EDGE('',*,*,#6662,.F.);
#10456=ORIENTED_EDGE('',*,*,#7783,.F.);
#10457=ORIENTED_EDGE('',*,*,#7784,.T.);
#10458=ORIENTED_EDGE('',*,*,#7783,.T.);
#10459=ORIENTED_EDGE('',*,*,#6661,.F.);
#10460=ORIENTED_EDGE('',*,*,#7785,.F.);
#10461=ORIENTED_EDGE('',*,*,#7786,.T.);
#10462=ORIENTED_EDGE('',*,*,#7785,.T.);
#10463=ORIENTED_EDGE('',*,*,#6660,.F.);
#10464=ORIENTED_EDGE('',*,*,#7787,.F.);
#10465=ORIENTED_EDGE('',*,*,#7788,.T.);
#10466=ORIENTED_EDGE('',*,*,#7787,.T.);
#10467=ORIENTED_EDGE('',*,*,#6659,.F.);
#10468=ORIENTED_EDGE('',*,*,#7789,.F.);
#10469=ORIENTED_EDGE('',*,*,#7790,.T.);
#10470=ORIENTED_EDGE('',*,*,#7789,.T.);
#10471=ORIENTED_EDGE('',*,*,#6658,.F.);
#10472=ORIENTED_EDGE('',*,*,#7791,.F.);
#10473=ORIENTED_EDGE('',*,*,#7792,.T.);
#10474=ORIENTED_EDGE('',*,*,#7791,.T.);
#10475=ORIENTED_EDGE('',*,*,#6657,.F.);
#10476=ORIENTED_EDGE('',*,*,#7793,.F.);
#10477=ORIENTED_EDGE('',*,*,#7794,.T.);
#10478=ORIENTED_EDGE('',*,*,#7793,.T.);
#10479=ORIENTED_EDGE('',*,*,#6656,.F.);
#10480=ORIENTED_EDGE('',*,*,#7795,.F.);
#10481=ORIENTED_EDGE('',*,*,#7796,.T.);
#10482=ORIENTED_EDGE('',*,*,#7795,.T.);
#10483=ORIENTED_EDGE('',*,*,#6655,.F.);
#10484=ORIENTED_EDGE('',*,*,#7782,.F.);
#10485=ORIENTED_EDGE('',*,*,#7797,.T.);
#10486=ORIENTED_EDGE('',*,*,#7798,.T.);
#10487=ORIENTED_EDGE('',*,*,#6654,.F.);
#10488=ORIENTED_EDGE('',*,*,#7799,.F.);
#10489=ORIENTED_EDGE('',*,*,#7800,.T.);
#10490=ORIENTED_EDGE('',*,*,#7799,.T.);
#10491=ORIENTED_EDGE('',*,*,#6653,.F.);
#10492=ORIENTED_EDGE('',*,*,#7801,.F.);
#10493=ORIENTED_EDGE('',*,*,#7802,.T.);
#10494=ORIENTED_EDGE('',*,*,#7801,.T.);
#10495=ORIENTED_EDGE('',*,*,#6652,.F.);
#10496=ORIENTED_EDGE('',*,*,#7803,.F.);
#10497=ORIENTED_EDGE('',*,*,#7804,.T.);
#10498=ORIENTED_EDGE('',*,*,#7803,.T.);
#10499=ORIENTED_EDGE('',*,*,#6651,.F.);
#10500=ORIENTED_EDGE('',*,*,#7805,.F.);
#10501=ORIENTED_EDGE('',*,*,#7806,.T.);
#10502=ORIENTED_EDGE('',*,*,#7805,.T.);
#10503=ORIENTED_EDGE('',*,*,#6650,.F.);
#10504=ORIENTED_EDGE('',*,*,#7807,.F.);
#10505=ORIENTED_EDGE('',*,*,#7808,.T.);
#10506=ORIENTED_EDGE('',*,*,#7807,.T.);
#10507=ORIENTED_EDGE('',*,*,#6649,.F.);
#10508=ORIENTED_EDGE('',*,*,#7809,.F.);
#10509=ORIENTED_EDGE('',*,*,#7810,.T.);
#10510=ORIENTED_EDGE('',*,*,#7809,.T.);
#10511=ORIENTED_EDGE('',*,*,#6648,.F.);
#10512=ORIENTED_EDGE('',*,*,#7811,.F.);
#10513=ORIENTED_EDGE('',*,*,#7812,.T.);
#10514=ORIENTED_EDGE('',*,*,#7811,.T.);
#10515=ORIENTED_EDGE('',*,*,#6647,.F.);
#10516=ORIENTED_EDGE('',*,*,#7798,.F.);
#10517=ORIENTED_EDGE('',*,*,#7813,.T.);
#10518=ORIENTED_EDGE('',*,*,#7814,.T.);
#10519=ORIENTED_EDGE('',*,*,#6646,.F.);
#10520=ORIENTED_EDGE('',*,*,#7815,.F.);
#10521=ORIENTED_EDGE('',*,*,#7816,.T.);
#10522=ORIENTED_EDGE('',*,*,#7815,.T.);
#10523=ORIENTED_EDGE('',*,*,#6645,.F.);
#10524=ORIENTED_EDGE('',*,*,#7817,.F.);
#10525=ORIENTED_EDGE('',*,*,#7818,.T.);
#10526=ORIENTED_EDGE('',*,*,#7817,.T.);
#10527=ORIENTED_EDGE('',*,*,#6644,.F.);
#10528=ORIENTED_EDGE('',*,*,#7819,.F.);
#10529=ORIENTED_EDGE('',*,*,#7820,.T.);
#10530=ORIENTED_EDGE('',*,*,#7819,.T.);
#10531=ORIENTED_EDGE('',*,*,#6643,.F.);
#10532=ORIENTED_EDGE('',*,*,#7821,.F.);
#10533=ORIENTED_EDGE('',*,*,#7822,.T.);
#10534=ORIENTED_EDGE('',*,*,#7821,.T.);
#10535=ORIENTED_EDGE('',*,*,#6642,.F.);
#10536=ORIENTED_EDGE('',*,*,#7823,.F.);
#10537=ORIENTED_EDGE('',*,*,#7824,.T.);
#10538=ORIENTED_EDGE('',*,*,#7823,.T.);
#10539=ORIENTED_EDGE('',*,*,#6641,.F.);
#10540=ORIENTED_EDGE('',*,*,#7825,.F.);
#10541=ORIENTED_EDGE('',*,*,#7826,.T.);
#10542=ORIENTED_EDGE('',*,*,#7825,.T.);
#10543=ORIENTED_EDGE('',*,*,#6640,.F.);
#10544=ORIENTED_EDGE('',*,*,#7827,.F.);
#10545=ORIENTED_EDGE('',*,*,#7828,.T.);
#10546=ORIENTED_EDGE('',*,*,#7827,.T.);
#10547=ORIENTED_EDGE('',*,*,#6639,.F.);
#10548=ORIENTED_EDGE('',*,*,#7814,.F.);
#10549=ORIENTED_EDGE('',*,*,#7829,.T.);
#10550=ORIENTED_EDGE('',*,*,#7830,.T.);
#10551=ORIENTED_EDGE('',*,*,#6638,.F.);
#10552=ORIENTED_EDGE('',*,*,#7831,.F.);
#10553=ORIENTED_EDGE('',*,*,#7832,.T.);
#10554=ORIENTED_EDGE('',*,*,#7831,.T.);
#10555=ORIENTED_EDGE('',*,*,#6637,.F.);
#10556=ORIENTED_EDGE('',*,*,#7833,.F.);
#10557=ORIENTED_EDGE('',*,*,#7834,.T.);
#10558=ORIENTED_EDGE('',*,*,#7833,.T.);
#10559=ORIENTED_EDGE('',*,*,#6636,.F.);
#10560=ORIENTED_EDGE('',*,*,#7835,.F.);
#10561=ORIENTED_EDGE('',*,*,#7836,.T.);
#10562=ORIENTED_EDGE('',*,*,#7835,.T.);
#10563=ORIENTED_EDGE('',*,*,#6635,.F.);
#10564=ORIENTED_EDGE('',*,*,#7837,.F.);
#10565=ORIENTED_EDGE('',*,*,#7838,.T.);
#10566=ORIENTED_EDGE('',*,*,#7837,.T.);
#10567=ORIENTED_EDGE('',*,*,#6634,.F.);
#10568=ORIENTED_EDGE('',*,*,#7839,.F.);
#10569=ORIENTED_EDGE('',*,*,#7840,.T.);
#10570=ORIENTED_EDGE('',*,*,#7839,.T.);
#10571=ORIENTED_EDGE('',*,*,#6633,.F.);
#10572=ORIENTED_EDGE('',*,*,#7841,.F.);
#10573=ORIENTED_EDGE('',*,*,#7842,.T.);
#10574=ORIENTED_EDGE('',*,*,#7841,.T.);
#10575=ORIENTED_EDGE('',*,*,#6632,.F.);
#10576=ORIENTED_EDGE('',*,*,#7843,.F.);
#10577=ORIENTED_EDGE('',*,*,#7844,.T.);
#10578=ORIENTED_EDGE('',*,*,#7843,.T.);
#10579=ORIENTED_EDGE('',*,*,#6631,.F.);
#10580=ORIENTED_EDGE('',*,*,#7830,.F.);
#10581=ORIENTED_EDGE('',*,*,#7845,.T.);
#10582=ORIENTED_EDGE('',*,*,#7846,.T.);
#10583=ORIENTED_EDGE('',*,*,#6630,.F.);
#10584=ORIENTED_EDGE('',*,*,#7847,.F.);
#10585=ORIENTED_EDGE('',*,*,#7848,.T.);
#10586=ORIENTED_EDGE('',*,*,#7847,.T.);
#10587=ORIENTED_EDGE('',*,*,#6629,.F.);
#10588=ORIENTED_EDGE('',*,*,#7849,.F.);
#10589=ORIENTED_EDGE('',*,*,#7850,.T.);
#10590=ORIENTED_EDGE('',*,*,#7849,.T.);
#10591=ORIENTED_EDGE('',*,*,#6628,.F.);
#10592=ORIENTED_EDGE('',*,*,#7851,.F.);
#10593=ORIENTED_EDGE('',*,*,#7852,.T.);
#10594=ORIENTED_EDGE('',*,*,#7851,.T.);
#10595=ORIENTED_EDGE('',*,*,#6627,.F.);
#10596=ORIENTED_EDGE('',*,*,#7853,.F.);
#10597=ORIENTED_EDGE('',*,*,#7854,.T.);
#10598=ORIENTED_EDGE('',*,*,#7853,.T.);
#10599=ORIENTED_EDGE('',*,*,#6626,.F.);
#10600=ORIENTED_EDGE('',*,*,#7855,.F.);
#10601=ORIENTED_EDGE('',*,*,#7856,.T.);
#10602=ORIENTED_EDGE('',*,*,#7855,.T.);
#10603=ORIENTED_EDGE('',*,*,#6625,.F.);
#10604=ORIENTED_EDGE('',*,*,#7857,.F.);
#10605=ORIENTED_EDGE('',*,*,#7858,.T.);
#10606=ORIENTED_EDGE('',*,*,#7857,.T.);
#10607=ORIENTED_EDGE('',*,*,#6624,.F.);
#10608=ORIENTED_EDGE('',*,*,#7859,.F.);
#10609=ORIENTED_EDGE('',*,*,#7860,.T.);
#10610=ORIENTED_EDGE('',*,*,#7859,.T.);
#10611=ORIENTED_EDGE('',*,*,#6623,.F.);
#10612=ORIENTED_EDGE('',*,*,#7846,.F.);
#10613=ORIENTED_EDGE('',*,*,#7861,.T.);
#10614=ORIENTED_EDGE('',*,*,#7862,.T.);
#10615=ORIENTED_EDGE('',*,*,#6622,.F.);
#10616=ORIENTED_EDGE('',*,*,#7863,.F.);
#10617=ORIENTED_EDGE('',*,*,#7864,.T.);
#10618=ORIENTED_EDGE('',*,*,#7863,.T.);
#10619=ORIENTED_EDGE('',*,*,#6621,.F.);
#10620=ORIENTED_EDGE('',*,*,#7865,.F.);
#10621=ORIENTED_EDGE('',*,*,#7866,.T.);
#10622=ORIENTED_EDGE('',*,*,#7865,.T.);
#10623=ORIENTED_EDGE('',*,*,#6620,.F.);
#10624=ORIENTED_EDGE('',*,*,#7867,.F.);
#10625=ORIENTED_EDGE('',*,*,#7868,.T.);
#10626=ORIENTED_EDGE('',*,*,#7867,.T.);
#10627=ORIENTED_EDGE('',*,*,#6619,.F.);
#10628=ORIENTED_EDGE('',*,*,#7869,.F.);
#10629=ORIENTED_EDGE('',*,*,#7870,.T.);
#10630=ORIENTED_EDGE('',*,*,#7869,.T.);
#10631=ORIENTED_EDGE('',*,*,#6618,.F.);
#10632=ORIENTED_EDGE('',*,*,#7871,.F.);
#10633=ORIENTED_EDGE('',*,*,#7872,.T.);
#10634=ORIENTED_EDGE('',*,*,#7871,.T.);
#10635=ORIENTED_EDGE('',*,*,#6617,.F.);
#10636=ORIENTED_EDGE('',*,*,#7873,.F.);
#10637=ORIENTED_EDGE('',*,*,#7874,.T.);
#10638=ORIENTED_EDGE('',*,*,#7873,.T.);
#10639=ORIENTED_EDGE('',*,*,#6616,.F.);
#10640=ORIENTED_EDGE('',*,*,#7875,.F.);
#10641=ORIENTED_EDGE('',*,*,#7876,.T.);
#10642=ORIENTED_EDGE('',*,*,#7875,.T.);
#10643=ORIENTED_EDGE('',*,*,#6615,.F.);
#10644=ORIENTED_EDGE('',*,*,#7862,.F.);
#10645=ORIENTED_EDGE('',*,*,#7877,.T.);
#10646=ORIENTED_EDGE('',*,*,#7878,.T.);
#10647=ORIENTED_EDGE('',*,*,#6614,.F.);
#10648=ORIENTED_EDGE('',*,*,#7879,.F.);
#10649=ORIENTED_EDGE('',*,*,#7880,.T.);
#10650=ORIENTED_EDGE('',*,*,#7879,.T.);
#10651=ORIENTED_EDGE('',*,*,#6613,.F.);
#10652=ORIENTED_EDGE('',*,*,#7881,.F.);
#10653=ORIENTED_EDGE('',*,*,#7882,.T.);
#10654=ORIENTED_EDGE('',*,*,#7881,.T.);
#10655=ORIENTED_EDGE('',*,*,#6612,.F.);
#10656=ORIENTED_EDGE('',*,*,#7883,.F.);
#10657=ORIENTED_EDGE('',*,*,#7884,.T.);
#10658=ORIENTED_EDGE('',*,*,#7883,.T.);
#10659=ORIENTED_EDGE('',*,*,#6611,.F.);
#10660=ORIENTED_EDGE('',*,*,#7885,.F.);
#10661=ORIENTED_EDGE('',*,*,#7886,.T.);
#10662=ORIENTED_EDGE('',*,*,#7885,.T.);
#10663=ORIENTED_EDGE('',*,*,#6610,.F.);
#10664=ORIENTED_EDGE('',*,*,#7887,.F.);
#10665=ORIENTED_EDGE('',*,*,#7888,.T.);
#10666=ORIENTED_EDGE('',*,*,#7887,.T.);
#10667=ORIENTED_EDGE('',*,*,#6609,.F.);
#10668=ORIENTED_EDGE('',*,*,#7889,.F.);
#10669=ORIENTED_EDGE('',*,*,#7890,.T.);
#10670=ORIENTED_EDGE('',*,*,#7889,.T.);
#10671=ORIENTED_EDGE('',*,*,#6608,.F.);
#10672=ORIENTED_EDGE('',*,*,#7891,.F.);
#10673=ORIENTED_EDGE('',*,*,#7892,.T.);
#10674=ORIENTED_EDGE('',*,*,#7891,.T.);
#10675=ORIENTED_EDGE('',*,*,#6607,.F.);
#10676=ORIENTED_EDGE('',*,*,#7878,.F.);
#10677=ORIENTED_EDGE('',*,*,#7893,.T.);
#10678=ORIENTED_EDGE('',*,*,#7894,.T.);
#10679=ORIENTED_EDGE('',*,*,#6606,.F.);
#10680=ORIENTED_EDGE('',*,*,#7895,.F.);
#10681=ORIENTED_EDGE('',*,*,#7896,.T.);
#10682=ORIENTED_EDGE('',*,*,#7895,.T.);
#10683=ORIENTED_EDGE('',*,*,#6605,.F.);
#10684=ORIENTED_EDGE('',*,*,#7897,.F.);
#10685=ORIENTED_EDGE('',*,*,#7898,.T.);
#10686=ORIENTED_EDGE('',*,*,#7897,.T.);
#10687=ORIENTED_EDGE('',*,*,#6604,.F.);
#10688=ORIENTED_EDGE('',*,*,#7899,.F.);
#10689=ORIENTED_EDGE('',*,*,#7900,.T.);
#10690=ORIENTED_EDGE('',*,*,#7899,.T.);
#10691=ORIENTED_EDGE('',*,*,#6603,.F.);
#10692=ORIENTED_EDGE('',*,*,#7901,.F.);
#10693=ORIENTED_EDGE('',*,*,#7902,.T.);
#10694=ORIENTED_EDGE('',*,*,#7901,.T.);
#10695=ORIENTED_EDGE('',*,*,#6602,.F.);
#10696=ORIENTED_EDGE('',*,*,#7903,.F.);
#10697=ORIENTED_EDGE('',*,*,#7904,.T.);
#10698=ORIENTED_EDGE('',*,*,#7903,.T.);
#10699=ORIENTED_EDGE('',*,*,#6601,.F.);
#10700=ORIENTED_EDGE('',*,*,#7905,.F.);
#10701=ORIENTED_EDGE('',*,*,#7906,.T.);
#10702=ORIENTED_EDGE('',*,*,#7905,.T.);
#10703=ORIENTED_EDGE('',*,*,#6600,.F.);
#10704=ORIENTED_EDGE('',*,*,#7907,.F.);
#10705=ORIENTED_EDGE('',*,*,#7908,.T.);
#10706=ORIENTED_EDGE('',*,*,#7907,.T.);
#10707=ORIENTED_EDGE('',*,*,#6599,.F.);
#10708=ORIENTED_EDGE('',*,*,#7894,.F.);
#10709=ORIENTED_EDGE('',*,*,#7909,.T.);
#10710=ORIENTED_EDGE('',*,*,#7910,.T.);
#10711=ORIENTED_EDGE('',*,*,#6598,.F.);
#10712=ORIENTED_EDGE('',*,*,#7911,.F.);
#10713=ORIENTED_EDGE('',*,*,#7912,.T.);
#10714=ORIENTED_EDGE('',*,*,#7911,.T.);
#10715=ORIENTED_EDGE('',*,*,#6597,.F.);
#10716=ORIENTED_EDGE('',*,*,#7913,.F.);
#10717=ORIENTED_EDGE('',*,*,#7914,.T.);
#10718=ORIENTED_EDGE('',*,*,#7913,.T.);
#10719=ORIENTED_EDGE('',*,*,#6596,.F.);
#10720=ORIENTED_EDGE('',*,*,#7915,.F.);
#10721=ORIENTED_EDGE('',*,*,#7916,.T.);
#10722=ORIENTED_EDGE('',*,*,#7915,.T.);
#10723=ORIENTED_EDGE('',*,*,#6595,.F.);
#10724=ORIENTED_EDGE('',*,*,#7917,.F.);
#10725=ORIENTED_EDGE('',*,*,#7918,.T.);
#10726=ORIENTED_EDGE('',*,*,#7917,.T.);
#10727=ORIENTED_EDGE('',*,*,#6594,.F.);
#10728=ORIENTED_EDGE('',*,*,#7919,.F.);
#10729=ORIENTED_EDGE('',*,*,#7920,.T.);
#10730=ORIENTED_EDGE('',*,*,#7919,.T.);
#10731=ORIENTED_EDGE('',*,*,#6593,.F.);
#10732=ORIENTED_EDGE('',*,*,#7921,.F.);
#10733=ORIENTED_EDGE('',*,*,#7922,.T.);
#10734=ORIENTED_EDGE('',*,*,#7921,.T.);
#10735=ORIENTED_EDGE('',*,*,#6592,.F.);
#10736=ORIENTED_EDGE('',*,*,#7923,.F.);
#10737=ORIENTED_EDGE('',*,*,#7924,.T.);
#10738=ORIENTED_EDGE('',*,*,#7923,.T.);
#10739=ORIENTED_EDGE('',*,*,#6591,.F.);
#10740=ORIENTED_EDGE('',*,*,#7910,.F.);
#10741=ORIENTED_EDGE('',*,*,#7925,.T.);
#10742=ORIENTED_EDGE('',*,*,#7926,.T.);
#10743=ORIENTED_EDGE('',*,*,#6590,.F.);
#10744=ORIENTED_EDGE('',*,*,#7927,.F.);
#10745=ORIENTED_EDGE('',*,*,#7928,.T.);
#10746=ORIENTED_EDGE('',*,*,#7927,.T.);
#10747=ORIENTED_EDGE('',*,*,#6589,.F.);
#10748=ORIENTED_EDGE('',*,*,#7929,.F.);
#10749=ORIENTED_EDGE('',*,*,#7930,.T.);
#10750=ORIENTED_EDGE('',*,*,#7929,.T.);
#10751=ORIENTED_EDGE('',*,*,#6588,.F.);
#10752=ORIENTED_EDGE('',*,*,#7931,.F.);
#10753=ORIENTED_EDGE('',*,*,#7932,.T.);
#10754=ORIENTED_EDGE('',*,*,#7931,.T.);
#10755=ORIENTED_EDGE('',*,*,#6587,.F.);
#10756=ORIENTED_EDGE('',*,*,#7933,.F.);
#10757=ORIENTED_EDGE('',*,*,#7934,.T.);
#10758=ORIENTED_EDGE('',*,*,#7933,.T.);
#10759=ORIENTED_EDGE('',*,*,#6586,.F.);
#10760=ORIENTED_EDGE('',*,*,#7935,.F.);
#10761=ORIENTED_EDGE('',*,*,#7936,.T.);
#10762=ORIENTED_EDGE('',*,*,#7935,.T.);
#10763=ORIENTED_EDGE('',*,*,#6585,.F.);
#10764=ORIENTED_EDGE('',*,*,#7937,.F.);
#10765=ORIENTED_EDGE('',*,*,#7938,.T.);
#10766=ORIENTED_EDGE('',*,*,#7937,.T.);
#10767=ORIENTED_EDGE('',*,*,#6584,.F.);
#10768=ORIENTED_EDGE('',*,*,#7939,.F.);
#10769=ORIENTED_EDGE('',*,*,#7940,.T.);
#10770=ORIENTED_EDGE('',*,*,#7939,.T.);
#10771=ORIENTED_EDGE('',*,*,#6583,.F.);
#10772=ORIENTED_EDGE('',*,*,#7926,.F.);
#10773=ORIENTED_EDGE('',*,*,#7941,.T.);
#10774=ORIENTED_EDGE('',*,*,#7942,.T.);
#10775=ORIENTED_EDGE('',*,*,#6582,.F.);
#10776=ORIENTED_EDGE('',*,*,#7943,.F.);
#10777=ORIENTED_EDGE('',*,*,#7944,.T.);
#10778=ORIENTED_EDGE('',*,*,#7943,.T.);
#10779=ORIENTED_EDGE('',*,*,#6581,.F.);
#10780=ORIENTED_EDGE('',*,*,#7945,.F.);
#10781=ORIENTED_EDGE('',*,*,#7946,.T.);
#10782=ORIENTED_EDGE('',*,*,#7945,.T.);
#10783=ORIENTED_EDGE('',*,*,#6580,.F.);
#10784=ORIENTED_EDGE('',*,*,#7947,.F.);
#10785=ORIENTED_EDGE('',*,*,#7948,.T.);
#10786=ORIENTED_EDGE('',*,*,#7947,.T.);
#10787=ORIENTED_EDGE('',*,*,#6579,.F.);
#10788=ORIENTED_EDGE('',*,*,#7949,.F.);
#10789=ORIENTED_EDGE('',*,*,#7950,.T.);
#10790=ORIENTED_EDGE('',*,*,#7949,.T.);
#10791=ORIENTED_EDGE('',*,*,#6578,.F.);
#10792=ORIENTED_EDGE('',*,*,#7951,.F.);
#10793=ORIENTED_EDGE('',*,*,#7952,.T.);
#10794=ORIENTED_EDGE('',*,*,#7951,.T.);
#10795=ORIENTED_EDGE('',*,*,#6577,.F.);
#10796=ORIENTED_EDGE('',*,*,#7953,.F.);
#10797=ORIENTED_EDGE('',*,*,#7954,.T.);
#10798=ORIENTED_EDGE('',*,*,#7953,.T.);
#10799=ORIENTED_EDGE('',*,*,#6576,.F.);
#10800=ORIENTED_EDGE('',*,*,#7955,.F.);
#10801=ORIENTED_EDGE('',*,*,#7956,.T.);
#10802=ORIENTED_EDGE('',*,*,#7955,.T.);
#10803=ORIENTED_EDGE('',*,*,#6575,.F.);
#10804=ORIENTED_EDGE('',*,*,#7942,.F.);
#10805=ORIENTED_EDGE('',*,*,#7957,.T.);
#10806=ORIENTED_EDGE('',*,*,#7958,.T.);
#10807=ORIENTED_EDGE('',*,*,#6574,.F.);
#10808=ORIENTED_EDGE('',*,*,#7959,.F.);
#10809=ORIENTED_EDGE('',*,*,#7960,.T.);
#10810=ORIENTED_EDGE('',*,*,#7959,.T.);
#10811=ORIENTED_EDGE('',*,*,#6573,.F.);
#10812=ORIENTED_EDGE('',*,*,#7961,.F.);
#10813=ORIENTED_EDGE('',*,*,#7962,.T.);
#10814=ORIENTED_EDGE('',*,*,#7961,.T.);
#10815=ORIENTED_EDGE('',*,*,#6572,.F.);
#10816=ORIENTED_EDGE('',*,*,#7963,.F.);
#10817=ORIENTED_EDGE('',*,*,#7964,.T.);
#10818=ORIENTED_EDGE('',*,*,#7963,.T.);
#10819=ORIENTED_EDGE('',*,*,#6571,.F.);
#10820=ORIENTED_EDGE('',*,*,#7965,.F.);
#10821=ORIENTED_EDGE('',*,*,#7966,.T.);
#10822=ORIENTED_EDGE('',*,*,#7965,.T.);
#10823=ORIENTED_EDGE('',*,*,#6570,.F.);
#10824=ORIENTED_EDGE('',*,*,#7967,.F.);
#10825=ORIENTED_EDGE('',*,*,#7968,.T.);
#10826=ORIENTED_EDGE('',*,*,#7967,.T.);
#10827=ORIENTED_EDGE('',*,*,#6569,.F.);
#10828=ORIENTED_EDGE('',*,*,#7969,.F.);
#10829=ORIENTED_EDGE('',*,*,#7970,.T.);
#10830=ORIENTED_EDGE('',*,*,#7969,.T.);
#10831=ORIENTED_EDGE('',*,*,#6568,.F.);
#10832=ORIENTED_EDGE('',*,*,#7971,.F.);
#10833=ORIENTED_EDGE('',*,*,#7972,.T.);
#10834=ORIENTED_EDGE('',*,*,#7971,.T.);
#10835=ORIENTED_EDGE('',*,*,#6567,.F.);
#10836=ORIENTED_EDGE('',*,*,#7958,.F.);
#10837=ORIENTED_EDGE('',*,*,#7973,.T.);
#10838=ORIENTED_EDGE('',*,*,#7974,.T.);
#10839=ORIENTED_EDGE('',*,*,#6566,.F.);
#10840=ORIENTED_EDGE('',*,*,#7975,.F.);
#10841=ORIENTED_EDGE('',*,*,#7976,.T.);
#10842=ORIENTED_EDGE('',*,*,#7975,.T.);
#10843=ORIENTED_EDGE('',*,*,#6565,.F.);
#10844=ORIENTED_EDGE('',*,*,#7977,.F.);
#10845=ORIENTED_EDGE('',*,*,#7978,.T.);
#10846=ORIENTED_EDGE('',*,*,#7977,.T.);
#10847=ORIENTED_EDGE('',*,*,#6564,.F.);
#10848=ORIENTED_EDGE('',*,*,#7979,.F.);
#10849=ORIENTED_EDGE('',*,*,#7980,.T.);
#10850=ORIENTED_EDGE('',*,*,#7979,.T.);
#10851=ORIENTED_EDGE('',*,*,#6563,.F.);
#10852=ORIENTED_EDGE('',*,*,#7981,.F.);
#10853=ORIENTED_EDGE('',*,*,#7982,.T.);
#10854=ORIENTED_EDGE('',*,*,#7981,.T.);
#10855=ORIENTED_EDGE('',*,*,#6562,.F.);
#10856=ORIENTED_EDGE('',*,*,#7983,.F.);
#10857=ORIENTED_EDGE('',*,*,#7984,.T.);
#10858=ORIENTED_EDGE('',*,*,#7983,.T.);
#10859=ORIENTED_EDGE('',*,*,#6561,.F.);
#10860=ORIENTED_EDGE('',*,*,#7985,.F.);
#10861=ORIENTED_EDGE('',*,*,#7986,.T.);
#10862=ORIENTED_EDGE('',*,*,#7985,.T.);
#10863=ORIENTED_EDGE('',*,*,#6560,.F.);
#10864=ORIENTED_EDGE('',*,*,#7987,.F.);
#10865=ORIENTED_EDGE('',*,*,#7988,.T.);
#10866=ORIENTED_EDGE('',*,*,#7987,.T.);
#10867=ORIENTED_EDGE('',*,*,#6559,.F.);
#10868=ORIENTED_EDGE('',*,*,#7974,.F.);
#10869=ORIENTED_EDGE('',*,*,#7989,.T.);
#10870=ORIENTED_EDGE('',*,*,#7990,.T.);
#10871=ORIENTED_EDGE('',*,*,#6558,.F.);
#10872=ORIENTED_EDGE('',*,*,#7991,.F.);
#10873=ORIENTED_EDGE('',*,*,#7992,.T.);
#10874=ORIENTED_EDGE('',*,*,#7991,.T.);
#10875=ORIENTED_EDGE('',*,*,#6557,.F.);
#10876=ORIENTED_EDGE('',*,*,#7993,.F.);
#10877=ORIENTED_EDGE('',*,*,#7994,.T.);
#10878=ORIENTED_EDGE('',*,*,#7993,.T.);
#10879=ORIENTED_EDGE('',*,*,#6556,.F.);
#10880=ORIENTED_EDGE('',*,*,#7995,.F.);
#10881=ORIENTED_EDGE('',*,*,#7996,.T.);
#10882=ORIENTED_EDGE('',*,*,#7995,.T.);
#10883=ORIENTED_EDGE('',*,*,#6555,.F.);
#10884=ORIENTED_EDGE('',*,*,#7997,.F.);
#10885=ORIENTED_EDGE('',*,*,#7998,.T.);
#10886=ORIENTED_EDGE('',*,*,#7997,.T.);
#10887=ORIENTED_EDGE('',*,*,#6554,.F.);
#10888=ORIENTED_EDGE('',*,*,#7999,.F.);
#10889=ORIENTED_EDGE('',*,*,#8000,.T.);
#10890=ORIENTED_EDGE('',*,*,#7999,.T.);
#10891=ORIENTED_EDGE('',*,*,#6553,.F.);
#10892=ORIENTED_EDGE('',*,*,#8001,.F.);
#10893=ORIENTED_EDGE('',*,*,#8002,.T.);
#10894=ORIENTED_EDGE('',*,*,#8001,.T.);
#10895=ORIENTED_EDGE('',*,*,#6552,.F.);
#10896=ORIENTED_EDGE('',*,*,#8003,.F.);
#10897=ORIENTED_EDGE('',*,*,#8004,.T.);
#10898=ORIENTED_EDGE('',*,*,#8003,.T.);
#10899=ORIENTED_EDGE('',*,*,#6551,.F.);
#10900=ORIENTED_EDGE('',*,*,#7990,.F.);
#10901=ORIENTED_EDGE('',*,*,#8005,.T.);
#10902=ORIENTED_EDGE('',*,*,#8006,.T.);
#10903=ORIENTED_EDGE('',*,*,#6550,.F.);
#10904=ORIENTED_EDGE('',*,*,#8007,.F.);
#10905=ORIENTED_EDGE('',*,*,#8008,.T.);
#10906=ORIENTED_EDGE('',*,*,#8007,.T.);
#10907=ORIENTED_EDGE('',*,*,#6549,.F.);
#10908=ORIENTED_EDGE('',*,*,#8009,.F.);
#10909=ORIENTED_EDGE('',*,*,#8010,.T.);
#10910=ORIENTED_EDGE('',*,*,#8009,.T.);
#10911=ORIENTED_EDGE('',*,*,#6548,.F.);
#10912=ORIENTED_EDGE('',*,*,#8011,.F.);
#10913=ORIENTED_EDGE('',*,*,#8012,.T.);
#10914=ORIENTED_EDGE('',*,*,#8011,.T.);
#10915=ORIENTED_EDGE('',*,*,#6547,.F.);
#10916=ORIENTED_EDGE('',*,*,#8013,.F.);
#10917=ORIENTED_EDGE('',*,*,#8014,.T.);
#10918=ORIENTED_EDGE('',*,*,#8013,.T.);
#10919=ORIENTED_EDGE('',*,*,#6546,.F.);
#10920=ORIENTED_EDGE('',*,*,#8015,.F.);
#10921=ORIENTED_EDGE('',*,*,#8016,.T.);
#10922=ORIENTED_EDGE('',*,*,#8015,.T.);
#10923=ORIENTED_EDGE('',*,*,#6545,.F.);
#10924=ORIENTED_EDGE('',*,*,#8017,.F.);
#10925=ORIENTED_EDGE('',*,*,#8018,.T.);
#10926=ORIENTED_EDGE('',*,*,#8017,.T.);
#10927=ORIENTED_EDGE('',*,*,#6544,.F.);
#10928=ORIENTED_EDGE('',*,*,#8019,.F.);
#10929=ORIENTED_EDGE('',*,*,#8020,.T.);
#10930=ORIENTED_EDGE('',*,*,#8019,.T.);
#10931=ORIENTED_EDGE('',*,*,#6543,.F.);
#10932=ORIENTED_EDGE('',*,*,#8006,.F.);
#10933=ORIENTED_EDGE('',*,*,#8021,.T.);
#10934=ORIENTED_EDGE('',*,*,#8022,.T.);
#10935=ORIENTED_EDGE('',*,*,#6542,.F.);
#10936=ORIENTED_EDGE('',*,*,#8023,.F.);
#10937=ORIENTED_EDGE('',*,*,#8024,.T.);
#10938=ORIENTED_EDGE('',*,*,#8023,.T.);
#10939=ORIENTED_EDGE('',*,*,#6541,.F.);
#10940=ORIENTED_EDGE('',*,*,#8025,.F.);
#10941=ORIENTED_EDGE('',*,*,#8026,.T.);
#10942=ORIENTED_EDGE('',*,*,#8025,.T.);
#10943=ORIENTED_EDGE('',*,*,#6540,.F.);
#10944=ORIENTED_EDGE('',*,*,#8027,.F.);
#10945=ORIENTED_EDGE('',*,*,#8028,.T.);
#10946=ORIENTED_EDGE('',*,*,#8027,.T.);
#10947=ORIENTED_EDGE('',*,*,#6539,.F.);
#10948=ORIENTED_EDGE('',*,*,#8029,.F.);
#10949=ORIENTED_EDGE('',*,*,#8030,.T.);
#10950=ORIENTED_EDGE('',*,*,#8029,.T.);
#10951=ORIENTED_EDGE('',*,*,#6538,.F.);
#10952=ORIENTED_EDGE('',*,*,#8031,.F.);
#10953=ORIENTED_EDGE('',*,*,#8032,.T.);
#10954=ORIENTED_EDGE('',*,*,#8031,.T.);
#10955=ORIENTED_EDGE('',*,*,#6537,.F.);
#10956=ORIENTED_EDGE('',*,*,#8033,.F.);
#10957=ORIENTED_EDGE('',*,*,#8034,.T.);
#10958=ORIENTED_EDGE('',*,*,#8033,.T.);
#10959=ORIENTED_EDGE('',*,*,#6536,.F.);
#10960=ORIENTED_EDGE('',*,*,#8035,.F.);
#10961=ORIENTED_EDGE('',*,*,#8036,.T.);
#10962=ORIENTED_EDGE('',*,*,#8035,.T.);
#10963=ORIENTED_EDGE('',*,*,#6535,.F.);
#10964=ORIENTED_EDGE('',*,*,#8022,.F.);
#10965=ORIENTED_EDGE('',*,*,#8037,.T.);
#10966=ORIENTED_EDGE('',*,*,#8038,.T.);
#10967=ORIENTED_EDGE('',*,*,#6534,.F.);
#10968=ORIENTED_EDGE('',*,*,#8039,.F.);
#10969=ORIENTED_EDGE('',*,*,#8040,.T.);
#10970=ORIENTED_EDGE('',*,*,#8039,.T.);
#10971=ORIENTED_EDGE('',*,*,#6533,.F.);
#10972=ORIENTED_EDGE('',*,*,#8041,.F.);
#10973=ORIENTED_EDGE('',*,*,#8042,.T.);
#10974=ORIENTED_EDGE('',*,*,#8041,.T.);
#10975=ORIENTED_EDGE('',*,*,#6532,.F.);
#10976=ORIENTED_EDGE('',*,*,#8043,.F.);
#10977=ORIENTED_EDGE('',*,*,#8044,.T.);
#10978=ORIENTED_EDGE('',*,*,#8043,.T.);
#10979=ORIENTED_EDGE('',*,*,#6531,.F.);
#10980=ORIENTED_EDGE('',*,*,#8045,.F.);
#10981=ORIENTED_EDGE('',*,*,#8046,.T.);
#10982=ORIENTED_EDGE('',*,*,#8045,.T.);
#10983=ORIENTED_EDGE('',*,*,#6530,.F.);
#10984=ORIENTED_EDGE('',*,*,#8047,.F.);
#10985=ORIENTED_EDGE('',*,*,#8048,.T.);
#10986=ORIENTED_EDGE('',*,*,#8047,.T.);
#10987=ORIENTED_EDGE('',*,*,#6529,.F.);
#10988=ORIENTED_EDGE('',*,*,#8049,.F.);
#10989=ORIENTED_EDGE('',*,*,#8050,.T.);
#10990=ORIENTED_EDGE('',*,*,#8049,.T.);
#10991=ORIENTED_EDGE('',*,*,#6528,.F.);
#10992=ORIENTED_EDGE('',*,*,#8051,.F.);
#10993=ORIENTED_EDGE('',*,*,#8052,.T.);
#10994=ORIENTED_EDGE('',*,*,#8051,.T.);
#10995=ORIENTED_EDGE('',*,*,#6527,.F.);
#10996=ORIENTED_EDGE('',*,*,#8038,.F.);
#10997=ORIENTED_EDGE('',*,*,#8053,.T.);
#10998=ORIENTED_EDGE('',*,*,#8054,.T.);
#10999=ORIENTED_EDGE('',*,*,#6526,.F.);
#11000=ORIENTED_EDGE('',*,*,#8055,.F.);
#11001=ORIENTED_EDGE('',*,*,#8056,.T.);
#11002=ORIENTED_EDGE('',*,*,#8055,.T.);
#11003=ORIENTED_EDGE('',*,*,#6525,.F.);
#11004=ORIENTED_EDGE('',*,*,#8057,.F.);
#11005=ORIENTED_EDGE('',*,*,#8058,.T.);
#11006=ORIENTED_EDGE('',*,*,#8057,.T.);
#11007=ORIENTED_EDGE('',*,*,#6524,.F.);
#11008=ORIENTED_EDGE('',*,*,#8059,.F.);
#11009=ORIENTED_EDGE('',*,*,#8060,.T.);
#11010=ORIENTED_EDGE('',*,*,#8059,.T.);
#11011=ORIENTED_EDGE('',*,*,#6523,.F.);
#11012=ORIENTED_EDGE('',*,*,#8061,.F.);
#11013=ORIENTED_EDGE('',*,*,#8062,.T.);
#11014=ORIENTED_EDGE('',*,*,#8061,.T.);
#11015=ORIENTED_EDGE('',*,*,#6522,.F.);
#11016=ORIENTED_EDGE('',*,*,#8063,.F.);
#11017=ORIENTED_EDGE('',*,*,#8064,.T.);
#11018=ORIENTED_EDGE('',*,*,#8063,.T.);
#11019=ORIENTED_EDGE('',*,*,#6521,.F.);
#11020=ORIENTED_EDGE('',*,*,#8065,.F.);
#11021=ORIENTED_EDGE('',*,*,#8066,.T.);
#11022=ORIENTED_EDGE('',*,*,#8065,.T.);
#11023=ORIENTED_EDGE('',*,*,#6520,.F.);
#11024=ORIENTED_EDGE('',*,*,#8067,.F.);
#11025=ORIENTED_EDGE('',*,*,#8068,.T.);
#11026=ORIENTED_EDGE('',*,*,#8067,.T.);
#11027=ORIENTED_EDGE('',*,*,#6519,.F.);
#11028=ORIENTED_EDGE('',*,*,#8054,.F.);
#11029=ORIENTED_EDGE('',*,*,#8069,.T.);
#11030=ORIENTED_EDGE('',*,*,#8070,.T.);
#11031=ORIENTED_EDGE('',*,*,#6518,.F.);
#11032=ORIENTED_EDGE('',*,*,#8071,.F.);
#11033=ORIENTED_EDGE('',*,*,#8072,.T.);
#11034=ORIENTED_EDGE('',*,*,#8071,.T.);
#11035=ORIENTED_EDGE('',*,*,#6517,.F.);
#11036=ORIENTED_EDGE('',*,*,#8073,.F.);
#11037=ORIENTED_EDGE('',*,*,#8074,.T.);
#11038=ORIENTED_EDGE('',*,*,#8073,.T.);
#11039=ORIENTED_EDGE('',*,*,#6516,.F.);
#11040=ORIENTED_EDGE('',*,*,#8075,.F.);
#11041=ORIENTED_EDGE('',*,*,#8076,.T.);
#11042=ORIENTED_EDGE('',*,*,#8075,.T.);
#11043=ORIENTED_EDGE('',*,*,#6515,.F.);
#11044=ORIENTED_EDGE('',*,*,#8077,.F.);
#11045=ORIENTED_EDGE('',*,*,#8078,.T.);
#11046=ORIENTED_EDGE('',*,*,#8077,.T.);
#11047=ORIENTED_EDGE('',*,*,#6514,.F.);
#11048=ORIENTED_EDGE('',*,*,#8079,.F.);
#11049=ORIENTED_EDGE('',*,*,#8080,.T.);
#11050=ORIENTED_EDGE('',*,*,#8079,.T.);
#11051=ORIENTED_EDGE('',*,*,#6513,.F.);
#11052=ORIENTED_EDGE('',*,*,#8081,.F.);
#11053=ORIENTED_EDGE('',*,*,#8082,.T.);
#11054=ORIENTED_EDGE('',*,*,#8081,.T.);
#11055=ORIENTED_EDGE('',*,*,#6512,.F.);
#11056=ORIENTED_EDGE('',*,*,#8083,.F.);
#11057=ORIENTED_EDGE('',*,*,#8084,.T.);
#11058=ORIENTED_EDGE('',*,*,#8083,.T.);
#11059=ORIENTED_EDGE('',*,*,#6511,.F.);
#11060=ORIENTED_EDGE('',*,*,#8070,.F.);
#11061=ORIENTED_EDGE('',*,*,#8085,.T.);
#11062=ORIENTED_EDGE('',*,*,#8086,.T.);
#11063=ORIENTED_EDGE('',*,*,#6510,.F.);
#11064=ORIENTED_EDGE('',*,*,#8087,.F.);
#11065=ORIENTED_EDGE('',*,*,#8088,.T.);
#11066=ORIENTED_EDGE('',*,*,#8087,.T.);
#11067=ORIENTED_EDGE('',*,*,#6509,.F.);
#11068=ORIENTED_EDGE('',*,*,#8089,.F.);
#11069=ORIENTED_EDGE('',*,*,#8090,.T.);
#11070=ORIENTED_EDGE('',*,*,#8089,.T.);
#11071=ORIENTED_EDGE('',*,*,#6508,.F.);
#11072=ORIENTED_EDGE('',*,*,#8091,.F.);
#11073=ORIENTED_EDGE('',*,*,#8092,.T.);
#11074=ORIENTED_EDGE('',*,*,#8091,.T.);
#11075=ORIENTED_EDGE('',*,*,#6507,.F.);
#11076=ORIENTED_EDGE('',*,*,#8093,.F.);
#11077=ORIENTED_EDGE('',*,*,#8094,.T.);
#11078=ORIENTED_EDGE('',*,*,#8093,.T.);
#11079=ORIENTED_EDGE('',*,*,#6506,.F.);
#11080=ORIENTED_EDGE('',*,*,#8095,.F.);
#11081=ORIENTED_EDGE('',*,*,#8096,.T.);
#11082=ORIENTED_EDGE('',*,*,#8095,.T.);
#11083=ORIENTED_EDGE('',*,*,#6505,.F.);
#11084=ORIENTED_EDGE('',*,*,#8097,.F.);
#11085=ORIENTED_EDGE('',*,*,#8098,.T.);
#11086=ORIENTED_EDGE('',*,*,#8097,.T.);
#11087=ORIENTED_EDGE('',*,*,#6504,.F.);
#11088=ORIENTED_EDGE('',*,*,#8099,.F.);
#11089=ORIENTED_EDGE('',*,*,#8100,.T.);
#11090=ORIENTED_EDGE('',*,*,#8099,.T.);
#11091=ORIENTED_EDGE('',*,*,#6503,.F.);
#11092=ORIENTED_EDGE('',*,*,#8086,.F.);
#11093=ORIENTED_EDGE('',*,*,#8101,.T.);
#11094=ORIENTED_EDGE('',*,*,#8102,.T.);
#11095=ORIENTED_EDGE('',*,*,#6502,.F.);
#11096=ORIENTED_EDGE('',*,*,#8103,.F.);
#11097=ORIENTED_EDGE('',*,*,#8104,.T.);
#11098=ORIENTED_EDGE('',*,*,#8103,.T.);
#11099=ORIENTED_EDGE('',*,*,#6501,.F.);
#11100=ORIENTED_EDGE('',*,*,#8105,.F.);
#11101=ORIENTED_EDGE('',*,*,#8106,.T.);
#11102=ORIENTED_EDGE('',*,*,#8105,.T.);
#11103=ORIENTED_EDGE('',*,*,#6500,.F.);
#11104=ORIENTED_EDGE('',*,*,#8107,.F.);
#11105=ORIENTED_EDGE('',*,*,#8108,.T.);
#11106=ORIENTED_EDGE('',*,*,#8107,.T.);
#11107=ORIENTED_EDGE('',*,*,#6499,.F.);
#11108=ORIENTED_EDGE('',*,*,#8109,.F.);
#11109=ORIENTED_EDGE('',*,*,#8110,.T.);
#11110=ORIENTED_EDGE('',*,*,#8109,.T.);
#11111=ORIENTED_EDGE('',*,*,#6498,.F.);
#11112=ORIENTED_EDGE('',*,*,#8111,.F.);
#11113=ORIENTED_EDGE('',*,*,#8112,.T.);
#11114=ORIENTED_EDGE('',*,*,#8111,.T.);
#11115=ORIENTED_EDGE('',*,*,#6497,.F.);
#11116=ORIENTED_EDGE('',*,*,#8113,.F.);
#11117=ORIENTED_EDGE('',*,*,#8114,.T.);
#11118=ORIENTED_EDGE('',*,*,#8113,.T.);
#11119=ORIENTED_EDGE('',*,*,#6496,.F.);
#11120=ORIENTED_EDGE('',*,*,#8115,.F.);
#11121=ORIENTED_EDGE('',*,*,#8116,.T.);
#11122=ORIENTED_EDGE('',*,*,#8115,.T.);
#11123=ORIENTED_EDGE('',*,*,#6495,.F.);
#11124=ORIENTED_EDGE('',*,*,#8102,.F.);
#11125=ORIENTED_EDGE('',*,*,#8117,.T.);
#11126=ORIENTED_EDGE('',*,*,#8118,.T.);
#11127=ORIENTED_EDGE('',*,*,#6494,.F.);
#11128=ORIENTED_EDGE('',*,*,#8119,.F.);
#11129=ORIENTED_EDGE('',*,*,#8120,.T.);
#11130=ORIENTED_EDGE('',*,*,#8119,.T.);
#11131=ORIENTED_EDGE('',*,*,#6493,.F.);
#11132=ORIENTED_EDGE('',*,*,#8121,.F.);
#11133=ORIENTED_EDGE('',*,*,#8122,.T.);
#11134=ORIENTED_EDGE('',*,*,#8121,.T.);
#11135=ORIENTED_EDGE('',*,*,#6492,.F.);
#11136=ORIENTED_EDGE('',*,*,#8123,.F.);
#11137=ORIENTED_EDGE('',*,*,#8124,.T.);
#11138=ORIENTED_EDGE('',*,*,#8123,.T.);
#11139=ORIENTED_EDGE('',*,*,#6491,.F.);
#11140=ORIENTED_EDGE('',*,*,#8125,.F.);
#11141=ORIENTED_EDGE('',*,*,#8126,.T.);
#11142=ORIENTED_EDGE('',*,*,#8125,.T.);
#11143=ORIENTED_EDGE('',*,*,#6490,.F.);
#11144=ORIENTED_EDGE('',*,*,#8127,.F.);
#11145=ORIENTED_EDGE('',*,*,#8128,.T.);
#11146=ORIENTED_EDGE('',*,*,#8127,.T.);
#11147=ORIENTED_EDGE('',*,*,#6489,.F.);
#11148=ORIENTED_EDGE('',*,*,#8129,.F.);
#11149=ORIENTED_EDGE('',*,*,#8130,.T.);
#11150=ORIENTED_EDGE('',*,*,#8129,.T.);
#11151=ORIENTED_EDGE('',*,*,#6488,.F.);
#11152=ORIENTED_EDGE('',*,*,#8131,.F.);
#11153=ORIENTED_EDGE('',*,*,#8132,.T.);
#11154=ORIENTED_EDGE('',*,*,#8131,.T.);
#11155=ORIENTED_EDGE('',*,*,#6487,.F.);
#11156=ORIENTED_EDGE('',*,*,#8118,.F.);
#11157=ORIENTED_EDGE('',*,*,#8133,.T.);
#11158=ORIENTED_EDGE('',*,*,#8134,.T.);
#11159=ORIENTED_EDGE('',*,*,#6486,.F.);
#11160=ORIENTED_EDGE('',*,*,#8135,.F.);
#11161=ORIENTED_EDGE('',*,*,#8136,.T.);
#11162=ORIENTED_EDGE('',*,*,#8135,.T.);
#11163=ORIENTED_EDGE('',*,*,#6485,.F.);
#11164=ORIENTED_EDGE('',*,*,#8137,.F.);
#11165=ORIENTED_EDGE('',*,*,#8138,.T.);
#11166=ORIENTED_EDGE('',*,*,#8137,.T.);
#11167=ORIENTED_EDGE('',*,*,#6484,.F.);
#11168=ORIENTED_EDGE('',*,*,#8139,.F.);
#11169=ORIENTED_EDGE('',*,*,#8140,.T.);
#11170=ORIENTED_EDGE('',*,*,#8139,.T.);
#11171=ORIENTED_EDGE('',*,*,#6483,.F.);
#11172=ORIENTED_EDGE('',*,*,#8141,.F.);
#11173=ORIENTED_EDGE('',*,*,#8142,.T.);
#11174=ORIENTED_EDGE('',*,*,#8141,.T.);
#11175=ORIENTED_EDGE('',*,*,#6482,.F.);
#11176=ORIENTED_EDGE('',*,*,#8143,.F.);
#11177=ORIENTED_EDGE('',*,*,#8144,.T.);
#11178=ORIENTED_EDGE('',*,*,#8143,.T.);
#11179=ORIENTED_EDGE('',*,*,#6481,.F.);
#11180=ORIENTED_EDGE('',*,*,#8145,.F.);
#11181=ORIENTED_EDGE('',*,*,#8146,.T.);
#11182=ORIENTED_EDGE('',*,*,#8145,.T.);
#11183=ORIENTED_EDGE('',*,*,#6480,.F.);
#11184=ORIENTED_EDGE('',*,*,#8147,.F.);
#11185=ORIENTED_EDGE('',*,*,#8148,.T.);
#11186=ORIENTED_EDGE('',*,*,#8147,.T.);
#11187=ORIENTED_EDGE('',*,*,#6479,.F.);
#11188=ORIENTED_EDGE('',*,*,#8134,.F.);
#11189=ORIENTED_EDGE('',*,*,#8149,.T.);
#11190=ORIENTED_EDGE('',*,*,#8150,.T.);
#11191=ORIENTED_EDGE('',*,*,#6478,.F.);
#11192=ORIENTED_EDGE('',*,*,#8151,.F.);
#11193=ORIENTED_EDGE('',*,*,#8152,.T.);
#11194=ORIENTED_EDGE('',*,*,#8151,.T.);
#11195=ORIENTED_EDGE('',*,*,#6477,.F.);
#11196=ORIENTED_EDGE('',*,*,#8153,.F.);
#11197=ORIENTED_EDGE('',*,*,#8154,.T.);
#11198=ORIENTED_EDGE('',*,*,#8153,.T.);
#11199=ORIENTED_EDGE('',*,*,#6476,.F.);
#11200=ORIENTED_EDGE('',*,*,#8155,.F.);
#11201=ORIENTED_EDGE('',*,*,#8156,.T.);
#11202=ORIENTED_EDGE('',*,*,#8155,.T.);
#11203=ORIENTED_EDGE('',*,*,#6475,.F.);
#11204=ORIENTED_EDGE('',*,*,#8157,.F.);
#11205=ORIENTED_EDGE('',*,*,#8158,.T.);
#11206=ORIENTED_EDGE('',*,*,#8157,.T.);
#11207=ORIENTED_EDGE('',*,*,#6474,.F.);
#11208=ORIENTED_EDGE('',*,*,#8159,.F.);
#11209=ORIENTED_EDGE('',*,*,#8160,.T.);
#11210=ORIENTED_EDGE('',*,*,#8159,.T.);
#11211=ORIENTED_EDGE('',*,*,#6473,.F.);
#11212=ORIENTED_EDGE('',*,*,#8161,.F.);
#11213=ORIENTED_EDGE('',*,*,#8162,.T.);
#11214=ORIENTED_EDGE('',*,*,#8161,.T.);
#11215=ORIENTED_EDGE('',*,*,#6472,.F.);
#11216=ORIENTED_EDGE('',*,*,#8163,.F.);
#11217=ORIENTED_EDGE('',*,*,#8164,.T.);
#11218=ORIENTED_EDGE('',*,*,#8163,.T.);
#11219=ORIENTED_EDGE('',*,*,#6471,.F.);
#11220=ORIENTED_EDGE('',*,*,#8150,.F.);
#11221=ORIENTED_EDGE('',*,*,#8165,.T.);
#11222=ORIENTED_EDGE('',*,*,#8166,.T.);
#11223=ORIENTED_EDGE('',*,*,#6470,.F.);
#11224=ORIENTED_EDGE('',*,*,#8167,.F.);
#11225=ORIENTED_EDGE('',*,*,#8168,.T.);
#11226=ORIENTED_EDGE('',*,*,#8167,.T.);
#11227=ORIENTED_EDGE('',*,*,#6469,.F.);
#11228=ORIENTED_EDGE('',*,*,#8169,.F.);
#11229=ORIENTED_EDGE('',*,*,#8170,.T.);
#11230=ORIENTED_EDGE('',*,*,#8169,.T.);
#11231=ORIENTED_EDGE('',*,*,#6468,.F.);
#11232=ORIENTED_EDGE('',*,*,#8171,.F.);
#11233=ORIENTED_EDGE('',*,*,#8172,.T.);
#11234=ORIENTED_EDGE('',*,*,#8171,.T.);
#11235=ORIENTED_EDGE('',*,*,#6467,.F.);
#11236=ORIENTED_EDGE('',*,*,#8173,.F.);
#11237=ORIENTED_EDGE('',*,*,#8174,.T.);
#11238=ORIENTED_EDGE('',*,*,#8173,.T.);
#11239=ORIENTED_EDGE('',*,*,#6466,.F.);
#11240=ORIENTED_EDGE('',*,*,#8175,.F.);
#11241=ORIENTED_EDGE('',*,*,#8176,.T.);
#11242=ORIENTED_EDGE('',*,*,#8175,.T.);
#11243=ORIENTED_EDGE('',*,*,#6465,.F.);
#11244=ORIENTED_EDGE('',*,*,#8177,.F.);
#11245=ORIENTED_EDGE('',*,*,#8178,.T.);
#11246=ORIENTED_EDGE('',*,*,#8177,.T.);
#11247=ORIENTED_EDGE('',*,*,#6464,.F.);
#11248=ORIENTED_EDGE('',*,*,#8179,.F.);
#11249=ORIENTED_EDGE('',*,*,#8180,.T.);
#11250=ORIENTED_EDGE('',*,*,#8179,.T.);
#11251=ORIENTED_EDGE('',*,*,#6463,.F.);
#11252=ORIENTED_EDGE('',*,*,#8166,.F.);
#11253=ORIENTED_EDGE('',*,*,#8181,.T.);
#11254=ORIENTED_EDGE('',*,*,#8182,.T.);
#11255=ORIENTED_EDGE('',*,*,#6462,.F.);
#11256=ORIENTED_EDGE('',*,*,#8183,.F.);
#11257=ORIENTED_EDGE('',*,*,#8184,.T.);
#11258=ORIENTED_EDGE('',*,*,#8183,.T.);
#11259=ORIENTED_EDGE('',*,*,#6461,.F.);
#11260=ORIENTED_EDGE('',*,*,#8185,.F.);
#11261=ORIENTED_EDGE('',*,*,#8186,.T.);
#11262=ORIENTED_EDGE('',*,*,#8185,.T.);
#11263=ORIENTED_EDGE('',*,*,#6460,.F.);
#11264=ORIENTED_EDGE('',*,*,#8187,.F.);
#11265=ORIENTED_EDGE('',*,*,#8188,.T.);
#11266=ORIENTED_EDGE('',*,*,#8187,.T.);
#11267=ORIENTED_EDGE('',*,*,#6459,.F.);
#11268=ORIENTED_EDGE('',*,*,#8189,.F.);
#11269=ORIENTED_EDGE('',*,*,#8190,.T.);
#11270=ORIENTED_EDGE('',*,*,#8189,.T.);
#11271=ORIENTED_EDGE('',*,*,#6458,.F.);
#11272=ORIENTED_EDGE('',*,*,#8191,.F.);
#11273=ORIENTED_EDGE('',*,*,#8192,.T.);
#11274=ORIENTED_EDGE('',*,*,#8191,.T.);
#11275=ORIENTED_EDGE('',*,*,#6457,.F.);
#11276=ORIENTED_EDGE('',*,*,#8193,.F.);
#11277=ORIENTED_EDGE('',*,*,#8194,.T.);
#11278=ORIENTED_EDGE('',*,*,#8193,.T.);
#11279=ORIENTED_EDGE('',*,*,#6456,.F.);
#11280=ORIENTED_EDGE('',*,*,#8195,.F.);
#11281=ORIENTED_EDGE('',*,*,#8196,.T.);
#11282=ORIENTED_EDGE('',*,*,#8195,.T.);
#11283=ORIENTED_EDGE('',*,*,#6455,.F.);
#11284=ORIENTED_EDGE('',*,*,#8182,.F.);
#11285=ORIENTED_EDGE('',*,*,#7036,.F.);
#11286=ORIENTED_EDGE('',*,*,#8197,.T.);
#11287=ORIENTED_EDGE('',*,*,#7162,.F.);
#11288=ORIENTED_EDGE('',*,*,#6450,.F.);
#11289=ORIENTED_EDGE('',*,*,#7031,.F.);
#11290=ORIENTED_EDGE('',*,*,#8198,.T.);
#11291=ORIENTED_EDGE('',*,*,#7168,.F.);
#11292=ORIENTED_EDGE('',*,*,#6440,.F.);
#11293=ORIENTED_EDGE('',*,*,#7001,.F.);
#11294=ORIENTED_EDGE('',*,*,#8199,.T.);
#11295=ORIENTED_EDGE('',*,*,#7190,.F.);
#11296=ORIENTED_EDGE('',*,*,#6424,.F.);
#11297=ORIENTED_EDGE('',*,*,#7006,.F.);
#11298=ORIENTED_EDGE('',*,*,#8200,.T.);
#11299=ORIENTED_EDGE('',*,*,#7184,.F.);
#11300=ORIENTED_EDGE('',*,*,#6434,.F.);
#11301=ORIENTED_EDGE('',*,*,#8201,.T.);
#11302=ORIENTED_EDGE('',*,*,#8202,.T.);
#11303=ORIENTED_EDGE('',*,*,#6422,.F.);
#11304=ORIENTED_EDGE('',*,*,#8203,.F.);
#11305=ORIENTED_EDGE('',*,*,#8204,.T.);
#11306=ORIENTED_EDGE('',*,*,#8203,.T.);
#11307=ORIENTED_EDGE('',*,*,#6421,.F.);
#11308=ORIENTED_EDGE('',*,*,#8205,.F.);
#11309=ORIENTED_EDGE('',*,*,#8206,.T.);
#11310=ORIENTED_EDGE('',*,*,#8205,.T.);
#11311=ORIENTED_EDGE('',*,*,#6420,.F.);
#11312=ORIENTED_EDGE('',*,*,#8207,.F.);
#11313=ORIENTED_EDGE('',*,*,#8208,.T.);
#11314=ORIENTED_EDGE('',*,*,#8207,.T.);
#11315=ORIENTED_EDGE('',*,*,#6419,.F.);
#11316=ORIENTED_EDGE('',*,*,#8209,.F.);
#11317=ORIENTED_EDGE('',*,*,#8210,.T.);
#11318=ORIENTED_EDGE('',*,*,#8209,.T.);
#11319=ORIENTED_EDGE('',*,*,#6418,.F.);
#11320=ORIENTED_EDGE('',*,*,#8211,.F.);
#11321=ORIENTED_EDGE('',*,*,#8212,.T.);
#11322=ORIENTED_EDGE('',*,*,#8211,.T.);
#11323=ORIENTED_EDGE('',*,*,#6417,.F.);
#11324=ORIENTED_EDGE('',*,*,#8213,.F.);
#11325=ORIENTED_EDGE('',*,*,#8214,.T.);
#11326=ORIENTED_EDGE('',*,*,#8213,.T.);
#11327=ORIENTED_EDGE('',*,*,#6416,.F.);
#11328=ORIENTED_EDGE('',*,*,#8215,.F.);
#11329=ORIENTED_EDGE('',*,*,#8216,.T.);
#11330=ORIENTED_EDGE('',*,*,#8215,.T.);
#11331=ORIENTED_EDGE('',*,*,#6415,.F.);
#11332=ORIENTED_EDGE('',*,*,#8202,.F.);
#11333=ORIENTED_EDGE('',*,*,#6414,.F.);
#11334=ORIENTED_EDGE('',*,*,#8217,.T.);
#11335=ORIENTED_EDGE('',*,*,#8218,.T.);
#11336=ORIENTED_EDGE('',*,*,#8217,.F.);
#11337=ORIENTED_EDGE('',*,*,#6413,.F.);
#11338=ORIENTED_EDGE('',*,*,#8219,.T.);
#11339=ORIENTED_EDGE('',*,*,#8220,.T.);
#11340=ORIENTED_EDGE('',*,*,#8219,.F.);
#11341=ORIENTED_EDGE('',*,*,#6412,.F.);
#11342=ORIENTED_EDGE('',*,*,#8221,.T.);
#11343=ORIENTED_EDGE('',*,*,#8222,.T.);
#11344=ORIENTED_EDGE('',*,*,#8221,.F.);
#11345=ORIENTED_EDGE('',*,*,#6411,.F.);
#11346=ORIENTED_EDGE('',*,*,#8223,.T.);
#11347=ORIENTED_EDGE('',*,*,#8224,.T.);
#11348=ORIENTED_EDGE('',*,*,#8223,.F.);
#11349=ORIENTED_EDGE('',*,*,#6410,.F.);
#11350=ORIENTED_EDGE('',*,*,#8225,.T.);
#11351=ORIENTED_EDGE('',*,*,#8226,.T.);
#11352=ORIENTED_EDGE('',*,*,#8225,.F.);
#11353=ORIENTED_EDGE('',*,*,#7066,.F.);
#11354=ORIENTED_EDGE('',*,*,#6396,.F.);
#11355=ORIENTED_EDGE('',*,*,#8227,.F.);
#11356=ORIENTED_EDGE('',*,*,#8228,.T.);
#11357=ORIENTED_EDGE('',*,*,#8229,.T.);
#11358=ORIENTED_EDGE('',*,*,#8227,.T.);
#11359=ORIENTED_EDGE('',*,*,#6395,.F.);
#11360=ORIENTED_EDGE('',*,*,#7073,.F.);
#11361=ORIENTED_EDGE('',*,*,#7076,.F.);
#11362=ORIENTED_EDGE('',*,*,#6390,.F.);
#11363=ORIENTED_EDGE('',*,*,#8230,.F.);
#11364=ORIENTED_EDGE('',*,*,#8231,.T.);
#11365=ORIENTED_EDGE('',*,*,#8232,.T.);
#11366=ORIENTED_EDGE('',*,*,#8230,.T.);
#11367=ORIENTED_EDGE('',*,*,#6389,.F.);
#11368=ORIENTED_EDGE('',*,*,#7082,.F.);
#11369=ORIENTED_EDGE('',*,*,#7080,.F.);
#11370=ORIENTED_EDGE('',*,*,#6386,.F.);
#11371=ORIENTED_EDGE('',*,*,#8233,.F.);
#11372=ORIENTED_EDGE('',*,*,#8234,.F.);
#11373=ORIENTED_EDGE('',*,*,#8235,.T.);
#11374=ORIENTED_EDGE('',*,*,#8233,.T.);
#11375=ORIENTED_EDGE('',*,*,#6385,.F.);
#11376=ORIENTED_EDGE('',*,*,#8236,.F.);
#11377=ORIENTED_EDGE('',*,*,#8237,.T.);
#11378=ORIENTED_EDGE('',*,*,#8236,.T.);
#11379=ORIENTED_EDGE('',*,*,#6384,.F.);
#11380=ORIENTED_EDGE('',*,*,#7087,.F.);
#11381=ORIENTED_EDGE('',*,*,#7090,.F.);
#11382=ORIENTED_EDGE('',*,*,#6379,.F.);
#11383=ORIENTED_EDGE('',*,*,#8238,.F.);
#11384=ORIENTED_EDGE('',*,*,#8239,.T.);
#11385=ORIENTED_EDGE('',*,*,#8240,.T.);
#11386=ORIENTED_EDGE('',*,*,#8238,.T.);
#11387=ORIENTED_EDGE('',*,*,#6378,.F.);
#11388=ORIENTED_EDGE('',*,*,#8241,.F.);
#11389=ORIENTED_EDGE('',*,*,#8242,.F.);
#11390=ORIENTED_EDGE('',*,*,#8241,.T.);
#11391=ORIENTED_EDGE('',*,*,#6377,.F.);
#11392=ORIENTED_EDGE('',*,*,#7096,.F.);
#11393=ORIENTED_EDGE('',*,*,#6996,.F.);
#11394=ORIENTED_EDGE('',*,*,#8243,.F.);
#11395=ORIENTED_EDGE('',*,*,#7094,.F.);
#11396=ORIENTED_EDGE('',*,*,#6374,.F.);
#11397=ORIENTED_EDGE('',*,*,#7103,.F.);
#11398=ORIENTED_EDGE('',*,*,#6370,.F.);
#11399=ORIENTED_EDGE('',*,*,#8244,.F.);
#11400=ORIENTED_EDGE('',*,*,#8245,.T.);
#11401=ORIENTED_EDGE('',*,*,#8246,.T.);
#11402=ORIENTED_EDGE('',*,*,#8244,.T.);
#11403=ORIENTED_EDGE('',*,*,#6369,.F.);
#11404=ORIENTED_EDGE('',*,*,#7101,.F.);
#11405=ORIENTED_EDGE('',*,*,#7111,.F.);
#11406=ORIENTED_EDGE('',*,*,#6364,.F.);
#11407=ORIENTED_EDGE('',*,*,#8247,.F.);
#11408=ORIENTED_EDGE('',*,*,#8248,.T.);
#11409=ORIENTED_EDGE('',*,*,#8249,.T.);
#11410=ORIENTED_EDGE('',*,*,#8247,.T.);
#11411=ORIENTED_EDGE('',*,*,#6363,.F.);
#11412=ORIENTED_EDGE('',*,*,#7108,.F.);
#11413=ORIENTED_EDGE('',*,*,#6356,.F.);
#11414=ORIENTED_EDGE('',*,*,#8250,.F.);
#11415=ORIENTED_EDGE('',*,*,#7106,.F.);
#11416=ORIENTED_EDGE('',*,*,#6360,.F.);
#11417=ORIENTED_EDGE('',*,*,#7114,.F.);
#11418=ORIENTED_EDGE('',*,*,#6408,.F.);
#11419=ORIENTED_EDGE('',*,*,#8251,.F.);
#11420=ORIENTED_EDGE('',*,*,#8252,.F.);
#11421=ORIENTED_EDGE('',*,*,#8253,.T.);
#11422=ORIENTED_EDGE('',*,*,#8251,.T.);
#11423=ORIENTED_EDGE('',*,*,#6407,.F.);
#11424=ORIENTED_EDGE('',*,*,#8254,.F.);
#11425=ORIENTED_EDGE('',*,*,#8255,.T.);
#11426=ORIENTED_EDGE('',*,*,#8254,.T.);
#11427=ORIENTED_EDGE('',*,*,#6406,.F.);
#11428=ORIENTED_EDGE('',*,*,#7118,.F.);
#11429=ORIENTED_EDGE('',*,*,#7061,.F.);
#11430=ORIENTED_EDGE('',*,*,#6401,.F.);
#11431=ORIENTED_EDGE('',*,*,#8256,.F.);
#11432=ORIENTED_EDGE('',*,*,#8257,.T.);
#11433=ORIENTED_EDGE('',*,*,#8258,.T.);
#11434=ORIENTED_EDGE('',*,*,#8256,.T.);
#11435=ORIENTED_EDGE('',*,*,#6400,.F.);
#11436=ORIENTED_EDGE('',*,*,#8259,.F.);
#11437=ORIENTED_EDGE('',*,*,#8260,.F.);
#11438=ORIENTED_EDGE('',*,*,#8259,.T.);
#11439=ORIENTED_EDGE('',*,*,#6399,.F.);
#11440=ORIENTED_EDGE('',*,*,#7068,.F.);
#11441=ORIENTED_EDGE('',*,*,#6355,.F.);
#11442=ORIENTED_EDGE('',*,*,#6359,.T.);
#11443=ORIENTED_EDGE('',*,*,#7113,.F.);
#11444=ORIENTED_EDGE('',*,*,#8252,.T.);
#11445=ORIENTED_EDGE('',*,*,#8253,.F.);
#11446=ORIENTED_EDGE('',*,*,#8255,.F.);
#11447=ORIENTED_EDGE('',*,*,#7117,.T.);
#11448=ORIENTED_EDGE('',*,*,#7115,.F.);
#11449=ORIENTED_EDGE('',*,*,#7062,.T.);
#11450=ORIENTED_EDGE('',*,*,#7059,.F.);
#11451=ORIENTED_EDGE('',*,*,#8257,.F.);
#11452=ORIENTED_EDGE('',*,*,#8258,.F.);
#11453=ORIENTED_EDGE('',*,*,#8260,.T.);
#11454=ORIENTED_EDGE('',*,*,#7067,.T.);
#11455=ORIENTED_EDGE('',*,*,#7064,.F.);
#11456=ORIENTED_EDGE('',*,*,#8228,.F.);
#11457=ORIENTED_EDGE('',*,*,#8229,.F.);
#11458=ORIENTED_EDGE('',*,*,#7072,.T.);
#11459=ORIENTED_EDGE('',*,*,#7069,.F.);
#11460=ORIENTED_EDGE('',*,*,#7077,.T.);
#11461=ORIENTED_EDGE('',*,*,#7074,.F.);
#11462=ORIENTED_EDGE('',*,*,#8231,.F.);
#11463=ORIENTED_EDGE('',*,*,#8232,.F.);
#11464=ORIENTED_EDGE('',*,*,#7081,.T.);
#11465=ORIENTED_EDGE('',*,*,#7078,.F.);
#11466=ORIENTED_EDGE('',*,*,#8234,.T.);
#11467=ORIENTED_EDGE('',*,*,#8235,.F.);
#11468=ORIENTED_EDGE('',*,*,#8237,.F.);
#11469=ORIENTED_EDGE('',*,*,#7086,.T.);
#11470=ORIENTED_EDGE('',*,*,#7083,.F.);
#11471=ORIENTED_EDGE('',*,*,#7091,.T.);
#11472=ORIENTED_EDGE('',*,*,#7088,.F.);
#11473=ORIENTED_EDGE('',*,*,#8239,.F.);
#11474=ORIENTED_EDGE('',*,*,#8240,.F.);
#11475=ORIENTED_EDGE('',*,*,#8242,.T.);
#11476=ORIENTED_EDGE('',*,*,#7095,.T.);
#11477=ORIENTED_EDGE('',*,*,#7092,.F.);
#11478=ORIENTED_EDGE('',*,*,#8243,.T.);
#11479=ORIENTED_EDGE('',*,*,#6995,.F.);
#11480=ORIENTED_EDGE('',*,*,#6998,.T.);
#11481=ORIENTED_EDGE('',*,*,#7102,.F.);
#11482=ORIENTED_EDGE('',*,*,#8245,.F.);
#11483=ORIENTED_EDGE('',*,*,#8246,.F.);
#11484=ORIENTED_EDGE('',*,*,#7100,.T.);
#11485=ORIENTED_EDGE('',*,*,#7097,.F.);
#11486=ORIENTED_EDGE('',*,*,#7112,.T.);
#11487=ORIENTED_EDGE('',*,*,#7109,.F.);
#11488=ORIENTED_EDGE('',*,*,#8248,.F.);
#11489=ORIENTED_EDGE('',*,*,#8249,.F.);
#11490=ORIENTED_EDGE('',*,*,#7107,.T.);
#11491=ORIENTED_EDGE('',*,*,#7104,.F.);
#11492=ORIENTED_EDGE('',*,*,#8250,.T.);
#11493=ORIENTED_EDGE('',*,*,#7000,.F.);
#11494=ORIENTED_EDGE('',*,*,#7003,.F.);
#11495=ORIENTED_EDGE('',*,*,#7180,.F.);
#11496=ORIENTED_EDGE('',*,*,#7185,.F.);
#11497=ORIENTED_EDGE('',*,*,#7182,.F.);
#11498=ORIENTED_EDGE('',*,*,#8200,.F.);
#11499=ORIENTED_EDGE('',*,*,#7005,.F.);
#11500=ORIENTED_EDGE('',*,*,#7008,.F.);
#11501=ORIENTED_EDGE('',*,*,#7186,.F.);
#11502=ORIENTED_EDGE('',*,*,#7196,.F.);
#11503=ORIENTED_EDGE('',*,*,#7193,.F.);
#11504=ORIENTED_EDGE('',*,*,#7199,.F.);
#11505=ORIENTED_EDGE('',*,*,#7197,.F.);
#11506=ORIENTED_EDGE('',*,*,#7191,.F.);
#11507=ORIENTED_EDGE('',*,*,#7188,.F.);
#11508=ORIENTED_EDGE('',*,*,#8199,.F.);
#11509=ORIENTED_EDGE('',*,*,#7010,.F.);
#11510=ORIENTED_EDGE('',*,*,#7013,.F.);
#11511=ORIENTED_EDGE('',*,*,#7211,.F.);
#11512=ORIENTED_EDGE('',*,*,#7219,.F.);
#11513=ORIENTED_EDGE('',*,*,#7217,.F.);
#11514=ORIENTED_EDGE('',*,*,#7215,.F.);
#11515=ORIENTED_EDGE('',*,*,#7213,.F.);
#11516=ORIENTED_EDGE('',*,*,#7209,.F.);
#11517=ORIENTED_EDGE('',*,*,#7206,.F.);
#11518=ORIENTED_EDGE('',*,*,#7779,.F.);
#11519=ORIENTED_EDGE('',*,*,#7015,.F.);
#11520=ORIENTED_EDGE('',*,*,#7018,.F.);
#11521=ORIENTED_EDGE('',*,*,#7205,.F.);
#11522=ORIENTED_EDGE('',*,*,#7203,.F.);
#11523=ORIENTED_EDGE('',*,*,#7200,.F.);
#11524=ORIENTED_EDGE('',*,*,#7780,.F.);
#11525=ORIENTED_EDGE('',*,*,#7020,.F.);
#11526=ORIENTED_EDGE('',*,*,#7023,.F.);
#11527=ORIENTED_EDGE('',*,*,#7239,.F.);
#11528=ORIENTED_EDGE('',*,*,#7237,.F.);
#11529=ORIENTED_EDGE('',*,*,#7235,.F.);
#11530=ORIENTED_EDGE('',*,*,#7233,.F.);
#11531=ORIENTED_EDGE('',*,*,#7231,.F.);
#11532=ORIENTED_EDGE('',*,*,#7229,.F.);
#11533=ORIENTED_EDGE('',*,*,#7226,.F.);
#11534=ORIENTED_EDGE('',*,*,#7777,.F.);
#11535=ORIENTED_EDGE('',*,*,#7025,.F.);
#11536=ORIENTED_EDGE('',*,*,#7028,.F.);
#11537=ORIENTED_EDGE('',*,*,#7220,.F.);
#11538=ORIENTED_EDGE('',*,*,#7225,.F.);
#11539=ORIENTED_EDGE('',*,*,#7222,.F.);
#11540=ORIENTED_EDGE('',*,*,#7778,.F.);
#11541=ORIENTED_EDGE('',*,*,#7030,.F.);
#11542=ORIENTED_EDGE('',*,*,#7033,.F.);
#11543=ORIENTED_EDGE('',*,*,#7165,.F.);
#11544=ORIENTED_EDGE('',*,*,#7163,.F.);
#11545=ORIENTED_EDGE('',*,*,#7160,.F.);
#11546=ORIENTED_EDGE('',*,*,#8197,.F.);
#11547=ORIENTED_EDGE('',*,*,#7035,.F.);
#11548=ORIENTED_EDGE('',*,*,#7038,.F.);
#11549=ORIENTED_EDGE('',*,*,#7171,.F.);
#11550=ORIENTED_EDGE('',*,*,#7176,.F.);
#11551=ORIENTED_EDGE('',*,*,#7173,.F.);
#11552=ORIENTED_EDGE('',*,*,#7179,.F.);
#11553=ORIENTED_EDGE('',*,*,#7177,.F.);
#11554=ORIENTED_EDGE('',*,*,#7169,.F.);
#11555=ORIENTED_EDGE('',*,*,#7166,.F.);
#11556=ORIENTED_EDGE('',*,*,#8198,.F.);
#11557=ORIENTED_EDGE('',*,*,#7040,.F.);
#11558=ORIENTED_EDGE('',*,*,#7043,.F.);
#11559=ORIENTED_EDGE('',*,*,#7145,.F.);
#11560=ORIENTED_EDGE('',*,*,#7143,.F.);
#11561=ORIENTED_EDGE('',*,*,#7140,.F.);
#11562=ORIENTED_EDGE('',*,*,#7519,.F.);
#11563=ORIENTED_EDGE('',*,*,#7045,.F.);
#11564=ORIENTED_EDGE('',*,*,#7048,.F.);
#11565=ORIENTED_EDGE('',*,*,#7151,.F.);
#11566=ORIENTED_EDGE('',*,*,#7156,.F.);
#11567=ORIENTED_EDGE('',*,*,#7153,.F.);
#11568=ORIENTED_EDGE('',*,*,#7159,.F.);
#11569=ORIENTED_EDGE('',*,*,#7157,.F.);
#11570=ORIENTED_EDGE('',*,*,#7149,.F.);
#11571=ORIENTED_EDGE('',*,*,#7146,.F.);
#11572=ORIENTED_EDGE('',*,*,#7518,.F.);
#11573=ORIENTED_EDGE('',*,*,#7050,.F.);
#11574=ORIENTED_EDGE('',*,*,#7053,.F.);
#11575=ORIENTED_EDGE('',*,*,#7123,.F.);
#11576=ORIENTED_EDGE('',*,*,#7121,.F.);
#11577=ORIENTED_EDGE('',*,*,#7119,.F.);
#11578=ORIENTED_EDGE('',*,*,#7057,.F.);
#11579=ORIENTED_EDGE('',*,*,#7055,.F.);
#11580=ORIENTED_EDGE('',*,*,#7132,.F.);
#11581=ORIENTED_EDGE('',*,*,#7129,.F.);
#11582=ORIENTED_EDGE('',*,*,#7136,.F.);
#11583=ORIENTED_EDGE('',*,*,#7133,.F.);
#11584=ORIENTED_EDGE('',*,*,#7139,.F.);
#11585=ORIENTED_EDGE('',*,*,#7137,.F.);
#11586=ORIENTED_EDGE('',*,*,#7127,.F.);
#11587=ORIENTED_EDGE('',*,*,#7124,.F.);
#11588=ORIENTED_EDGE('',*,*,#7520,.F.);
#11589=ORIENTED_EDGE('',*,*,#8226,.F.);
#11590=ORIENTED_EDGE('',*,*,#8224,.F.);
#11591=ORIENTED_EDGE('',*,*,#8222,.F.);
#11592=ORIENTED_EDGE('',*,*,#8220,.F.);
#11593=ORIENTED_EDGE('',*,*,#8218,.F.);
#11594=ORIENTED_EDGE('',*,*,#8216,.F.);
#11595=ORIENTED_EDGE('',*,*,#8201,.F.);
#11596=ORIENTED_EDGE('',*,*,#8204,.F.);
#11597=ORIENTED_EDGE('',*,*,#8206,.F.);
#11598=ORIENTED_EDGE('',*,*,#8208,.F.);
#11599=ORIENTED_EDGE('',*,*,#8210,.F.);
#11600=ORIENTED_EDGE('',*,*,#8212,.F.);
#11601=ORIENTED_EDGE('',*,*,#8214,.F.);
#11602=ORIENTED_EDGE('',*,*,#8196,.F.);
#11603=ORIENTED_EDGE('',*,*,#8181,.F.);
#11604=ORIENTED_EDGE('',*,*,#8184,.F.);
#11605=ORIENTED_EDGE('',*,*,#8186,.F.);
#11606=ORIENTED_EDGE('',*,*,#8188,.F.);
#11607=ORIENTED_EDGE('',*,*,#8190,.F.);
#11608=ORIENTED_EDGE('',*,*,#8192,.F.);
#11609=ORIENTED_EDGE('',*,*,#8194,.F.);
#11610=ORIENTED_EDGE('',*,*,#8180,.F.);
#11611=ORIENTED_EDGE('',*,*,#8165,.F.);
#11612=ORIENTED_EDGE('',*,*,#8168,.F.);
#11613=ORIENTED_EDGE('',*,*,#8170,.F.);
#11614=ORIENTED_EDGE('',*,*,#8172,.F.);
#11615=ORIENTED_EDGE('',*,*,#8174,.F.);
#11616=ORIENTED_EDGE('',*,*,#8176,.F.);
#11617=ORIENTED_EDGE('',*,*,#8178,.F.);
#11618=ORIENTED_EDGE('',*,*,#8164,.F.);
#11619=ORIENTED_EDGE('',*,*,#8149,.F.);
#11620=ORIENTED_EDGE('',*,*,#8152,.F.);
#11621=ORIENTED_EDGE('',*,*,#8154,.F.);
#11622=ORIENTED_EDGE('',*,*,#8156,.F.);
#11623=ORIENTED_EDGE('',*,*,#8158,.F.);
#11624=ORIENTED_EDGE('',*,*,#8160,.F.);
#11625=ORIENTED_EDGE('',*,*,#8162,.F.);
#11626=ORIENTED_EDGE('',*,*,#8148,.F.);
#11627=ORIENTED_EDGE('',*,*,#8133,.F.);
#11628=ORIENTED_EDGE('',*,*,#8136,.F.);
#11629=ORIENTED_EDGE('',*,*,#8138,.F.);
#11630=ORIENTED_EDGE('',*,*,#8140,.F.);
#11631=ORIENTED_EDGE('',*,*,#8142,.F.);
#11632=ORIENTED_EDGE('',*,*,#8144,.F.);
#11633=ORIENTED_EDGE('',*,*,#8146,.F.);
#11634=ORIENTED_EDGE('',*,*,#8132,.F.);
#11635=ORIENTED_EDGE('',*,*,#8117,.F.);
#11636=ORIENTED_EDGE('',*,*,#8120,.F.);
#11637=ORIENTED_EDGE('',*,*,#8122,.F.);
#11638=ORIENTED_EDGE('',*,*,#8124,.F.);
#11639=ORIENTED_EDGE('',*,*,#8126,.F.);
#11640=ORIENTED_EDGE('',*,*,#8128,.F.);
#11641=ORIENTED_EDGE('',*,*,#8130,.F.);
#11642=ORIENTED_EDGE('',*,*,#8116,.F.);
#11643=ORIENTED_EDGE('',*,*,#8101,.F.);
#11644=ORIENTED_EDGE('',*,*,#8104,.F.);
#11645=ORIENTED_EDGE('',*,*,#8106,.F.);
#11646=ORIENTED_EDGE('',*,*,#8108,.F.);
#11647=ORIENTED_EDGE('',*,*,#8110,.F.);
#11648=ORIENTED_EDGE('',*,*,#8112,.F.);
#11649=ORIENTED_EDGE('',*,*,#8114,.F.);
#11650=ORIENTED_EDGE('',*,*,#8100,.F.);
#11651=ORIENTED_EDGE('',*,*,#8085,.F.);
#11652=ORIENTED_EDGE('',*,*,#8088,.F.);
#11653=ORIENTED_EDGE('',*,*,#8090,.F.);
#11654=ORIENTED_EDGE('',*,*,#8092,.F.);
#11655=ORIENTED_EDGE('',*,*,#8094,.F.);
#11656=ORIENTED_EDGE('',*,*,#8096,.F.);
#11657=ORIENTED_EDGE('',*,*,#8098,.F.);
#11658=ORIENTED_EDGE('',*,*,#8084,.F.);
#11659=ORIENTED_EDGE('',*,*,#8069,.F.);
#11660=ORIENTED_EDGE('',*,*,#8072,.F.);
#11661=ORIENTED_EDGE('',*,*,#8074,.F.);
#11662=ORIENTED_EDGE('',*,*,#8076,.F.);
#11663=ORIENTED_EDGE('',*,*,#8078,.F.);
#11664=ORIENTED_EDGE('',*,*,#8080,.F.);
#11665=ORIENTED_EDGE('',*,*,#8082,.F.);
#11666=ORIENTED_EDGE('',*,*,#8068,.F.);
#11667=ORIENTED_EDGE('',*,*,#8053,.F.);
#11668=ORIENTED_EDGE('',*,*,#8056,.F.);
#11669=ORIENTED_EDGE('',*,*,#8058,.F.);
#11670=ORIENTED_EDGE('',*,*,#8060,.F.);
#11671=ORIENTED_EDGE('',*,*,#8062,.F.);
#11672=ORIENTED_EDGE('',*,*,#8064,.F.);
#11673=ORIENTED_EDGE('',*,*,#8066,.F.);
#11674=ORIENTED_EDGE('',*,*,#8052,.F.);
#11675=ORIENTED_EDGE('',*,*,#8037,.F.);
#11676=ORIENTED_EDGE('',*,*,#8040,.F.);
#11677=ORIENTED_EDGE('',*,*,#8042,.F.);
#11678=ORIENTED_EDGE('',*,*,#8044,.F.);
#11679=ORIENTED_EDGE('',*,*,#8046,.F.);
#11680=ORIENTED_EDGE('',*,*,#8048,.F.);
#11681=ORIENTED_EDGE('',*,*,#8050,.F.);
#11682=ORIENTED_EDGE('',*,*,#8036,.F.);
#11683=ORIENTED_EDGE('',*,*,#8021,.F.);
#11684=ORIENTED_EDGE('',*,*,#8024,.F.);
#11685=ORIENTED_EDGE('',*,*,#8026,.F.);
#11686=ORIENTED_EDGE('',*,*,#8028,.F.);
#11687=ORIENTED_EDGE('',*,*,#8030,.F.);
#11688=ORIENTED_EDGE('',*,*,#8032,.F.);
#11689=ORIENTED_EDGE('',*,*,#8034,.F.);
#11690=ORIENTED_EDGE('',*,*,#8020,.F.);
#11691=ORIENTED_EDGE('',*,*,#8005,.F.);
#11692=ORIENTED_EDGE('',*,*,#8008,.F.);
#11693=ORIENTED_EDGE('',*,*,#8010,.F.);
#11694=ORIENTED_EDGE('',*,*,#8012,.F.);
#11695=ORIENTED_EDGE('',*,*,#8014,.F.);
#11696=ORIENTED_EDGE('',*,*,#8016,.F.);
#11697=ORIENTED_EDGE('',*,*,#8018,.F.);
#11698=ORIENTED_EDGE('',*,*,#8004,.F.);
#11699=ORIENTED_EDGE('',*,*,#7989,.F.);
#11700=ORIENTED_EDGE('',*,*,#7992,.F.);
#11701=ORIENTED_EDGE('',*,*,#7994,.F.);
#11702=ORIENTED_EDGE('',*,*,#7996,.F.);
#11703=ORIENTED_EDGE('',*,*,#7998,.F.);
#11704=ORIENTED_EDGE('',*,*,#8000,.F.);
#11705=ORIENTED_EDGE('',*,*,#8002,.F.);
#11706=ORIENTED_EDGE('',*,*,#7988,.F.);
#11707=ORIENTED_EDGE('',*,*,#7973,.F.);
#11708=ORIENTED_EDGE('',*,*,#7976,.F.);
#11709=ORIENTED_EDGE('',*,*,#7978,.F.);
#11710=ORIENTED_EDGE('',*,*,#7980,.F.);
#11711=ORIENTED_EDGE('',*,*,#7982,.F.);
#11712=ORIENTED_EDGE('',*,*,#7984,.F.);
#11713=ORIENTED_EDGE('',*,*,#7986,.F.);
#11714=ORIENTED_EDGE('',*,*,#7972,.F.);
#11715=ORIENTED_EDGE('',*,*,#7957,.F.);
#11716=ORIENTED_EDGE('',*,*,#7960,.F.);
#11717=ORIENTED_EDGE('',*,*,#7962,.F.);
#11718=ORIENTED_EDGE('',*,*,#7964,.F.);
#11719=ORIENTED_EDGE('',*,*,#7966,.F.);
#11720=ORIENTED_EDGE('',*,*,#7968,.F.);
#11721=ORIENTED_EDGE('',*,*,#7970,.F.);
#11722=ORIENTED_EDGE('',*,*,#7956,.F.);
#11723=ORIENTED_EDGE('',*,*,#7941,.F.);
#11724=ORIENTED_EDGE('',*,*,#7944,.F.);
#11725=ORIENTED_EDGE('',*,*,#7946,.F.);
#11726=ORIENTED_EDGE('',*,*,#7948,.F.);
#11727=ORIENTED_EDGE('',*,*,#7950,.F.);
#11728=ORIENTED_EDGE('',*,*,#7952,.F.);
#11729=ORIENTED_EDGE('',*,*,#7954,.F.);
#11730=ORIENTED_EDGE('',*,*,#7940,.F.);
#11731=ORIENTED_EDGE('',*,*,#7925,.F.);
#11732=ORIENTED_EDGE('',*,*,#7928,.F.);
#11733=ORIENTED_EDGE('',*,*,#7930,.F.);
#11734=ORIENTED_EDGE('',*,*,#7932,.F.);
#11735=ORIENTED_EDGE('',*,*,#7934,.F.);
#11736=ORIENTED_EDGE('',*,*,#7936,.F.);
#11737=ORIENTED_EDGE('',*,*,#7938,.F.);
#11738=ORIENTED_EDGE('',*,*,#7924,.F.);
#11739=ORIENTED_EDGE('',*,*,#7909,.F.);
#11740=ORIENTED_EDGE('',*,*,#7912,.F.);
#11741=ORIENTED_EDGE('',*,*,#7914,.F.);
#11742=ORIENTED_EDGE('',*,*,#7916,.F.);
#11743=ORIENTED_EDGE('',*,*,#7918,.F.);
#11744=ORIENTED_EDGE('',*,*,#7920,.F.);
#11745=ORIENTED_EDGE('',*,*,#7922,.F.);
#11746=ORIENTED_EDGE('',*,*,#7908,.F.);
#11747=ORIENTED_EDGE('',*,*,#7893,.F.);
#11748=ORIENTED_EDGE('',*,*,#7896,.F.);
#11749=ORIENTED_EDGE('',*,*,#7898,.F.);
#11750=ORIENTED_EDGE('',*,*,#7900,.F.);
#11751=ORIENTED_EDGE('',*,*,#7902,.F.);
#11752=ORIENTED_EDGE('',*,*,#7904,.F.);
#11753=ORIENTED_EDGE('',*,*,#7906,.F.);
#11754=ORIENTED_EDGE('',*,*,#7892,.F.);
#11755=ORIENTED_EDGE('',*,*,#7877,.F.);
#11756=ORIENTED_EDGE('',*,*,#7880,.F.);
#11757=ORIENTED_EDGE('',*,*,#7882,.F.);
#11758=ORIENTED_EDGE('',*,*,#7884,.F.);
#11759=ORIENTED_EDGE('',*,*,#7886,.F.);
#11760=ORIENTED_EDGE('',*,*,#7888,.F.);
#11761=ORIENTED_EDGE('',*,*,#7890,.F.);
#11762=ORIENTED_EDGE('',*,*,#7876,.F.);
#11763=ORIENTED_EDGE('',*,*,#7861,.F.);
#11764=ORIENTED_EDGE('',*,*,#7864,.F.);
#11765=ORIENTED_EDGE('',*,*,#7866,.F.);
#11766=ORIENTED_EDGE('',*,*,#7868,.F.);
#11767=ORIENTED_EDGE('',*,*,#7870,.F.);
#11768=ORIENTED_EDGE('',*,*,#7872,.F.);
#11769=ORIENTED_EDGE('',*,*,#7874,.F.);
#11770=ORIENTED_EDGE('',*,*,#7860,.F.);
#11771=ORIENTED_EDGE('',*,*,#7845,.F.);
#11772=ORIENTED_EDGE('',*,*,#7848,.F.);
#11773=ORIENTED_EDGE('',*,*,#7850,.F.);
#11774=ORIENTED_EDGE('',*,*,#7852,.F.);
#11775=ORIENTED_EDGE('',*,*,#7854,.F.);
#11776=ORIENTED_EDGE('',*,*,#7856,.F.);
#11777=ORIENTED_EDGE('',*,*,#7858,.F.);
#11778=ORIENTED_EDGE('',*,*,#7844,.F.);
#11779=ORIENTED_EDGE('',*,*,#7829,.F.);
#11780=ORIENTED_EDGE('',*,*,#7832,.F.);
#11781=ORIENTED_EDGE('',*,*,#7834,.F.);
#11782=ORIENTED_EDGE('',*,*,#7836,.F.);
#11783=ORIENTED_EDGE('',*,*,#7838,.F.);
#11784=ORIENTED_EDGE('',*,*,#7840,.F.);
#11785=ORIENTED_EDGE('',*,*,#7842,.F.);
#11786=ORIENTED_EDGE('',*,*,#7828,.F.);
#11787=ORIENTED_EDGE('',*,*,#7813,.F.);
#11788=ORIENTED_EDGE('',*,*,#7816,.F.);
#11789=ORIENTED_EDGE('',*,*,#7818,.F.);
#11790=ORIENTED_EDGE('',*,*,#7820,.F.);
#11791=ORIENTED_EDGE('',*,*,#7822,.F.);
#11792=ORIENTED_EDGE('',*,*,#7824,.F.);
#11793=ORIENTED_EDGE('',*,*,#7826,.F.);
#11794=ORIENTED_EDGE('',*,*,#7812,.F.);
#11795=ORIENTED_EDGE('',*,*,#7797,.F.);
#11796=ORIENTED_EDGE('',*,*,#7800,.F.);
#11797=ORIENTED_EDGE('',*,*,#7802,.F.);
#11798=ORIENTED_EDGE('',*,*,#7804,.F.);
#11799=ORIENTED_EDGE('',*,*,#7806,.F.);
#11800=ORIENTED_EDGE('',*,*,#7808,.F.);
#11801=ORIENTED_EDGE('',*,*,#7810,.F.);
#11802=ORIENTED_EDGE('',*,*,#7796,.F.);
#11803=ORIENTED_EDGE('',*,*,#7781,.F.);
#11804=ORIENTED_EDGE('',*,*,#7784,.F.);
#11805=ORIENTED_EDGE('',*,*,#7786,.F.);
#11806=ORIENTED_EDGE('',*,*,#7788,.F.);
#11807=ORIENTED_EDGE('',*,*,#7790,.F.);
#11808=ORIENTED_EDGE('',*,*,#7792,.F.);
#11809=ORIENTED_EDGE('',*,*,#7794,.F.);
#11810=ORIENTED_EDGE('',*,*,#7776,.F.);
#11811=ORIENTED_EDGE('',*,*,#7761,.F.);
#11812=ORIENTED_EDGE('',*,*,#7764,.F.);
#11813=ORIENTED_EDGE('',*,*,#7766,.F.);
#11814=ORIENTED_EDGE('',*,*,#7768,.F.);
#11815=ORIENTED_EDGE('',*,*,#7770,.F.);
#11816=ORIENTED_EDGE('',*,*,#7772,.F.);
#11817=ORIENTED_EDGE('',*,*,#7774,.F.);
#11818=ORIENTED_EDGE('',*,*,#7760,.F.);
#11819=ORIENTED_EDGE('',*,*,#7745,.F.);
#11820=ORIENTED_EDGE('',*,*,#7748,.F.);
#11821=ORIENTED_EDGE('',*,*,#7750,.F.);
#11822=ORIENTED_EDGE('',*,*,#7752,.F.);
#11823=ORIENTED_EDGE('',*,*,#7754,.F.);
#11824=ORIENTED_EDGE('',*,*,#7756,.F.);
#11825=ORIENTED_EDGE('',*,*,#7758,.F.);
#11826=ORIENTED_EDGE('',*,*,#7744,.F.);
#11827=ORIENTED_EDGE('',*,*,#7729,.F.);
#11828=ORIENTED_EDGE('',*,*,#7732,.F.);
#11829=ORIENTED_EDGE('',*,*,#7734,.F.);
#11830=ORIENTED_EDGE('',*,*,#7736,.F.);
#11831=ORIENTED_EDGE('',*,*,#7738,.F.);
#11832=ORIENTED_EDGE('',*,*,#7740,.F.);
#11833=ORIENTED_EDGE('',*,*,#7742,.F.);
#11834=ORIENTED_EDGE('',*,*,#7728,.F.);
#11835=ORIENTED_EDGE('',*,*,#7713,.F.);
#11836=ORIENTED_EDGE('',*,*,#7716,.F.);
#11837=ORIENTED_EDGE('',*,*,#7718,.F.);
#11838=ORIENTED_EDGE('',*,*,#7720,.F.);
#11839=ORIENTED_EDGE('',*,*,#7722,.F.);
#11840=ORIENTED_EDGE('',*,*,#7724,.F.);
#11841=ORIENTED_EDGE('',*,*,#7726,.F.);
#11842=ORIENTED_EDGE('',*,*,#7712,.F.);
#11843=ORIENTED_EDGE('',*,*,#7697,.F.);
#11844=ORIENTED_EDGE('',*,*,#7700,.F.);
#11845=ORIENTED_EDGE('',*,*,#7702,.F.);
#11846=ORIENTED_EDGE('',*,*,#7704,.F.);
#11847=ORIENTED_EDGE('',*,*,#7706,.F.);
#11848=ORIENTED_EDGE('',*,*,#7708,.F.);
#11849=ORIENTED_EDGE('',*,*,#7710,.F.);
#11850=ORIENTED_EDGE('',*,*,#7696,.F.);
#11851=ORIENTED_EDGE('',*,*,#7681,.F.);
#11852=ORIENTED_EDGE('',*,*,#7684,.F.);
#11853=ORIENTED_EDGE('',*,*,#7686,.F.);
#11854=ORIENTED_EDGE('',*,*,#7688,.F.);
#11855=ORIENTED_EDGE('',*,*,#7690,.F.);
#11856=ORIENTED_EDGE('',*,*,#7692,.F.);
#11857=ORIENTED_EDGE('',*,*,#7694,.F.);
#11858=ORIENTED_EDGE('',*,*,#7680,.F.);
#11859=ORIENTED_EDGE('',*,*,#7665,.F.);
#11860=ORIENTED_EDGE('',*,*,#7668,.F.);
#11861=ORIENTED_EDGE('',*,*,#7670,.F.);
#11862=ORIENTED_EDGE('',*,*,#7672,.F.);
#11863=ORIENTED_EDGE('',*,*,#7674,.F.);
#11864=ORIENTED_EDGE('',*,*,#7676,.F.);
#11865=ORIENTED_EDGE('',*,*,#7678,.F.);
#11866=ORIENTED_EDGE('',*,*,#7664,.F.);
#11867=ORIENTED_EDGE('',*,*,#7649,.F.);
#11868=ORIENTED_EDGE('',*,*,#7652,.F.);
#11869=ORIENTED_EDGE('',*,*,#7654,.F.);
#11870=ORIENTED_EDGE('',*,*,#7656,.F.);
#11871=ORIENTED_EDGE('',*,*,#7658,.F.);
#11872=ORIENTED_EDGE('',*,*,#7660,.F.);
#11873=ORIENTED_EDGE('',*,*,#7662,.F.);
#11874=ORIENTED_EDGE('',*,*,#7648,.F.);
#11875=ORIENTED_EDGE('',*,*,#7633,.F.);
#11876=ORIENTED_EDGE('',*,*,#7636,.F.);
#11877=ORIENTED_EDGE('',*,*,#7638,.F.);
#11878=ORIENTED_EDGE('',*,*,#7640,.F.);
#11879=ORIENTED_EDGE('',*,*,#7642,.F.);
#11880=ORIENTED_EDGE('',*,*,#7644,.F.);
#11881=ORIENTED_EDGE('',*,*,#7646,.F.);
#11882=ORIENTED_EDGE('',*,*,#7632,.F.);
#11883=ORIENTED_EDGE('',*,*,#7617,.F.);
#11884=ORIENTED_EDGE('',*,*,#7620,.F.);
#11885=ORIENTED_EDGE('',*,*,#7622,.F.);
#11886=ORIENTED_EDGE('',*,*,#7624,.F.);
#11887=ORIENTED_EDGE('',*,*,#7626,.F.);
#11888=ORIENTED_EDGE('',*,*,#7628,.F.);
#11889=ORIENTED_EDGE('',*,*,#7630,.F.);
#11890=ORIENTED_EDGE('',*,*,#7616,.F.);
#11891=ORIENTED_EDGE('',*,*,#7601,.F.);
#11892=ORIENTED_EDGE('',*,*,#7604,.F.);
#11893=ORIENTED_EDGE('',*,*,#7606,.F.);
#11894=ORIENTED_EDGE('',*,*,#7608,.F.);
#11895=ORIENTED_EDGE('',*,*,#7610,.F.);
#11896=ORIENTED_EDGE('',*,*,#7612,.F.);
#11897=ORIENTED_EDGE('',*,*,#7614,.F.);
#11898=ORIENTED_EDGE('',*,*,#7600,.F.);
#11899=ORIENTED_EDGE('',*,*,#7585,.F.);
#11900=ORIENTED_EDGE('',*,*,#7588,.F.);
#11901=ORIENTED_EDGE('',*,*,#7590,.F.);
#11902=ORIENTED_EDGE('',*,*,#7592,.F.);
#11903=ORIENTED_EDGE('',*,*,#7594,.F.);
#11904=ORIENTED_EDGE('',*,*,#7596,.F.);
#11905=ORIENTED_EDGE('',*,*,#7598,.F.);
#11906=ORIENTED_EDGE('',*,*,#7584,.F.);
#11907=ORIENTED_EDGE('',*,*,#7569,.F.);
#11908=ORIENTED_EDGE('',*,*,#7572,.F.);
#11909=ORIENTED_EDGE('',*,*,#7574,.F.);
#11910=ORIENTED_EDGE('',*,*,#7576,.F.);
#11911=ORIENTED_EDGE('',*,*,#7578,.F.);
#11912=ORIENTED_EDGE('',*,*,#7580,.F.);
#11913=ORIENTED_EDGE('',*,*,#7582,.F.);
#11914=ORIENTED_EDGE('',*,*,#7568,.F.);
#11915=ORIENTED_EDGE('',*,*,#7553,.F.);
#11916=ORIENTED_EDGE('',*,*,#7556,.F.);
#11917=ORIENTED_EDGE('',*,*,#7558,.F.);
#11918=ORIENTED_EDGE('',*,*,#7560,.F.);
#11919=ORIENTED_EDGE('',*,*,#7562,.F.);
#11920=ORIENTED_EDGE('',*,*,#7564,.F.);
#11921=ORIENTED_EDGE('',*,*,#7566,.F.);
#11922=ORIENTED_EDGE('',*,*,#7552,.F.);
#11923=ORIENTED_EDGE('',*,*,#7537,.F.);
#11924=ORIENTED_EDGE('',*,*,#7540,.F.);
#11925=ORIENTED_EDGE('',*,*,#7542,.F.);
#11926=ORIENTED_EDGE('',*,*,#7544,.F.);
#11927=ORIENTED_EDGE('',*,*,#7546,.F.);
#11928=ORIENTED_EDGE('',*,*,#7548,.F.);
#11929=ORIENTED_EDGE('',*,*,#7550,.F.);
#11930=ORIENTED_EDGE('',*,*,#7536,.F.);
#11931=ORIENTED_EDGE('',*,*,#7521,.F.);
#11932=ORIENTED_EDGE('',*,*,#7524,.F.);
#11933=ORIENTED_EDGE('',*,*,#7526,.F.);
#11934=ORIENTED_EDGE('',*,*,#7528,.F.);
#11935=ORIENTED_EDGE('',*,*,#7530,.F.);
#11936=ORIENTED_EDGE('',*,*,#7532,.F.);
#11937=ORIENTED_EDGE('',*,*,#7534,.F.);
#11938=ORIENTED_EDGE('',*,*,#7517,.F.);
#11939=ORIENTED_EDGE('',*,*,#7502,.F.);
#11940=ORIENTED_EDGE('',*,*,#7505,.F.);
#11941=ORIENTED_EDGE('',*,*,#7507,.F.);
#11942=ORIENTED_EDGE('',*,*,#7509,.F.);
#11943=ORIENTED_EDGE('',*,*,#7511,.F.);
#11944=ORIENTED_EDGE('',*,*,#7513,.F.);
#11945=ORIENTED_EDGE('',*,*,#7515,.F.);
#11946=ORIENTED_EDGE('',*,*,#7501,.F.);
#11947=ORIENTED_EDGE('',*,*,#7486,.F.);
#11948=ORIENTED_EDGE('',*,*,#7489,.F.);
#11949=ORIENTED_EDGE('',*,*,#7491,.F.);
#11950=ORIENTED_EDGE('',*,*,#7493,.F.);
#11951=ORIENTED_EDGE('',*,*,#7495,.F.);
#11952=ORIENTED_EDGE('',*,*,#7497,.F.);
#11953=ORIENTED_EDGE('',*,*,#7499,.F.);
#11954=ORIENTED_EDGE('',*,*,#7485,.F.);
#11955=ORIENTED_EDGE('',*,*,#7470,.F.);
#11956=ORIENTED_EDGE('',*,*,#7473,.F.);
#11957=ORIENTED_EDGE('',*,*,#7475,.F.);
#11958=ORIENTED_EDGE('',*,*,#7477,.F.);
#11959=ORIENTED_EDGE('',*,*,#7479,.F.);
#11960=ORIENTED_EDGE('',*,*,#7481,.F.);
#11961=ORIENTED_EDGE('',*,*,#7483,.F.);
#11962=ORIENTED_EDGE('',*,*,#7469,.F.);
#11963=ORIENTED_EDGE('',*,*,#7454,.F.);
#11964=ORIENTED_EDGE('',*,*,#7457,.F.);
#11965=ORIENTED_EDGE('',*,*,#7459,.F.);
#11966=ORIENTED_EDGE('',*,*,#7461,.F.);
#11967=ORIENTED_EDGE('',*,*,#7463,.F.);
#11968=ORIENTED_EDGE('',*,*,#7465,.F.);
#11969=ORIENTED_EDGE('',*,*,#7467,.F.);
#11970=ORIENTED_EDGE('',*,*,#7453,.F.);
#11971=ORIENTED_EDGE('',*,*,#7438,.F.);
#11972=ORIENTED_EDGE('',*,*,#7441,.F.);
#11973=ORIENTED_EDGE('',*,*,#7443,.F.);
#11974=ORIENTED_EDGE('',*,*,#7445,.F.);
#11975=ORIENTED_EDGE('',*,*,#7447,.F.);
#11976=ORIENTED_EDGE('',*,*,#7449,.F.);
#11977=ORIENTED_EDGE('',*,*,#7451,.F.);
#11978=ORIENTED_EDGE('',*,*,#7437,.F.);
#11979=ORIENTED_EDGE('',*,*,#7422,.F.);
#11980=ORIENTED_EDGE('',*,*,#7425,.F.);
#11981=ORIENTED_EDGE('',*,*,#7427,.F.);
#11982=ORIENTED_EDGE('',*,*,#7429,.F.);
#11983=ORIENTED_EDGE('',*,*,#7431,.F.);
#11984=ORIENTED_EDGE('',*,*,#7433,.F.);
#11985=ORIENTED_EDGE('',*,*,#7435,.F.);
#11986=ORIENTED_EDGE('',*,*,#7421,.F.);
#11987=ORIENTED_EDGE('',*,*,#7406,.F.);
#11988=ORIENTED_EDGE('',*,*,#7409,.F.);
#11989=ORIENTED_EDGE('',*,*,#7411,.F.);
#11990=ORIENTED_EDGE('',*,*,#7413,.F.);
#11991=ORIENTED_EDGE('',*,*,#7415,.F.);
#11992=ORIENTED_EDGE('',*,*,#7417,.F.);
#11993=ORIENTED_EDGE('',*,*,#7419,.F.);
#11994=ORIENTED_EDGE('',*,*,#7405,.F.);
#11995=ORIENTED_EDGE('',*,*,#7390,.F.);
#11996=ORIENTED_EDGE('',*,*,#7393,.F.);
#11997=ORIENTED_EDGE('',*,*,#7395,.F.);
#11998=ORIENTED_EDGE('',*,*,#7397,.F.);
#11999=ORIENTED_EDGE('',*,*,#7399,.F.);
#12000=ORIENTED_EDGE('',*,*,#7401,.F.);
#12001=ORIENTED_EDGE('',*,*,#7403,.F.);
#12002=ORIENTED_EDGE('',*,*,#7389,.F.);
#12003=ORIENTED_EDGE('',*,*,#7374,.F.);
#12004=ORIENTED_EDGE('',*,*,#7377,.F.);
#12005=ORIENTED_EDGE('',*,*,#7379,.F.);
#12006=ORIENTED_EDGE('',*,*,#7381,.F.);
#12007=ORIENTED_EDGE('',*,*,#7383,.F.);
#12008=ORIENTED_EDGE('',*,*,#7385,.F.);
#12009=ORIENTED_EDGE('',*,*,#7387,.F.);
#12010=ORIENTED_EDGE('',*,*,#7373,.F.);
#12011=ORIENTED_EDGE('',*,*,#7358,.F.);
#12012=ORIENTED_EDGE('',*,*,#7361,.F.);
#12013=ORIENTED_EDGE('',*,*,#7363,.F.);
#12014=ORIENTED_EDGE('',*,*,#7365,.F.);
#12015=ORIENTED_EDGE('',*,*,#7367,.F.);
#12016=ORIENTED_EDGE('',*,*,#7369,.F.);
#12017=ORIENTED_EDGE('',*,*,#7371,.F.);
#12018=ORIENTED_EDGE('',*,*,#7357,.F.);
#12019=ORIENTED_EDGE('',*,*,#7342,.F.);
#12020=ORIENTED_EDGE('',*,*,#7345,.F.);
#12021=ORIENTED_EDGE('',*,*,#7347,.F.);
#12022=ORIENTED_EDGE('',*,*,#7349,.F.);
#12023=ORIENTED_EDGE('',*,*,#7351,.F.);
#12024=ORIENTED_EDGE('',*,*,#7353,.F.);
#12025=ORIENTED_EDGE('',*,*,#7355,.F.);
#12026=ORIENTED_EDGE('',*,*,#7341,.F.);
#12027=ORIENTED_EDGE('',*,*,#7326,.F.);
#12028=ORIENTED_EDGE('',*,*,#7329,.F.);
#12029=ORIENTED_EDGE('',*,*,#7331,.F.);
#12030=ORIENTED_EDGE('',*,*,#7333,.F.);
#12031=ORIENTED_EDGE('',*,*,#7335,.F.);
#12032=ORIENTED_EDGE('',*,*,#7337,.F.);
#12033=ORIENTED_EDGE('',*,*,#7339,.F.);
#12034=ORIENTED_EDGE('',*,*,#7325,.F.);
#12035=ORIENTED_EDGE('',*,*,#7310,.F.);
#12036=ORIENTED_EDGE('',*,*,#7313,.F.);
#12037=ORIENTED_EDGE('',*,*,#7315,.F.);
#12038=ORIENTED_EDGE('',*,*,#7317,.F.);
#12039=ORIENTED_EDGE('',*,*,#7319,.F.);
#12040=ORIENTED_EDGE('',*,*,#7321,.F.);
#12041=ORIENTED_EDGE('',*,*,#7323,.F.);
#12042=ORIENTED_EDGE('',*,*,#7309,.F.);
#12043=ORIENTED_EDGE('',*,*,#7294,.F.);
#12044=ORIENTED_EDGE('',*,*,#7297,.F.);
#12045=ORIENTED_EDGE('',*,*,#7299,.F.);
#12046=ORIENTED_EDGE('',*,*,#7301,.F.);
#12047=ORIENTED_EDGE('',*,*,#7303,.F.);
#12048=ORIENTED_EDGE('',*,*,#7305,.F.);
#12049=ORIENTED_EDGE('',*,*,#7307,.F.);
#12050=ORIENTED_EDGE('',*,*,#7293,.F.);
#12051=ORIENTED_EDGE('',*,*,#7278,.F.);
#12052=ORIENTED_EDGE('',*,*,#7281,.F.);
#12053=ORIENTED_EDGE('',*,*,#7283,.F.);
#12054=ORIENTED_EDGE('',*,*,#7285,.F.);
#12055=ORIENTED_EDGE('',*,*,#7287,.F.);
#12056=ORIENTED_EDGE('',*,*,#7289,.F.);
#12057=ORIENTED_EDGE('',*,*,#7291,.F.);
#12058=ORIENTED_EDGE('',*,*,#7277,.F.);
#12059=ORIENTED_EDGE('',*,*,#7262,.F.);
#12060=ORIENTED_EDGE('',*,*,#7265,.F.);
#12061=ORIENTED_EDGE('',*,*,#7267,.F.);
#12062=ORIENTED_EDGE('',*,*,#7269,.F.);
#12063=ORIENTED_EDGE('',*,*,#7271,.F.);
#12064=ORIENTED_EDGE('',*,*,#7273,.F.);
#12065=ORIENTED_EDGE('',*,*,#7275,.F.);
#12066=ORIENTED_EDGE('',*,*,#7261,.F.);
#12067=ORIENTED_EDGE('',*,*,#7246,.F.);
#12068=ORIENTED_EDGE('',*,*,#7249,.F.);
#12069=ORIENTED_EDGE('',*,*,#7251,.F.);
#12070=ORIENTED_EDGE('',*,*,#7253,.F.);
#12071=ORIENTED_EDGE('',*,*,#7255,.F.);
#12072=ORIENTED_EDGE('',*,*,#7257,.F.);
#12073=ORIENTED_EDGE('',*,*,#7259,.F.);
#12074=ORIENTED_EDGE('',*,*,#7245,.F.);
#12075=ORIENTED_EDGE('',*,*,#7243,.F.);
#12076=ORIENTED_EDGE('',*,*,#7241,.F.);
#12077=CYLINDRICAL_SURFACE('',#13049,0.5);
#12078=CYLINDRICAL_SURFACE('',#13373,0.5);
#12079=CYLINDRICAL_SURFACE('',#13376,0.5);
#12080=CYLINDRICAL_SURFACE('',#13379,0.5);
#12081=CYLINDRICAL_SURFACE('',#13382,0.5);
#12082=CYLINDRICAL_SURFACE('',#13385,0.5);
#12083=CYLINDRICAL_SURFACE('',#13388,0.5);
#12084=CYLINDRICAL_SURFACE('',#13391,0.5);
#12085=CYLINDRICAL_SURFACE('',#13394,0.5);
#12086=CYLINDRICAL_SURFACE('',#13397,0.5);
#12087=CYLINDRICAL_SURFACE('',#13400,0.5);
#12088=CYLINDRICAL_SURFACE('',#13403,0.5);
#12089=CYLINDRICAL_SURFACE('',#13406,0.5);
#12090=CYLINDRICAL_SURFACE('',#13409,0.5);
#12091=CYLINDRICAL_SURFACE('',#13412,0.5);
#12092=CYLINDRICAL_SURFACE('',#13415,0.5);
#12093=CYLINDRICAL_SURFACE('',#13418,0.5);
#12094=CYLINDRICAL_SURFACE('',#13421,0.5);
#12095=CYLINDRICAL_SURFACE('',#13424,0.5);
#12096=CYLINDRICAL_SURFACE('',#13427,0.5);
#12097=CYLINDRICAL_SURFACE('',#13430,0.5);
#12098=CYLINDRICAL_SURFACE('',#13433,0.5);
#12099=CYLINDRICAL_SURFACE('',#13436,0.5);
#12100=CYLINDRICAL_SURFACE('',#13439,0.5);
#12101=CYLINDRICAL_SURFACE('',#13441,0.5);
#12102=CYLINDRICAL_SURFACE('',#13444,0.5);
#12103=CYLINDRICAL_SURFACE('',#13447,0.5);
#12104=CYLINDRICAL_SURFACE('',#13449,0.5);
#12105=CYLINDRICAL_SURFACE('',#13452,0.5);
#12106=CYLINDRICAL_SURFACE('',#13455,0.5);
#12107=CYLINDRICAL_SURFACE('',#13457,0.5);
#12108=CYLINDRICAL_SURFACE('',#13460,0.5);
#12109=CYLINDRICAL_SURFACE('',#13463,0.5);
#12110=CYLINDRICAL_SURFACE('',#13466,0.5);
#12111=CYLINDRICAL_SURFACE('',#13469,0.5);
#12112=CYLINDRICAL_SURFACE('',#13472,0.5);
#12113=CYLINDRICAL_SURFACE('',#13474,0.5);
#12114=CYLINDRICAL_SURFACE('',#13477,0.5);
#12115=CYLINDRICAL_SURFACE('',#13479,0.5);
#12116=CYLINDRICAL_SURFACE('',#13482,0.5);
#12117=CYLINDRICAL_SURFACE('',#13485,0.5);
#12118=CYLINDRICAL_SURFACE('',#13488,0.5);
#12119=CYLINDRICAL_SURFACE('',#13490,0.5);
#12120=CYLINDRICAL_SURFACE('',#13493,0.5);
#12121=CYLINDRICAL_SURFACE('',#13495,0.5);
#12122=CYLINDRICAL_SURFACE('',#13498,0.5);
#12123=CYLINDRICAL_SURFACE('',#13501,0.5);
#12124=CYLINDRICAL_SURFACE('',#13503,0.5);
#12125=CYLINDRICAL_SURFACE('',#13506,0.5);
#12126=CYLINDRICAL_SURFACE('',#13508,0.5);
#12127=CYLINDRICAL_SURFACE('',#13511,0.5);
#12128=CYLINDRICAL_SURFACE('',#13514,0.5);
#12129=CYLINDRICAL_SURFACE('',#13517,0.5);
#12130=CYLINDRICAL_SURFACE('',#13520,0.5);
#12131=CYLINDRICAL_SURFACE('',#13522,0.5);
#12132=CYLINDRICAL_SURFACE('',#13525,0.5);
#12133=CYLINDRICAL_SURFACE('',#13527,0.5);
#12134=CYLINDRICAL_SURFACE('',#13530,0.5);
#12135=CYLINDRICAL_SURFACE('',#13533,0.5);
#12136=CYLINDRICAL_SURFACE('',#13535,0.5);
#12137=CYLINDRICAL_SURFACE('',#13538,0.5);
#12138=CYLINDRICAL_SURFACE('',#13541,0.5);
#12139=CYLINDRICAL_SURFACE('',#13544,0.5);
#12140=CYLINDRICAL_SURFACE('',#13547,0.5);
#12141=CYLINDRICAL_SURFACE('',#13549,1.20000000000001);
#12142=CYLINDRICAL_SURFACE('',#13551,1.2);
#12143=CYLINDRICAL_SURFACE('',#13553,1.20000000000001);
#12144=CYLINDRICAL_SURFACE('',#13556,0.499999999999998);
#12145=CYLINDRICAL_SURFACE('',#13559,0.499999999999998);
#12146=CYLINDRICAL_SURFACE('',#13562,0.499999999999998);
#12147=CYLINDRICAL_SURFACE('',#13565,0.5);
#12148=CYLINDRICAL_SURFACE('',#13568,0.500000000000007);
#12149=CYLINDRICAL_SURFACE('',#13571,0.499999999999998);
#12150=CYLINDRICAL_SURFACE('',#13574,0.500000000000007);
#12151=CYLINDRICAL_SURFACE('',#13577,0.499999999999998);
#12152=CYLINDRICAL_SURFACE('',#13579,0.500000000000007);
#12153=CYLINDRICAL_SURFACE('',#13582,0.5);
#12154=CYLINDRICAL_SURFACE('',#13585,0.499999999999989);
#12155=CYLINDRICAL_SURFACE('',#13588,0.5);
#12156=CYLINDRICAL_SURFACE('',#13592,0.499999999999998);
#12157=CYLINDRICAL_SURFACE('',#13595,0.499999999999998);
#12158=CYLINDRICAL_SURFACE('',#13598,0.499999999999998);
#12159=CYLINDRICAL_SURFACE('',#13601,0.500000000000007);
#12160=CYLINDRICAL_SURFACE('',#13604,0.500000000000007);
#12161=CYLINDRICAL_SURFACE('',#13607,0.499999999999998);
#12162=CYLINDRICAL_SURFACE('',#13610,0.499999999999989);
#12163=CYLINDRICAL_SURFACE('',#13613,0.499999999999998);
#12164=CYLINDRICAL_SURFACE('',#13616,0.500000000000007);
#12165=CYLINDRICAL_SURFACE('',#13619,0.499999999999998);
#12166=CYLINDRICAL_SURFACE('',#13622,0.499999999999998);
#12167=CYLINDRICAL_SURFACE('',#13625,0.5);
#12168=CYLINDRICAL_SURFACE('',#13628,0.499999999999998);
#12169=CYLINDRICAL_SURFACE('',#13631,0.499999999999998);
#12170=CYLINDRICAL_SURFACE('',#13634,0.499999999999998);
#12171=CYLINDRICAL_SURFACE('',#13637,0.5);
#12172=CYLINDRICAL_SURFACE('',#13639,0.499999999999989);
#12173=CYLINDRICAL_SURFACE('',#13642,0.5);
#12174=CYLINDRICAL_SURFACE('',#13645,0.500000000000007);
#12175=CYLINDRICAL_SURFACE('',#13648,0.5);
#12176=CYLINDRICAL_SURFACE('',#13651,0.5);
#12177=CYLINDRICAL_SURFACE('',#13654,0.5);
#12178=CYLINDRICAL_SURFACE('',#13657,0.5);
#12179=CYLINDRICAL_SURFACE('',#13660,0.5);
#12180=CYLINDRICAL_SURFACE('',#13663,0.500000000000007);
#12181=CYLINDRICAL_SURFACE('',#13666,0.499999999999998);
#12182=CYLINDRICAL_SURFACE('',#13669,0.500000000000007);
#12183=CYLINDRICAL_SURFACE('',#13672,0.500000000000007);
#12184=CYLINDRICAL_SURFACE('',#13676,0.500000000000007);
#12185=CYLINDRICAL_SURFACE('',#13679,0.499999999999998);
#12186=CYLINDRICAL_SURFACE('',#13682,0.499999999999972);
#12187=CYLINDRICAL_SURFACE('',#13685,0.5);
#12188=CYLINDRICAL_SURFACE('',#13688,0.500000000000007);
#12189=CYLINDRICAL_SURFACE('',#13691,0.499999999999989);
#12190=CYLINDRICAL_SURFACE('',#13694,0.500000000000007);
#12191=CYLINDRICAL_SURFACE('',#13697,0.499999999999998);
#12192=CYLINDRICAL_SURFACE('',#13700,0.500000000000007);
#12193=CYLINDRICAL_SURFACE('',#13703,0.499999999999998);
#12194=CYLINDRICAL_SURFACE('',#13706,0.500000000000007);
#12195=CYLINDRICAL_SURFACE('',#13709,0.499999999999998);
#12196=CYLINDRICAL_SURFACE('',#13712,0.499999999999972);
#12197=CYLINDRICAL_SURFACE('',#13715,0.499999999999998);
#12198=CYLINDRICAL_SURFACE('',#13718,0.500000000000007);
#12199=CYLINDRICAL_SURFACE('',#13721,0.5);
#12200=CYLINDRICAL_SURFACE('',#13724,0.5);
#12201=CYLINDRICAL_SURFACE('',#13727,0.499999999999998);
#12202=CYLINDRICAL_SURFACE('',#13730,0.499999999999998);
#12203=CYLINDRICAL_SURFACE('',#13733,0.499999999999998);
#12204=CYLINDRICAL_SURFACE('',#13736,0.499999999999998);
#12205=CYLINDRICAL_SURFACE('',#13739,0.499999999999998);
#12206=CYLINDRICAL_SURFACE('',#13742,0.499999999999989);
#12207=CYLINDRICAL_SURFACE('',#13745,0.500000000000007);
#12208=CYLINDRICAL_SURFACE('',#13747,0.499999999999972);
#12209=CYLINDRICAL_SURFACE('',#13750,0.5);
#12210=CYLINDRICAL_SURFACE('',#13753,0.500000000000007);
#12211=CYLINDRICAL_SURFACE('',#13756,0.5);
#12212=CYLINDRICAL_SURFACE('',#13763,0.500000000000007);
#12213=CYLINDRICAL_SURFACE('',#13766,0.499999999999998);
#12214=CYLINDRICAL_SURFACE('',#13769,0.499999999999972);
#12215=CYLINDRICAL_SURFACE('',#13772,0.499999999999998);
#12216=CYLINDRICAL_SURFACE('',#13775,0.499999999999989);
#12217=CYLINDRICAL_SURFACE('',#13778,0.499999999999998);
#12218=CYLINDRICAL_SURFACE('',#13781,0.500000000000007);
#12219=CYLINDRICAL_SURFACE('',#13784,0.500000000000007);
#12220=CYLINDRICAL_SURFACE('',#13787,0.499999999999972);
#12221=CYLINDRICAL_SURFACE('',#13790,0.499999999999998);
#12222=CYLINDRICAL_SURFACE('',#13793,0.500000000000007);
#12223=CYLINDRICAL_SURFACE('',#13796,0.500000000000007);
#12224=CYLINDRICAL_SURFACE('',#13798,0.499999999999998);
#12225=CYLINDRICAL_SURFACE('',#13801,0.5);
#12226=CYLINDRICAL_SURFACE('',#13804,0.500000000000007);
#12227=CYLINDRICAL_SURFACE('',#13807,0.5);
#12228=CYLINDRICAL_SURFACE('',#13811,0.499999999999972);
#12229=CYLINDRICAL_SURFACE('',#13814,0.499999999999998);
#12230=CYLINDRICAL_SURFACE('',#13817,0.500000000000007);
#12231=CYLINDRICAL_SURFACE('',#13820,0.500000000000007);
#12232=CYLINDRICAL_SURFACE('',#13823,0.500000000000007);
#12233=CYLINDRICAL_SURFACE('',#13826,0.499999999999998);
#12234=CYLINDRICAL_SURFACE('',#13829,0.500000000000007);
#12235=CYLINDRICAL_SURFACE('',#13832,0.500000000000007);
#12236=CYLINDRICAL_SURFACE('',#13835,0.500000000000007);
#12237=CYLINDRICAL_SURFACE('',#13838,0.499999999999989);
#12238=CYLINDRICAL_SURFACE('',#13841,0.500000000000007);
#12239=CYLINDRICAL_SURFACE('',#13844,0.499999999999998);
#12240=CYLINDRICAL_SURFACE('',#13846,0.500000000000007);
#12241=CYLINDRICAL_SURFACE('',#13849,0.5);
#12242=CYLINDRICAL_SURFACE('',#13852,0.499999999999972);
#12243=CYLINDRICAL_SURFACE('',#13855,0.5);
#12244=CYLINDRICAL_SURFACE('',#13859,0.5);
#12245=CYLINDRICAL_SURFACE('',#13862,0.499999999999998);
#12246=CYLINDRICAL_SURFACE('',#13865,0.500000000000003);
#12247=CYLINDRICAL_SURFACE('',#13868,0.5);
#12248=CYLINDRICAL_SURFACE('',#13871,0.500000000000007);
#12249=CYLINDRICAL_SURFACE('',#13874,0.499999999999998);
#12250=CYLINDRICAL_SURFACE('',#13877,0.500000000000007);
#12251=CYLINDRICAL_SURFACE('',#13880,0.499999999999998);
#12252=CYLINDRICAL_SURFACE('',#13883,0.500000000000007);
#12253=CYLINDRICAL_SURFACE('',#13886,0.499999999999998);
#12254=CYLINDRICAL_SURFACE('',#13889,0.500000000000007);
#12255=CYLINDRICAL_SURFACE('',#13892,0.5);
#12256=CYLINDRICAL_SURFACE('',#13895,0.499999999999998);
#12257=CYLINDRICAL_SURFACE('',#13898,0.499999999999998);
#12258=CYLINDRICAL_SURFACE('',#13901,0.500000000000007);
#12259=CYLINDRICAL_SURFACE('',#13904,0.499999999999998);
#12260=CYLINDRICAL_SURFACE('',#13906,0.500000000000007);
#12261=CYLINDRICAL_SURFACE('',#13909,0.499999999999998);
#12262=CYLINDRICAL_SURFACE('',#13912,0.500000000000007);
#12263=CYLINDRICAL_SURFACE('',#13915,0.499999999999998);
#12264=CYLINDRICAL_SURFACE('',#13918,0.500000000000007);
#12265=CYLINDRICAL_SURFACE('',#13921,0.5);
#12266=CYLINDRICAL_SURFACE('',#13924,0.500000000000007);
#12267=CYLINDRICAL_SURFACE('',#13927,0.5);
#12268=CYLINDRICAL_SURFACE('',#13931,0.499999999999998);
#12269=CYLINDRICAL_SURFACE('',#13934,0.499999999999998);
#12270=CYLINDRICAL_SURFACE('',#13937,0.499999999999998);
#12271=CYLINDRICAL_SURFACE('',#13940,0.500000000000007);
#12272=CYLINDRICAL_SURFACE('',#13943,0.499999999999998);
#12273=CYLINDRICAL_SURFACE('',#13946,0.499999999999998);
#12274=CYLINDRICAL_SURFACE('',#13949,0.499999999999989);
#12275=CYLINDRICAL_SURFACE('',#13952,0.499999999999998);
#12276=CYLINDRICAL_SURFACE('',#13959,0.499999999999998);
#12277=CYLINDRICAL_SURFACE('',#13962,0.499999999999989);
#12278=CYLINDRICAL_SURFACE('',#13965,0.499999999999998);
#12279=CYLINDRICAL_SURFACE('',#13968,0.499999999999998);
#12280=CYLINDRICAL_SURFACE('',#13971,0.499999999999989);
#12281=CYLINDRICAL_SURFACE('',#13974,0.499999999999998);
#12282=CYLINDRICAL_SURFACE('',#13977,0.499999999999989);
#12283=CYLINDRICAL_SURFACE('',#13980,0.5);
#12284=CYLINDRICAL_SURFACE('',#13983,0.500000000000007);
#12285=CYLINDRICAL_SURFACE('',#13986,0.499999999999989);
#12286=CYLINDRICAL_SURFACE('',#13989,0.500000000000007);
#12287=CYLINDRICAL_SURFACE('',#13992,0.499999999999998);
#12288=CYLINDRICAL_SURFACE('',#13995,0.499999999999989);
#12289=CYLINDRICAL_SURFACE('',#13998,0.499999999999998);
#12290=CYLINDRICAL_SURFACE('',#14001,0.500000000000007);
#12291=CYLINDRICAL_SURFACE('',#14004,0.5);
#12292=CYLINDRICAL_SURFACE('',#14006,0.499999999999972);
#12293=CYLINDRICAL_SURFACE('',#14009,0.499999999999998);
#12294=CYLINDRICAL_SURFACE('',#14012,0.500000000000007);
#12295=CYLINDRICAL_SURFACE('',#14015,0.5);
#12296=CYLINDRICAL_SURFACE('',#14018,0.500000000000003);
#12297=CYLINDRICAL_SURFACE('',#14021,0.5);
#12298=CYLINDRICAL_SURFACE('',#14024,0.500000000000003);
#12299=CYLINDRICAL_SURFACE('',#14027,0.5);
#12300=CYLINDRICAL_SURFACE('',#14031,0.500000000000007);
#12301=CYLINDRICAL_SURFACE('',#14034,0.499999999999998);
#12302=CYLINDRICAL_SURFACE('',#14037,0.500000000000007);
#12303=CYLINDRICAL_SURFACE('',#14040,0.500000000000007);
#12304=CYLINDRICAL_SURFACE('',#14042,0.500000000000007);
#12305=CYLINDRICAL_SURFACE('',#14045,0.5);
#12306=CYLINDRICAL_SURFACE('',#14048,0.500000000000007);
#12307=CYLINDRICAL_SURFACE('',#14051,0.5);
#12308=CYLINDRICAL_SURFACE('',#14055,0.499999999999989);
#12309=CYLINDRICAL_SURFACE('',#14058,0.499999999999998);
#12310=CYLINDRICAL_SURFACE('',#14061,0.500000000000007);
#12311=CYLINDRICAL_SURFACE('',#14064,0.5);
#12312=CYLINDRICAL_SURFACE('',#14067,0.500000000000007);
#12313=CYLINDRICAL_SURFACE('',#14070,0.499999999999998);
#12314=CYLINDRICAL_SURFACE('',#14073,0.499999999999989);
#12315=CYLINDRICAL_SURFACE('',#14076,0.500000000000007);
#12316=CYLINDRICAL_SURFACE('',#14079,0.500000000000007);
#12317=CYLINDRICAL_SURFACE('',#14082,0.499999999999998);
#12318=CYLINDRICAL_SURFACE('',#14085,0.499999999999972);
#12319=CYLINDRICAL_SURFACE('',#14088,0.5);
#12320=CYLINDRICAL_SURFACE('',#14090,0.499999999999989);
#12321=CYLINDRICAL_SURFACE('',#14093,0.5);
#12322=CYLINDRICAL_SURFACE('',#14096,0.499999999999989);
#12323=CYLINDRICAL_SURFACE('',#14099,0.5);
#12324=CYLINDRICAL_SURFACE('',#14103,0.499999999999989);
#12325=CYLINDRICAL_SURFACE('',#14106,0.499999999999998);
#12326=CYLINDRICAL_SURFACE('',#14109,0.500000000000007);
#12327=CYLINDRICAL_SURFACE('',#14112,0.499999999999998);
#12328=CYLINDRICAL_SURFACE('',#14115,0.500000000000007);
#12329=CYLINDRICAL_SURFACE('',#14118,0.499999999999998);
#12330=CYLINDRICAL_SURFACE('',#14121,0.499999999999972);
#12331=CYLINDRICAL_SURFACE('',#14124,0.500000000000007);
#12332=CYLINDRICAL_SURFACE('',#14127,0.500000000000007);
#12333=CYLINDRICAL_SURFACE('',#14130,0.499999999999998);
#12334=CYLINDRICAL_SURFACE('',#14133,0.500000000000007);
#12335=CYLINDRICAL_SURFACE('',#14136,0.5);
#12336=CYLINDRICAL_SURFACE('',#14139,0.499999999999989);
#12337=CYLINDRICAL_SURFACE('',#14142,0.499999999999998);
#12338=CYLINDRICAL_SURFACE('',#14145,0.499999999999989);
#12339=CYLINDRICAL_SURFACE('',#14148,0.499999999999998);
#12340=CYLINDRICAL_SURFACE('',#14151,0.500000000000003);
#12341=CYLINDRICAL_SURFACE('',#14154,0.499999999999998);
#12342=CYLINDRICAL_SURFACE('',#14157,0.499999999999998);
#12343=CYLINDRICAL_SURFACE('',#14160,0.499999999999998);
#12344=CYLINDRICAL_SURFACE('',#14162,0.499999999999998);
#12345=CYLINDRICAL_SURFACE('',#14165,0.5);
#12346=CYLINDRICAL_SURFACE('',#14168,0.499999999999998);
#12347=CYLINDRICAL_SURFACE('',#14171,0.5);
#12348=CYLINDRICAL_SURFACE('',#14175,0.500000000000007);
#12349=CYLINDRICAL_SURFACE('',#14178,0.499999999999998);
#12350=CYLINDRICAL_SURFACE('',#14181,0.500000000000007);
#12351=CYLINDRICAL_SURFACE('',#14184,0.5);
#12352=CYLINDRICAL_SURFACE('',#14186,0.500000000000007);
#12353=CYLINDRICAL_SURFACE('',#14189,0.5);
#12354=CYLINDRICAL_SURFACE('',#14192,0.500000000000007);
#12355=CYLINDRICAL_SURFACE('',#14195,0.5);
#12356=CYLINDRICAL_SURFACE('',#14199,0.499999999999998);
#12357=CYLINDRICAL_SURFACE('',#14202,0.499999999999998);
#12358=CYLINDRICAL_SURFACE('',#14205,0.499999999999998);
#12359=CYLINDRICAL_SURFACE('',#14208,0.500000000000007);
#12360=CYLINDRICAL_SURFACE('',#14210,0.500000000000007);
#12361=CYLINDRICAL_SURFACE('',#14213,0.499999999999998);
#12362=CYLINDRICAL_SURFACE('',#14216,0.500000000000007);
#12363=CYLINDRICAL_SURFACE('',#14219,0.500000000000007);
#12364=CYLINDRICAL_SURFACE('',#14222,0.499999999999998);
#12365=CYLINDRICAL_SURFACE('',#14225,0.5);
#12366=CYLINDRICAL_SURFACE('',#14228,0.499999999999998);
#12367=CYLINDRICAL_SURFACE('',#14231,0.5);
#12368=CYLINDRICAL_SURFACE('',#14234,0.500000000000007);
#12369=CYLINDRICAL_SURFACE('',#14237,0.5);
#12370=CYLINDRICAL_SURFACE('',#14240,0.500000000000007);
#12371=CYLINDRICAL_SURFACE('',#14243,0.5);
#12372=CYLINDRICAL_SURFACE('',#14246,0.500000000000007);
#12373=CYLINDRICAL_SURFACE('',#14249,0.5);
#12374=CYLINDRICAL_SURFACE('',#14252,0.500000000000007);
#12375=CYLINDRICAL_SURFACE('',#14255,0.5);
#12376=CYLINDRICAL_SURFACE('',#14259,0.499999999999998);
#12377=CYLINDRICAL_SURFACE('',#14262,0.499999999999989);
#12378=CYLINDRICAL_SURFACE('',#14265,0.499999999999998);
#12379=CYLINDRICAL_SURFACE('',#14268,0.499999999999998);
#12380=CYLINDRICAL_SURFACE('',#14275,0.500000000000007);
#12381=CYLINDRICAL_SURFACE('',#14278,0.499999999999998);
#12382=CYLINDRICAL_SURFACE('',#14281,0.500000000000007);
#12383=CYLINDRICAL_SURFACE('',#14284,0.499999999999998);
#12384=CYLINDRICAL_SURFACE('',#14286,1.20000000000001);
#12385=CYLINDRICAL_SURFACE('',#14288,1.2);
#12386=CYLINDRICAL_SURFACE('',#14290,1.2);
#12387=CYLINDRICAL_SURFACE('',#14292,1.2);
#12388=CYLINDRICAL_SURFACE('',#14294,1.20000000000001);
#12389=CYLINDRICAL_SURFACE('',#14297,2.7);
#12390=CYLINDRICAL_SURFACE('',#14300,2.7);
#12391=CYLINDRICAL_SURFACE('',#14304,2.7);
#12392=CYLINDRICAL_SURFACE('',#14307,2.7);
#12393=CYLINDRICAL_SURFACE('',#14312,2.7);
#12394=CYLINDRICAL_SURFACE('',#14315,2.7);
#12395=CYLINDRICAL_SURFACE('',#14320,2.7);
#12396=CYLINDRICAL_SURFACE('',#14323,2.7);
#12397=ADVANCED_FACE('',(#481),#12077,.T.);
#12398=ADVANCED_FACE('',(#482),#163,.T.);
#12399=ADVANCED_FACE('',(#483,#15,#16,#17,#18,#19,#20,#21,#22,#23,#24,#25,
#26,#27,#28,#29,#30,#31,#32,#33,#34,#35,#36,#37,#38,#39,#40,#41,#42,#43,
#44,#45,#46,#47,#48,#49,#50,#51,#52,#53,#54,#55,#56,#57,#58,#59,#60,#61,
#62,#63,#64,#65,#66,#67,#68,#69,#70,#71,#72,#73,#74,#75,#76,#77,#78,#79,
#80,#81,#82,#83,#84,#85,#86,#87,#88),#164,.T.);
#12400=ADVANCED_FACE('',(#484),#12078,.T.);
#12401=ADVANCED_FACE('',(#485),#165,.T.);
#12402=ADVANCED_FACE('',(#486),#12079,.T.);
#12403=ADVANCED_FACE('',(#487),#166,.T.);
#12404=ADVANCED_FACE('',(#488),#12080,.T.);
#12405=ADVANCED_FACE('',(#489),#167,.T.);
#12406=ADVANCED_FACE('',(#490),#12081,.T.);
#12407=ADVANCED_FACE('',(#491),#168,.T.);
#12408=ADVANCED_FACE('',(#492),#12082,.T.);
#12409=ADVANCED_FACE('',(#493),#169,.T.);
#12410=ADVANCED_FACE('',(#494),#12083,.T.);
#12411=ADVANCED_FACE('',(#495),#170,.T.);
#12412=ADVANCED_FACE('',(#496),#12084,.T.);
#12413=ADVANCED_FACE('',(#497),#171,.T.);
#12414=ADVANCED_FACE('',(#498),#12085,.T.);
#12415=ADVANCED_FACE('',(#499),#172,.T.);
#12416=ADVANCED_FACE('',(#500),#12086,.T.);
#12417=ADVANCED_FACE('',(#501),#173,.T.);
#12418=ADVANCED_FACE('',(#502),#12087,.T.);
#12419=ADVANCED_FACE('',(#503),#174,.T.);
#12420=ADVANCED_FACE('',(#504),#12088,.T.);
#12421=ADVANCED_FACE('',(#505),#175,.T.);
#12422=ADVANCED_FACE('',(#506),#12089,.T.);
#12423=ADVANCED_FACE('',(#507),#176,.T.);
#12424=ADVANCED_FACE('',(#508),#12090,.T.);
#12425=ADVANCED_FACE('',(#509),#177,.T.);
#12426=ADVANCED_FACE('',(#510),#12091,.F.);
#12427=ADVANCED_FACE('',(#511),#178,.T.);
#12428=ADVANCED_FACE('',(#512),#12092,.F.);
#12429=ADVANCED_FACE('',(#513),#179,.T.);
#12430=ADVANCED_FACE('',(#514),#12093,.F.);
#12431=ADVANCED_FACE('',(#515),#180,.T.);
#12432=ADVANCED_FACE('',(#516),#12094,.F.);
#12433=ADVANCED_FACE('',(#517),#181,.T.);
#12434=ADVANCED_FACE('',(#518),#12095,.F.);
#12435=ADVANCED_FACE('',(#519),#182,.T.);
#12436=ADVANCED_FACE('',(#520),#12096,.F.);
#12437=ADVANCED_FACE('',(#521),#183,.T.);
#12438=ADVANCED_FACE('',(#522),#12097,.F.);
#12439=ADVANCED_FACE('',(#523),#184,.T.);
#12440=ADVANCED_FACE('',(#524),#12098,.F.);
#12441=ADVANCED_FACE('',(#525),#185,.T.);
#12442=ADVANCED_FACE('',(#526),#12099,.F.);
#12443=ADVANCED_FACE('',(#527),#186,.T.);
#12444=ADVANCED_FACE('',(#528),#12100,.F.);
#12445=ADVANCED_FACE('',(#529),#12101,.F.);
#12446=ADVANCED_FACE('',(#530),#187,.T.);
#12447=ADVANCED_FACE('',(#531),#12102,.F.);
#12448=ADVANCED_FACE('',(#532),#188,.T.);
#12449=ADVANCED_FACE('',(#533),#12103,.F.);
#12450=ADVANCED_FACE('',(#534),#12104,.F.);
#12451=ADVANCED_FACE('',(#535),#189,.T.);
#12452=ADVANCED_FACE('',(#536),#12105,.F.);
#12453=ADVANCED_FACE('',(#537),#190,.T.);
#12454=ADVANCED_FACE('',(#538),#12106,.F.);
#12455=ADVANCED_FACE('',(#539),#12107,.F.);
#12456=ADVANCED_FACE('',(#540),#191,.T.);
#12457=ADVANCED_FACE('',(#541),#12108,.F.);
#12458=ADVANCED_FACE('',(#542),#192,.T.);
#12459=ADVANCED_FACE('',(#543),#12109,.F.);
#12460=ADVANCED_FACE('',(#544),#193,.T.);
#12461=ADVANCED_FACE('',(#545),#12110,.F.);
#12462=ADVANCED_FACE('',(#546),#194,.T.);
#12463=ADVANCED_FACE('',(#547),#12111,.F.);
#12464=ADVANCED_FACE('',(#548),#195,.T.);
#12465=ADVANCED_FACE('',(#549),#12112,.F.);
#12466=ADVANCED_FACE('',(#550),#12113,.F.);
#12467=ADVANCED_FACE('',(#551),#196,.T.);
#12468=ADVANCED_FACE('',(#552),#12114,.F.);
#12469=ADVANCED_FACE('',(#553),#12115,.F.);
#12470=ADVANCED_FACE('',(#554),#197,.T.);
#12471=ADVANCED_FACE('',(#555),#12116,.F.);
#12472=ADVANCED_FACE('',(#556),#198,.T.);
#12473=ADVANCED_FACE('',(#557),#12117,.F.);
#12474=ADVANCED_FACE('',(#558),#199,.T.);
#12475=ADVANCED_FACE('',(#559),#12118,.F.);
#12476=ADVANCED_FACE('',(#560),#12119,.F.);
#12477=ADVANCED_FACE('',(#561),#200,.T.);
#12478=ADVANCED_FACE('',(#562),#12120,.F.);
#12479=ADVANCED_FACE('',(#563),#12121,.F.);
#12480=ADVANCED_FACE('',(#564),#201,.T.);
#12481=ADVANCED_FACE('',(#565),#12122,.F.);
#12482=ADVANCED_FACE('',(#566),#202,.T.);
#12483=ADVANCED_FACE('',(#567),#12123,.F.);
#12484=ADVANCED_FACE('',(#568),#12124,.F.);
#12485=ADVANCED_FACE('',(#569),#203,.T.);
#12486=ADVANCED_FACE('',(#570),#12125,.F.);
#12487=ADVANCED_FACE('',(#571),#12126,.F.);
#12488=ADVANCED_FACE('',(#572),#204,.T.);
#12489=ADVANCED_FACE('',(#573),#12127,.F.);
#12490=ADVANCED_FACE('',(#574),#205,.T.);
#12491=ADVANCED_FACE('',(#575),#12128,.F.);
#12492=ADVANCED_FACE('',(#576),#206,.T.);
#12493=ADVANCED_FACE('',(#577),#12129,.F.);
#12494=ADVANCED_FACE('',(#578),#207,.T.);
#12495=ADVANCED_FACE('',(#579),#12130,.F.);
#12496=ADVANCED_FACE('',(#580),#12131,.F.);
#12497=ADVANCED_FACE('',(#581),#208,.T.);
#12498=ADVANCED_FACE('',(#582),#12132,.F.);
#12499=ADVANCED_FACE('',(#583),#12133,.F.);
#12500=ADVANCED_FACE('',(#584),#209,.T.);
#12501=ADVANCED_FACE('',(#585),#12134,.F.);
#12502=ADVANCED_FACE('',(#586),#210,.T.);
#12503=ADVANCED_FACE('',(#587),#12135,.F.);
#12504=ADVANCED_FACE('',(#588),#12136,.F.);
#12505=ADVANCED_FACE('',(#589),#211,.T.);
#12506=ADVANCED_FACE('',(#590),#12137,.F.);
#12507=ADVANCED_FACE('',(#591),#212,.T.);
#12508=ADVANCED_FACE('',(#592),#12138,.F.);
#12509=ADVANCED_FACE('',(#593),#213,.T.);
#12510=ADVANCED_FACE('',(#594),#12139,.F.);
#12511=ADVANCED_FACE('',(#595),#214,.T.);
#12512=ADVANCED_FACE('',(#596),#12140,.F.);
#12513=ADVANCED_FACE('',(#597),#12141,.F.);
#12514=ADVANCED_FACE('',(#598),#12142,.F.);
#12515=ADVANCED_FACE('',(#599),#12143,.F.);
#12516=ADVANCED_FACE('',(#600),#215,.T.);
#12517=ADVANCED_FACE('',(#601),#12144,.F.);
#12518=ADVANCED_FACE('',(#602),#216,.T.);
#12519=ADVANCED_FACE('',(#603),#12145,.F.);
#12520=ADVANCED_FACE('',(#604),#217,.T.);
#12521=ADVANCED_FACE('',(#605),#12146,.F.);
#12522=ADVANCED_FACE('',(#606),#218,.T.);
#12523=ADVANCED_FACE('',(#607),#12147,.F.);
#12524=ADVANCED_FACE('',(#608),#219,.T.);
#12525=ADVANCED_FACE('',(#609),#12148,.F.);
#12526=ADVANCED_FACE('',(#610),#220,.T.);
#12527=ADVANCED_FACE('',(#611),#12149,.F.);
#12528=ADVANCED_FACE('',(#612),#221,.T.);
#12529=ADVANCED_FACE('',(#613),#12150,.F.);
#12530=ADVANCED_FACE('',(#614),#222,.T.);
#12531=ADVANCED_FACE('',(#615),#12151,.F.);
#12532=ADVANCED_FACE('',(#616),#12152,.F.);
#12533=ADVANCED_FACE('',(#617),#223,.T.);
#12534=ADVANCED_FACE('',(#618),#12153,.F.);
#12535=ADVANCED_FACE('',(#619),#224,.T.);
#12536=ADVANCED_FACE('',(#620),#12154,.F.);
#12537=ADVANCED_FACE('',(#621),#225,.T.);
#12538=ADVANCED_FACE('',(#622),#12155,.F.);
#12539=ADVANCED_FACE('',(#623),#226,.T.);
#12540=ADVANCED_FACE('',(#624),#227,.T.);
#12541=ADVANCED_FACE('',(#625),#12156,.F.);
#12542=ADVANCED_FACE('',(#626),#228,.T.);
#12543=ADVANCED_FACE('',(#627),#12157,.F.);
#12544=ADVANCED_FACE('',(#628),#229,.T.);
#12545=ADVANCED_FACE('',(#629),#12158,.F.);
#12546=ADVANCED_FACE('',(#630),#230,.T.);
#12547=ADVANCED_FACE('',(#631),#12159,.F.);
#12548=ADVANCED_FACE('',(#632),#231,.T.);
#12549=ADVANCED_FACE('',(#633),#12160,.F.);
#12550=ADVANCED_FACE('',(#634),#232,.T.);
#12551=ADVANCED_FACE('',(#635),#12161,.F.);
#12552=ADVANCED_FACE('',(#636),#233,.T.);
#12553=ADVANCED_FACE('',(#637),#12162,.F.);
#12554=ADVANCED_FACE('',(#638),#234,.T.);
#12555=ADVANCED_FACE('',(#639),#12163,.F.);
#12556=ADVANCED_FACE('',(#640),#235,.T.);
#12557=ADVANCED_FACE('',(#641),#12164,.F.);
#12558=ADVANCED_FACE('',(#642),#236,.T.);
#12559=ADVANCED_FACE('',(#643),#12165,.F.);
#12560=ADVANCED_FACE('',(#644),#237,.T.);
#12561=ADVANCED_FACE('',(#645),#12166,.F.);
#12562=ADVANCED_FACE('',(#646),#238,.T.);
#12563=ADVANCED_FACE('',(#647),#12167,.F.);
#12564=ADVANCED_FACE('',(#648),#239,.T.);
#12565=ADVANCED_FACE('',(#649),#12168,.F.);
#12566=ADVANCED_FACE('',(#650),#240,.T.);
#12567=ADVANCED_FACE('',(#651),#12169,.F.);
#12568=ADVANCED_FACE('',(#652),#241,.T.);
#12569=ADVANCED_FACE('',(#653),#12170,.F.);
#12570=ADVANCED_FACE('',(#654),#242,.T.);
#12571=ADVANCED_FACE('',(#655),#12171,.F.);
#12572=ADVANCED_FACE('',(#656),#12172,.F.);
#12573=ADVANCED_FACE('',(#657),#243,.T.);
#12574=ADVANCED_FACE('',(#658),#12173,.F.);
#12575=ADVANCED_FACE('',(#659),#244,.T.);
#12576=ADVANCED_FACE('',(#660),#12174,.F.);
#12577=ADVANCED_FACE('',(#661),#245,.T.);
#12578=ADVANCED_FACE('',(#662),#12175,.F.);
#12579=ADVANCED_FACE('',(#663),#246,.T.);
#12580=ADVANCED_FACE('',(#664),#12176,.F.);
#12581=ADVANCED_FACE('',(#665),#247,.T.);
#12582=ADVANCED_FACE('',(#666),#12177,.F.);
#12583=ADVANCED_FACE('',(#667),#248,.T.);
#12584=ADVANCED_FACE('',(#668),#12178,.F.);
#12585=ADVANCED_FACE('',(#669),#249,.T.);
#12586=ADVANCED_FACE('',(#670),#12179,.F.);
#12587=ADVANCED_FACE('',(#671),#250,.T.);
#12588=ADVANCED_FACE('',(#672),#12180,.F.);
#12589=ADVANCED_FACE('',(#673),#251,.T.);
#12590=ADVANCED_FACE('',(#674),#12181,.F.);
#12591=ADVANCED_FACE('',(#675),#252,.T.);
#12592=ADVANCED_FACE('',(#676),#12182,.F.);
#12593=ADVANCED_FACE('',(#677),#253,.T.);
#12594=ADVANCED_FACE('',(#678),#12183,.F.);
#12595=ADVANCED_FACE('',(#679),#254,.T.);
#12596=ADVANCED_FACE('',(#680),#255,.T.);
#12597=ADVANCED_FACE('',(#681),#12184,.F.);
#12598=ADVANCED_FACE('',(#682),#256,.T.);
#12599=ADVANCED_FACE('',(#683),#12185,.F.);
#12600=ADVANCED_FACE('',(#684),#257,.T.);
#12601=ADVANCED_FACE('',(#685),#12186,.F.);
#12602=ADVANCED_FACE('',(#686),#258,.T.);
#12603=ADVANCED_FACE('',(#687),#12187,.F.);
#12604=ADVANCED_FACE('',(#688),#259,.T.);
#12605=ADVANCED_FACE('',(#689),#12188,.F.);
#12606=ADVANCED_FACE('',(#690),#260,.T.);
#12607=ADVANCED_FACE('',(#691),#12189,.F.);
#12608=ADVANCED_FACE('',(#692),#261,.T.);
#12609=ADVANCED_FACE('',(#693),#12190,.F.);
#12610=ADVANCED_FACE('',(#694),#262,.T.);
#12611=ADVANCED_FACE('',(#695),#12191,.F.);
#12612=ADVANCED_FACE('',(#696),#263,.T.);
#12613=ADVANCED_FACE('',(#697),#12192,.F.);
#12614=ADVANCED_FACE('',(#698),#264,.T.);
#12615=ADVANCED_FACE('',(#699),#12193,.F.);
#12616=ADVANCED_FACE('',(#700),#265,.T.);
#12617=ADVANCED_FACE('',(#701),#12194,.F.);
#12618=ADVANCED_FACE('',(#702),#266,.T.);
#12619=ADVANCED_FACE('',(#703),#12195,.F.);
#12620=ADVANCED_FACE('',(#704),#267,.T.);
#12621=ADVANCED_FACE('',(#705),#12196,.F.);
#12622=ADVANCED_FACE('',(#706),#268,.T.);
#12623=ADVANCED_FACE('',(#707),#12197,.F.);
#12624=ADVANCED_FACE('',(#708),#269,.T.);
#12625=ADVANCED_FACE('',(#709),#12198,.F.);
#12626=ADVANCED_FACE('',(#710),#270,.T.);
#12627=ADVANCED_FACE('',(#711),#12199,.F.);
#12628=ADVANCED_FACE('',(#712),#271,.T.);
#12629=ADVANCED_FACE('',(#713),#12200,.F.);
#12630=ADVANCED_FACE('',(#714),#272,.T.);
#12631=ADVANCED_FACE('',(#715),#12201,.F.);
#12632=ADVANCED_FACE('',(#716),#273,.T.);
#12633=ADVANCED_FACE('',(#717),#12202,.F.);
#12634=ADVANCED_FACE('',(#718),#274,.T.);
#12635=ADVANCED_FACE('',(#719),#12203,.F.);
#12636=ADVANCED_FACE('',(#720),#275,.T.);
#12637=ADVANCED_FACE('',(#721),#12204,.F.);
#12638=ADVANCED_FACE('',(#722),#276,.T.);
#12639=ADVANCED_FACE('',(#723),#12205,.F.);
#12640=ADVANCED_FACE('',(#724),#277,.T.);
#12641=ADVANCED_FACE('',(#725),#12206,.F.);
#12642=ADVANCED_FACE('',(#726),#278,.T.);
#12643=ADVANCED_FACE('',(#727),#12207,.F.);
#12644=ADVANCED_FACE('',(#728),#12208,.F.);
#12645=ADVANCED_FACE('',(#729),#279,.T.);
#12646=ADVANCED_FACE('',(#730),#12209,.F.);
#12647=ADVANCED_FACE('',(#731),#280,.T.);
#12648=ADVANCED_FACE('',(#732),#12210,.F.);
#12649=ADVANCED_FACE('',(#733),#281,.T.);
#12650=ADVANCED_FACE('',(#734),#12211,.F.);
#12651=ADVANCED_FACE('',(#735),#282,.T.);
#12652=ADVANCED_FACE('',(#736),#283,.T.);
#12653=ADVANCED_FACE('',(#737),#284,.T.);
#12654=ADVANCED_FACE('',(#738),#285,.T.);
#12655=ADVANCED_FACE('',(#739),#286,.T.);
#12656=ADVANCED_FACE('',(#740),#12212,.F.);
#12657=ADVANCED_FACE('',(#741),#287,.T.);
#12658=ADVANCED_FACE('',(#742),#12213,.F.);
#12659=ADVANCED_FACE('',(#743),#288,.T.);
#12660=ADVANCED_FACE('',(#744),#12214,.F.);
#12661=ADVANCED_FACE('',(#745),#289,.T.);
#12662=ADVANCED_FACE('',(#746),#12215,.F.);
#12663=ADVANCED_FACE('',(#747),#290,.T.);
#12664=ADVANCED_FACE('',(#748),#12216,.F.);
#12665=ADVANCED_FACE('',(#749),#291,.T.);
#12666=ADVANCED_FACE('',(#750),#12217,.F.);
#12667=ADVANCED_FACE('',(#751),#292,.T.);
#12668=ADVANCED_FACE('',(#752),#12218,.F.);
#12669=ADVANCED_FACE('',(#753),#293,.T.);
#12670=ADVANCED_FACE('',(#754),#12219,.F.);
#12671=ADVANCED_FACE('',(#755),#294,.T.);
#12672=ADVANCED_FACE('',(#756),#12220,.F.);
#12673=ADVANCED_FACE('',(#757),#295,.T.);
#12674=ADVANCED_FACE('',(#758),#12221,.F.);
#12675=ADVANCED_FACE('',(#759),#296,.T.);
#12676=ADVANCED_FACE('',(#760),#12222,.F.);
#12677=ADVANCED_FACE('',(#761),#297,.T.);
#12678=ADVANCED_FACE('',(#762),#12223,.F.);
#12679=ADVANCED_FACE('',(#763),#12224,.F.);
#12680=ADVANCED_FACE('',(#764),#298,.T.);
#12681=ADVANCED_FACE('',(#765),#12225,.F.);
#12682=ADVANCED_FACE('',(#766),#299,.T.);
#12683=ADVANCED_FACE('',(#767),#12226,.F.);
#12684=ADVANCED_FACE('',(#768),#300,.T.);
#12685=ADVANCED_FACE('',(#769),#12227,.F.);
#12686=ADVANCED_FACE('',(#770),#301,.T.);
#12687=ADVANCED_FACE('',(#771),#302,.T.);
#12688=ADVANCED_FACE('',(#772),#12228,.F.);
#12689=ADVANCED_FACE('',(#773),#303,.T.);
#12690=ADVANCED_FACE('',(#774),#12229,.F.);
#12691=ADVANCED_FACE('',(#775),#304,.T.);
#12692=ADVANCED_FACE('',(#776),#12230,.F.);
#12693=ADVANCED_FACE('',(#777),#305,.T.);
#12694=ADVANCED_FACE('',(#778),#12231,.F.);
#12695=ADVANCED_FACE('',(#779),#306,.T.);
#12696=ADVANCED_FACE('',(#780),#12232,.F.);
#12697=ADVANCED_FACE('',(#781),#307,.T.);
#12698=ADVANCED_FACE('',(#782),#12233,.F.);
#12699=ADVANCED_FACE('',(#783),#308,.T.);
#12700=ADVANCED_FACE('',(#784),#12234,.F.);
#12701=ADVANCED_FACE('',(#785),#309,.T.);
#12702=ADVANCED_FACE('',(#786),#12235,.F.);
#12703=ADVANCED_FACE('',(#787),#310,.T.);
#12704=ADVANCED_FACE('',(#788),#12236,.F.);
#12705=ADVANCED_FACE('',(#789),#311,.T.);
#12706=ADVANCED_FACE('',(#790),#12237,.F.);
#12707=ADVANCED_FACE('',(#791),#312,.T.);
#12708=ADVANCED_FACE('',(#792),#12238,.F.);
#12709=ADVANCED_FACE('',(#793),#313,.T.);
#12710=ADVANCED_FACE('',(#794),#12239,.F.);
#12711=ADVANCED_FACE('',(#795),#12240,.F.);
#12712=ADVANCED_FACE('',(#796),#314,.T.);
#12713=ADVANCED_FACE('',(#797),#12241,.F.);
#12714=ADVANCED_FACE('',(#798),#315,.T.);
#12715=ADVANCED_FACE('',(#799),#12242,.F.);
#12716=ADVANCED_FACE('',(#800),#316,.T.);
#12717=ADVANCED_FACE('',(#801),#12243,.F.);
#12718=ADVANCED_FACE('',(#802),#317,.T.);
#12719=ADVANCED_FACE('',(#803),#318,.T.);
#12720=ADVANCED_FACE('',(#804),#12244,.F.);
#12721=ADVANCED_FACE('',(#805),#319,.T.);
#12722=ADVANCED_FACE('',(#806),#12245,.F.);
#12723=ADVANCED_FACE('',(#807),#320,.T.);
#12724=ADVANCED_FACE('',(#808),#12246,.F.);
#12725=ADVANCED_FACE('',(#809),#321,.T.);
#12726=ADVANCED_FACE('',(#810),#12247,.F.);
#12727=ADVANCED_FACE('',(#811),#322,.T.);
#12728=ADVANCED_FACE('',(#812),#12248,.F.);
#12729=ADVANCED_FACE('',(#813),#323,.T.);
#12730=ADVANCED_FACE('',(#814),#12249,.F.);
#12731=ADVANCED_FACE('',(#815),#324,.T.);
#12732=ADVANCED_FACE('',(#816),#12250,.F.);
#12733=ADVANCED_FACE('',(#817),#325,.T.);
#12734=ADVANCED_FACE('',(#818),#12251,.F.);
#12735=ADVANCED_FACE('',(#819),#326,.T.);
#12736=ADVANCED_FACE('',(#820),#12252,.F.);
#12737=ADVANCED_FACE('',(#821),#327,.T.);
#12738=ADVANCED_FACE('',(#822),#12253,.F.);
#12739=ADVANCED_FACE('',(#823),#328,.T.);
#12740=ADVANCED_FACE('',(#824),#12254,.F.);
#12741=ADVANCED_FACE('',(#825),#329,.T.);
#12742=ADVANCED_FACE('',(#826),#12255,.F.);
#12743=ADVANCED_FACE('',(#827),#330,.T.);
#12744=ADVANCED_FACE('',(#828),#12256,.F.);
#12745=ADVANCED_FACE('',(#829),#331,.T.);
#12746=ADVANCED_FACE('',(#830),#12257,.F.);
#12747=ADVANCED_FACE('',(#831),#332,.T.);
#12748=ADVANCED_FACE('',(#832),#12258,.F.);
#12749=ADVANCED_FACE('',(#833),#333,.T.);
#12750=ADVANCED_FACE('',(#834),#12259,.F.);
#12751=ADVANCED_FACE('',(#835),#12260,.F.);
#12752=ADVANCED_FACE('',(#836),#334,.T.);
#12753=ADVANCED_FACE('',(#837),#12261,.F.);
#12754=ADVANCED_FACE('',(#838),#335,.T.);
#12755=ADVANCED_FACE('',(#839),#12262,.F.);
#12756=ADVANCED_FACE('',(#840),#336,.T.);
#12757=ADVANCED_FACE('',(#841),#12263,.F.);
#12758=ADVANCED_FACE('',(#842),#337,.T.);
#12759=ADVANCED_FACE('',(#843),#12264,.F.);
#12760=ADVANCED_FACE('',(#844),#338,.T.);
#12761=ADVANCED_FACE('',(#845),#12265,.F.);
#12762=ADVANCED_FACE('',(#846),#339,.T.);
#12763=ADVANCED_FACE('',(#847),#12266,.F.);
#12764=ADVANCED_FACE('',(#848),#340,.T.);
#12765=ADVANCED_FACE('',(#849),#12267,.F.);
#12766=ADVANCED_FACE('',(#850),#341,.T.);
#12767=ADVANCED_FACE('',(#851),#342,.T.);
#12768=ADVANCED_FACE('',(#852),#12268,.F.);
#12769=ADVANCED_FACE('',(#853),#343,.T.);
#12770=ADVANCED_FACE('',(#854),#12269,.F.);
#12771=ADVANCED_FACE('',(#855),#344,.T.);
#12772=ADVANCED_FACE('',(#856),#12270,.F.);
#12773=ADVANCED_FACE('',(#857),#345,.T.);
#12774=ADVANCED_FACE('',(#858),#12271,.F.);
#12775=ADVANCED_FACE('',(#859),#346,.T.);
#12776=ADVANCED_FACE('',(#860),#12272,.F.);
#12777=ADVANCED_FACE('',(#861),#347,.T.);
#12778=ADVANCED_FACE('',(#862),#12273,.F.);
#12779=ADVANCED_FACE('',(#863),#348,.T.);
#12780=ADVANCED_FACE('',(#864),#12274,.F.);
#12781=ADVANCED_FACE('',(#865),#349,.T.);
#12782=ADVANCED_FACE('',(#866),#12275,.F.);
#12783=ADVANCED_FACE('',(#867),#350,.T.);
#12784=ADVANCED_FACE('',(#868),#351,.T.);
#12785=ADVANCED_FACE('',(#869),#352,.T.);
#12786=ADVANCED_FACE('',(#870),#353,.T.);
#12787=ADVANCED_FACE('',(#871),#354,.T.);
#12788=ADVANCED_FACE('',(#872),#12276,.F.);
#12789=ADVANCED_FACE('',(#873),#355,.T.);
#12790=ADVANCED_FACE('',(#874),#12277,.F.);
#12791=ADVANCED_FACE('',(#875),#356,.T.);
#12792=ADVANCED_FACE('',(#876),#12278,.F.);
#12793=ADVANCED_FACE('',(#877),#357,.T.);
#12794=ADVANCED_FACE('',(#878),#12279,.F.);
#12795=ADVANCED_FACE('',(#879),#358,.T.);
#12796=ADVANCED_FACE('',(#880),#12280,.F.);
#12797=ADVANCED_FACE('',(#881),#359,.T.);
#12798=ADVANCED_FACE('',(#882),#12281,.F.);
#12799=ADVANCED_FACE('',(#883),#360,.T.);
#12800=ADVANCED_FACE('',(#884),#12282,.F.);
#12801=ADVANCED_FACE('',(#885),#361,.T.);
#12802=ADVANCED_FACE('',(#886),#12283,.F.);
#12803=ADVANCED_FACE('',(#887),#362,.T.);
#12804=ADVANCED_FACE('',(#888),#12284,.F.);
#12805=ADVANCED_FACE('',(#889),#363,.T.);
#12806=ADVANCED_FACE('',(#890),#12285,.F.);
#12807=ADVANCED_FACE('',(#891),#364,.T.);
#12808=ADVANCED_FACE('',(#892),#12286,.F.);
#12809=ADVANCED_FACE('',(#893),#365,.T.);
#12810=ADVANCED_FACE('',(#894),#12287,.F.);
#12811=ADVANCED_FACE('',(#895),#366,.T.);
#12812=ADVANCED_FACE('',(#896),#12288,.F.);
#12813=ADVANCED_FACE('',(#897),#367,.T.);
#12814=ADVANCED_FACE('',(#898),#12289,.F.);
#12815=ADVANCED_FACE('',(#899),#368,.T.);
#12816=ADVANCED_FACE('',(#900),#12290,.F.);
#12817=ADVANCED_FACE('',(#901),#369,.T.);
#12818=ADVANCED_FACE('',(#902),#12291,.F.);
#12819=ADVANCED_FACE('',(#903),#12292,.F.);
#12820=ADVANCED_FACE('',(#904),#370,.T.);
#12821=ADVANCED_FACE('',(#905),#12293,.F.);
#12822=ADVANCED_FACE('',(#906),#371,.T.);
#12823=ADVANCED_FACE('',(#907),#12294,.F.);
#12824=ADVANCED_FACE('',(#908),#372,.T.);
#12825=ADVANCED_FACE('',(#909),#12295,.F.);
#12826=ADVANCED_FACE('',(#910),#373,.T.);
#12827=ADVANCED_FACE('',(#911),#12296,.F.);
#12828=ADVANCED_FACE('',(#912),#374,.T.);
#12829=ADVANCED_FACE('',(#913),#12297,.F.);
#12830=ADVANCED_FACE('',(#914),#375,.T.);
#12831=ADVANCED_FACE('',(#915),#12298,.F.);
#12832=ADVANCED_FACE('',(#916),#376,.T.);
#12833=ADVANCED_FACE('',(#917),#12299,.F.);
#12834=ADVANCED_FACE('',(#918),#377,.T.);
#12835=ADVANCED_FACE('',(#919),#378,.T.);
#12836=ADVANCED_FACE('',(#920),#12300,.F.);
#12837=ADVANCED_FACE('',(#921),#379,.T.);
#12838=ADVANCED_FACE('',(#922),#12301,.F.);
#12839=ADVANCED_FACE('',(#923),#380,.T.);
#12840=ADVANCED_FACE('',(#924),#12302,.F.);
#12841=ADVANCED_FACE('',(#925),#381,.T.);
#12842=ADVANCED_FACE('',(#926),#12303,.F.);
#12843=ADVANCED_FACE('',(#927),#12304,.F.);
#12844=ADVANCED_FACE('',(#928),#382,.T.);
#12845=ADVANCED_FACE('',(#929),#12305,.F.);
#12846=ADVANCED_FACE('',(#930),#383,.T.);
#12847=ADVANCED_FACE('',(#931),#12306,.F.);
#12848=ADVANCED_FACE('',(#932),#384,.T.);
#12849=ADVANCED_FACE('',(#933),#12307,.F.);
#12850=ADVANCED_FACE('',(#934),#385,.T.);
#12851=ADVANCED_FACE('',(#935),#386,.T.);
#12852=ADVANCED_FACE('',(#936),#12308,.F.);
#12853=ADVANCED_FACE('',(#937),#387,.T.);
#12854=ADVANCED_FACE('',(#938),#12309,.F.);
#12855=ADVANCED_FACE('',(#939),#388,.T.);
#12856=ADVANCED_FACE('',(#940),#12310,.F.);
#12857=ADVANCED_FACE('',(#941),#389,.T.);
#12858=ADVANCED_FACE('',(#942),#12311,.F.);
#12859=ADVANCED_FACE('',(#943),#390,.T.);
#12860=ADVANCED_FACE('',(#944),#12312,.F.);
#12861=ADVANCED_FACE('',(#945),#391,.T.);
#12862=ADVANCED_FACE('',(#946),#12313,.F.);
#12863=ADVANCED_FACE('',(#947),#392,.T.);
#12864=ADVANCED_FACE('',(#948),#12314,.F.);
#12865=ADVANCED_FACE('',(#949),#393,.T.);
#12866=ADVANCED_FACE('',(#950),#12315,.F.);
#12867=ADVANCED_FACE('',(#951),#394,.T.);
#12868=ADVANCED_FACE('',(#952),#12316,.F.);
#12869=ADVANCED_FACE('',(#953),#395,.T.);
#12870=ADVANCED_FACE('',(#954),#12317,.F.);
#12871=ADVANCED_FACE('',(#955),#396,.T.);
#12872=ADVANCED_FACE('',(#956),#12318,.F.);
#12873=ADVANCED_FACE('',(#957),#397,.T.);
#12874=ADVANCED_FACE('',(#958),#12319,.F.);
#12875=ADVANCED_FACE('',(#959),#12320,.F.);
#12876=ADVANCED_FACE('',(#960),#398,.T.);
#12877=ADVANCED_FACE('',(#961),#12321,.F.);
#12878=ADVANCED_FACE('',(#962),#399,.T.);
#12879=ADVANCED_FACE('',(#963),#12322,.F.);
#12880=ADVANCED_FACE('',(#964),#400,.T.);
#12881=ADVANCED_FACE('',(#965),#12323,.F.);
#12882=ADVANCED_FACE('',(#966),#401,.T.);
#12883=ADVANCED_FACE('',(#967),#402,.T.);
#12884=ADVANCED_FACE('',(#968),#12324,.F.);
#12885=ADVANCED_FACE('',(#969),#403,.T.);
#12886=ADVANCED_FACE('',(#970),#12325,.F.);
#12887=ADVANCED_FACE('',(#971),#404,.T.);
#12888=ADVANCED_FACE('',(#972),#12326,.F.);
#12889=ADVANCED_FACE('',(#973),#405,.T.);
#12890=ADVANCED_FACE('',(#974),#12327,.F.);
#12891=ADVANCED_FACE('',(#975),#406,.T.);
#12892=ADVANCED_FACE('',(#976),#12328,.F.);
#12893=ADVANCED_FACE('',(#977),#407,.T.);
#12894=ADVANCED_FACE('',(#978),#12329,.F.);
#12895=ADVANCED_FACE('',(#979),#408,.T.);
#12896=ADVANCED_FACE('',(#980),#12330,.F.);
#12897=ADVANCED_FACE('',(#981),#409,.T.);
#12898=ADVANCED_FACE('',(#982),#12331,.F.);
#12899=ADVANCED_FACE('',(#983),#410,.T.);
#12900=ADVANCED_FACE('',(#984),#12332,.F.);
#12901=ADVANCED_FACE('',(#985),#411,.T.);
#12902=ADVANCED_FACE('',(#986),#12333,.F.);
#12903=ADVANCED_FACE('',(#987),#412,.T.);
#12904=ADVANCED_FACE('',(#988),#12334,.F.);
#12905=ADVANCED_FACE('',(#989),#413,.T.);
#12906=ADVANCED_FACE('',(#990),#12335,.F.);
#12907=ADVANCED_FACE('',(#991),#414,.T.);
#12908=ADVANCED_FACE('',(#992),#12336,.F.);
#12909=ADVANCED_FACE('',(#993),#415,.T.);
#12910=ADVANCED_FACE('',(#994),#12337,.F.);
#12911=ADVANCED_FACE('',(#995),#416,.T.);
#12912=ADVANCED_FACE('',(#996),#12338,.F.);
#12913=ADVANCED_FACE('',(#997),#417,.T.);
#12914=ADVANCED_FACE('',(#998),#12339,.F.);
#12915=ADVANCED_FACE('',(#999),#418,.T.);
#12916=ADVANCED_FACE('',(#1000),#12340,.F.);
#12917=ADVANCED_FACE('',(#1001),#419,.T.);
#12918=ADVANCED_FACE('',(#1002),#12341,.F.);
#12919=ADVANCED_FACE('',(#1003),#420,.T.);
#12920=ADVANCED_FACE('',(#1004),#12342,.F.);
#12921=ADVANCED_FACE('',(#1005),#421,.T.);
#12922=ADVANCED_FACE('',(#1006),#12343,.F.);
#12923=ADVANCED_FACE('',(#1007),#12344,.F.);
#12924=ADVANCED_FACE('',(#1008),#422,.T.);
#12925=ADVANCED_FACE('',(#1009),#12345,.F.);
#12926=ADVANCED_FACE('',(#1010),#423,.T.);
#12927=ADVANCED_FACE('',(#1011),#12346,.F.);
#12928=ADVANCED_FACE('',(#1012),#424,.T.);
#12929=ADVANCED_FACE('',(#1013),#12347,.F.);
#12930=ADVANCED_FACE('',(#1014),#425,.T.);
#12931=ADVANCED_FACE('',(#1015),#426,.T.);
#12932=ADVANCED_FACE('',(#1016),#12348,.F.);
#12933=ADVANCED_FACE('',(#1017),#427,.T.);
#12934=ADVANCED_FACE('',(#1018),#12349,.F.);
#12935=ADVANCED_FACE('',(#1019),#428,.T.);
#12936=ADVANCED_FACE('',(#1020),#12350,.F.);
#12937=ADVANCED_FACE('',(#1021),#429,.T.);
#12938=ADVANCED_FACE('',(#1022),#12351,.F.);
#12939=ADVANCED_FACE('',(#1023),#12352,.F.);
#12940=ADVANCED_FACE('',(#1024),#430,.T.);
#12941=ADVANCED_FACE('',(#1025),#12353,.F.);
#12942=ADVANCED_FACE('',(#1026),#431,.T.);
#12943=ADVANCED_FACE('',(#1027),#12354,.F.);
#12944=ADVANCED_FACE('',(#1028),#432,.T.);
#12945=ADVANCED_FACE('',(#1029),#12355,.F.);
#12946=ADVANCED_FACE('',(#1030),#433,.T.);
#12947=ADVANCED_FACE('',(#1031),#434,.T.);
#12948=ADVANCED_FACE('',(#1032),#12356,.F.);
#12949=ADVANCED_FACE('',(#1033),#435,.T.);
#12950=ADVANCED_FACE('',(#1034),#12357,.F.);
#12951=ADVANCED_FACE('',(#1035),#436,.T.);
#12952=ADVANCED_FACE('',(#1036),#12358,.F.);
#12953=ADVANCED_FACE('',(#1037),#437,.T.);
#12954=ADVANCED_FACE('',(#1038),#12359,.F.);
#12955=ADVANCED_FACE('',(#1039),#12360,.F.);
#12956=ADVANCED_FACE('',(#1040),#438,.T.);
#12957=ADVANCED_FACE('',(#1041),#12361,.F.);
#12958=ADVANCED_FACE('',(#1042),#439,.T.);
#12959=ADVANCED_FACE('',(#1043),#12362,.F.);
#12960=ADVANCED_FACE('',(#1044),#440,.T.);
#12961=ADVANCED_FACE('',(#1045),#12363,.F.);
#12962=ADVANCED_FACE('',(#1046),#441,.T.);
#12963=ADVANCED_FACE('',(#1047),#12364,.F.);
#12964=ADVANCED_FACE('',(#1048),#442,.T.);
#12965=ADVANCED_FACE('',(#1049),#12365,.F.);
#12966=ADVANCED_FACE('',(#1050),#443,.T.);
#12967=ADVANCED_FACE('',(#1051),#12366,.F.);
#12968=ADVANCED_FACE('',(#1052),#444,.T.);
#12969=ADVANCED_FACE('',(#1053),#12367,.F.);
#12970=ADVANCED_FACE('',(#1054),#445,.T.);
#12971=ADVANCED_FACE('',(#1055),#12368,.F.);
#12972=ADVANCED_FACE('',(#1056),#446,.T.);
#12973=ADVANCED_FACE('',(#1057),#12369,.F.);
#12974=ADVANCED_FACE('',(#1058),#447,.T.);
#12975=ADVANCED_FACE('',(#1059),#12370,.F.);
#12976=ADVANCED_FACE('',(#1060),#448,.T.);
#12977=ADVANCED_FACE('',(#1061),#12371,.F.);
#12978=ADVANCED_FACE('',(#1062),#449,.T.);
#12979=ADVANCED_FACE('',(#1063),#12372,.F.);
#12980=ADVANCED_FACE('',(#1064),#450,.T.);
#12981=ADVANCED_FACE('',(#1065),#12373,.F.);
#12982=ADVANCED_FACE('',(#1066),#451,.T.);
#12983=ADVANCED_FACE('',(#1067),#12374,.F.);
#12984=ADVANCED_FACE('',(#1068),#452,.T.);
#12985=ADVANCED_FACE('',(#1069),#12375,.F.);
#12986=ADVANCED_FACE('',(#1070),#453,.T.);
#12987=ADVANCED_FACE('',(#1071),#454,.T.);
#12988=ADVANCED_FACE('',(#1072),#12376,.F.);
#12989=ADVANCED_FACE('',(#1073),#455,.T.);
#12990=ADVANCED_FACE('',(#1074),#12377,.F.);
#12991=ADVANCED_FACE('',(#1075),#456,.T.);
#12992=ADVANCED_FACE('',(#1076),#12378,.F.);
#12993=ADVANCED_FACE('',(#1077),#457,.T.);
#12994=ADVANCED_FACE('',(#1078),#12379,.F.);
#12995=ADVANCED_FACE('',(#1079),#458,.T.);
#12996=ADVANCED_FACE('',(#1080),#459,.T.);
#12997=ADVANCED_FACE('',(#1081),#460,.T.);
#12998=ADVANCED_FACE('',(#1082),#461,.T.);
#12999=ADVANCED_FACE('',(#1083),#462,.T.);
#13000=ADVANCED_FACE('',(#1084),#12380,.F.);
#13001=ADVANCED_FACE('',(#1085),#463,.T.);
#13002=ADVANCED_FACE('',(#1086),#12381,.F.);
#13003=ADVANCED_FACE('',(#1087),#464,.T.);
#13004=ADVANCED_FACE('',(#1088),#12382,.F.);
#13005=ADVANCED_FACE('',(#1089),#465,.T.);
#13006=ADVANCED_FACE('',(#1090),#12383,.F.);
#13007=ADVANCED_FACE('',(#1091),#12384,.F.);
#13008=ADVANCED_FACE('',(#1092),#12385,.F.);
#13009=ADVANCED_FACE('',(#1093),#12386,.F.);
#13010=ADVANCED_FACE('',(#1094),#12387,.F.);
#13011=ADVANCED_FACE('',(#1095),#12388,.F.);
#13012=ADVANCED_FACE('',(#1096),#466,.T.);
#13013=ADVANCED_FACE('',(#1097),#12389,.T.);
#13014=ADVANCED_FACE('',(#1098),#467,.T.);
#13015=ADVANCED_FACE('',(#1099),#12390,.T.);
#13016=ADVANCED_FACE('',(#1100),#468,.T.);
#13017=ADVANCED_FACE('',(#1101),#469,.T.);
#13018=ADVANCED_FACE('',(#1102),#12391,.T.);
#13019=ADVANCED_FACE('',(#1103),#470,.T.);
#13020=ADVANCED_FACE('',(#1104),#12392,.T.);
#13021=ADVANCED_FACE('',(#1105),#471,.T.);
#13022=ADVANCED_FACE('',(#1106),#472,.T.);
#13023=ADVANCED_FACE('',(#1107),#473,.T.);
#13024=ADVANCED_FACE('',(#1108),#12393,.T.);
#13025=ADVANCED_FACE('',(#1109),#474,.T.);
#13026=ADVANCED_FACE('',(#1110),#12394,.T.);
#13027=ADVANCED_FACE('',(#1111),#475,.T.);
#13028=ADVANCED_FACE('',(#1112),#476,.T.);
#13029=ADVANCED_FACE('',(#1113),#477,.T.);
#13030=ADVANCED_FACE('',(#1114),#12395,.T.);
#13031=ADVANCED_FACE('',(#1115),#478,.T.);
#13032=ADVANCED_FACE('',(#1116),#12396,.T.);
#13033=ADVANCED_FACE('',(#1117),#479,.T.);
#13034=ADVANCED_FACE('',(#1118,#89,#90,#91,#92,#93,#94,#95,#96,#97,#98,
#99,#100,#101,#102,#103,#104,#105,#106,#107,#108,#109,#110,#111,#112,#113,
#114,#115,#116,#117,#118,#119,#120,#121,#122,#123,#124,#125,#126,#127,#128,
#129,#130,#131,#132,#133,#134,#135,#136,#137,#138,#139,#140,#141,#142,#143,
#144,#145,#146,#147,#148,#149,#150,#151,#152,#153,#154,#155,#156,#157,#158,
#159,#160,#161,#162),#480,.F.);
#13035=CLOSED_SHELL('',(#12397,#12398,#12399,#12400,#12401,#12402,#12403,
#12404,#12405,#12406,#12407,#12408,#12409,#12410,#12411,#12412,#12413,#12414,
#12415,#12416,#12417,#12418,#12419,#12420,#12421,#12422,#12423,#12424,#12425,
#12426,#12427,#12428,#12429,#12430,#12431,#12432,#12433,#12434,#12435,#12436,
#12437,#12438,#12439,#12440,#12441,#12442,#12443,#12444,#12445,#12446,#12447,
#12448,#12449,#12450,#12451,#12452,#12453,#12454,#12455,#12456,#12457,#12458,
#12459,#12460,#12461,#12462,#12463,#12464,#12465,#12466,#12467,#12468,#12469,
#12470,#12471,#12472,#12473,#12474,#12475,#12476,#12477,#12478,#12479,#12480,
#12481,#12482,#12483,#12484,#12485,#12486,#12487,#12488,#12489,#12490,#12491,
#12492,#12493,#12494,#12495,#12496,#12497,#12498,#12499,#12500,#12501,#12502,
#12503,#12504,#12505,#12506,#12507,#12508,#12509,#12510,#12511,#12512,#12513,
#12514,#12515,#12516,#12517,#12518,#12519,#12520,#12521,#12522,#12523,#12524,
#12525,#12526,#12527,#12528,#12529,#12530,#12531,#12532,#12533,#12534,#12535,
#12536,#12537,#12538,#12539,#12540,#12541,#12542,#12543,#12544,#12545,#12546,
#12547,#12548,#12549,#12550,#12551,#12552,#12553,#12554,#12555,#12556,#12557,
#12558,#12559,#12560,#12561,#12562,#12563,#12564,#12565,#12566,#12567,#12568,
#12569,#12570,#12571,#12572,#12573,#12574,#12575,#12576,#12577,#12578,#12579,
#12580,#12581,#12582,#12583,#12584,#12585,#12586,#12587,#12588,#12589,#12590,
#12591,#12592,#12593,#12594,#12595,#12596,#12597,#12598,#12599,#12600,#12601,
#12602,#12603,#12604,#12605,#12606,#12607,#12608,#12609,#12610,#12611,#12612,
#12613,#12614,#12615,#12616,#12617,#12618,#12619,#12620,#12621,#12622,#12623,
#12624,#12625,#12626,#12627,#12628,#12629,#12630,#12631,#12632,#12633,#12634,
#12635,#12636,#12637,#12638,#12639,#12640,#12641,#12642,#12643,#12644,#12645,
#12646,#12647,#12648,#12649,#12650,#12651,#12652,#12653,#12654,#12655,#12656,
#12657,#12658,#12659,#12660,#12661,#12662,#12663,#12664,#12665,#12666,#12667,
#12668,#12669,#12670,#12671,#12672,#12673,#12674,#12675,#12676,#12677,#12678,
#12679,#12680,#12681,#12682,#12683,#12684,#12685,#12686,#12687,#12688,#12689,
#12690,#12691,#12692,#12693,#12694,#12695,#12696,#12697,#12698,#12699,#12700,
#12701,#12702,#12703,#12704,#12705,#12706,#12707,#12708,#12709,#12710,#12711,
#12712,#12713,#12714,#12715,#12716,#12717,#12718,#12719,#12720,#12721,#12722,
#12723,#12724,#12725,#12726,#12727,#12728,#12729,#12730,#12731,#12732,#12733,
#12734,#12735,#12736,#12737,#12738,#12739,#12740,#12741,#12742,#12743,#12744,
#12745,#12746,#12747,#12748,#12749,#12750,#12751,#12752,#12753,#12754,#12755,
#12756,#12757,#12758,#12759,#12760,#12761,#12762,#12763,#12764,#12765,#12766,
#12767,#12768,#12769,#12770,#12771,#12772,#12773,#12774,#12775,#12776,#12777,
#12778,#12779,#12780,#12781,#12782,#12783,#12784,#12785,#12786,#12787,#12788,
#12789,#12790,#12791,#12792,#12793,#12794,#12795,#12796,#12797,#12798,#12799,
#12800,#12801,#12802,#12803,#12804,#12805,#12806,#12807,#12808,#12809,#12810,
#12811,#12812,#12813,#12814,#12815,#12816,#12817,#12818,#12819,#12820,#12821,
#12822,#12823,#12824,#12825,#12826,#12827,#12828,#12829,#12830,#12831,#12832,
#12833,#12834,#12835,#12836,#12837,#12838,#12839,#12840,#12841,#12842,#12843,
#12844,#12845,#12846,#12847,#12848,#12849,#12850,#12851,#12852,#12853,#12854,
#12855,#12856,#12857,#12858,#12859,#12860,#12861,#12862,#12863,#12864,#12865,
#12866,#12867,#12868,#12869,#12870,#12871,#12872,#12873,#12874,#12875,#12876,
#12877,#12878,#12879,#12880,#12881,#12882,#12883,#12884,#12885,#12886,#12887,
#12888,#12889,#12890,#12891,#12892,#12893,#12894,#12895,#12896,#12897,#12898,
#12899,#12900,#12901,#12902,#12903,#12904,#12905,#12906,#12907,#12908,#12909,
#12910,#12911,#12912,#12913,#12914,#12915,#12916,#12917,#12918,#12919,#12920,
#12921,#12922,#12923,#12924,#12925,#12926,#12927,#12928,#12929,#12930,#12931,
#12932,#12933,#12934,#12935,#12936,#12937,#12938,#12939,#12940,#12941,#12942,
#12943,#12944,#12945,#12946,#12947,#12948,#12949,#12950,#12951,#12952,#12953,
#12954,#12955,#12956,#12957,#12958,#12959,#12960,#12961,#12962,#12963,#12964,
#12965,#12966,#12967,#12968,#12969,#12970,#12971,#12972,#12973,#12974,#12975,
#12976,#12977,#12978,#12979,#12980,#12981,#12982,#12983,#12984,#12985,#12986,
#12987,#12988,#12989,#12990,#12991,#12992,#12993,#12994,#12995,#12996,#12997,
#12998,#12999,#13000,#13001,#13002,#13003,#13004,#13005,#13006,#13007,#13008,
#13009,#13010,#13011,#13012,#13013,#13014,#13015,#13016,#13017,#13018,#13019,
#13020,#13021,#13022,#13023,#13024,#13025,#13026,#13027,#13028,#13029,#13030,
#13031,#13032,#13033,#13034));
#13036=DERIVED_UNIT_ELEMENT(#13038,1.);
#13037=DERIVED_UNIT_ELEMENT(#21977,-3.);
#13038=(
MASS_UNIT()
NAMED_UNIT(*)
SI_UNIT(.KILO.,.GRAM.)
);
#13039=DERIVED_UNIT((#13036,#13037));
#13040=MEASURE_REPRESENTATION_ITEM('density measure',
POSITIVE_RATIO_MEASURE(7850.),#13039);
#13041=PROPERTY_DEFINITION_REPRESENTATION(#13046,#13043);
#13042=PROPERTY_DEFINITION_REPRESENTATION(#13047,#13044);
#13043=REPRESENTATION('material name',(#13045),#21974);
#13044=REPRESENTATION('density',(#13040),#21974);
#13045=DESCRIPTIVE_REPRESENTATION_ITEM('Steel','Steel');
#13046=PROPERTY_DEFINITION('material property','material name',#21984);
#13047=PROPERTY_DEFINITION('material property','density of part',#21984);
#13048=AXIS2_PLACEMENT_3D('',#18153,#14327,#14328);
#13049=AXIS2_PLACEMENT_3D('',#18154,#14329,#14330);
#13050=AXIS2_PLACEMENT_3D('',#18157,#14331,#14332);
#13051=AXIS2_PLACEMENT_3D('',#18161,#14334,#14335);
#13052=AXIS2_PLACEMENT_3D('',#18163,#14337,#14338);
#13053=AXIS2_PLACEMENT_3D('',#18169,#14342,#14343);
#13054=AXIS2_PLACEMENT_3D('',#18173,#14345,#14346);
#13055=AXIS2_PLACEMENT_3D('',#18177,#14348,#14349);
#13056=AXIS2_PLACEMENT_3D('',#18181,#14351,#14352);
#13057=AXIS2_PLACEMENT_3D('',#18185,#14354,#14355);
#13058=AXIS2_PLACEMENT_3D('',#18189,#14357,#14358);
#13059=AXIS2_PLACEMENT_3D('',#18193,#14360,#14361);
#13060=AXIS2_PLACEMENT_3D('',#18197,#14363,#14364);
#13061=AXIS2_PLACEMENT_3D('',#18201,#14366,#14367);
#13062=AXIS2_PLACEMENT_3D('',#18207,#14370,#14371);
#13063=AXIS2_PLACEMENT_3D('',#18211,#14373,#14374);
#13064=AXIS2_PLACEMENT_3D('',#18215,#14376,#14377);
#13065=AXIS2_PLACEMENT_3D('',#18219,#14379,#14380);
#13066=AXIS2_PLACEMENT_3D('',#18225,#14383,#14384);
#13067=AXIS2_PLACEMENT_3D('',#18229,#14386,#14387);
#13068=AXIS2_PLACEMENT_3D('',#18233,#14389,#14390);
#13069=AXIS2_PLACEMENT_3D('',#18237,#14392,#14393);
#13070=AXIS2_PLACEMENT_3D('',#18241,#14395,#14396);
#13071=AXIS2_PLACEMENT_3D('',#18245,#14398,#14399);
#13072=AXIS2_PLACEMENT_3D('',#18251,#14402,#14403);
#13073=AXIS2_PLACEMENT_3D('',#18255,#14405,#14406);
#13074=AXIS2_PLACEMENT_3D('',#18259,#14408,#14409);
#13075=AXIS2_PLACEMENT_3D('',#18263,#14411,#14412);
#13076=AXIS2_PLACEMENT_3D('',#18268,#14415,#14416);
#13077=AXIS2_PLACEMENT_3D('',#18270,#14417,#14418);
#13078=AXIS2_PLACEMENT_3D('',#18272,#14419,#14420);
#13079=AXIS2_PLACEMENT_3D('',#18274,#14421,#14422);
#13080=AXIS2_PLACEMENT_3D('',#18276,#14423,#14424);
#13081=AXIS2_PLACEMENT_3D('',#18278,#14425,#14426);
#13082=AXIS2_PLACEMENT_3D('',#18281,#14427,#14428);
#13083=AXIS2_PLACEMENT_3D('',#18285,#14430,#14431);
#13084=AXIS2_PLACEMENT_3D('',#18289,#14433,#14434);
#13085=AXIS2_PLACEMENT_3D('',#18293,#14436,#14437);
#13086=AXIS2_PLACEMENT_3D('',#18297,#14439,#14440);
#13087=AXIS2_PLACEMENT_3D('',#18301,#14442,#14443);
#13088=AXIS2_PLACEMENT_3D('',#18305,#14445,#14446);
#13089=AXIS2_PLACEMENT_3D('',#18309,#14448,#14449);
#13090=AXIS2_PLACEMENT_3D('',#18313,#14451,#14452);
#13091=AXIS2_PLACEMENT_3D('',#18317,#14454,#14455);
#13092=AXIS2_PLACEMENT_3D('',#18321,#14457,#14458);
#13093=AXIS2_PLACEMENT_3D('',#18325,#14460,#14461);
#13094=AXIS2_PLACEMENT_3D('',#18329,#14463,#14464);
#13095=AXIS2_PLACEMENT_3D('',#18333,#14466,#14467);
#13096=AXIS2_PLACEMENT_3D('',#18337,#14469,#14470);
#13097=AXIS2_PLACEMENT_3D('',#18341,#14472,#14473);
#13098=AXIS2_PLACEMENT_3D('',#18345,#14475,#14476);
#13099=AXIS2_PLACEMENT_3D('',#18349,#14478,#14479);
#13100=AXIS2_PLACEMENT_3D('',#18353,#14481,#14482);
#13101=AXIS2_PLACEMENT_3D('',#18357,#14484,#14485);
#13102=AXIS2_PLACEMENT_3D('',#18361,#14487,#14488);
#13103=AXIS2_PLACEMENT_3D('',#18365,#14490,#14491);
#13104=AXIS2_PLACEMENT_3D('',#18369,#14493,#14494);
#13105=AXIS2_PLACEMENT_3D('',#18373,#14496,#14497);
#13106=AXIS2_PLACEMENT_3D('',#18379,#14500,#14501);
#13107=AXIS2_PLACEMENT_3D('',#18383,#14503,#14504);
#13108=AXIS2_PLACEMENT_3D('',#18387,#14506,#14507);
#13109=AXIS2_PLACEMENT_3D('',#18390,#14509,#14510);
#13110=AXIS2_PLACEMENT_3D('',#18395,#14512,#14513);
#13111=AXIS2_PLACEMENT_3D('',#18399,#14515,#14516);
#13112=AXIS2_PLACEMENT_3D('',#18403,#14518,#14519);
#13113=AXIS2_PLACEMENT_3D('',#18406,#14521,#14522);
#13114=AXIS2_PLACEMENT_3D('',#18411,#14524,#14525);
#13115=AXIS2_PLACEMENT_3D('',#18415,#14527,#14528);
#13116=AXIS2_PLACEMENT_3D('',#18419,#14530,#14531);
#13117=AXIS2_PLACEMENT_3D('',#18422,#14533,#14534);
#13118=AXIS2_PLACEMENT_3D('',#18427,#14536,#14537);
#13119=AXIS2_PLACEMENT_3D('',#18431,#14539,#14540);
#13120=AXIS2_PLACEMENT_3D('',#18435,#14542,#14543);
#13121=AXIS2_PLACEMENT_3D('',#18438,#14545,#14546);
#13122=AXIS2_PLACEMENT_3D('',#18441,#14547,#14548);
#13123=AXIS2_PLACEMENT_3D('',#18445,#14550,#14551);
#13124=AXIS2_PLACEMENT_3D('',#18449,#14553,#14554);
#13125=AXIS2_PLACEMENT_3D('',#18453,#14556,#14557);
#13126=AXIS2_PLACEMENT_3D('',#18459,#14560,#14561);
#13127=AXIS2_PLACEMENT_3D('',#18463,#14563,#14564);
#13128=AXIS2_PLACEMENT_3D('',#18467,#14566,#14567);
#13129=AXIS2_PLACEMENT_3D('',#18470,#14569,#14570);
#13130=AXIS2_PLACEMENT_3D('',#18473,#14571,#14572);
#13131=AXIS2_PLACEMENT_3D('',#18477,#14574,#14575);
#13132=AXIS2_PLACEMENT_3D('',#18481,#14577,#14578);
#13133=AXIS2_PLACEMENT_3D('',#18485,#14580,#14581);
#13134=AXIS2_PLACEMENT_3D('',#18491,#14584,#14585);
#13135=AXIS2_PLACEMENT_3D('',#18495,#14587,#14588);
#13136=AXIS2_PLACEMENT_3D('',#18499,#14590,#14591);
#13137=AXIS2_PLACEMENT_3D('',#18502,#14593,#14594);
#13138=AXIS2_PLACEMENT_3D('',#18505,#14595,#14596);
#13139=AXIS2_PLACEMENT_3D('',#18509,#14598,#14599);
#13140=AXIS2_PLACEMENT_3D('',#18513,#14601,#14602);
#13141=AXIS2_PLACEMENT_3D('',#18517,#14604,#14605);
#13142=AXIS2_PLACEMENT_3D('',#18521,#14607,#14608);
#13143=AXIS2_PLACEMENT_3D('',#18525,#14610,#14611);
#13144=AXIS2_PLACEMENT_3D('',#18529,#14613,#14614);
#13145=AXIS2_PLACEMENT_3D('',#18533,#14616,#14617);
#13146=AXIS2_PLACEMENT_3D('',#18537,#14619,#14620);
#13147=AXIS2_PLACEMENT_3D('',#18541,#14622,#14623);
#13148=AXIS2_PLACEMENT_3D('',#18545,#14625,#14626);
#13149=AXIS2_PLACEMENT_3D('',#18549,#14628,#14629);
#13150=AXIS2_PLACEMENT_3D('',#18553,#14631,#14632);
#13151=AXIS2_PLACEMENT_3D('',#18557,#14634,#14635);
#13152=AXIS2_PLACEMENT_3D('',#18561,#14637,#14638);
#13153=AXIS2_PLACEMENT_3D('',#18565,#14640,#14641);
#13154=AXIS2_PLACEMENT_3D('',#18569,#14643,#14644);
#13155=AXIS2_PLACEMENT_3D('',#18573,#14646,#14647);
#13156=AXIS2_PLACEMENT_3D('',#18577,#14649,#14650);
#13157=AXIS2_PLACEMENT_3D('',#18581,#14652,#14653);
#13158=AXIS2_PLACEMENT_3D('',#18587,#14656,#14657);
#13159=AXIS2_PLACEMENT_3D('',#18591,#14659,#14660);
#13160=AXIS2_PLACEMENT_3D('',#18595,#14662,#14663);
#13161=AXIS2_PLACEMENT_3D('',#18598,#14665,#14666);
#13162=AXIS2_PLACEMENT_3D('',#18601,#14667,#14668);
#13163=AXIS2_PLACEMENT_3D('',#18605,#14670,#14671);
#13164=AXIS2_PLACEMENT_3D('',#18609,#14673,#14674);
#13165=AXIS2_PLACEMENT_3D('',#18613,#14676,#14677);
#13166=AXIS2_PLACEMENT_3D('',#18617,#14679,#14680);
#13167=AXIS2_PLACEMENT_3D('',#18621,#14682,#14683);
#13168=AXIS2_PLACEMENT_3D('',#18625,#14685,#14686);
#13169=AXIS2_PLACEMENT_3D('',#18629,#14688,#14689);
#13170=AXIS2_PLACEMENT_3D('',#18633,#14691,#14692);
#13171=AXIS2_PLACEMENT_3D('',#18637,#14694,#14695);
#13172=AXIS2_PLACEMENT_3D('',#18641,#14697,#14698);
#13173=AXIS2_PLACEMENT_3D('',#18645,#14700,#14701);
#13174=AXIS2_PLACEMENT_3D('',#18651,#14704,#14705);
#13175=AXIS2_PLACEMENT_3D('',#18655,#14707,#14708);
#13176=AXIS2_PLACEMENT_3D('',#18659,#14710,#14711);
#13177=AXIS2_PLACEMENT_3D('',#18662,#14713,#14714);
#13178=AXIS2_PLACEMENT_3D('',#18665,#14715,#14716);
#13179=AXIS2_PLACEMENT_3D('',#18669,#14718,#14719);
#13180=AXIS2_PLACEMENT_3D('',#18673,#14721,#14722);
#13181=AXIS2_PLACEMENT_3D('',#18677,#14724,#14725);
#13182=AXIS2_PLACEMENT_3D('',#18683,#14728,#14729);
#13183=AXIS2_PLACEMENT_3D('',#18687,#14731,#14732);
#13184=AXIS2_PLACEMENT_3D('',#18691,#14734,#14735);
#13185=AXIS2_PLACEMENT_3D('',#18694,#14737,#14738);
#13186=AXIS2_PLACEMENT_3D('',#18699,#14740,#14741);
#13187=AXIS2_PLACEMENT_3D('',#18703,#14743,#14744);
#13188=AXIS2_PLACEMENT_3D('',#18707,#14746,#14747);
#13189=AXIS2_PLACEMENT_3D('',#18710,#14749,#14750);
#13190=AXIS2_PLACEMENT_3D('',#18713,#14751,#14752);
#13191=AXIS2_PLACEMENT_3D('',#18717,#14754,#14755);
#13192=AXIS2_PLACEMENT_3D('',#18721,#14757,#14758);
#13193=AXIS2_PLACEMENT_3D('',#18725,#14760,#14761);
#13194=AXIS2_PLACEMENT_3D('',#18729,#14763,#14764);
#13195=AXIS2_PLACEMENT_3D('',#18733,#14766,#14767);
#13196=AXIS2_PLACEMENT_3D('',#18737,#14769,#14770);
#13197=AXIS2_PLACEMENT_3D('',#18741,#14772,#14773);
#13198=AXIS2_PLACEMENT_3D('',#18745,#14775,#14776);
#13199=AXIS2_PLACEMENT_3D('',#18749,#14778,#14779);
#13200=AXIS2_PLACEMENT_3D('',#18753,#14781,#14782);
#13201=AXIS2_PLACEMENT_3D('',#18757,#14784,#14785);
#13202=AXIS2_PLACEMENT_3D('',#18761,#14787,#14788);
#13203=AXIS2_PLACEMENT_3D('',#18765,#14790,#14791);
#13204=AXIS2_PLACEMENT_3D('',#18769,#14793,#14794);
#13205=AXIS2_PLACEMENT_3D('',#18773,#14796,#14797);
#13206=AXIS2_PLACEMENT_3D('',#18777,#14799,#14800);
#13207=AXIS2_PLACEMENT_3D('',#18781,#14802,#14803);
#13208=AXIS2_PLACEMENT_3D('',#18785,#14805,#14806);
#13209=AXIS2_PLACEMENT_3D('',#18789,#14808,#14809);
#13210=AXIS2_PLACEMENT_3D('',#18793,#14811,#14812);
#13211=AXIS2_PLACEMENT_3D('',#18797,#14814,#14815);
#13212=AXIS2_PLACEMENT_3D('',#18801,#14817,#14818);
#13213=AXIS2_PLACEMENT_3D('',#18805,#14820,#14821);
#13214=AXIS2_PLACEMENT_3D('',#18809,#14823,#14824);
#13215=AXIS2_PLACEMENT_3D('',#18813,#14826,#14827);
#13216=AXIS2_PLACEMENT_3D('',#18817,#14829,#14830);
#13217=AXIS2_PLACEMENT_3D('',#18821,#14832,#14833);
#13218=AXIS2_PLACEMENT_3D('',#18825,#14835,#14836);
#13219=AXIS2_PLACEMENT_3D('',#18829,#14838,#14839);
#13220=AXIS2_PLACEMENT_3D('',#18833,#14841,#14842);
#13221=AXIS2_PLACEMENT_3D('',#18837,#14844,#14845);
#13222=AXIS2_PLACEMENT_3D('',#18841,#14847,#14848);
#13223=AXIS2_PLACEMENT_3D('',#18845,#14850,#14851);
#13224=AXIS2_PLACEMENT_3D('',#18849,#14853,#14854);
#13225=AXIS2_PLACEMENT_3D('',#18853,#14856,#14857);
#13226=AXIS2_PLACEMENT_3D('',#18857,#14859,#14860);
#13227=AXIS2_PLACEMENT_3D('',#18861,#14862,#14863);
#13228=AXIS2_PLACEMENT_3D('',#18865,#14865,#14866);
#13229=AXIS2_PLACEMENT_3D('',#18869,#14868,#14869);
#13230=AXIS2_PLACEMENT_3D('',#18875,#14872,#14873);
#13231=AXIS2_PLACEMENT_3D('',#18879,#14875,#14876);
#13232=AXIS2_PLACEMENT_3D('',#18883,#14878,#14879);
#13233=AXIS2_PLACEMENT_3D('',#18886,#14881,#14882);
#13234=AXIS2_PLACEMENT_3D('',#18891,#14884,#14885);
#13235=AXIS2_PLACEMENT_3D('',#18895,#14887,#14888);
#13236=AXIS2_PLACEMENT_3D('',#18899,#14890,#14891);
#13237=AXIS2_PLACEMENT_3D('',#18902,#14893,#14894);
#13238=AXIS2_PLACEMENT_3D('',#18905,#14895,#14896);
#13239=AXIS2_PLACEMENT_3D('',#18909,#14898,#14899);
#13240=AXIS2_PLACEMENT_3D('',#18913,#14901,#14902);
#13241=AXIS2_PLACEMENT_3D('',#18917,#14904,#14905);
#13242=AXIS2_PLACEMENT_3D('',#18921,#14907,#14908);
#13243=AXIS2_PLACEMENT_3D('',#18925,#14910,#14911);
#13244=AXIS2_PLACEMENT_3D('',#18929,#14913,#14914);
#13245=AXIS2_PLACEMENT_3D('',#18933,#14916,#14917);
#13246=AXIS2_PLACEMENT_3D('',#18937,#14919,#14920);
#13247=AXIS2_PLACEMENT_3D('',#18941,#14922,#14923);
#13248=AXIS2_PLACEMENT_3D('',#18945,#14925,#14926);
#13249=AXIS2_PLACEMENT_3D('',#18949,#14928,#14929);
#13250=AXIS2_PLACEMENT_3D('',#18953,#14931,#14932);
#13251=AXIS2_PLACEMENT_3D('',#18957,#14934,#14935);
#13252=AXIS2_PLACEMENT_3D('',#18961,#14937,#14938);
#13253=AXIS2_PLACEMENT_3D('',#18965,#14940,#14941);
#13254=AXIS2_PLACEMENT_3D('',#18971,#14944,#14945);
#13255=AXIS2_PLACEMENT_3D('',#18975,#14947,#14948);
#13256=AXIS2_PLACEMENT_3D('',#18979,#14950,#14951);
#13257=AXIS2_PLACEMENT_3D('',#18982,#14953,#14954);
#13258=AXIS2_PLACEMENT_3D('',#18985,#14955,#14956);
#13259=AXIS2_PLACEMENT_3D('',#18989,#14958,#14959);
#13260=AXIS2_PLACEMENT_3D('',#18993,#14961,#14962);
#13261=AXIS2_PLACEMENT_3D('',#18997,#14964,#14965);
#13262=AXIS2_PLACEMENT_3D('',#19001,#14967,#14968);
#13263=AXIS2_PLACEMENT_3D('',#19005,#14970,#14971);
#13264=AXIS2_PLACEMENT_3D('',#19009,#14973,#14974);
#13265=AXIS2_PLACEMENT_3D('',#19013,#14976,#14977);
#13266=AXIS2_PLACEMENT_3D('',#19017,#14979,#14980);
#13267=AXIS2_PLACEMENT_3D('',#19021,#14982,#14983);
#13268=AXIS2_PLACEMENT_3D('',#19025,#14985,#14986);
#13269=AXIS2_PLACEMENT_3D('',#19029,#14988,#14989);
#13270=AXIS2_PLACEMENT_3D('',#19035,#14992,#14993);
#13271=AXIS2_PLACEMENT_3D('',#19039,#14995,#14996);
#13272=AXIS2_PLACEMENT_3D('',#19043,#14998,#14999);
#13273=AXIS2_PLACEMENT_3D('',#19046,#15001,#15002);
#13274=AXIS2_PLACEMENT_3D('',#19049,#15003,#15004);
#13275=AXIS2_PLACEMENT_3D('',#19053,#15006,#15007);
#13276=AXIS2_PLACEMENT_3D('',#19057,#15009,#15010);
#13277=AXIS2_PLACEMENT_3D('',#19061,#15012,#15013);
#13278=AXIS2_PLACEMENT_3D('',#19065,#15015,#15016);
#13279=AXIS2_PLACEMENT_3D('',#19069,#15018,#15019);
#13280=AXIS2_PLACEMENT_3D('',#19073,#15021,#15022);
#13281=AXIS2_PLACEMENT_3D('',#19077,#15024,#15025);
#13282=AXIS2_PLACEMENT_3D('',#19081,#15027,#15028);
#13283=AXIS2_PLACEMENT_3D('',#19085,#15030,#15031);
#13284=AXIS2_PLACEMENT_3D('',#19089,#15033,#15034);
#13285=AXIS2_PLACEMENT_3D('',#19093,#15036,#15037);
#13286=AXIS2_PLACEMENT_3D('',#19097,#15039,#15040);
#13287=AXIS2_PLACEMENT_3D('',#19101,#15042,#15043);
#13288=AXIS2_PLACEMENT_3D('',#19105,#15045,#15046);
#13289=AXIS2_PLACEMENT_3D('',#19109,#15048,#15049);
#13290=AXIS2_PLACEMENT_3D('',#19113,#15051,#15052);
#13291=AXIS2_PLACEMENT_3D('',#19117,#15054,#15055);
#13292=AXIS2_PLACEMENT_3D('',#19121,#15057,#15058);
#13293=AXIS2_PLACEMENT_3D('',#19125,#15060,#15061);
#13294=AXIS2_PLACEMENT_3D('',#19129,#15063,#15064);
#13295=AXIS2_PLACEMENT_3D('',#19133,#15066,#15067);
#13296=AXIS2_PLACEMENT_3D('',#19137,#15069,#15070);
#13297=AXIS2_PLACEMENT_3D('',#19141,#15072,#15073);
#13298=AXIS2_PLACEMENT_3D('',#19145,#15075,#15076);
#13299=AXIS2_PLACEMENT_3D('',#19149,#15078,#15079);
#13300=AXIS2_PLACEMENT_3D('',#19153,#15081,#15082);
#13301=AXIS2_PLACEMENT_3D('',#19157,#15084,#15085);
#13302=AXIS2_PLACEMENT_3D('',#19163,#15088,#15089);
#13303=AXIS2_PLACEMENT_3D('',#19167,#15091,#15092);
#13304=AXIS2_PLACEMENT_3D('',#19171,#15094,#15095);
#13305=AXIS2_PLACEMENT_3D('',#19174,#15097,#15098);
#13306=AXIS2_PLACEMENT_3D('',#19177,#15099,#15100);
#13307=AXIS2_PLACEMENT_3D('',#19181,#15102,#15103);
#13308=AXIS2_PLACEMENT_3D('',#19185,#15105,#15106);
#13309=AXIS2_PLACEMENT_3D('',#19189,#15108,#15109);
#13310=AXIS2_PLACEMENT_3D('',#19193,#15111,#15112);
#13311=AXIS2_PLACEMENT_3D('',#19197,#15114,#15115);
#13312=AXIS2_PLACEMENT_3D('',#19201,#15117,#15118);
#13313=AXIS2_PLACEMENT_3D('',#19205,#15120,#15121);
#13314=AXIS2_PLACEMENT_3D('',#19209,#15123,#15124);
#13315=AXIS2_PLACEMENT_3D('',#19213,#15126,#15127);
#13316=AXIS2_PLACEMENT_3D('',#19217,#15129,#15130);
#13317=AXIS2_PLACEMENT_3D('',#19221,#15132,#15133);
#13318=AXIS2_PLACEMENT_3D('',#19225,#15135,#15136);
#13319=AXIS2_PLACEMENT_3D('',#19229,#15138,#15139);
#13320=AXIS2_PLACEMENT_3D('',#19233,#15141,#15142);
#13321=AXIS2_PLACEMENT_3D('',#19237,#15144,#15145);
#13322=AXIS2_PLACEMENT_3D('',#19241,#15147,#15148);
#13323=AXIS2_PLACEMENT_3D('',#19245,#15150,#15151);
#13324=AXIS2_PLACEMENT_3D('',#19249,#15153,#15154);
#13325=AXIS2_PLACEMENT_3D('',#19253,#15156,#15157);
#13326=AXIS2_PLACEMENT_3D('',#19257,#15159,#15160);
#13327=AXIS2_PLACEMENT_3D('',#19261,#15162,#15163);
#13328=AXIS2_PLACEMENT_3D('',#19265,#15165,#15166);
#13329=AXIS2_PLACEMENT_3D('',#19269,#15168,#15169);
#13330=AXIS2_PLACEMENT_3D('',#19275,#15172,#15173);
#13331=AXIS2_PLACEMENT_3D('',#19279,#15175,#15176);
#13332=AXIS2_PLACEMENT_3D('',#19283,#15178,#15179);
#13333=AXIS2_PLACEMENT_3D('',#19286,#15181,#15182);
#13334=AXIS2_PLACEMENT_3D('',#19291,#15184,#15185);
#13335=AXIS2_PLACEMENT_3D('',#19295,#15187,#15188);
#13336=AXIS2_PLACEMENT_3D('',#19299,#15190,#15191);
#13337=AXIS2_PLACEMENT_3D('',#19302,#15193,#15194);
#13338=AXIS2_PLACEMENT_3D('',#19307,#15196,#15197);
#13339=AXIS2_PLACEMENT_3D('',#19311,#15199,#15200);
#13340=AXIS2_PLACEMENT_3D('',#19315,#15202,#15203);
#13341=AXIS2_PLACEMENT_3D('',#19318,#15205,#15206);
#13342=AXIS2_PLACEMENT_3D('',#19321,#15207,#15208);
#13343=AXIS2_PLACEMENT_3D('',#19325,#15210,#15211);
#13344=AXIS2_PLACEMENT_3D('',#19329,#15213,#15214);
#13345=AXIS2_PLACEMENT_3D('',#19333,#15216,#15217);
#13346=AXIS2_PLACEMENT_3D('',#19337,#15219,#15220);
#13347=AXIS2_PLACEMENT_3D('',#19341,#15222,#15223);
#13348=AXIS2_PLACEMENT_3D('',#19345,#15225,#15226);
#13349=AXIS2_PLACEMENT_3D('',#19349,#15228,#15229);
#13350=AXIS2_PLACEMENT_3D('',#19353,#15231,#15232);
#13351=AXIS2_PLACEMENT_3D('',#19357,#15234,#15235);
#13352=AXIS2_PLACEMENT_3D('',#19361,#15237,#15238);
#13353=AXIS2_PLACEMENT_3D('',#19365,#15240,#15241);
#13354=AXIS2_PLACEMENT_3D('',#19369,#15243,#15244);
#13355=AXIS2_PLACEMENT_3D('',#19373,#15246,#15247);
#13356=AXIS2_PLACEMENT_3D('',#19377,#15249,#15250);
#13357=AXIS2_PLACEMENT_3D('',#19381,#15252,#15253);
#13358=AXIS2_PLACEMENT_3D('',#19387,#15256,#15257);
#13359=AXIS2_PLACEMENT_3D('',#19391,#15259,#15260);
#13360=AXIS2_PLACEMENT_3D('',#19395,#15262,#15263);
#13361=AXIS2_PLACEMENT_3D('',#19398,#15265,#15266);
#13362=AXIS2_PLACEMENT_3D('',#19401,#15267,#15268);
#13363=AXIS2_PLACEMENT_3D('',#19405,#15270,#15271);
#13364=AXIS2_PLACEMENT_3D('',#19409,#15273,#15274);
#13365=AXIS2_PLACEMENT_3D('',#19413,#15276,#15277);
#13366=AXIS2_PLACEMENT_3D('',#19417,#15279,#15280);
#13367=AXIS2_PLACEMENT_3D('',#19421,#15282,#15283);
#13368=AXIS2_PLACEMENT_3D('',#19425,#15285,#15286);
#13369=AXIS2_PLACEMENT_3D('',#19429,#15288,#15289);
#13370=AXIS2_PLACEMENT_3D('',#19432,#15291,#15292);
#13371=AXIS2_PLACEMENT_3D('',#19434,#15293,#15294);
#13372=AXIS2_PLACEMENT_3D('',#19436,#15295,#15296);
#13373=AXIS2_PLACEMENT_3D('',#19437,#15297,#15298);
#13374=AXIS2_PLACEMENT_3D('',#19441,#15300,#15301);
#13375=AXIS2_PLACEMENT_3D('',#19443,#15303,#15304);
#13376=AXIS2_PLACEMENT_3D('',#19447,#15307,#15308);
#13377=AXIS2_PLACEMENT_3D('',#19451,#15310,#15311);
#13378=AXIS2_PLACEMENT_3D('',#19453,#15313,#15314);
#13379=AXIS2_PLACEMENT_3D('',#19457,#15317,#15318);
#13380=AXIS2_PLACEMENT_3D('',#19461,#15320,#15321);
#13381=AXIS2_PLACEMENT_3D('',#19463,#15323,#15324);
#13382=AXIS2_PLACEMENT_3D('',#19467,#15327,#15328);
#13383=AXIS2_PLACEMENT_3D('',#19471,#15330,#15331);
#13384=AXIS2_PLACEMENT_3D('',#19473,#15333,#15334);
#13385=AXIS2_PLACEMENT_3D('',#19477,#15337,#15338);
#13386=AXIS2_PLACEMENT_3D('',#19481,#15340,#15341);
#13387=AXIS2_PLACEMENT_3D('',#19483,#15343,#15344);
#13388=AXIS2_PLACEMENT_3D('',#19487,#15347,#15348);
#13389=AXIS2_PLACEMENT_3D('',#19491,#15350,#15351);
#13390=AXIS2_PLACEMENT_3D('',#19493,#15353,#15354);
#13391=AXIS2_PLACEMENT_3D('',#19497,#15357,#15358);
#13392=AXIS2_PLACEMENT_3D('',#19501,#15360,#15361);
#13393=AXIS2_PLACEMENT_3D('',#19503,#15363,#15364);
#13394=AXIS2_PLACEMENT_3D('',#19507,#15367,#15368);
#13395=AXIS2_PLACEMENT_3D('',#19511,#15370,#15371);
#13396=AXIS2_PLACEMENT_3D('',#19513,#15373,#15374);
#13397=AXIS2_PLACEMENT_3D('',#19517,#15377,#15378);
#13398=AXIS2_PLACEMENT_3D('',#19521,#15380,#15381);
#13399=AXIS2_PLACEMENT_3D('',#19523,#15383,#15384);
#13400=AXIS2_PLACEMENT_3D('',#19527,#15387,#15388);
#13401=AXIS2_PLACEMENT_3D('',#19531,#15390,#15391);
#13402=AXIS2_PLACEMENT_3D('',#19533,#15393,#15394);
#13403=AXIS2_PLACEMENT_3D('',#19537,#15397,#15398);
#13404=AXIS2_PLACEMENT_3D('',#19541,#15400,#15401);
#13405=AXIS2_PLACEMENT_3D('',#19543,#15403,#15404);
#13406=AXIS2_PLACEMENT_3D('',#19547,#15407,#15408);
#13407=AXIS2_PLACEMENT_3D('',#19551,#15410,#15411);
#13408=AXIS2_PLACEMENT_3D('',#19553,#15413,#15414);
#13409=AXIS2_PLACEMENT_3D('',#19557,#15417,#15418);
#13410=AXIS2_PLACEMENT_3D('',#19561,#15420,#15421);
#13411=AXIS2_PLACEMENT_3D('',#19563,#15423,#15424);
#13412=AXIS2_PLACEMENT_3D('',#19567,#15427,#15428);
#13413=AXIS2_PLACEMENT_3D('',#19570,#15429,#15430);
#13414=AXIS2_PLACEMENT_3D('',#19573,#15433,#15434);
#13415=AXIS2_PLACEMENT_3D('',#19577,#15437,#15438);
#13416=AXIS2_PLACEMENT_3D('',#19580,#15439,#15440);
#13417=AXIS2_PLACEMENT_3D('',#19583,#15443,#15444);
#13418=AXIS2_PLACEMENT_3D('',#19587,#15447,#15448);
#13419=AXIS2_PLACEMENT_3D('',#19590,#15449,#15450);
#13420=AXIS2_PLACEMENT_3D('',#19593,#15453,#15454);
#13421=AXIS2_PLACEMENT_3D('',#19597,#15457,#15458);
#13422=AXIS2_PLACEMENT_3D('',#19600,#15459,#15460);
#13423=AXIS2_PLACEMENT_3D('',#19603,#15463,#15464);
#13424=AXIS2_PLACEMENT_3D('',#19605,#15466,#15467);
#13425=AXIS2_PLACEMENT_3D('',#19608,#15468,#15469);
#13426=AXIS2_PLACEMENT_3D('',#19611,#15472,#15473);
#13427=AXIS2_PLACEMENT_3D('',#19615,#15476,#15477);
#13428=AXIS2_PLACEMENT_3D('',#19618,#15478,#15479);
#13429=AXIS2_PLACEMENT_3D('',#19621,#15482,#15483);
#13430=AXIS2_PLACEMENT_3D('',#19625,#15486,#15487);
#13431=AXIS2_PLACEMENT_3D('',#19628,#15488,#15489);
#13432=AXIS2_PLACEMENT_3D('',#19631,#15492,#15493);
#13433=AXIS2_PLACEMENT_3D('',#19633,#15495,#15496);
#13434=AXIS2_PLACEMENT_3D('',#19636,#15497,#15498);
#13435=AXIS2_PLACEMENT_3D('',#19639,#15501,#15502);
#13436=AXIS2_PLACEMENT_3D('',#19643,#15505,#15506);
#13437=AXIS2_PLACEMENT_3D('',#19646,#15507,#15508);
#13438=AXIS2_PLACEMENT_3D('',#19649,#15511,#15512);
#13439=AXIS2_PLACEMENT_3D('',#19653,#15515,#15516);
#13440=AXIS2_PLACEMENT_3D('',#19655,#15517,#15518);
#13441=AXIS2_PLACEMENT_3D('',#19657,#15520,#15521);
#13442=AXIS2_PLACEMENT_3D('',#19660,#15522,#15523);
#13443=AXIS2_PLACEMENT_3D('',#19663,#15526,#15527);
#13444=AXIS2_PLACEMENT_3D('',#19667,#15530,#15531);
#13445=AXIS2_PLACEMENT_3D('',#19670,#15532,#15533);
#13446=AXIS2_PLACEMENT_3D('',#19673,#15536,#15537);
#13447=AXIS2_PLACEMENT_3D('',#19675,#15539,#15540);
#13448=AXIS2_PLACEMENT_3D('',#19677,#15541,#15542);
#13449=AXIS2_PLACEMENT_3D('',#19679,#15544,#15545);
#13450=AXIS2_PLACEMENT_3D('',#19681,#15546,#15547);
#13451=AXIS2_PLACEMENT_3D('',#19683,#15549,#15550);
#13452=AXIS2_PLACEMENT_3D('',#19687,#15553,#15554);
#13453=AXIS2_PLACEMENT_3D('',#19689,#15555,#15556);
#13454=AXIS2_PLACEMENT_3D('',#19691,#15558,#15559);
#13455=AXIS2_PLACEMENT_3D('',#19695,#15562,#15563);
#13456=AXIS2_PLACEMENT_3D('',#19696,#15564,#15565);
#13457=AXIS2_PLACEMENT_3D('',#19697,#15566,#15567);
#13458=AXIS2_PLACEMENT_3D('',#19700,#15568,#15569);
#13459=AXIS2_PLACEMENT_3D('',#19703,#15572,#15573);
#13460=AXIS2_PLACEMENT_3D('',#19707,#15576,#15577);
#13461=AXIS2_PLACEMENT_3D('',#19710,#15578,#15579);
#13462=AXIS2_PLACEMENT_3D('',#19713,#15582,#15583);
#13463=AXIS2_PLACEMENT_3D('',#19715,#15585,#15586);
#13464=AXIS2_PLACEMENT_3D('',#19718,#15587,#15588);
#13465=AXIS2_PLACEMENT_3D('',#19721,#15591,#15592);
#13466=AXIS2_PLACEMENT_3D('',#19723,#15594,#15595);
#13467=AXIS2_PLACEMENT_3D('',#19725,#15596,#15597);
#13468=AXIS2_PLACEMENT_3D('',#19727,#15599,#15600);
#13469=AXIS2_PLACEMENT_3D('',#19729,#15602,#15603);
#13470=AXIS2_PLACEMENT_3D('',#19732,#15604,#15605);
#13471=AXIS2_PLACEMENT_3D('',#19735,#15608,#15609);
#13472=AXIS2_PLACEMENT_3D('',#19739,#15612,#15613);
#13473=AXIS2_PLACEMENT_3D('',#19740,#15614,#15615);
#13474=AXIS2_PLACEMENT_3D('',#19741,#15616,#15617);
#13475=AXIS2_PLACEMENT_3D('',#19744,#15618,#15619);
#13476=AXIS2_PLACEMENT_3D('',#19747,#15622,#15623);
#13477=AXIS2_PLACEMENT_3D('',#19751,#15626,#15627);
#13478=AXIS2_PLACEMENT_3D('',#19753,#15628,#15629);
#13479=AXIS2_PLACEMENT_3D('',#19755,#15631,#15632);
#13480=AXIS2_PLACEMENT_3D('',#19758,#15633,#15634);
#13481=AXIS2_PLACEMENT_3D('',#19761,#15637,#15638);
#13482=AXIS2_PLACEMENT_3D('',#19763,#15640,#15641);
#13483=AXIS2_PLACEMENT_3D('',#19765,#15642,#15643);
#13484=AXIS2_PLACEMENT_3D('',#19767,#15645,#15646);
#13485=AXIS2_PLACEMENT_3D('',#19769,#15648,#15649);
#13486=AXIS2_PLACEMENT_3D('',#19772,#15650,#15651);
#13487=AXIS2_PLACEMENT_3D('',#19775,#15654,#15655);
#13488=AXIS2_PLACEMENT_3D('',#19779,#15658,#15659);
#13489=AXIS2_PLACEMENT_3D('',#19780,#15660,#15661);
#13490=AXIS2_PLACEMENT_3D('',#19781,#15662,#15663);
#13491=AXIS2_PLACEMENT_3D('',#19784,#15664,#15665);
#13492=AXIS2_PLACEMENT_3D('',#19787,#15668,#15669);
#13493=AXIS2_PLACEMENT_3D('',#19791,#15672,#15673);
#13494=AXIS2_PLACEMENT_3D('',#19793,#15674,#15675);
#13495=AXIS2_PLACEMENT_3D('',#19795,#15677,#15678);
#13496=AXIS2_PLACEMENT_3D('',#19798,#15679,#15680);
#13497=AXIS2_PLACEMENT_3D('',#19801,#15683,#15684);
#13498=AXIS2_PLACEMENT_3D('',#19803,#15686,#15687);
#13499=AXIS2_PLACEMENT_3D('',#19805,#15688,#15689);
#13500=AXIS2_PLACEMENT_3D('',#19807,#15691,#15692);
#13501=AXIS2_PLACEMENT_3D('',#19809,#15694,#15695);
#13502=AXIS2_PLACEMENT_3D('',#19811,#15696,#15697);
#13503=AXIS2_PLACEMENT_3D('',#19813,#15699,#15700);
#13504=AXIS2_PLACEMENT_3D('',#19816,#15701,#15702);
#13505=AXIS2_PLACEMENT_3D('',#19819,#15705,#15706);
#13506=AXIS2_PLACEMENT_3D('',#19821,#15708,#15709);
#13507=AXIS2_PLACEMENT_3D('',#19823,#15710,#15711);
#13508=AXIS2_PLACEMENT_3D('',#19825,#15713,#15714);
#13509=AXIS2_PLACEMENT_3D('',#19828,#15715,#15716);
#13510=AXIS2_PLACEMENT_3D('',#19831,#15719,#15720);
#13511=AXIS2_PLACEMENT_3D('',#19835,#15723,#15724);
#13512=AXIS2_PLACEMENT_3D('',#19838,#15725,#15726);
#13513=AXIS2_PLACEMENT_3D('',#19841,#15729,#15730);
#13514=AXIS2_PLACEMENT_3D('',#19843,#15732,#15733);
#13515=AXIS2_PLACEMENT_3D('',#19845,#15734,#15735);
#13516=AXIS2_PLACEMENT_3D('',#19847,#15737,#15738);
#13517=AXIS2_PLACEMENT_3D('',#19849,#15740,#15741);
#13518=AXIS2_PLACEMENT_3D('',#19852,#15742,#15743);
#13519=AXIS2_PLACEMENT_3D('',#19855,#15746,#15747);
#13520=AXIS2_PLACEMENT_3D('',#19859,#15750,#15751);
#13521=AXIS2_PLACEMENT_3D('',#19860,#15752,#15753);
#13522=AXIS2_PLACEMENT_3D('',#19861,#15754,#15755);
#13523=AXIS2_PLACEMENT_3D('',#19864,#15756,#15757);
#13524=AXIS2_PLACEMENT_3D('',#19867,#15760,#15761);
#13525=AXIS2_PLACEMENT_3D('',#19871,#15764,#15765);
#13526=AXIS2_PLACEMENT_3D('',#19873,#15766,#15767);
#13527=AXIS2_PLACEMENT_3D('',#19875,#15769,#15770);
#13528=AXIS2_PLACEMENT_3D('',#19877,#15771,#15772);
#13529=AXIS2_PLACEMENT_3D('',#19879,#15774,#15775);
#13530=AXIS2_PLACEMENT_3D('',#19883,#15778,#15779);
#13531=AXIS2_PLACEMENT_3D('',#19885,#15780,#15781);
#13532=AXIS2_PLACEMENT_3D('',#19887,#15783,#15784);
#13533=AXIS2_PLACEMENT_3D('',#19889,#15786,#15787);
#13534=AXIS2_PLACEMENT_3D('',#19891,#15788,#15789);
#13535=AXIS2_PLACEMENT_3D('',#19893,#15791,#15792);
#13536=AXIS2_PLACEMENT_3D('',#19896,#15793,#15794);
#13537=AXIS2_PLACEMENT_3D('',#19899,#15797,#15798);
#13538=AXIS2_PLACEMENT_3D('',#19901,#15800,#15801);
#13539=AXIS2_PLACEMENT_3D('',#19904,#15802,#15803);
#13540=AXIS2_PLACEMENT_3D('',#19907,#15806,#15807);
#13541=AXIS2_PLACEMENT_3D('',#19911,#15810,#15811);
#13542=AXIS2_PLACEMENT_3D('',#19913,#15812,#15813);
#13543=AXIS2_PLACEMENT_3D('',#19915,#15815,#15816);
#13544=AXIS2_PLACEMENT_3D('',#19919,#15819,#15820);
#13545=AXIS2_PLACEMENT_3D('',#19921,#15821,#15822);
#13546=AXIS2_PLACEMENT_3D('',#19923,#15824,#15825);
#13547=AXIS2_PLACEMENT_3D('',#19927,#15828,#15829);
#13548=AXIS2_PLACEMENT_3D('',#19928,#15830,#15831);
#13549=AXIS2_PLACEMENT_3D('',#19929,#15832,#15833);
#13550=AXIS2_PLACEMENT_3D('',#19932,#15835,#15836);
#13551=AXIS2_PLACEMENT_3D('',#19933,#15837,#15838);
#13552=AXIS2_PLACEMENT_3D('',#19936,#15840,#15841);
#13553=AXIS2_PLACEMENT_3D('',#19937,#15842,#15843);
#13554=AXIS2_PLACEMENT_3D('',#19940,#15845,#15846);
#13555=AXIS2_PLACEMENT_3D('',#19941,#15847,#15848);
#13556=AXIS2_PLACEMENT_3D('',#19947,#15852,#15853);
#13557=AXIS2_PLACEMENT_3D('',#19949,#15854,#15855);
#13558=AXIS2_PLACEMENT_3D('',#19951,#15857,#15858);
#13559=AXIS2_PLACEMENT_3D('',#19955,#15861,#15862);
#13560=AXIS2_PLACEMENT_3D('',#19957,#15863,#15864);
#13561=AXIS2_PLACEMENT_3D('',#19959,#15866,#15867);
#13562=AXIS2_PLACEMENT_3D('',#19963,#15870,#15871);
#13563=AXIS2_PLACEMENT_3D('',#19965,#15872,#15873);
#13564=AXIS2_PLACEMENT_3D('',#19967,#15875,#15876);
#13565=AXIS2_PLACEMENT_3D('',#19971,#15879,#15880);
#13566=AXIS2_PLACEMENT_3D('',#19972,#15881,#15882);
#13567=AXIS2_PLACEMENT_3D('',#19973,#15883,#15884);
#13568=AXIS2_PLACEMENT_3D('',#19979,#15888,#15889);
#13569=AXIS2_PLACEMENT_3D('',#19981,#15890,#15891);
#13570=AXIS2_PLACEMENT_3D('',#19983,#15893,#15894);
#13571=AXIS2_PLACEMENT_3D('',#19987,#15897,#15898);
#13572=AXIS2_PLACEMENT_3D('',#19989,#15899,#15900);
#13573=AXIS2_PLACEMENT_3D('',#19991,#15902,#15903);
#13574=AXIS2_PLACEMENT_3D('',#19995,#15906,#15907);
#13575=AXIS2_PLACEMENT_3D('',#19997,#15908,#15909);
#13576=AXIS2_PLACEMENT_3D('',#19999,#15911,#15912);
#13577=AXIS2_PLACEMENT_3D('',#20003,#15915,#15916);
#13578=AXIS2_PLACEMENT_3D('',#20004,#15917,#15918);
#13579=AXIS2_PLACEMENT_3D('',#20005,#15919,#15920);
#13580=AXIS2_PLACEMENT_3D('',#20008,#15921,#15922);
#13581=AXIS2_PLACEMENT_3D('',#20011,#15925,#15926);
#13582=AXIS2_PLACEMENT_3D('',#20015,#15929,#15930);
#13583=AXIS2_PLACEMENT_3D('',#20017,#15931,#15932);
#13584=AXIS2_PLACEMENT_3D('',#20019,#15934,#15935);
#13585=AXIS2_PLACEMENT_3D('',#20023,#15938,#15939);
#13586=AXIS2_PLACEMENT_3D('',#20025,#15940,#15941);
#13587=AXIS2_PLACEMENT_3D('',#20027,#15943,#15944);
#13588=AXIS2_PLACEMENT_3D('',#20031,#15947,#15948);
#13589=AXIS2_PLACEMENT_3D('',#20033,#15949,#15950);
#13590=AXIS2_PLACEMENT_3D('',#20035,#15952,#15953);
#13591=AXIS2_PLACEMENT_3D('',#20037,#15955,#15956);
#13592=AXIS2_PLACEMENT_3D('',#20043,#15960,#15961);
#13593=AXIS2_PLACEMENT_3D('',#20045,#15962,#15963);
#13594=AXIS2_PLACEMENT_3D('',#20047,#15965,#15966);
#13595=AXIS2_PLACEMENT_3D('',#20051,#15969,#15970);
#13596=AXIS2_PLACEMENT_3D('',#20053,#15971,#15972);
#13597=AXIS2_PLACEMENT_3D('',#20055,#15974,#15975);
#13598=AXIS2_PLACEMENT_3D('',#20059,#15978,#15979);
#13599=AXIS2_PLACEMENT_3D('',#20061,#15980,#15981);
#13600=AXIS2_PLACEMENT_3D('',#20063,#15983,#15984);
#13601=AXIS2_PLACEMENT_3D('',#20067,#15987,#15988);
#13602=AXIS2_PLACEMENT_3D('',#20068,#15989,#15990);
#13603=AXIS2_PLACEMENT_3D('',#20069,#15991,#15992);
#13604=AXIS2_PLACEMENT_3D('',#20075,#15996,#15997);
#13605=AXIS2_PLACEMENT_3D('',#20077,#15998,#15999);
#13606=AXIS2_PLACEMENT_3D('',#20079,#16001,#16002);
#13607=AXIS2_PLACEMENT_3D('',#20083,#16005,#16006);
#13608=AXIS2_PLACEMENT_3D('',#20085,#16007,#16008);
#13609=AXIS2_PLACEMENT_3D('',#20087,#16010,#16011);
#13610=AXIS2_PLACEMENT_3D('',#20091,#16014,#16015);
#13611=AXIS2_PLACEMENT_3D('',#20093,#16016,#16017);
#13612=AXIS2_PLACEMENT_3D('',#20095,#16019,#16020);
#13613=AXIS2_PLACEMENT_3D('',#20099,#16023,#16024);
#13614=AXIS2_PLACEMENT_3D('',#20100,#16025,#16026);
#13615=AXIS2_PLACEMENT_3D('',#20101,#16027,#16028);
#13616=AXIS2_PLACEMENT_3D('',#20107,#16032,#16033);
#13617=AXIS2_PLACEMENT_3D('',#20109,#16034,#16035);
#13618=AXIS2_PLACEMENT_3D('',#20111,#16037,#16038);
#13619=AXIS2_PLACEMENT_3D('',#20115,#16041,#16042);
#13620=AXIS2_PLACEMENT_3D('',#20117,#16043,#16044);
#13621=AXIS2_PLACEMENT_3D('',#20119,#16046,#16047);
#13622=AXIS2_PLACEMENT_3D('',#20123,#16050,#16051);
#13623=AXIS2_PLACEMENT_3D('',#20125,#16052,#16053);
#13624=AXIS2_PLACEMENT_3D('',#20127,#16055,#16056);
#13625=AXIS2_PLACEMENT_3D('',#20131,#16059,#16060);
#13626=AXIS2_PLACEMENT_3D('',#20132,#16061,#16062);
#13627=AXIS2_PLACEMENT_3D('',#20133,#16063,#16064);
#13628=AXIS2_PLACEMENT_3D('',#20139,#16068,#16069);
#13629=AXIS2_PLACEMENT_3D('',#20141,#16070,#16071);
#13630=AXIS2_PLACEMENT_3D('',#20143,#16073,#16074);
#13631=AXIS2_PLACEMENT_3D('',#20147,#16077,#16078);
#13632=AXIS2_PLACEMENT_3D('',#20149,#16079,#16080);
#13633=AXIS2_PLACEMENT_3D('',#20151,#16082,#16083);
#13634=AXIS2_PLACEMENT_3D('',#20155,#16086,#16087);
#13635=AXIS2_PLACEMENT_3D('',#20157,#16088,#16089);
#13636=AXIS2_PLACEMENT_3D('',#20159,#16091,#16092);
#13637=AXIS2_PLACEMENT_3D('',#20163,#16095,#16096);
#13638=AXIS2_PLACEMENT_3D('',#20164,#16097,#16098);
#13639=AXIS2_PLACEMENT_3D('',#20165,#16099,#16100);
#13640=AXIS2_PLACEMENT_3D('',#20168,#16101,#16102);
#13641=AXIS2_PLACEMENT_3D('',#20171,#16105,#16106);
#13642=AXIS2_PLACEMENT_3D('',#20175,#16109,#16110);
#13643=AXIS2_PLACEMENT_3D('',#20177,#16111,#16112);
#13644=AXIS2_PLACEMENT_3D('',#20179,#16114,#16115);
#13645=AXIS2_PLACEMENT_3D('',#20183,#16118,#16119);
#13646=AXIS2_PLACEMENT_3D('',#20185,#16120,#16121);
#13647=AXIS2_PLACEMENT_3D('',#20187,#16123,#16124);
#13648=AXIS2_PLACEMENT_3D('',#20191,#16127,#16128);
#13649=AXIS2_PLACEMENT_3D('',#20193,#16129,#16130);
#13650=AXIS2_PLACEMENT_3D('',#20195,#16132,#16133);
#13651=AXIS2_PLACEMENT_3D('',#20197,#16135,#16136);
#13652=AXIS2_PLACEMENT_3D('',#20200,#16137,#16138);
#13653=AXIS2_PLACEMENT_3D('',#20203,#16141,#16142);
#13654=AXIS2_PLACEMENT_3D('',#20207,#16145,#16146);
#13655=AXIS2_PLACEMENT_3D('',#20209,#16147,#16148);
#13656=AXIS2_PLACEMENT_3D('',#20211,#16150,#16151);
#13657=AXIS2_PLACEMENT_3D('',#20215,#16154,#16155);
#13658=AXIS2_PLACEMENT_3D('',#20217,#16156,#16157);
#13659=AXIS2_PLACEMENT_3D('',#20219,#16159,#16160);
#13660=AXIS2_PLACEMENT_3D('',#20223,#16163,#16164);
#13661=AXIS2_PLACEMENT_3D('',#20225,#16165,#16166);
#13662=AXIS2_PLACEMENT_3D('',#20227,#16168,#16169);
#13663=AXIS2_PLACEMENT_3D('',#20229,#16171,#16172);
#13664=AXIS2_PLACEMENT_3D('',#20232,#16173,#16174);
#13665=AXIS2_PLACEMENT_3D('',#20235,#16177,#16178);
#13666=AXIS2_PLACEMENT_3D('',#20239,#16181,#16182);
#13667=AXIS2_PLACEMENT_3D('',#20241,#16183,#16184);
#13668=AXIS2_PLACEMENT_3D('',#20243,#16186,#16187);
#13669=AXIS2_PLACEMENT_3D('',#20247,#16190,#16191);
#13670=AXIS2_PLACEMENT_3D('',#20249,#16192,#16193);
#13671=AXIS2_PLACEMENT_3D('',#20251,#16195,#16196);
#13672=AXIS2_PLACEMENT_3D('',#20255,#16199,#16200);
#13673=AXIS2_PLACEMENT_3D('',#20257,#16201,#16202);
#13674=AXIS2_PLACEMENT_3D('',#20259,#16204,#16205);
#13675=AXIS2_PLACEMENT_3D('',#20261,#16207,#16208);
#13676=AXIS2_PLACEMENT_3D('',#20267,#16212,#16213);
#13677=AXIS2_PLACEMENT_3D('',#20269,#16214,#16215);
#13678=AXIS2_PLACEMENT_3D('',#20271,#16217,#16218);
#13679=AXIS2_PLACEMENT_3D('',#20275,#16221,#16222);
#13680=AXIS2_PLACEMENT_3D('',#20277,#16223,#16224);
#13681=AXIS2_PLACEMENT_3D('',#20279,#16226,#16227);
#13682=AXIS2_PLACEMENT_3D('',#20283,#16230,#16231);
#13683=AXIS2_PLACEMENT_3D('',#20285,#16232,#16233);
#13684=AXIS2_PLACEMENT_3D('',#20287,#16235,#16236);
#13685=AXIS2_PLACEMENT_3D('',#20291,#16239,#16240);
#13686=AXIS2_PLACEMENT_3D('',#20292,#16241,#16242);
#13687=AXIS2_PLACEMENT_3D('',#20293,#16243,#16244);
#13688=AXIS2_PLACEMENT_3D('',#20299,#16248,#16249);
#13689=AXIS2_PLACEMENT_3D('',#20301,#16250,#16251);
#13690=AXIS2_PLACEMENT_3D('',#20303,#16253,#16254);
#13691=AXIS2_PLACEMENT_3D('',#20307,#16257,#16258);
#13692=AXIS2_PLACEMENT_3D('',#20309,#16259,#16260);
#13693=AXIS2_PLACEMENT_3D('',#20311,#16262,#16263);
#13694=AXIS2_PLACEMENT_3D('',#20315,#16266,#16267);
#13695=AXIS2_PLACEMENT_3D('',#20317,#16268,#16269);
#13696=AXIS2_PLACEMENT_3D('',#20319,#16271,#16272);
#13697=AXIS2_PLACEMENT_3D('',#20323,#16275,#16276);
#13698=AXIS2_PLACEMENT_3D('',#20324,#16277,#16278);
#13699=AXIS2_PLACEMENT_3D('',#20325,#16279,#16280);
#13700=AXIS2_PLACEMENT_3D('',#20331,#16284,#16285);
#13701=AXIS2_PLACEMENT_3D('',#20333,#16286,#16287);
#13702=AXIS2_PLACEMENT_3D('',#20335,#16289,#16290);
#13703=AXIS2_PLACEMENT_3D('',#20339,#16293,#16294);
#13704=AXIS2_PLACEMENT_3D('',#20341,#16295,#16296);
#13705=AXIS2_PLACEMENT_3D('',#20343,#16298,#16299);
#13706=AXIS2_PLACEMENT_3D('',#20347,#16302,#16303);
#13707=AXIS2_PLACEMENT_3D('',#20349,#16304,#16305);
#13708=AXIS2_PLACEMENT_3D('',#20351,#16307,#16308);
#13709=AXIS2_PLACEMENT_3D('',#20355,#16311,#16312);
#13710=AXIS2_PLACEMENT_3D('',#20356,#16313,#16314);
#13711=AXIS2_PLACEMENT_3D('',#20357,#16315,#16316);
#13712=AXIS2_PLACEMENT_3D('',#20363,#16320,#16321);
#13713=AXIS2_PLACEMENT_3D('',#20365,#16322,#16323);
#13714=AXIS2_PLACEMENT_3D('',#20367,#16325,#16326);
#13715=AXIS2_PLACEMENT_3D('',#20371,#16329,#16330);
#13716=AXIS2_PLACEMENT_3D('',#20373,#16331,#16332);
#13717=AXIS2_PLACEMENT_3D('',#20375,#16334,#16335);
#13718=AXIS2_PLACEMENT_3D('',#20379,#16338,#16339);
#13719=AXIS2_PLACEMENT_3D('',#20381,#16340,#16341);
#13720=AXIS2_PLACEMENT_3D('',#20383,#16343,#16344);
#13721=AXIS2_PLACEMENT_3D('',#20387,#16347,#16348);
#13722=AXIS2_PLACEMENT_3D('',#20388,#16349,#16350);
#13723=AXIS2_PLACEMENT_3D('',#20389,#16351,#16352);
#13724=AXIS2_PLACEMENT_3D('',#20395,#16356,#16357);
#13725=AXIS2_PLACEMENT_3D('',#20397,#16358,#16359);
#13726=AXIS2_PLACEMENT_3D('',#20399,#16361,#16362);
#13727=AXIS2_PLACEMENT_3D('',#20403,#16365,#16366);
#13728=AXIS2_PLACEMENT_3D('',#20405,#16367,#16368);
#13729=AXIS2_PLACEMENT_3D('',#20407,#16370,#16371);
#13730=AXIS2_PLACEMENT_3D('',#20411,#16374,#16375);
#13731=AXIS2_PLACEMENT_3D('',#20413,#16376,#16377);
#13732=AXIS2_PLACEMENT_3D('',#20415,#16379,#16380);
#13733=AXIS2_PLACEMENT_3D('',#20419,#16383,#16384);
#13734=AXIS2_PLACEMENT_3D('',#20420,#16385,#16386);
#13735=AXIS2_PLACEMENT_3D('',#20421,#16387,#16388);
#13736=AXIS2_PLACEMENT_3D('',#20427,#16392,#16393);
#13737=AXIS2_PLACEMENT_3D('',#20429,#16394,#16395);
#13738=AXIS2_PLACEMENT_3D('',#20431,#16397,#16398);
#13739=AXIS2_PLACEMENT_3D('',#20435,#16401,#16402);
#13740=AXIS2_PLACEMENT_3D('',#20437,#16403,#16404);
#13741=AXIS2_PLACEMENT_3D('',#20439,#16406,#16407);
#13742=AXIS2_PLACEMENT_3D('',#20443,#16410,#16411);
#13743=AXIS2_PLACEMENT_3D('',#20445,#16412,#16413);
#13744=AXIS2_PLACEMENT_3D('',#20447,#16415,#16416);
#13745=AXIS2_PLACEMENT_3D('',#20451,#16419,#16420);
#13746=AXIS2_PLACEMENT_3D('',#20452,#16421,#16422);
#13747=AXIS2_PLACEMENT_3D('',#20453,#16423,#16424);
#13748=AXIS2_PLACEMENT_3D('',#20456,#16425,#16426);
#13749=AXIS2_PLACEMENT_3D('',#20459,#16429,#16430);
#13750=AXIS2_PLACEMENT_3D('',#20463,#16433,#16434);
#13751=AXIS2_PLACEMENT_3D('',#20465,#16435,#16436);
#13752=AXIS2_PLACEMENT_3D('',#20467,#16438,#16439);
#13753=AXIS2_PLACEMENT_3D('',#20471,#16442,#16443);
#13754=AXIS2_PLACEMENT_3D('',#20473,#16444,#16445);
#13755=AXIS2_PLACEMENT_3D('',#20475,#16447,#16448);
#13756=AXIS2_PLACEMENT_3D('',#20479,#16451,#16452);
#13757=AXIS2_PLACEMENT_3D('',#20481,#16453,#16454);
#13758=AXIS2_PLACEMENT_3D('',#20483,#16456,#16457);
#13759=AXIS2_PLACEMENT_3D('',#20485,#16459,#16460);
#13760=AXIS2_PLACEMENT_3D('',#20487,#16462,#16463);
#13761=AXIS2_PLACEMENT_3D('',#20489,#16465,#16466);
#13762=AXIS2_PLACEMENT_3D('',#20491,#16468,#16469);
#13763=AXIS2_PLACEMENT_3D('',#20497,#16473,#16474);
#13764=AXIS2_PLACEMENT_3D('',#20499,#16475,#16476);
#13765=AXIS2_PLACEMENT_3D('',#20501,#16478,#16479);
#13766=AXIS2_PLACEMENT_3D('',#20505,#16482,#16483);
#13767=AXIS2_PLACEMENT_3D('',#20507,#16484,#16485);
#13768=AXIS2_PLACEMENT_3D('',#20509,#16487,#16488);
#13769=AXIS2_PLACEMENT_3D('',#20513,#16491,#16492);
#13770=AXIS2_PLACEMENT_3D('',#20515,#16493,#16494);
#13771=AXIS2_PLACEMENT_3D('',#20517,#16496,#16497);
#13772=AXIS2_PLACEMENT_3D('',#20521,#16500,#16501);
#13773=AXIS2_PLACEMENT_3D('',#20522,#16502,#16503);
#13774=AXIS2_PLACEMENT_3D('',#20523,#16504,#16505);
#13775=AXIS2_PLACEMENT_3D('',#20529,#16509,#16510);
#13776=AXIS2_PLACEMENT_3D('',#20531,#16511,#16512);
#13777=AXIS2_PLACEMENT_3D('',#20533,#16514,#16515);
#13778=AXIS2_PLACEMENT_3D('',#20537,#16518,#16519);
#13779=AXIS2_PLACEMENT_3D('',#20539,#16520,#16521);
#13780=AXIS2_PLACEMENT_3D('',#20541,#16523,#16524);
#13781=AXIS2_PLACEMENT_3D('',#20545,#16527,#16528);
#13782=AXIS2_PLACEMENT_3D('',#20547,#16529,#16530);
#13783=AXIS2_PLACEMENT_3D('',#20549,#16532,#16533);
#13784=AXIS2_PLACEMENT_3D('',#20553,#16536,#16537);
#13785=AXIS2_PLACEMENT_3D('',#20554,#16538,#16539);
#13786=AXIS2_PLACEMENT_3D('',#20555,#16540,#16541);
#13787=AXIS2_PLACEMENT_3D('',#20561,#16545,#16546);
#13788=AXIS2_PLACEMENT_3D('',#20563,#16547,#16548);
#13789=AXIS2_PLACEMENT_3D('',#20565,#16550,#16551);
#13790=AXIS2_PLACEMENT_3D('',#20569,#16554,#16555);
#13791=AXIS2_PLACEMENT_3D('',#20571,#16556,#16557);
#13792=AXIS2_PLACEMENT_3D('',#20573,#16559,#16560);
#13793=AXIS2_PLACEMENT_3D('',#20577,#16563,#16564);
#13794=AXIS2_PLACEMENT_3D('',#20579,#16565,#16566);
#13795=AXIS2_PLACEMENT_3D('',#20581,#16568,#16569);
#13796=AXIS2_PLACEMENT_3D('',#20585,#16572,#16573);
#13797=AXIS2_PLACEMENT_3D('',#20586,#16574,#16575);
#13798=AXIS2_PLACEMENT_3D('',#20587,#16576,#16577);
#13799=AXIS2_PLACEMENT_3D('',#20590,#16578,#16579);
#13800=AXIS2_PLACEMENT_3D('',#20593,#16582,#16583);
#13801=AXIS2_PLACEMENT_3D('',#20597,#16586,#16587);
#13802=AXIS2_PLACEMENT_3D('',#20599,#16588,#16589);
#13803=AXIS2_PLACEMENT_3D('',#20601,#16591,#16592);
#13804=AXIS2_PLACEMENT_3D('',#20605,#16595,#16596);
#13805=AXIS2_PLACEMENT_3D('',#20607,#16597,#16598);
#13806=AXIS2_PLACEMENT_3D('',#20609,#16600,#16601);
#13807=AXIS2_PLACEMENT_3D('',#20613,#16604,#16605);
#13808=AXIS2_PLACEMENT_3D('',#20615,#16606,#16607);
#13809=AXIS2_PLACEMENT_3D('',#20617,#16609,#16610);
#13810=AXIS2_PLACEMENT_3D('',#20619,#16612,#16613);
#13811=AXIS2_PLACEMENT_3D('',#20625,#16617,#16618);
#13812=AXIS2_PLACEMENT_3D('',#20627,#16619,#16620);
#13813=AXIS2_PLACEMENT_3D('',#20629,#16622,#16623);
#13814=AXIS2_PLACEMENT_3D('',#20633,#16626,#16627);
#13815=AXIS2_PLACEMENT_3D('',#20635,#16628,#16629);
#13816=AXIS2_PLACEMENT_3D('',#20637,#16631,#16632);
#13817=AXIS2_PLACEMENT_3D('',#20641,#16635,#16636);
#13818=AXIS2_PLACEMENT_3D('',#20643,#16637,#16638);
#13819=AXIS2_PLACEMENT_3D('',#20645,#16640,#16641);
#13820=AXIS2_PLACEMENT_3D('',#20649,#16644,#16645);
#13821=AXIS2_PLACEMENT_3D('',#20650,#16646,#16647);
#13822=AXIS2_PLACEMENT_3D('',#20651,#16648,#16649);
#13823=AXIS2_PLACEMENT_3D('',#20657,#16653,#16654);
#13824=AXIS2_PLACEMENT_3D('',#20659,#16655,#16656);
#13825=AXIS2_PLACEMENT_3D('',#20661,#16658,#16659);
#13826=AXIS2_PLACEMENT_3D('',#20665,#16662,#16663);
#13827=AXIS2_PLACEMENT_3D('',#20667,#16664,#16665);
#13828=AXIS2_PLACEMENT_3D('',#20669,#16667,#16668);
#13829=AXIS2_PLACEMENT_3D('',#20673,#16671,#16672);
#13830=AXIS2_PLACEMENT_3D('',#20675,#16673,#16674);
#13831=AXIS2_PLACEMENT_3D('',#20677,#16676,#16677);
#13832=AXIS2_PLACEMENT_3D('',#20681,#16680,#16681);
#13833=AXIS2_PLACEMENT_3D('',#20682,#16682,#16683);
#13834=AXIS2_PLACEMENT_3D('',#20683,#16684,#16685);
#13835=AXIS2_PLACEMENT_3D('',#20689,#16689,#16690);
#13836=AXIS2_PLACEMENT_3D('',#20691,#16691,#16692);
#13837=AXIS2_PLACEMENT_3D('',#20693,#16694,#16695);
#13838=AXIS2_PLACEMENT_3D('',#20697,#16698,#16699);
#13839=AXIS2_PLACEMENT_3D('',#20699,#16700,#16701);
#13840=AXIS2_PLACEMENT_3D('',#20701,#16703,#16704);
#13841=AXIS2_PLACEMENT_3D('',#20705,#16707,#16708);
#13842=AXIS2_PLACEMENT_3D('',#20707,#16709,#16710);
#13843=AXIS2_PLACEMENT_3D('',#20709,#16712,#16713);
#13844=AXIS2_PLACEMENT_3D('',#20713,#16716,#16717);
#13845=AXIS2_PLACEMENT_3D('',#20714,#16718,#16719);
#13846=AXIS2_PLACEMENT_3D('',#20715,#16720,#16721);
#13847=AXIS2_PLACEMENT_3D('',#20718,#16722,#16723);
#13848=AXIS2_PLACEMENT_3D('',#20721,#16726,#16727);
#13849=AXIS2_PLACEMENT_3D('',#20725,#16730,#16731);
#13850=AXIS2_PLACEMENT_3D('',#20727,#16732,#16733);
#13851=AXIS2_PLACEMENT_3D('',#20729,#16735,#16736);
#13852=AXIS2_PLACEMENT_3D('',#20733,#16739,#16740);
#13853=AXIS2_PLACEMENT_3D('',#20735,#16741,#16742);
#13854=AXIS2_PLACEMENT_3D('',#20737,#16744,#16745);
#13855=AXIS2_PLACEMENT_3D('',#20741,#16748,#16749);
#13856=AXIS2_PLACEMENT_3D('',#20743,#16750,#16751);
#13857=AXIS2_PLACEMENT_3D('',#20745,#16753,#16754);
#13858=AXIS2_PLACEMENT_3D('',#20747,#16756,#16757);
#13859=AXIS2_PLACEMENT_3D('',#20753,#16761,#16762);
#13860=AXIS2_PLACEMENT_3D('',#20755,#16763,#16764);
#13861=AXIS2_PLACEMENT_3D('',#20757,#16766,#16767);
#13862=AXIS2_PLACEMENT_3D('',#20761,#16770,#16771);
#13863=AXIS2_PLACEMENT_3D('',#20763,#16772,#16773);
#13864=AXIS2_PLACEMENT_3D('',#20765,#16775,#16776);
#13865=AXIS2_PLACEMENT_3D('',#20769,#16779,#16780);
#13866=AXIS2_PLACEMENT_3D('',#20771,#16781,#16782);
#13867=AXIS2_PLACEMENT_3D('',#20773,#16784,#16785);
#13868=AXIS2_PLACEMENT_3D('',#20777,#16788,#16789);
#13869=AXIS2_PLACEMENT_3D('',#20778,#16790,#16791);
#13870=AXIS2_PLACEMENT_3D('',#20779,#16792,#16793);
#13871=AXIS2_PLACEMENT_3D('',#20785,#16797,#16798);
#13872=AXIS2_PLACEMENT_3D('',#20787,#16799,#16800);
#13873=AXIS2_PLACEMENT_3D('',#20789,#16802,#16803);
#13874=AXIS2_PLACEMENT_3D('',#20793,#16806,#16807);
#13875=AXIS2_PLACEMENT_3D('',#20795,#16808,#16809);
#13876=AXIS2_PLACEMENT_3D('',#20797,#16811,#16812);
#13877=AXIS2_PLACEMENT_3D('',#20801,#16815,#16816);
#13878=AXIS2_PLACEMENT_3D('',#20803,#16817,#16818);
#13879=AXIS2_PLACEMENT_3D('',#20805,#16820,#16821);
#13880=AXIS2_PLACEMENT_3D('',#20809,#16824,#16825);
#13881=AXIS2_PLACEMENT_3D('',#20810,#16826,#16827);
#13882=AXIS2_PLACEMENT_3D('',#20811,#16828,#16829);
#13883=AXIS2_PLACEMENT_3D('',#20817,#16833,#16834);
#13884=AXIS2_PLACEMENT_3D('',#20819,#16835,#16836);
#13885=AXIS2_PLACEMENT_3D('',#20821,#16838,#16839);
#13886=AXIS2_PLACEMENT_3D('',#20825,#16842,#16843);
#13887=AXIS2_PLACEMENT_3D('',#20827,#16844,#16845);
#13888=AXIS2_PLACEMENT_3D('',#20829,#16847,#16848);
#13889=AXIS2_PLACEMENT_3D('',#20833,#16851,#16852);
#13890=AXIS2_PLACEMENT_3D('',#20835,#16853,#16854);
#13891=AXIS2_PLACEMENT_3D('',#20837,#16856,#16857);
#13892=AXIS2_PLACEMENT_3D('',#20841,#16860,#16861);
#13893=AXIS2_PLACEMENT_3D('',#20842,#16862,#16863);
#13894=AXIS2_PLACEMENT_3D('',#20843,#16864,#16865);
#13895=AXIS2_PLACEMENT_3D('',#20849,#16869,#16870);
#13896=AXIS2_PLACEMENT_3D('',#20851,#16871,#16872);
#13897=AXIS2_PLACEMENT_3D('',#20853,#16874,#16875);
#13898=AXIS2_PLACEMENT_3D('',#20857,#16878,#16879);
#13899=AXIS2_PLACEMENT_3D('',#20859,#16880,#16881);
#13900=AXIS2_PLACEMENT_3D('',#20861,#16883,#16884);
#13901=AXIS2_PLACEMENT_3D('',#20865,#16887,#16888);
#13902=AXIS2_PLACEMENT_3D('',#20867,#16889,#16890);
#13903=AXIS2_PLACEMENT_3D('',#20869,#16892,#16893);
#13904=AXIS2_PLACEMENT_3D('',#20873,#16896,#16897);
#13905=AXIS2_PLACEMENT_3D('',#20874,#16898,#16899);
#13906=AXIS2_PLACEMENT_3D('',#20875,#16900,#16901);
#13907=AXIS2_PLACEMENT_3D('',#20878,#16902,#16903);
#13908=AXIS2_PLACEMENT_3D('',#20881,#16906,#16907);
#13909=AXIS2_PLACEMENT_3D('',#20885,#16910,#16911);
#13910=AXIS2_PLACEMENT_3D('',#20887,#16912,#16913);
#13911=AXIS2_PLACEMENT_3D('',#20889,#16915,#16916);
#13912=AXIS2_PLACEMENT_3D('',#20893,#16919,#16920);
#13913=AXIS2_PLACEMENT_3D('',#20895,#16921,#16922);
#13914=AXIS2_PLACEMENT_3D('',#20897,#16924,#16925);
#13915=AXIS2_PLACEMENT_3D('',#20901,#16928,#16929);
#13916=AXIS2_PLACEMENT_3D('',#20903,#16930,#16931);
#13917=AXIS2_PLACEMENT_3D('',#20905,#16933,#16934);
#13918=AXIS2_PLACEMENT_3D('',#20907,#16936,#16937);
#13919=AXIS2_PLACEMENT_3D('',#20910,#16938,#16939);
#13920=AXIS2_PLACEMENT_3D('',#20913,#16942,#16943);
#13921=AXIS2_PLACEMENT_3D('',#20917,#16946,#16947);
#13922=AXIS2_PLACEMENT_3D('',#20919,#16948,#16949);
#13923=AXIS2_PLACEMENT_3D('',#20921,#16951,#16952);
#13924=AXIS2_PLACEMENT_3D('',#20925,#16955,#16956);
#13925=AXIS2_PLACEMENT_3D('',#20927,#16957,#16958);
#13926=AXIS2_PLACEMENT_3D('',#20929,#16960,#16961);
#13927=AXIS2_PLACEMENT_3D('',#20933,#16964,#16965);
#13928=AXIS2_PLACEMENT_3D('',#20935,#16966,#16967);
#13929=AXIS2_PLACEMENT_3D('',#20937,#16969,#16970);
#13930=AXIS2_PLACEMENT_3D('',#20939,#16972,#16973);
#13931=AXIS2_PLACEMENT_3D('',#20945,#16977,#16978);
#13932=AXIS2_PLACEMENT_3D('',#20947,#16979,#16980);
#13933=AXIS2_PLACEMENT_3D('',#20949,#16982,#16983);
#13934=AXIS2_PLACEMENT_3D('',#20953,#16986,#16987);
#13935=AXIS2_PLACEMENT_3D('',#20955,#16988,#16989);
#13936=AXIS2_PLACEMENT_3D('',#20957,#16991,#16992);
#13937=AXIS2_PLACEMENT_3D('',#20961,#16995,#16996);
#13938=AXIS2_PLACEMENT_3D('',#20963,#16997,#16998);
#13939=AXIS2_PLACEMENT_3D('',#20965,#17000,#17001);
#13940=AXIS2_PLACEMENT_3D('',#20969,#17004,#17005);
#13941=AXIS2_PLACEMENT_3D('',#20970,#17006,#17007);
#13942=AXIS2_PLACEMENT_3D('',#20971,#17008,#17009);
#13943=AXIS2_PLACEMENT_3D('',#20977,#17013,#17014);
#13944=AXIS2_PLACEMENT_3D('',#20979,#17015,#17016);
#13945=AXIS2_PLACEMENT_3D('',#20981,#17018,#17019);
#13946=AXIS2_PLACEMENT_3D('',#20985,#17022,#17023);
#13947=AXIS2_PLACEMENT_3D('',#20987,#17024,#17025);
#13948=AXIS2_PLACEMENT_3D('',#20989,#17027,#17028);
#13949=AXIS2_PLACEMENT_3D('',#20993,#17031,#17032);
#13950=AXIS2_PLACEMENT_3D('',#20995,#17033,#17034);
#13951=AXIS2_PLACEMENT_3D('',#20997,#17036,#17037);
#13952=AXIS2_PLACEMENT_3D('',#21001,#17040,#17041);
#13953=AXIS2_PLACEMENT_3D('',#21002,#17042,#17043);
#13954=AXIS2_PLACEMENT_3D('',#21003,#17044,#17045);
#13955=AXIS2_PLACEMENT_3D('',#21005,#17047,#17048);
#13956=AXIS2_PLACEMENT_3D('',#21007,#17050,#17051);
#13957=AXIS2_PLACEMENT_3D('',#21009,#17053,#17054);
#13958=AXIS2_PLACEMENT_3D('',#21011,#17056,#17057);
#13959=AXIS2_PLACEMENT_3D('',#21017,#17061,#17062);
#13960=AXIS2_PLACEMENT_3D('',#21019,#17063,#17064);
#13961=AXIS2_PLACEMENT_3D('',#21021,#17066,#17067);
#13962=AXIS2_PLACEMENT_3D('',#21025,#17070,#17071);
#13963=AXIS2_PLACEMENT_3D('',#21027,#17072,#17073);
#13964=AXIS2_PLACEMENT_3D('',#21029,#17075,#17076);
#13965=AXIS2_PLACEMENT_3D('',#21033,#17079,#17080);
#13966=AXIS2_PLACEMENT_3D('',#21035,#17081,#17082);
#13967=AXIS2_PLACEMENT_3D('',#21037,#17084,#17085);
#13968=AXIS2_PLACEMENT_3D('',#21041,#17088,#17089);
#13969=AXIS2_PLACEMENT_3D('',#21042,#17090,#17091);
#13970=AXIS2_PLACEMENT_3D('',#21043,#17092,#17093);
#13971=AXIS2_PLACEMENT_3D('',#21049,#17097,#17098);
#13972=AXIS2_PLACEMENT_3D('',#21051,#17099,#17100);
#13973=AXIS2_PLACEMENT_3D('',#21053,#17102,#17103);
#13974=AXIS2_PLACEMENT_3D('',#21057,#17106,#17107);
#13975=AXIS2_PLACEMENT_3D('',#21059,#17108,#17109);
#13976=AXIS2_PLACEMENT_3D('',#21061,#17111,#17112);
#13977=AXIS2_PLACEMENT_3D('',#21065,#17115,#17116);
#13978=AXIS2_PLACEMENT_3D('',#21067,#17117,#17118);
#13979=AXIS2_PLACEMENT_3D('',#21069,#17120,#17121);
#13980=AXIS2_PLACEMENT_3D('',#21073,#17124,#17125);
#13981=AXIS2_PLACEMENT_3D('',#21074,#17126,#17127);
#13982=AXIS2_PLACEMENT_3D('',#21075,#17128,#17129);
#13983=AXIS2_PLACEMENT_3D('',#21081,#17133,#17134);
#13984=AXIS2_PLACEMENT_3D('',#21083,#17135,#17136);
#13985=AXIS2_PLACEMENT_3D('',#21085,#17138,#17139);
#13986=AXIS2_PLACEMENT_3D('',#21089,#17142,#17143);
#13987=AXIS2_PLACEMENT_3D('',#21091,#17144,#17145);
#13988=AXIS2_PLACEMENT_3D('',#21093,#17147,#17148);
#13989=AXIS2_PLACEMENT_3D('',#21097,#17151,#17152);
#13990=AXIS2_PLACEMENT_3D('',#21099,#17153,#17154);
#13991=AXIS2_PLACEMENT_3D('',#21101,#17156,#17157);
#13992=AXIS2_PLACEMENT_3D('',#21105,#17160,#17161);
#13993=AXIS2_PLACEMENT_3D('',#21106,#17162,#17163);
#13994=AXIS2_PLACEMENT_3D('',#21107,#17164,#17165);
#13995=AXIS2_PLACEMENT_3D('',#21113,#17169,#17170);
#13996=AXIS2_PLACEMENT_3D('',#21115,#17171,#17172);
#13997=AXIS2_PLACEMENT_3D('',#21117,#17174,#17175);
#13998=AXIS2_PLACEMENT_3D('',#21121,#17178,#17179);
#13999=AXIS2_PLACEMENT_3D('',#21123,#17180,#17181);
#14000=AXIS2_PLACEMENT_3D('',#21125,#17183,#17184);
#14001=AXIS2_PLACEMENT_3D('',#21129,#17187,#17188);
#14002=AXIS2_PLACEMENT_3D('',#21131,#17189,#17190);
#14003=AXIS2_PLACEMENT_3D('',#21133,#17192,#17193);
#14004=AXIS2_PLACEMENT_3D('',#21137,#17196,#17197);
#14005=AXIS2_PLACEMENT_3D('',#21138,#17198,#17199);
#14006=AXIS2_PLACEMENT_3D('',#21139,#17200,#17201);
#14007=AXIS2_PLACEMENT_3D('',#21142,#17202,#17203);
#14008=AXIS2_PLACEMENT_3D('',#21145,#17206,#17207);
#14009=AXIS2_PLACEMENT_3D('',#21149,#17210,#17211);
#14010=AXIS2_PLACEMENT_3D('',#21151,#17212,#17213);
#14011=AXIS2_PLACEMENT_3D('',#21153,#17215,#17216);
#14012=AXIS2_PLACEMENT_3D('',#21157,#17219,#17220);
#14013=AXIS2_PLACEMENT_3D('',#21159,#17221,#17222);
#14014=AXIS2_PLACEMENT_3D('',#21161,#17224,#17225);
#14015=AXIS2_PLACEMENT_3D('',#21165,#17228,#17229);
#14016=AXIS2_PLACEMENT_3D('',#21167,#17230,#17231);
#14017=AXIS2_PLACEMENT_3D('',#21169,#17233,#17234);
#14018=AXIS2_PLACEMENT_3D('',#21171,#17236,#17237);
#14019=AXIS2_PLACEMENT_3D('',#21174,#17238,#17239);
#14020=AXIS2_PLACEMENT_3D('',#21177,#17242,#17243);
#14021=AXIS2_PLACEMENT_3D('',#21181,#17246,#17247);
#14022=AXIS2_PLACEMENT_3D('',#21183,#17248,#17249);
#14023=AXIS2_PLACEMENT_3D('',#21185,#17251,#17252);
#14024=AXIS2_PLACEMENT_3D('',#21189,#17255,#17256);
#14025=AXIS2_PLACEMENT_3D('',#21191,#17257,#17258);
#14026=AXIS2_PLACEMENT_3D('',#21193,#17260,#17261);
#14027=AXIS2_PLACEMENT_3D('',#21197,#17264,#17265);
#14028=AXIS2_PLACEMENT_3D('',#21199,#17266,#17267);
#14029=AXIS2_PLACEMENT_3D('',#21201,#17269,#17270);
#14030=AXIS2_PLACEMENT_3D('',#21203,#17272,#17273);
#14031=AXIS2_PLACEMENT_3D('',#21209,#17277,#17278);
#14032=AXIS2_PLACEMENT_3D('',#21211,#17279,#17280);
#14033=AXIS2_PLACEMENT_3D('',#21213,#17282,#17283);
#14034=AXIS2_PLACEMENT_3D('',#21217,#17286,#17287);
#14035=AXIS2_PLACEMENT_3D('',#21219,#17288,#17289);
#14036=AXIS2_PLACEMENT_3D('',#21221,#17291,#17292);
#14037=AXIS2_PLACEMENT_3D('',#21225,#17295,#17296);
#14038=AXIS2_PLACEMENT_3D('',#21227,#17297,#17298);
#14039=AXIS2_PLACEMENT_3D('',#21229,#17300,#17301);
#14040=AXIS2_PLACEMENT_3D('',#21233,#17304,#17305);
#14041=AXIS2_PLACEMENT_3D('',#21234,#17306,#17307);
#14042=AXIS2_PLACEMENT_3D('',#21235,#17308,#17309);
#14043=AXIS2_PLACEMENT_3D('',#21238,#17310,#17311);
#14044=AXIS2_PLACEMENT_3D('',#21241,#17314,#17315);
#14045=AXIS2_PLACEMENT_3D('',#21245,#17318,#17319);
#14046=AXIS2_PLACEMENT_3D('',#21247,#17320,#17321);
#14047=AXIS2_PLACEMENT_3D('',#21249,#17323,#17324);
#14048=AXIS2_PLACEMENT_3D('',#21253,#17327,#17328);
#14049=AXIS2_PLACEMENT_3D('',#21255,#17329,#17330);
#14050=AXIS2_PLACEMENT_3D('',#21257,#17332,#17333);
#14051=AXIS2_PLACEMENT_3D('',#21261,#17336,#17337);
#14052=AXIS2_PLACEMENT_3D('',#21263,#17338,#17339);
#14053=AXIS2_PLACEMENT_3D('',#21265,#17341,#17342);
#14054=AXIS2_PLACEMENT_3D('',#21267,#17344,#17345);
#14055=AXIS2_PLACEMENT_3D('',#21273,#17349,#17350);
#14056=AXIS2_PLACEMENT_3D('',#21275,#17351,#17352);
#14057=AXIS2_PLACEMENT_3D('',#21277,#17354,#17355);
#14058=AXIS2_PLACEMENT_3D('',#21281,#17358,#17359);
#14059=AXIS2_PLACEMENT_3D('',#21283,#17360,#17361);
#14060=AXIS2_PLACEMENT_3D('',#21285,#17363,#17364);
#14061=AXIS2_PLACEMENT_3D('',#21289,#17367,#17368);
#14062=AXIS2_PLACEMENT_3D('',#21291,#17369,#17370);
#14063=AXIS2_PLACEMENT_3D('',#21293,#17372,#17373);
#14064=AXIS2_PLACEMENT_3D('',#21297,#17376,#17377);
#14065=AXIS2_PLACEMENT_3D('',#21298,#17378,#17379);
#14066=AXIS2_PLACEMENT_3D('',#21299,#17380,#17381);
#14067=AXIS2_PLACEMENT_3D('',#21305,#17385,#17386);
#14068=AXIS2_PLACEMENT_3D('',#21307,#17387,#17388);
#14069=AXIS2_PLACEMENT_3D('',#21309,#17390,#17391);
#14070=AXIS2_PLACEMENT_3D('',#21313,#17394,#17395);
#14071=AXIS2_PLACEMENT_3D('',#21315,#17396,#17397);
#14072=AXIS2_PLACEMENT_3D('',#21317,#17399,#17400);
#14073=AXIS2_PLACEMENT_3D('',#21321,#17403,#17404);
#14074=AXIS2_PLACEMENT_3D('',#21323,#17405,#17406);
#14075=AXIS2_PLACEMENT_3D('',#21325,#17408,#17409);
#14076=AXIS2_PLACEMENT_3D('',#21329,#17412,#17413);
#14077=AXIS2_PLACEMENT_3D('',#21330,#17414,#17415);
#14078=AXIS2_PLACEMENT_3D('',#21331,#17416,#17417);
#14079=AXIS2_PLACEMENT_3D('',#21337,#17421,#17422);
#14080=AXIS2_PLACEMENT_3D('',#21339,#17423,#17424);
#14081=AXIS2_PLACEMENT_3D('',#21341,#17426,#17427);
#14082=AXIS2_PLACEMENT_3D('',#21345,#17430,#17431);
#14083=AXIS2_PLACEMENT_3D('',#21347,#17432,#17433);
#14084=AXIS2_PLACEMENT_3D('',#21349,#17435,#17436);
#14085=AXIS2_PLACEMENT_3D('',#21353,#17439,#17440);
#14086=AXIS2_PLACEMENT_3D('',#21355,#17441,#17442);
#14087=AXIS2_PLACEMENT_3D('',#21357,#17444,#17445);
#14088=AXIS2_PLACEMENT_3D('',#21361,#17448,#17449);
#14089=AXIS2_PLACEMENT_3D('',#21362,#17450,#17451);
#14090=AXIS2_PLACEMENT_3D('',#21363,#17452,#17453);
#14091=AXIS2_PLACEMENT_3D('',#21366,#17454,#17455);
#14092=AXIS2_PLACEMENT_3D('',#21369,#17458,#17459);
#14093=AXIS2_PLACEMENT_3D('',#21373,#17462,#17463);
#14094=AXIS2_PLACEMENT_3D('',#21375,#17464,#17465);
#14095=AXIS2_PLACEMENT_3D('',#21377,#17467,#17468);
#14096=AXIS2_PLACEMENT_3D('',#21381,#17471,#17472);
#14097=AXIS2_PLACEMENT_3D('',#21383,#17473,#17474);
#14098=AXIS2_PLACEMENT_3D('',#21385,#17476,#17477);
#14099=AXIS2_PLACEMENT_3D('',#21389,#17480,#17481);
#14100=AXIS2_PLACEMENT_3D('',#21391,#17482,#17483);
#14101=AXIS2_PLACEMENT_3D('',#21393,#17485,#17486);
#14102=AXIS2_PLACEMENT_3D('',#21395,#17488,#17489);
#14103=AXIS2_PLACEMENT_3D('',#21401,#17493,#17494);
#14104=AXIS2_PLACEMENT_3D('',#21403,#17495,#17496);
#14105=AXIS2_PLACEMENT_3D('',#21405,#17498,#17499);
#14106=AXIS2_PLACEMENT_3D('',#21409,#17502,#17503);
#14107=AXIS2_PLACEMENT_3D('',#21411,#17504,#17505);
#14108=AXIS2_PLACEMENT_3D('',#21413,#17507,#17508);
#14109=AXIS2_PLACEMENT_3D('',#21417,#17511,#17512);
#14110=AXIS2_PLACEMENT_3D('',#21419,#17513,#17514);
#14111=AXIS2_PLACEMENT_3D('',#21421,#17516,#17517);
#14112=AXIS2_PLACEMENT_3D('',#21425,#17520,#17521);
#14113=AXIS2_PLACEMENT_3D('',#21426,#17522,#17523);
#14114=AXIS2_PLACEMENT_3D('',#21427,#17524,#17525);
#14115=AXIS2_PLACEMENT_3D('',#21433,#17529,#17530);
#14116=AXIS2_PLACEMENT_3D('',#21435,#17531,#17532);
#14117=AXIS2_PLACEMENT_3D('',#21437,#17534,#17535);
#14118=AXIS2_PLACEMENT_3D('',#21441,#17538,#17539);
#14119=AXIS2_PLACEMENT_3D('',#21443,#17540,#17541);
#14120=AXIS2_PLACEMENT_3D('',#21445,#17543,#17544);
#14121=AXIS2_PLACEMENT_3D('',#21449,#17547,#17548);
#14122=AXIS2_PLACEMENT_3D('',#21451,#17549,#17550);
#14123=AXIS2_PLACEMENT_3D('',#21453,#17552,#17553);
#14124=AXIS2_PLACEMENT_3D('',#21457,#17556,#17557);
#14125=AXIS2_PLACEMENT_3D('',#21458,#17558,#17559);
#14126=AXIS2_PLACEMENT_3D('',#21459,#17560,#17561);
#14127=AXIS2_PLACEMENT_3D('',#21465,#17565,#17566);
#14128=AXIS2_PLACEMENT_3D('',#21467,#17567,#17568);
#14129=AXIS2_PLACEMENT_3D('',#21469,#17570,#17571);
#14130=AXIS2_PLACEMENT_3D('',#21473,#17574,#17575);
#14131=AXIS2_PLACEMENT_3D('',#21475,#17576,#17577);
#14132=AXIS2_PLACEMENT_3D('',#21477,#17579,#17580);
#14133=AXIS2_PLACEMENT_3D('',#21481,#17583,#17584);
#14134=AXIS2_PLACEMENT_3D('',#21483,#17585,#17586);
#14135=AXIS2_PLACEMENT_3D('',#21485,#17588,#17589);
#14136=AXIS2_PLACEMENT_3D('',#21489,#17592,#17593);
#14137=AXIS2_PLACEMENT_3D('',#21490,#17594,#17595);
#14138=AXIS2_PLACEMENT_3D('',#21491,#17596,#17597);
#14139=AXIS2_PLACEMENT_3D('',#21497,#17601,#17602);
#14140=AXIS2_PLACEMENT_3D('',#21499,#17603,#17604);
#14141=AXIS2_PLACEMENT_3D('',#21501,#17606,#17607);
#14142=AXIS2_PLACEMENT_3D('',#21505,#17610,#17611);
#14143=AXIS2_PLACEMENT_3D('',#21507,#17612,#17613);
#14144=AXIS2_PLACEMENT_3D('',#21509,#17615,#17616);
#14145=AXIS2_PLACEMENT_3D('',#21513,#17619,#17620);
#14146=AXIS2_PLACEMENT_3D('',#21515,#17621,#17622);
#14147=AXIS2_PLACEMENT_3D('',#21517,#17624,#17625);
#14148=AXIS2_PLACEMENT_3D('',#21521,#17628,#17629);
#14149=AXIS2_PLACEMENT_3D('',#21522,#17630,#17631);
#14150=AXIS2_PLACEMENT_3D('',#21523,#17632,#17633);
#14151=AXIS2_PLACEMENT_3D('',#21529,#17637,#17638);
#14152=AXIS2_PLACEMENT_3D('',#21531,#17639,#17640);
#14153=AXIS2_PLACEMENT_3D('',#21533,#17642,#17643);
#14154=AXIS2_PLACEMENT_3D('',#21537,#17646,#17647);
#14155=AXIS2_PLACEMENT_3D('',#21539,#17648,#17649);
#14156=AXIS2_PLACEMENT_3D('',#21541,#17651,#17652);
#14157=AXIS2_PLACEMENT_3D('',#21545,#17655,#17656);
#14158=AXIS2_PLACEMENT_3D('',#21547,#17657,#17658);
#14159=AXIS2_PLACEMENT_3D('',#21549,#17660,#17661);
#14160=AXIS2_PLACEMENT_3D('',#21553,#17664,#17665);
#14161=AXIS2_PLACEMENT_3D('',#21554,#17666,#17667);
#14162=AXIS2_PLACEMENT_3D('',#21555,#17668,#17669);
#14163=AXIS2_PLACEMENT_3D('',#21558,#17670,#17671);
#14164=AXIS2_PLACEMENT_3D('',#21561,#17674,#17675);
#14165=AXIS2_PLACEMENT_3D('',#21565,#17678,#17679);
#14166=AXIS2_PLACEMENT_3D('',#21567,#17680,#17681);
#14167=AXIS2_PLACEMENT_3D('',#21569,#17683,#17684);
#14168=AXIS2_PLACEMENT_3D('',#21573,#17687,#17688);
#14169=AXIS2_PLACEMENT_3D('',#21575,#17689,#17690);
#14170=AXIS2_PLACEMENT_3D('',#21577,#17692,#17693);
#14171=AXIS2_PLACEMENT_3D('',#21581,#17696,#17697);
#14172=AXIS2_PLACEMENT_3D('',#21583,#17698,#17699);
#14173=AXIS2_PLACEMENT_3D('',#21585,#17701,#17702);
#14174=AXIS2_PLACEMENT_3D('',#21587,#17704,#17705);
#14175=AXIS2_PLACEMENT_3D('',#21593,#17709,#17710);
#14176=AXIS2_PLACEMENT_3D('',#21595,#17711,#17712);
#14177=AXIS2_PLACEMENT_3D('',#21597,#17714,#17715);
#14178=AXIS2_PLACEMENT_3D('',#21601,#17718,#17719);
#14179=AXIS2_PLACEMENT_3D('',#21603,#17720,#17721);
#14180=AXIS2_PLACEMENT_3D('',#21605,#17723,#17724);
#14181=AXIS2_PLACEMENT_3D('',#21609,#17727,#17728);
#14182=AXIS2_PLACEMENT_3D('',#21611,#17729,#17730);
#14183=AXIS2_PLACEMENT_3D('',#21613,#17732,#17733);
#14184=AXIS2_PLACEMENT_3D('',#21617,#17736,#17737);
#14185=AXIS2_PLACEMENT_3D('',#21618,#17738,#17739);
#14186=AXIS2_PLACEMENT_3D('',#21619,#17740,#17741);
#14187=AXIS2_PLACEMENT_3D('',#21622,#17742,#17743);
#14188=AXIS2_PLACEMENT_3D('',#21625,#17746,#17747);
#14189=AXIS2_PLACEMENT_3D('',#21629,#17750,#17751);
#14190=AXIS2_PLACEMENT_3D('',#21631,#17752,#17753);
#14191=AXIS2_PLACEMENT_3D('',#21633,#17755,#17756);
#14192=AXIS2_PLACEMENT_3D('',#21637,#17759,#17760);
#14193=AXIS2_PLACEMENT_3D('',#21639,#17761,#17762);
#14194=AXIS2_PLACEMENT_3D('',#21641,#17764,#17765);
#14195=AXIS2_PLACEMENT_3D('',#21645,#17768,#17769);
#14196=AXIS2_PLACEMENT_3D('',#21647,#17770,#17771);
#14197=AXIS2_PLACEMENT_3D('',#21649,#17773,#17774);
#14198=AXIS2_PLACEMENT_3D('',#21651,#17776,#17777);
#14199=AXIS2_PLACEMENT_3D('',#21657,#17781,#17782);
#14200=AXIS2_PLACEMENT_3D('',#21659,#17783,#17784);
#14201=AXIS2_PLACEMENT_3D('',#21661,#17786,#17787);
#14202=AXIS2_PLACEMENT_3D('',#21665,#17790,#17791);
#14203=AXIS2_PLACEMENT_3D('',#21667,#17792,#17793);
#14204=AXIS2_PLACEMENT_3D('',#21669,#17795,#17796);
#14205=AXIS2_PLACEMENT_3D('',#21673,#17799,#17800);
#14206=AXIS2_PLACEMENT_3D('',#21675,#17801,#17802);
#14207=AXIS2_PLACEMENT_3D('',#21677,#17804,#17805);
#14208=AXIS2_PLACEMENT_3D('',#21681,#17808,#17809);
#14209=AXIS2_PLACEMENT_3D('',#21682,#17810,#17811);
#14210=AXIS2_PLACEMENT_3D('',#21683,#17812,#17813);
#14211=AXIS2_PLACEMENT_3D('',#21686,#17814,#17815);
#14212=AXIS2_PLACEMENT_3D('',#21689,#17818,#17819);
#14213=AXIS2_PLACEMENT_3D('',#21693,#17822,#17823);
#14214=AXIS2_PLACEMENT_3D('',#21695,#17824,#17825);
#14215=AXIS2_PLACEMENT_3D('',#21697,#17827,#17828);
#14216=AXIS2_PLACEMENT_3D('',#21701,#17831,#17832);
#14217=AXIS2_PLACEMENT_3D('',#21703,#17833,#17834);
#14218=AXIS2_PLACEMENT_3D('',#21705,#17836,#17837);
#14219=AXIS2_PLACEMENT_3D('',#21709,#17840,#17841);
#14220=AXIS2_PLACEMENT_3D('',#21711,#17842,#17843);
#14221=AXIS2_PLACEMENT_3D('',#21713,#17845,#17846);
#14222=AXIS2_PLACEMENT_3D('',#21715,#17848,#17849);
#14223=AXIS2_PLACEMENT_3D('',#21718,#17850,#17851);
#14224=AXIS2_PLACEMENT_3D('',#21721,#17854,#17855);
#14225=AXIS2_PLACEMENT_3D('',#21725,#17858,#17859);
#14226=AXIS2_PLACEMENT_3D('',#21727,#17860,#17861);
#14227=AXIS2_PLACEMENT_3D('',#21729,#17863,#17864);
#14228=AXIS2_PLACEMENT_3D('',#21733,#17867,#17868);
#14229=AXIS2_PLACEMENT_3D('',#21735,#17869,#17870);
#14230=AXIS2_PLACEMENT_3D('',#21737,#17872,#17873);
#14231=AXIS2_PLACEMENT_3D('',#21741,#17876,#17877);
#14232=AXIS2_PLACEMENT_3D('',#21743,#17878,#17879);
#14233=AXIS2_PLACEMENT_3D('',#21745,#17881,#17882);
#14234=AXIS2_PLACEMENT_3D('',#21747,#17884,#17885);
#14235=AXIS2_PLACEMENT_3D('',#21750,#17886,#17887);
#14236=AXIS2_PLACEMENT_3D('',#21753,#17890,#17891);
#14237=AXIS2_PLACEMENT_3D('',#21757,#17894,#17895);
#14238=AXIS2_PLACEMENT_3D('',#21759,#17896,#17897);
#14239=AXIS2_PLACEMENT_3D('',#21761,#17899,#17900);
#14240=AXIS2_PLACEMENT_3D('',#21765,#17903,#17904);
#14241=AXIS2_PLACEMENT_3D('',#21767,#17905,#17906);
#14242=AXIS2_PLACEMENT_3D('',#21769,#17908,#17909);
#14243=AXIS2_PLACEMENT_3D('',#21773,#17912,#17913);
#14244=AXIS2_PLACEMENT_3D('',#21775,#17914,#17915);
#14245=AXIS2_PLACEMENT_3D('',#21777,#17917,#17918);
#14246=AXIS2_PLACEMENT_3D('',#21779,#17920,#17921);
#14247=AXIS2_PLACEMENT_3D('',#21782,#17922,#17923);
#14248=AXIS2_PLACEMENT_3D('',#21785,#17926,#17927);
#14249=AXIS2_PLACEMENT_3D('',#21789,#17930,#17931);
#14250=AXIS2_PLACEMENT_3D('',#21791,#17932,#17933);
#14251=AXIS2_PLACEMENT_3D('',#21793,#17935,#17936);
#14252=AXIS2_PLACEMENT_3D('',#21797,#17939,#17940);
#14253=AXIS2_PLACEMENT_3D('',#21799,#17941,#17942);
#14254=AXIS2_PLACEMENT_3D('',#21801,#17944,#17945);
#14255=AXIS2_PLACEMENT_3D('',#21805,#17948,#17949);
#14256=AXIS2_PLACEMENT_3D('',#21807,#17950,#17951);
#14257=AXIS2_PLACEMENT_3D('',#21809,#17953,#17954);
#14258=AXIS2_PLACEMENT_3D('',#21811,#17956,#17957);
#14259=AXIS2_PLACEMENT_3D('',#21817,#17961,#17962);
#14260=AXIS2_PLACEMENT_3D('',#21819,#17963,#17964);
#14261=AXIS2_PLACEMENT_3D('',#21821,#17966,#17967);
#14262=AXIS2_PLACEMENT_3D('',#21825,#17970,#17971);
#14263=AXIS2_PLACEMENT_3D('',#21827,#17972,#17973);
#14264=AXIS2_PLACEMENT_3D('',#21829,#17975,#17976);
#14265=AXIS2_PLACEMENT_3D('',#21833,#17979,#17980);
#14266=AXIS2_PLACEMENT_3D('',#21835,#17981,#17982);
#14267=AXIS2_PLACEMENT_3D('',#21837,#17984,#17985);
#14268=AXIS2_PLACEMENT_3D('',#21841,#17988,#17989);
#14269=AXIS2_PLACEMENT_3D('',#21842,#17990,#17991);
#14270=AXIS2_PLACEMENT_3D('',#21843,#17992,#17993);
#14271=AXIS2_PLACEMENT_3D('',#21845,#17995,#17996);
#14272=AXIS2_PLACEMENT_3D('',#21847,#17998,#17999);
#14273=AXIS2_PLACEMENT_3D('',#21849,#18001,#18002);
#14274=AXIS2_PLACEMENT_3D('',#21851,#18004,#18005);
#14275=AXIS2_PLACEMENT_3D('',#21857,#18009,#18010);
#14276=AXIS2_PLACEMENT_3D('',#21859,#18011,#18012);
#14277=AXIS2_PLACEMENT_3D('',#21861,#18014,#18015);
#14278=AXIS2_PLACEMENT_3D('',#21865,#18018,#18019);
#14279=AXIS2_PLACEMENT_3D('',#21867,#18020,#18021);
#14280=AXIS2_PLACEMENT_3D('',#21869,#18023,#18024);
#14281=AXIS2_PLACEMENT_3D('',#21873,#18027,#18028);
#14282=AXIS2_PLACEMENT_3D('',#21875,#18029,#18030);
#14283=AXIS2_PLACEMENT_3D('',#21877,#18032,#18033);
#14284=AXIS2_PLACEMENT_3D('',#21881,#18036,#18037);
#14285=AXIS2_PLACEMENT_3D('',#21882,#18038,#18039);
#14286=AXIS2_PLACEMENT_3D('',#21883,#18040,#18041);
#14287=AXIS2_PLACEMENT_3D('',#21886,#18043,#18044);
#14288=AXIS2_PLACEMENT_3D('',#21887,#18045,#18046);
#14289=AXIS2_PLACEMENT_3D('',#21890,#18048,#18049);
#14290=AXIS2_PLACEMENT_3D('',#21891,#18050,#18051);
#14291=AXIS2_PLACEMENT_3D('',#21894,#18053,#18054);
#14292=AXIS2_PLACEMENT_3D('',#21895,#18055,#18056);
#14293=AXIS2_PLACEMENT_3D('',#21898,#18058,#18059);
#14294=AXIS2_PLACEMENT_3D('',#21899,#18060,#18061);
#14295=AXIS2_PLACEMENT_3D('',#21902,#18063,#18064);
#14296=AXIS2_PLACEMENT_3D('',#21903,#18065,#18066);
#14297=AXIS2_PLACEMENT_3D('',#21907,#18069,#18070);
#14298=AXIS2_PLACEMENT_3D('',#21908,#18071,#18072);
#14299=AXIS2_PLACEMENT_3D('',#21909,#18073,#18074);
#14300=AXIS2_PLACEMENT_3D('',#21913,#18077,#18078);
#14301=AXIS2_PLACEMENT_3D('',#21914,#18079,#18080);
#14302=AXIS2_PLACEMENT_3D('',#21915,#18081,#18082);
#14303=AXIS2_PLACEMENT_3D('',#21919,#18085,#18086);
#14304=AXIS2_PLACEMENT_3D('',#21923,#18089,#18090);
#14305=AXIS2_PLACEMENT_3D('',#21924,#18091,#18092);
#14306=AXIS2_PLACEMENT_3D('',#21925,#18093,#18094);
#14307=AXIS2_PLACEMENT_3D('',#21929,#18097,#18098);
#14308=AXIS2_PLACEMENT_3D('',#21931,#18099,#18100);
#14309=AXIS2_PLACEMENT_3D('',#21933,#18102,#18103);
#14310=AXIS2_PLACEMENT_3D('',#21935,#18105,#18106);
#14311=AXIS2_PLACEMENT_3D('',#21937,#18108,#18109);
#14312=AXIS2_PLACEMENT_3D('',#21941,#18112,#18113);
#14313=AXIS2_PLACEMENT_3D('',#21942,#18114,#18115);
#14314=AXIS2_PLACEMENT_3D('',#21943,#18116,#18117);
#14315=AXIS2_PLACEMENT_3D('',#21947,#18120,#18121);
#14316=AXIS2_PLACEMENT_3D('',#21948,#18122,#18123);
#14317=AXIS2_PLACEMENT_3D('',#21949,#18124,#18125);
#14318=AXIS2_PLACEMENT_3D('',#21951,#18127,#18128);
#14319=AXIS2_PLACEMENT_3D('',#21955,#18131,#18132);
#14320=AXIS2_PLACEMENT_3D('',#21959,#18135,#18136);
#14321=AXIS2_PLACEMENT_3D('',#21960,#18137,#18138);
#14322=AXIS2_PLACEMENT_3D('',#21961,#18139,#18140);
#14323=AXIS2_PLACEMENT_3D('',#21965,#18143,#18144);
#14324=AXIS2_PLACEMENT_3D('',#21967,#18145,#18146);
#14325=AXIS2_PLACEMENT_3D('',#21969,#18148,#18149);
#14326=AXIS2_PLACEMENT_3D('',#21971,#18151,#18152);
#14327=DIRECTION('axis',(0.,0.,1.));
#14328=DIRECTION('refdir',(1.,0.,0.));
#14329=DIRECTION('center_axis',(0.,0.,1.));
#14330=DIRECTION('ref_axis',(-0.707106781186541,-0.707106781186554,0.));
#14331=DIRECTION('center_axis',(0.,0.,-1.));
#14332=DIRECTION('ref_axis',(-0.707106781186541,-0.707106781186554,0.));
#14333=DIRECTION('',(0.,0.,-1.));
#14334=DIRECTION('center_axis',(0.,0.,1.));
#14335=DIRECTION('ref_axis',(-0.707106781186541,-0.707106781186554,0.));
#14336=DIRECTION('',(0.,0.,1.));
#14337=DIRECTION('center_axis',(-1.,-5.22457893941251E-16,0.));
#14338=DIRECTION('ref_axis',(5.22457893941251E-16,-1.,0.));
#14339=DIRECTION('',(5.22457893941251E-16,-1.,0.));
#14340=DIRECTION('',(0.,0.,1.));
#14341=DIRECTION('',(-5.22457893941251E-16,1.,0.));
#14342=DIRECTION('center_axis',(0.,0.,1.));
#14343=DIRECTION('ref_axis',(1.,0.,0.));
#14344=DIRECTION('',(1.,0.,0.));
#14345=DIRECTION('center_axis',(0.,0.,1.));
#14346=DIRECTION('ref_axis',(0.707106781186548,0.707106781186548,0.));
#14347=DIRECTION('',(0.,-1.,0.));
#14348=DIRECTION('center_axis',(0.,0.,1.));
#14349=DIRECTION('ref_axis',(1.,0.,0.));
#14350=DIRECTION('',(0.,1.,0.));
#14351=DIRECTION('center_axis',(0.,0.,1.));
#14352=DIRECTION('ref_axis',(-0.707106781186548,0.707106781186548,0.));
#14353=DIRECTION('',(1.,0.,0.));
#14354=DIRECTION('center_axis',(0.,0.,1.));
#14355=DIRECTION('ref_axis',(0.707106781186522,0.707106781186573,0.));
#14356=DIRECTION('',(0.,-1.,0.));
#14357=DIRECTION('center_axis',(0.,0.,1.));
#14358=DIRECTION('ref_axis',(1.,0.,0.));
#14359=DIRECTION('',(0.,1.,0.));
#14360=DIRECTION('center_axis',(0.,0.,1.));
#14361=DIRECTION('ref_axis',(-0.707106781186522,0.707106781186573,0.));
#14362=DIRECTION('',(1.,0.,0.));
#14363=DIRECTION('center_axis',(0.,0.,-1.));
#14364=DIRECTION('ref_axis',(0.707106781186573,-0.707106781186523,0.));
#14365=DIRECTION('',(0.,1.,0.));
#14366=DIRECTION('center_axis',(0.,0.,1.));
#14367=DIRECTION('ref_axis',(-0.707106781186522,0.707106781186573,0.));
#14368=DIRECTION('',(1.,0.,0.));
#14369=DIRECTION('',(0.999999999999985,-1.73846759087228E-7,0.));
#14370=DIRECTION('center_axis',(0.,0.,1.));
#14371=DIRECTION('ref_axis',(1.,0.,0.));
#14372=DIRECTION('',(-1.,0.,0.));
#14373=DIRECTION('center_axis',(0.,0.,1.));
#14374=DIRECTION('ref_axis',(-0.707106781186522,-0.707106781186573,0.));
#14375=DIRECTION('',(0.,1.,0.));
#14376=DIRECTION('center_axis',(0.,0.,1.));
#14377=DIRECTION('ref_axis',(-0.707106781186529,0.707106781186566,0.));
#14378=DIRECTION('',(1.,0.,0.));
#14379=DIRECTION('center_axis',(0.,0.,1.));
#14380=DIRECTION('ref_axis',(1.,0.,0.));
#14381=DIRECTION('',(-1.,-4.96705028342564E-9,0.));
#14382=DIRECTION('',(-1.,0.,0.));
#14383=DIRECTION('center_axis',(0.,0.,1.));
#14384=DIRECTION('ref_axis',(-0.707106781186578,-0.707106781186517,0.));
#14385=DIRECTION('',(0.,1.,0.));
#14386=DIRECTION('center_axis',(0.,0.,1.));
#14387=DIRECTION('ref_axis',(1.,0.,0.));
#14388=DIRECTION('',(0.,-1.,0.));
#14389=DIRECTION('center_axis',(0.,0.,1.));
#14390=DIRECTION('ref_axis',(0.707106781186528,-0.707106781186568,0.));
#14391=DIRECTION('',(-1.,0.,0.));
#14392=DIRECTION('center_axis',(0.,0.,1.));
#14393=DIRECTION('ref_axis',(-0.70710678118654,-0.707106781186555,0.));
#14394=DIRECTION('',(0.,1.,0.));
#14395=DIRECTION('center_axis',(0.,0.,1.));
#14396=DIRECTION('ref_axis',(1.,0.,0.));
#14397=DIRECTION('',(0.,-1.,0.));
#14398=DIRECTION('center_axis',(0.,0.,1.));
#14399=DIRECTION('ref_axis',(0.707106781186553,-0.707106781186542,0.));
#14400=DIRECTION('',(-1.,0.,0.));
#14401=DIRECTION('',(-1.,4.96705361409235E-9,0.));
#14402=DIRECTION('center_axis',(0.,0.,1.));
#14403=DIRECTION('ref_axis',(1.,0.,0.));
#14404=DIRECTION('',(1.,0.,0.));
#14405=DIRECTION('center_axis',(0.,0.,1.));
#14406=DIRECTION('ref_axis',(0.707106781186547,0.707106781186548,0.));
#14407=DIRECTION('',(-8.48087032699772E-17,-1.,0.));
#14408=DIRECTION('center_axis',(0.,0.,1.));
#14409=DIRECTION('ref_axis',(0.707106781186543,-0.707106781186552,0.));
#14410=DIRECTION('',(-1.,0.,0.));
#14411=DIRECTION('center_axis',(0.,0.,1.));
#14412=DIRECTION('ref_axis',(1.,0.,0.));
#14413=DIRECTION('',(0.999999999999985,1.73846875660562E-7,0.));
#14414=DIRECTION('',(1.,0.,0.));
#14415=DIRECTION('center_axis',(0.,0.,1.));
#14416=DIRECTION('ref_axis',(0.707106781186541,0.707106781186554,0.));
#14417=DIRECTION('center_axis',(0.,0.,-1.));
#14418=DIRECTION('ref_axis',(1.,0.,0.));
#14419=DIRECTION('center_axis',(0.,0.,-1.));
#14420=DIRECTION('ref_axis',(1.,0.,0.));
#14421=DIRECTION('center_axis',(0.,0.,-1.));
#14422=DIRECTION('ref_axis',(1.,0.,0.));
#14423=DIRECTION('center_axis',(0.,0.,-1.));
#14424=DIRECTION('ref_axis',(1.,0.,0.));
#14425=DIRECTION('center_axis',(0.,0.,-1.));
#14426=DIRECTION('ref_axis',(1.,0.,0.));
#14427=DIRECTION('center_axis',(0.,0.,-1.));
#14428=DIRECTION('ref_axis',(0.,1.,0.));
#14429=DIRECTION('',(1.,6.83214169000096E-16,0.));
#14430=DIRECTION('center_axis',(0.,0.,-1.));
#14431=DIRECTION('ref_axis',(1.,0.,0.));
#14432=DIRECTION('',(0.,-1.,0.));
#14433=DIRECTION('center_axis',(0.,0.,-1.));
#14434=DIRECTION('ref_axis',(0.,-1.,0.));
#14435=DIRECTION('',(-1.,-6.83214169000096E-16,0.));
#14436=DIRECTION('center_axis',(0.,0.,-1.));
#14437=DIRECTION('ref_axis',(-1.,0.,0.));
#14438=DIRECTION('',(0.,1.,0.));
#14439=DIRECTION('center_axis',(0.,0.,-1.));
#14440=DIRECTION('ref_axis',(-0.707106781186541,-0.707106781186554,0.));
#14441=DIRECTION('',(1.,0.,0.));
#14442=DIRECTION('center_axis',(0.,0.,1.));
#14443=DIRECTION('ref_axis',(0.707106781186541,0.707106781186554,0.));
#14444=DIRECTION('',(2.59322166335803E-15,-1.,0.));
#14445=DIRECTION('center_axis',(0.,0.,1.));
#14446=DIRECTION('ref_axis',(0.707106781186541,-0.707106781186554,0.));
#14447=DIRECTION('',(-1.,0.,0.));
#14448=DIRECTION('center_axis',(0.,0.,1.));
#14449=DIRECTION('ref_axis',(-0.707106781186541,-0.707106781186554,0.));
#14450=DIRECTION('',(-1.94491624751853E-15,1.,0.));
#14451=DIRECTION('center_axis',(0.,0.,1.));
#14452=DIRECTION('ref_axis',(-0.70710678118656,0.707106781186535,0.));
#14453=DIRECTION('',(1.,1.31581988103724E-14,0.));
#14454=DIRECTION('center_axis',(0.,0.,-1.));
#14455=DIRECTION('ref_axis',(0.707106781186548,-0.707106781186548,0.));
#14456=DIRECTION('',(0.,1.,0.));
#14457=DIRECTION('center_axis',(0.,0.,1.));
#14458=DIRECTION('ref_axis',(-0.707106781186541,0.707106781186554,0.));
#14459=DIRECTION('',(1.,0.,0.));
#14460=DIRECTION('center_axis',(0.,0.,1.));
#14461=DIRECTION('ref_axis',(0.707106781186541,0.707106781186554,0.));
#14462=DIRECTION('',(0.,-1.,0.));
#14463=DIRECTION('center_axis',(0.,0.,-1.));
#14464=DIRECTION('ref_axis',(-0.707106781186541,-0.707106781186554,0.));
#14465=DIRECTION('',(1.,0.,0.));
#14466=DIRECTION('center_axis',(0.,0.,1.));
#14467=DIRECTION('ref_axis',(0.707106781186544,0.707106781186551,0.));
#14468=DIRECTION('',(-3.24152707919754E-16,-1.,0.));
#14469=DIRECTION('center_axis',(0.,0.,1.));
#14470=DIRECTION('ref_axis',(0.707106781186541,-0.707106781186554,0.));
#14471=DIRECTION('',(-1.,-1.40980701539702E-15,0.));
#14472=DIRECTION('center_axis',(0.,0.,1.));
#14473=DIRECTION('ref_axis',(-0.707106781186541,-0.707106781186554,0.));
#14474=DIRECTION('',(3.24152707919754E-16,1.,0.));
#14475=DIRECTION('center_axis',(0.,0.,1.));
#14476=DIRECTION('ref_axis',(-0.707106781186543,0.707106781186552,0.));
#14477=DIRECTION('',(1.,0.,0.));
#14478=DIRECTION('center_axis',(0.,0.,-1.));
#14479=DIRECTION('ref_axis',(0.707106781186543,-0.707106781186552,0.));
#14480=DIRECTION('',(-2.38757639704335E-16,1.,0.));
#14481=DIRECTION('center_axis',(0.,0.,1.));
#14482=DIRECTION('ref_axis',(-0.707106781186544,0.707106781186551,0.));
#14483=DIRECTION('',(1.,0.,0.));
#14484=DIRECTION('center_axis',(0.,0.,1.));
#14485=DIRECTION('ref_axis',(0.707106781186543,0.707106781186552,0.));
#14486=DIRECTION('',(9.55030558817339E-16,-1.,0.));
#14487=DIRECTION('center_axis',(0.,0.,-1.));
#14488=DIRECTION('ref_axis',(0.,1.,0.));
#14489=DIRECTION('',(1.,0.,0.));
#14490=DIRECTION('center_axis',(0.,0.,-1.));
#14491=DIRECTION('ref_axis',(1.,0.,0.));
#14492=DIRECTION('',(0.,-1.,0.));
#14493=DIRECTION('center_axis',(0.,0.,-1.));
#14494=DIRECTION('ref_axis',(0.,-1.,0.));
#14495=DIRECTION('',(-1.,-1.36642833800019E-15,0.));
#14496=DIRECTION('center_axis',(0.,0.,-1.));
#14497=DIRECTION('ref_axis',(-1.,0.,0.));
#14498=DIRECTION('',(0.,1.,0.));
#14499=DIRECTION('',(0.,1.,0.));
#14500=DIRECTION('center_axis',(0.,0.,-1.));
#14501=DIRECTION('ref_axis',(0.,1.,0.));
#14502=DIRECTION('',(1.,5.55111512312578E-16,0.));
#14503=DIRECTION('center_axis',(0.,0.,-1.));
#14504=DIRECTION('ref_axis',(1.,0.,0.));
#14505=DIRECTION('',(0.,-1.,0.));
#14506=DIRECTION('center_axis',(0.,0.,-1.));
#14507=DIRECTION('ref_axis',(0.,-1.,0.));
#14508=DIRECTION('',(-1.,0.,0.));
#14509=DIRECTION('center_axis',(0.,0.,-1.));
#14510=DIRECTION('ref_axis',(-1.,0.,0.));
#14511=DIRECTION('',(0.,1.,0.));
#14512=DIRECTION('center_axis',(0.,0.,-1.));
#14513=DIRECTION('ref_axis',(0.,1.,0.));
#14514=DIRECTION('',(1.,5.55111512312579E-16,0.));
#14515=DIRECTION('center_axis',(0.,0.,-1.));
#14516=DIRECTION('ref_axis',(1.,0.,0.));
#14517=DIRECTION('',(0.,-1.,0.));
#14518=DIRECTION('center_axis',(0.,0.,-1.));
#14519=DIRECTION('ref_axis',(0.,-1.,0.));
#14520=DIRECTION('',(-1.,0.,0.));
#14521=DIRECTION('center_axis',(0.,0.,-1.));
#14522=DIRECTION('ref_axis',(-1.,0.,0.));
#14523=DIRECTION('',(0.,1.,0.));
#14524=DIRECTION('center_axis',(0.,0.,-1.));
#14525=DIRECTION('ref_axis',(0.,1.,0.));
#14526=DIRECTION('',(1.,-1.28102656687518E-16,0.));
#14527=DIRECTION('center_axis',(0.,0.,-1.));
#14528=DIRECTION('ref_axis',(1.,0.,0.));
#14529=DIRECTION('',(0.,-1.,0.));
#14530=DIRECTION('center_axis',(0.,0.,-1.));
#14531=DIRECTION('ref_axis',(0.,-1.,0.));
#14532=DIRECTION('',(-1.,0.,0.));
#14533=DIRECTION('center_axis',(0.,0.,-1.));
#14534=DIRECTION('ref_axis',(-1.,0.,0.));
#14535=DIRECTION('',(0.,1.,0.));
#14536=DIRECTION('center_axis',(0.,0.,-1.));
#14537=DIRECTION('ref_axis',(0.,1.,0.));
#14538=DIRECTION('',(1.,0.,0.));
#14539=DIRECTION('center_axis',(0.,0.,-1.));
#14540=DIRECTION('ref_axis',(1.,0.,0.));
#14541=DIRECTION('',(0.,-1.,0.));
#14542=DIRECTION('center_axis',(0.,0.,-1.));
#14543=DIRECTION('ref_axis',(0.,-1.,0.));
#14544=DIRECTION('',(-1.,0.,0.));
#14545=DIRECTION('center_axis',(0.,0.,-1.));
#14546=DIRECTION('ref_axis',(-1.,0.,0.));
#14547=DIRECTION('center_axis',(0.,0.,-1.));
#14548=DIRECTION('ref_axis',(0.,1.,0.));
#14549=DIRECTION('',(1.,-6.83214169000096E-16,0.));
#14550=DIRECTION('center_axis',(0.,0.,-1.));
#14551=DIRECTION('ref_axis',(1.,0.,0.));
#14552=DIRECTION('',(0.,-1.,0.));
#14553=DIRECTION('center_axis',(0.,0.,-1.));
#14554=DIRECTION('ref_axis',(0.,-1.,0.));
#14555=DIRECTION('',(-1.,0.,0.));
#14556=DIRECTION('center_axis',(0.,0.,-1.));
#14557=DIRECTION('ref_axis',(-1.,0.,0.));
#14558=DIRECTION('',(-6.83214169000096E-16,1.,0.));
#14559=DIRECTION('',(0.,1.,0.));
#14560=DIRECTION('center_axis',(0.,0.,-1.));
#14561=DIRECTION('ref_axis',(0.,1.,0.));
#14562=DIRECTION('',(1.,5.55111512312579E-16,0.));
#14563=DIRECTION('center_axis',(0.,0.,-1.));
#14564=DIRECTION('ref_axis',(1.,0.,0.));
#14565=DIRECTION('',(0.,-1.,0.));
#14566=DIRECTION('center_axis',(0.,0.,-1.));
#14567=DIRECTION('ref_axis',(0.,-1.,0.));
#14568=DIRECTION('',(-1.,0.,0.));
#14569=DIRECTION('center_axis',(0.,0.,-1.));
#14570=DIRECTION('ref_axis',(-1.,0.,0.));
#14571=DIRECTION('center_axis',(0.,0.,-1.));
#14572=DIRECTION('ref_axis',(0.,1.,0.));
#14573=DIRECTION('',(1.,5.12410626750072E-16,0.));
#14574=DIRECTION('center_axis',(0.,0.,-1.));
#14575=DIRECTION('ref_axis',(1.,0.,0.));
#14576=DIRECTION('',(0.,-1.,0.));
#14577=DIRECTION('center_axis',(0.,0.,-1.));
#14578=DIRECTION('ref_axis',(0.,-1.,0.));
#14579=DIRECTION('',(-1.,-6.83214169000096E-16,0.));
#14580=DIRECTION('center_axis',(0.,0.,-1.));
#14581=DIRECTION('ref_axis',(-1.,0.,0.));
#14582=DIRECTION('',(0.,1.,0.));
#14583=DIRECTION('',(0.,1.,0.));
#14584=DIRECTION('center_axis',(0.,0.,-1.));
#14585=DIRECTION('ref_axis',(0.,1.,0.));
#14586=DIRECTION('',(1.,-1.28102656687518E-16,0.));
#14587=DIRECTION('center_axis',(0.,0.,-1.));
#14588=DIRECTION('ref_axis',(1.,0.,0.));
#14589=DIRECTION('',(0.,-1.,0.));
#14590=DIRECTION('center_axis',(0.,0.,-1.));
#14591=DIRECTION('ref_axis',(0.,-1.,0.));
#14592=DIRECTION('',(-1.,0.,0.));
#14593=DIRECTION('center_axis',(0.,0.,-1.));
#14594=DIRECTION('ref_axis',(-1.,0.,0.));
#14595=DIRECTION('center_axis',(0.,0.,-1.));
#14596=DIRECTION('ref_axis',(0.,1.,0.));
#14597=DIRECTION('',(1.,0.,0.));
#14598=DIRECTION('center_axis',(0.,0.,-1.));
#14599=DIRECTION('ref_axis',(1.,0.,0.));
#14600=DIRECTION('',(0.,-1.,0.));
#14601=DIRECTION('center_axis',(0.,0.,-1.));
#14602=DIRECTION('ref_axis',(0.,-1.,0.));
#14603=DIRECTION('',(-1.,-6.83214169000096E-16,0.));
#14604=DIRECTION('center_axis',(0.,0.,-1.));
#14605=DIRECTION('ref_axis',(-1.,0.,0.));
#14606=DIRECTION('',(3.41607084500048E-16,1.,0.));
#14607=DIRECTION('center_axis',(0.,0.,-1.));
#14608=DIRECTION('ref_axis',(0.,1.,0.));
#14609=DIRECTION('',(1.,-6.83214169000096E-16,0.));
#14610=DIRECTION('center_axis',(0.,0.,-1.));
#14611=DIRECTION('ref_axis',(1.,0.,0.));
#14612=DIRECTION('',(0.,-1.,0.));
#14613=DIRECTION('center_axis',(0.,0.,-1.));
#14614=DIRECTION('ref_axis',(0.,-1.,0.));
#14615=DIRECTION('',(-1.,6.83214169000096E-16,0.));
#14616=DIRECTION('center_axis',(0.,0.,-1.));
#14617=DIRECTION('ref_axis',(-1.,0.,0.));
#14618=DIRECTION('',(0.,1.,0.));
#14619=DIRECTION('center_axis',(0.,0.,-1.));
#14620=DIRECTION('ref_axis',(0.,1.,0.));
#14621=DIRECTION('',(1.,5.12410626750073E-16,0.));
#14622=DIRECTION('center_axis',(0.,0.,-1.));
#14623=DIRECTION('ref_axis',(1.,0.,0.));
#14624=DIRECTION('',(0.,-1.,0.));
#14625=DIRECTION('center_axis',(0.,0.,-1.));
#14626=DIRECTION('ref_axis',(0.,-1.,0.));
#14627=DIRECTION('',(-1.,-6.83214169000098E-16,0.));
#14628=DIRECTION('center_axis',(0.,0.,-1.));
#14629=DIRECTION('ref_axis',(-1.,0.,0.));
#14630=DIRECTION('',(0.,1.,0.));
#14631=DIRECTION('center_axis',(0.,0.,-1.));
#14632=DIRECTION('ref_axis',(0.,1.,0.));
#14633=DIRECTION('',(1.,-2.73285667600038E-15,0.));
#14634=DIRECTION('center_axis',(0.,0.,-1.));
#14635=DIRECTION('ref_axis',(1.,0.,0.));
#14636=DIRECTION('',(0.,-1.,0.));
#14637=DIRECTION('center_axis',(0.,0.,-1.));
#14638=DIRECTION('ref_axis',(0.,-1.,0.));
#14639=DIRECTION('',(-1.,-6.83214169000096E-16,0.));
#14640=DIRECTION('center_axis',(0.,0.,-1.));
#14641=DIRECTION('ref_axis',(-1.,0.,0.));
#14642=DIRECTION('',(0.,1.,0.));
#14643=DIRECTION('center_axis',(0.,0.,-1.));
#14644=DIRECTION('ref_axis',(0.,1.,0.));
#14645=DIRECTION('',(1.,6.83214169000096E-16,0.));
#14646=DIRECTION('center_axis',(0.,0.,-1.));
#14647=DIRECTION('ref_axis',(1.,0.,0.));
#14648=DIRECTION('',(0.,-1.,0.));
#14649=DIRECTION('center_axis',(0.,0.,-1.));
#14650=DIRECTION('ref_axis',(0.,-1.,0.));
#14651=DIRECTION('',(-1.,6.83214169000096E-16,0.));
#14652=DIRECTION('center_axis',(0.,0.,-1.));
#14653=DIRECTION('ref_axis',(-1.,0.,0.));
#14654=DIRECTION('',(-1.36642833800019E-15,1.,0.));
#14655=DIRECTION('',(0.,1.,0.));
#14656=DIRECTION('center_axis',(0.,0.,-1.));
#14657=DIRECTION('ref_axis',(0.,1.,0.));
#14658=DIRECTION('',(1.,-8.11316825687614E-16,0.));
#14659=DIRECTION('center_axis',(0.,0.,-1.));
#14660=DIRECTION('ref_axis',(1.,0.,0.));
#14661=DIRECTION('',(0.,-1.,0.));
#14662=DIRECTION('center_axis',(0.,0.,-1.));
#14663=DIRECTION('ref_axis',(0.,-1.,0.));
#14664=DIRECTION('',(-1.,0.,0.));
#14665=DIRECTION('center_axis',(0.,0.,-1.));
#14666=DIRECTION('ref_axis',(-1.,0.,0.));
#14667=DIRECTION('center_axis',(0.,0.,-1.));
#14668=DIRECTION('ref_axis',(0.,1.,0.));
#14669=DIRECTION('',(1.,-2.22044604925031E-15,0.));
#14670=DIRECTION('center_axis',(0.,0.,-1.));
#14671=DIRECTION('ref_axis',(1.,0.,0.));
#14672=DIRECTION('',(0.,-1.,0.));
#14673=DIRECTION('center_axis',(0.,0.,-1.));
#14674=DIRECTION('ref_axis',(0.,-1.,0.));
#14675=DIRECTION('',(-1.,-6.83214169000096E-16,0.));
#14676=DIRECTION('center_axis',(0.,0.,-1.));
#14677=DIRECTION('ref_axis',(-1.,0.,0.));
#14678=DIRECTION('',(0.,1.,0.));
#14679=DIRECTION('center_axis',(0.,0.,-1.));
#14680=DIRECTION('ref_axis',(0.,1.,0.));
#14681=DIRECTION('',(1.,-1.36642833800019E-15,0.));
#14682=DIRECTION('center_axis',(0.,0.,-1.));
#14683=DIRECTION('ref_axis',(1.,0.,0.));
#14684=DIRECTION('',(0.,-1.,0.));
#14685=DIRECTION('center_axis',(0.,0.,-1.));
#14686=DIRECTION('ref_axis',(0.,-1.,0.));
#14687=DIRECTION('',(-1.,-6.83214169000096E-16,0.));
#14688=DIRECTION('center_axis',(0.,0.,-1.));
#14689=DIRECTION('ref_axis',(-1.,0.,0.));
#14690=DIRECTION('',(0.,1.,0.));
#14691=DIRECTION('center_axis',(0.,0.,-1.));
#14692=DIRECTION('ref_axis',(0.,1.,0.));
#14693=DIRECTION('',(1.,5.12410626750072E-16,0.));
#14694=DIRECTION('center_axis',(0.,0.,-1.));
#14695=DIRECTION('ref_axis',(1.,0.,0.));
#14696=DIRECTION('',(0.,-1.,0.));
#14697=DIRECTION('center_axis',(0.,0.,-1.));
#14698=DIRECTION('ref_axis',(0.,-1.,0.));
#14699=DIRECTION('',(-1.,6.83214169000096E-16,0.));
#14700=DIRECTION('center_axis',(0.,0.,-1.));
#14701=DIRECTION('ref_axis',(-1.,0.,0.));
#14702=DIRECTION('',(-1.36642833800019E-15,1.,0.));
#14703=DIRECTION('',(0.,1.,0.));
#14704=DIRECTION('center_axis',(0.,0.,-1.));
#14705=DIRECTION('ref_axis',(0.,1.,0.));
#14706=DIRECTION('',(1.,5.55111512312578E-16,0.));
#14707=DIRECTION('center_axis',(0.,0.,-1.));
#14708=DIRECTION('ref_axis',(1.,0.,0.));
#14709=DIRECTION('',(0.,-1.,0.));
#14710=DIRECTION('center_axis',(0.,0.,-1.));
#14711=DIRECTION('ref_axis',(0.,-1.,0.));
#14712=DIRECTION('',(-1.,0.,0.));
#14713=DIRECTION('center_axis',(0.,0.,-1.));
#14714=DIRECTION('ref_axis',(-1.,0.,0.));
#14715=DIRECTION('center_axis',(0.,0.,-1.));
#14716=DIRECTION('ref_axis',(0.,1.,0.));
#14717=DIRECTION('',(1.,0.,0.));
#14718=DIRECTION('center_axis',(0.,0.,-1.));
#14719=DIRECTION('ref_axis',(1.,0.,0.));
#14720=DIRECTION('',(0.,-1.,0.));
#14721=DIRECTION('center_axis',(0.,0.,-1.));
#14722=DIRECTION('ref_axis',(0.,-1.,0.));
#14723=DIRECTION('',(-1.,-6.83214169000097E-16,0.));
#14724=DIRECTION('center_axis',(0.,0.,-1.));
#14725=DIRECTION('ref_axis',(-1.,0.,0.));
#14726=DIRECTION('',(0.,1.,0.));
#14727=DIRECTION('',(0.,1.,0.));
#14728=DIRECTION('center_axis',(0.,0.,-1.));
#14729=DIRECTION('ref_axis',(0.,1.,0.));
#14730=DIRECTION('',(1.,2.1350442781253E-16,0.));
#14731=DIRECTION('center_axis',(0.,0.,-1.));
#14732=DIRECTION('ref_axis',(1.,0.,0.));
#14733=DIRECTION('',(0.,-1.,0.));
#14734=DIRECTION('center_axis',(0.,0.,-1.));
#14735=DIRECTION('ref_axis',(0.,-1.,0.));
#14736=DIRECTION('',(-1.,0.,0.));
#14737=DIRECTION('center_axis',(0.,0.,-1.));
#14738=DIRECTION('ref_axis',(-1.,0.,0.));
#14739=DIRECTION('',(0.,1.,0.));
#14740=DIRECTION('center_axis',(0.,0.,-1.));
#14741=DIRECTION('ref_axis',(0.,1.,0.));
#14742=DIRECTION('',(1.,5.12410626750072E-16,0.));
#14743=DIRECTION('center_axis',(0.,0.,-1.));
#14744=DIRECTION('ref_axis',(1.,0.,0.));
#14745=DIRECTION('',(0.,-1.,0.));
#14746=DIRECTION('center_axis',(0.,0.,-1.));
#14747=DIRECTION('ref_axis',(0.,-1.,0.));
#14748=DIRECTION('',(-1.,0.,0.));
#14749=DIRECTION('center_axis',(0.,0.,-1.));
#14750=DIRECTION('ref_axis',(-1.,0.,0.));
#14751=DIRECTION('center_axis',(0.,0.,-1.));
#14752=DIRECTION('ref_axis',(0.,1.,0.));
#14753=DIRECTION('',(1.,5.12410626750072E-16,0.));
#14754=DIRECTION('center_axis',(0.,0.,-1.));
#14755=DIRECTION('ref_axis',(1.,0.,0.));
#14756=DIRECTION('',(0.,-1.,0.));
#14757=DIRECTION('center_axis',(0.,0.,-1.));
#14758=DIRECTION('ref_axis',(0.,-1.,0.));
#14759=DIRECTION('',(-1.,6.83214169000096E-16,0.));
#14760=DIRECTION('center_axis',(0.,0.,-1.));
#14761=DIRECTION('ref_axis',(-1.,0.,0.));
#14762=DIRECTION('',(-1.36642833800019E-15,1.,0.));
#14763=DIRECTION('center_axis',(0.,0.,-1.));
#14764=DIRECTION('ref_axis',(0.,1.,0.));
#14765=DIRECTION('',(1.,6.83214169000096E-16,0.));
#14766=DIRECTION('center_axis',(0.,0.,-1.));
#14767=DIRECTION('ref_axis',(1.,0.,0.));
#14768=DIRECTION('',(0.,-1.,0.));
#14769=DIRECTION('center_axis',(0.,0.,-1.));
#14770=DIRECTION('ref_axis',(0.,-1.,0.));
#14771=DIRECTION('',(-1.,-1.36642833800019E-15,0.));
#14772=DIRECTION('center_axis',(0.,0.,-1.));
#14773=DIRECTION('ref_axis',(-1.,0.,0.));
#14774=DIRECTION('',(0.,1.,0.));
#14775=DIRECTION('center_axis',(0.,0.,-1.));
#14776=DIRECTION('ref_axis',(0.,1.,0.));
#14777=DIRECTION('',(1.,-8.5401771125012E-16,0.));
#14778=DIRECTION('center_axis',(0.,0.,-1.));
#14779=DIRECTION('ref_axis',(1.,0.,0.));
#14780=DIRECTION('',(0.,-1.,0.));
#14781=DIRECTION('center_axis',(0.,0.,-1.));
#14782=DIRECTION('ref_axis',(0.,-1.,0.));
#14783=DIRECTION('',(-1.,6.83214169000096E-16,0.));
#14784=DIRECTION('center_axis',(0.,0.,-1.));
#14785=DIRECTION('ref_axis',(-1.,0.,0.));
#14786=DIRECTION('',(-1.36642833800019E-15,1.,0.));
#14787=DIRECTION('center_axis',(0.,0.,-1.));
#14788=DIRECTION('ref_axis',(0.,1.,0.));
#14789=DIRECTION('',(1.,0.,0.));
#14790=DIRECTION('center_axis',(0.,0.,-1.));
#14791=DIRECTION('ref_axis',(1.,0.,0.));
#14792=DIRECTION('',(0.,-1.,0.));
#14793=DIRECTION('center_axis',(0.,0.,-1.));
#14794=DIRECTION('ref_axis',(0.,-1.,0.));
#14795=DIRECTION('',(-1.,-1.36642833800019E-15,0.));
#14796=DIRECTION('center_axis',(0.,0.,-1.));
#14797=DIRECTION('ref_axis',(-1.,0.,0.));
#14798=DIRECTION('',(0.,1.,0.));
#14799=DIRECTION('center_axis',(0.,0.,-1.));
#14800=DIRECTION('ref_axis',(0.707106781186548,-0.707106781186548,0.));
#14801=DIRECTION('',(1.91006111763468E-15,1.,0.));
#14802=DIRECTION('center_axis',(0.,0.,1.));
#14803=DIRECTION('ref_axis',(-0.707106781186548,0.707106781186548,0.));
#14804=DIRECTION('',(1.,0.,0.));
#14805=DIRECTION('center_axis',(0.,0.,1.));
#14806=DIRECTION('ref_axis',(0.707106781186548,0.707106781186548,0.));
#14807=DIRECTION('',(1.91006111763467E-15,-1.,0.));
#14808=DIRECTION('center_axis',(0.,0.,-1.));
#14809=DIRECTION('ref_axis',(-0.707106781186535,-0.70710678118656,0.));
#14810=DIRECTION('',(1.,-6.57909940518612E-15,0.));
#14811=DIRECTION('center_axis',(0.,0.,1.));
#14812=DIRECTION('ref_axis',(0.707106781186548,0.707106781186548,0.));
#14813=DIRECTION('',(1.29661083167902E-15,-1.,0.));
#14814=DIRECTION('center_axis',(0.,0.,1.));
#14815=DIRECTION('ref_axis',(0.707106781186548,-0.707106781186548,0.));
#14816=DIRECTION('',(-1.,2.81961403079405E-15,0.));
#14817=DIRECTION('center_axis',(0.,0.,1.));
#14818=DIRECTION('ref_axis',(-0.707106781186548,-0.707106781186548,0.));
#14819=DIRECTION('',(0.,1.,0.));
#14820=DIRECTION('center_axis',(0.,0.,1.));
#14821=DIRECTION('ref_axis',(-0.707106781186548,0.707106781186548,0.));
#14822=DIRECTION('',(1.,1.31581988103722E-14,0.));
#14823=DIRECTION('center_axis',(0.,0.,-1.));
#14824=DIRECTION('ref_axis',(0.707106781186522,-0.707106781186573,0.));
#14825=DIRECTION('',(0.,1.,0.));
#14826=DIRECTION('center_axis',(0.,0.,1.));
#14827=DIRECTION('ref_axis',(-0.707106781186535,0.70710678118656,0.));
#14828=DIRECTION('',(1.,0.,0.));
#14829=DIRECTION('center_axis',(0.,0.,1.));
#14830=DIRECTION('ref_axis',(0.707106781186573,0.707106781186523,0.));
#14831=DIRECTION('',(0.,-1.,0.));
#14832=DIRECTION('center_axis',(0.,0.,-1.));
#14833=DIRECTION('ref_axis',(-0.707106781186535,-0.70710678118656,0.));
#14834=DIRECTION('',(1.,0.,0.));
#14835=DIRECTION('center_axis',(0.,0.,1.));
#14836=DIRECTION('ref_axis',(0.707106781186522,0.707106781186573,0.));
#14837=DIRECTION('',(0.,-1.,0.));
#14838=DIRECTION('center_axis',(0.,0.,1.));
#14839=DIRECTION('ref_axis',(0.707106781186522,-0.707106781186573,0.));
#14840=DIRECTION('',(-1.,0.,0.));
#14841=DIRECTION('center_axis',(0.,0.,1.));
#14842=DIRECTION('ref_axis',(-0.707106781186573,-0.707106781186523,0.));
#14843=DIRECTION('',(0.,1.,0.));
#14844=DIRECTION('center_axis',(0.,0.,1.));
#14845=DIRECTION('ref_axis',(-0.707106781186535,0.70710678118656,0.));
#14846=DIRECTION('',(1.,0.,0.));
#14847=DIRECTION('center_axis',(0.,0.,-1.));
#14848=DIRECTION('ref_axis',(0.,1.,0.));
#14849=DIRECTION('',(1.,-6.83214169000096E-16,0.));
#14850=DIRECTION('center_axis',(0.,0.,-1.));
#14851=DIRECTION('ref_axis',(1.,0.,0.));
#14852=DIRECTION('',(0.,-1.,0.));
#14853=DIRECTION('center_axis',(0.,0.,-1.));
#14854=DIRECTION('ref_axis',(0.,-1.,0.));
#14855=DIRECTION('',(-1.,0.,0.));
#14856=DIRECTION('center_axis',(0.,0.,-1.));
#14857=DIRECTION('ref_axis',(-1.,0.,0.));
#14858=DIRECTION('',(0.,1.,0.));
#14859=DIRECTION('center_axis',(0.,0.,-1.));
#14860=DIRECTION('ref_axis',(0.,1.,0.));
#14861=DIRECTION('',(1.,-6.83214169000096E-16,0.));
#14862=DIRECTION('center_axis',(0.,0.,-1.));
#14863=DIRECTION('ref_axis',(1.,0.,0.));
#14864=DIRECTION('',(0.,-1.,0.));
#14865=DIRECTION('center_axis',(0.,0.,-1.));
#14866=DIRECTION('ref_axis',(0.,-1.,0.));
#14867=DIRECTION('',(-1.,0.,0.));
#14868=DIRECTION('center_axis',(0.,0.,-1.));
#14869=DIRECTION('ref_axis',(-1.,0.,0.));
#14870=DIRECTION('',(-6.83214169000096E-16,1.,0.));
#14871=DIRECTION('',(0.,1.,0.));
#14872=DIRECTION('center_axis',(0.,0.,-1.));
#14873=DIRECTION('ref_axis',(0.,1.,0.));
#14874=DIRECTION('',(1.,5.55111512312578E-16,0.));
#14875=DIRECTION('center_axis',(0.,0.,-1.));
#14876=DIRECTION('ref_axis',(1.,0.,0.));
#14877=DIRECTION('',(0.,-1.,0.));
#14878=DIRECTION('center_axis',(0.,0.,-1.));
#14879=DIRECTION('ref_axis',(0.,-1.,0.));
#14880=DIRECTION('',(-1.,0.,0.));
#14881=DIRECTION('center_axis',(0.,0.,-1.));
#14882=DIRECTION('ref_axis',(-1.,0.,0.));
#14883=DIRECTION('',(0.,1.,0.));
#14884=DIRECTION('center_axis',(0.,0.,-1.));
#14885=DIRECTION('ref_axis',(0.,1.,0.));
#14886=DIRECTION('',(1.,6.83214169000098E-16,0.));
#14887=DIRECTION('center_axis',(0.,0.,-1.));
#14888=DIRECTION('ref_axis',(1.,0.,0.));
#14889=DIRECTION('',(0.,-1.,0.));
#14890=DIRECTION('center_axis',(0.,0.,-1.));
#14891=DIRECTION('ref_axis',(0.,-1.,0.));
#14892=DIRECTION('',(-1.,0.,0.));
#14893=DIRECTION('center_axis',(0.,0.,-1.));
#14894=DIRECTION('ref_axis',(-1.,0.,0.));
#14895=DIRECTION('center_axis',(0.,0.,-1.));
#14896=DIRECTION('ref_axis',(0.,1.,0.));
#14897=DIRECTION('',(1.,6.83214169000096E-16,0.));
#14898=DIRECTION('center_axis',(0.,0.,-1.));
#14899=DIRECTION('ref_axis',(1.,0.,0.));
#14900=DIRECTION('',(0.,-1.,0.));
#14901=DIRECTION('center_axis',(0.,0.,-1.));
#14902=DIRECTION('ref_axis',(0.,-1.,0.));
#14903=DIRECTION('',(-1.,0.,0.));
#14904=DIRECTION('center_axis',(0.,0.,-1.));
#14905=DIRECTION('ref_axis',(-1.,0.,0.));
#14906=DIRECTION('',(0.,1.,0.));
#14907=DIRECTION('center_axis',(0.,0.,-1.));
#14908=DIRECTION('ref_axis',(0.,1.,0.));
#14909=DIRECTION('',(1.,5.12410626750073E-16,0.));
#14910=DIRECTION('center_axis',(0.,0.,-1.));
#14911=DIRECTION('ref_axis',(1.,0.,0.));
#14912=DIRECTION('',(0.,-1.,0.));
#14913=DIRECTION('center_axis',(0.,0.,-1.));
#14914=DIRECTION('ref_axis',(0.,-1.,0.));
#14915=DIRECTION('',(-1.,-6.83214169000097E-16,0.));
#14916=DIRECTION('center_axis',(0.,0.,-1.));
#14917=DIRECTION('ref_axis',(-1.,0.,0.));
#14918=DIRECTION('',(0.,1.,0.));
#14919=DIRECTION('center_axis',(0.,0.,-1.));
#14920=DIRECTION('ref_axis',(0.,1.,0.));
#14921=DIRECTION('',(1.,6.83214169000097E-16,0.));
#14922=DIRECTION('center_axis',(0.,0.,-1.));
#14923=DIRECTION('ref_axis',(1.,0.,0.));
#14924=DIRECTION('',(0.,-1.,0.));
#14925=DIRECTION('center_axis',(0.,0.,-1.));
#14926=DIRECTION('ref_axis',(0.,-1.,0.));
#14927=DIRECTION('',(-1.,-6.83214169000097E-16,0.));
#14928=DIRECTION('center_axis',(0.,0.,-1.));
#14929=DIRECTION('ref_axis',(-1.,0.,0.));
#14930=DIRECTION('',(1.36642833800019E-15,1.,0.));
#14931=DIRECTION('center_axis',(0.,0.,-1.));
#14932=DIRECTION('ref_axis',(0.,1.,0.));
#14933=DIRECTION('',(1.,1.70803542250024E-16,0.));
#14934=DIRECTION('center_axis',(0.,0.,-1.));
#14935=DIRECTION('ref_axis',(1.,0.,0.));
#14936=DIRECTION('',(0.,-1.,0.));
#14937=DIRECTION('center_axis',(0.,0.,-1.));
#14938=DIRECTION('ref_axis',(0.,-1.,0.));
#14939=DIRECTION('',(-1.,0.,0.));
#14940=DIRECTION('center_axis',(0.,0.,-1.));
#14941=DIRECTION('ref_axis',(-1.,0.,0.));
#14942=DIRECTION('',(0.,1.,0.));
#14943=DIRECTION('',(0.,1.,0.));
#14944=DIRECTION('center_axis',(0.,0.,-1.));
#14945=DIRECTION('ref_axis',(0.,1.,0.));
#14946=DIRECTION('',(1.,-2.17774516368781E-15,0.));
#14947=DIRECTION('center_axis',(0.,0.,-1.));
#14948=DIRECTION('ref_axis',(1.,0.,0.));
#14949=DIRECTION('',(0.,-1.,0.));
#14950=DIRECTION('center_axis',(0.,0.,-1.));
#14951=DIRECTION('ref_axis',(0.,-1.,0.));
#14952=DIRECTION('',(-1.,0.,0.));
#14953=DIRECTION('center_axis',(0.,0.,-1.));
#14954=DIRECTION('ref_axis',(-1.,0.,0.));
#14955=DIRECTION('center_axis',(0.,0.,-1.));
#14956=DIRECTION('ref_axis',(0.,1.,0.));
#14957=DIRECTION('',(1.,6.83214169000096E-16,0.));
#14958=DIRECTION('center_axis',(0.,0.,-1.));
#14959=DIRECTION('ref_axis',(1.,0.,0.));
#14960=DIRECTION('',(0.,-1.,0.));
#14961=DIRECTION('center_axis',(0.,0.,-1.));
#14962=DIRECTION('ref_axis',(0.,-1.,0.));
#14963=DIRECTION('',(-1.,-1.36642833800019E-15,0.));
#14964=DIRECTION('center_axis',(0.,0.,-1.));
#14965=DIRECTION('ref_axis',(-1.,0.,0.));
#14966=DIRECTION('',(0.,1.,0.));
#14967=DIRECTION('center_axis',(0.,0.,-1.));
#14968=DIRECTION('ref_axis',(0.,1.,0.));
#14969=DIRECTION('',(1.,0.,0.));
#14970=DIRECTION('center_axis',(0.,0.,-1.));
#14971=DIRECTION('ref_axis',(1.,0.,0.));
#14972=DIRECTION('',(0.,-1.,0.));
#14973=DIRECTION('center_axis',(0.,0.,-1.));
#14974=DIRECTION('ref_axis',(0.,-1.,0.));
#14975=DIRECTION('',(-1.,-6.83214169000098E-16,0.));
#14976=DIRECTION('center_axis',(0.,0.,-1.));
#14977=DIRECTION('ref_axis',(-1.,0.,0.));
#14978=DIRECTION('',(0.,1.,0.));
#14979=DIRECTION('center_axis',(0.,0.,-1.));
#14980=DIRECTION('ref_axis',(0.,1.,0.));
#14981=DIRECTION('',(1.,0.,0.));
#14982=DIRECTION('center_axis',(0.,0.,-1.));
#14983=DIRECTION('ref_axis',(1.,0.,0.));
#14984=DIRECTION('',(0.,-1.,0.));
#14985=DIRECTION('center_axis',(0.,0.,-1.));
#14986=DIRECTION('ref_axis',(0.,-1.,0.));
#14987=DIRECTION('',(-1.,2.04964250700029E-15,0.));
#14988=DIRECTION('center_axis',(0.,0.,-1.));
#14989=DIRECTION('ref_axis',(-1.,0.,0.));
#14990=DIRECTION('',(-2.73285667600039E-15,1.,0.));
#14991=DIRECTION('',(0.,1.,0.));
#14992=DIRECTION('center_axis',(0.,0.,-1.));
#14993=DIRECTION('ref_axis',(0.,1.,0.));
#14994=DIRECTION('',(1.,5.55111512312578E-16,0.));
#14995=DIRECTION('center_axis',(0.,0.,-1.));
#14996=DIRECTION('ref_axis',(1.,0.,0.));
#14997=DIRECTION('',(0.,-1.,0.));
#14998=DIRECTION('center_axis',(0.,0.,-1.));
#14999=DIRECTION('ref_axis',(0.,-1.,0.));
#15000=DIRECTION('',(-1.,0.,0.));
#15001=DIRECTION('center_axis',(0.,0.,-1.));
#15002=DIRECTION('ref_axis',(-1.,0.,0.));
#15003=DIRECTION('center_axis',(0.,0.,-1.));
#15004=DIRECTION('ref_axis',(0.,1.,0.));
#15005=DIRECTION('',(1.,0.,0.));
#15006=DIRECTION('center_axis',(0.,0.,-1.));
#15007=DIRECTION('ref_axis',(1.,0.,0.));
#15008=DIRECTION('',(0.,-1.,0.));
#15009=DIRECTION('center_axis',(0.,0.,-1.));
#15010=DIRECTION('ref_axis',(0.,-1.,0.));
#15011=DIRECTION('',(-1.,2.04964250700029E-15,0.));
#15012=DIRECTION('center_axis',(0.,0.,-1.));
#15013=DIRECTION('ref_axis',(-1.,0.,0.));
#15014=DIRECTION('',(-2.73285667600039E-15,1.,0.));
#15015=DIRECTION('center_axis',(0.,0.,-1.));
#15016=DIRECTION('ref_axis',(0.,1.,0.));
#15017=DIRECTION('',(1.,0.,0.));
#15018=DIRECTION('center_axis',(0.,0.,-1.));
#15019=DIRECTION('ref_axis',(1.,0.,0.));
#15020=DIRECTION('',(0.,-1.,0.));
#15021=DIRECTION('center_axis',(0.,0.,-1.));
#15022=DIRECTION('ref_axis',(0.,-1.,0.));
#15023=DIRECTION('',(-1.,6.83214169000096E-16,0.));
#15024=DIRECTION('center_axis',(0.,0.,-1.));
#15025=DIRECTION('ref_axis',(-1.,0.,0.));
#15026=DIRECTION('',(-1.36642833800019E-15,1.,0.));
#15027=DIRECTION('center_axis',(0.,0.,-1.));
#15028=DIRECTION('ref_axis',(0.,1.,0.));
#15029=DIRECTION('',(1.,-2.04964250700029E-15,0.));
#15030=DIRECTION('center_axis',(0.,0.,-1.));
#15031=DIRECTION('ref_axis',(1.,0.,0.));
#15032=DIRECTION('',(0.,-1.,0.));
#15033=DIRECTION('center_axis',(0.,0.,-1.));
#15034=DIRECTION('ref_axis',(0.,-1.,0.));
#15035=DIRECTION('',(-1.,-6.83214169000096E-16,0.));
#15036=DIRECTION('center_axis',(0.,0.,-1.));
#15037=DIRECTION('ref_axis',(-1.,0.,0.));
#15038=DIRECTION('',(0.,1.,0.));
#15039=DIRECTION('center_axis',(0.,0.,-1.));
#15040=DIRECTION('ref_axis',(-0.707106781186529,-0.707106781186566,0.));
#15041=DIRECTION('',(1.,0.,0.));
#15042=DIRECTION('center_axis',(0.,0.,1.));
#15043=DIRECTION('ref_axis',(0.707106781186579,0.707106781186516,0.));
#15044=DIRECTION('',(0.,-1.,0.));
#15045=DIRECTION('center_axis',(0.,0.,1.));
#15046=DIRECTION('ref_axis',(0.707106781186535,-0.70710678118656,0.));
#15047=DIRECTION('',(-1.,0.,0.));
#15048=DIRECTION('center_axis',(0.,0.,1.));
#15049=DIRECTION('ref_axis',(-0.707106781186573,-0.707106781186523,0.));
#15050=DIRECTION('',(0.,1.,0.));
#15051=DIRECTION('center_axis',(0.,0.,1.));
#15052=DIRECTION('ref_axis',(-0.707106781186529,0.707106781186566,0.));
#15053=DIRECTION('',(1.,0.,0.));
#15054=DIRECTION('center_axis',(0.,0.,-1.));
#15055=DIRECTION('ref_axis',(0.707106781186529,-0.707106781186566,0.));
#15056=DIRECTION('',(0.,1.,0.));
#15057=DIRECTION('center_axis',(0.,0.,1.));
#15058=DIRECTION('ref_axis',(-0.707106781186529,0.707106781186566,0.));
#15059=DIRECTION('',(1.,0.,0.));
#15060=DIRECTION('center_axis',(0.,0.,1.));
#15061=DIRECTION('ref_axis',(0.707106781186529,0.707106781186566,0.));
#15062=DIRECTION('',(0.,-1.,0.));
#15063=DIRECTION('center_axis',(0.,0.,-1.));
#15064=DIRECTION('ref_axis',(-0.707106781186529,-0.707106781186566,0.));
#15065=DIRECTION('',(1.,-3.28954970259302E-15,0.));
#15066=DIRECTION('center_axis',(0.,0.,1.));
#15067=DIRECTION('ref_axis',(0.707106781186579,0.707106781186516,0.));
#15068=DIRECTION('',(0.,-1.,0.));
#15069=DIRECTION('center_axis',(0.,0.,1.));
#15070=DIRECTION('ref_axis',(0.707106781186535,-0.70710678118656,0.));
#15071=DIRECTION('',(-1.,0.,0.));
#15072=DIRECTION('center_axis',(0.,0.,1.));
#15073=DIRECTION('ref_axis',(-0.707106781186522,-0.707106781186573,0.));
#15074=DIRECTION('',(0.,1.,0.));
#15075=DIRECTION('center_axis',(0.,0.,1.));
#15076=DIRECTION('ref_axis',(-0.707106781186529,0.707106781186566,0.));
#15077=DIRECTION('',(1.,3.28954970259302E-15,0.));
#15078=DIRECTION('center_axis',(0.,0.,-1.));
#15079=DIRECTION('ref_axis',(0.707106781186579,-0.707106781186516,0.));
#15080=DIRECTION('',(0.,1.,0.));
#15081=DIRECTION('center_axis',(0.,0.,1.));
#15082=DIRECTION('ref_axis',(-0.707106781186529,0.707106781186566,0.));
#15083=DIRECTION('',(1.,0.,0.));
#15084=DIRECTION('center_axis',(0.,0.,1.));
#15085=DIRECTION('ref_axis',(0.707106781186529,0.707106781186566,0.));
#15086=DIRECTION('',(0.,-1.,0.));
#15087=DIRECTION('',(0.,1.,0.));
#15088=DIRECTION('center_axis',(0.,0.,-1.));
#15089=DIRECTION('ref_axis',(0.,1.,0.));
#15090=DIRECTION('',(1.,5.55111512312578E-16,0.));
#15091=DIRECTION('center_axis',(0.,0.,-1.));
#15092=DIRECTION('ref_axis',(1.,0.,0.));
#15093=DIRECTION('',(0.,-1.,0.));
#15094=DIRECTION('center_axis',(0.,0.,-1.));
#15095=DIRECTION('ref_axis',(0.,-1.,0.));
#15096=DIRECTION('',(-1.,0.,0.));
#15097=DIRECTION('center_axis',(0.,0.,-1.));
#15098=DIRECTION('ref_axis',(-1.,0.,0.));
#15099=DIRECTION('center_axis',(0.,0.,-1.));
#15100=DIRECTION('ref_axis',(0.,1.,0.));
#15101=DIRECTION('',(1.,-1.36642833800019E-15,0.));
#15102=DIRECTION('center_axis',(0.,0.,-1.));
#15103=DIRECTION('ref_axis',(1.,0.,0.));
#15104=DIRECTION('',(0.,-1.,0.));
#15105=DIRECTION('center_axis',(0.,0.,-1.));
#15106=DIRECTION('ref_axis',(0.,-1.,0.));
#15107=DIRECTION('',(-1.,0.,0.));
#15108=DIRECTION('center_axis',(0.,0.,-1.));
#15109=DIRECTION('ref_axis',(-1.,0.,0.));
#15110=DIRECTION('',(-6.83214169000096E-16,1.,0.));
#15111=DIRECTION('center_axis',(0.,0.,-1.));
#15112=DIRECTION('ref_axis',(0.,1.,0.));
#15113=DIRECTION('',(1.,0.,0.));
#15114=DIRECTION('center_axis',(0.,0.,-1.));
#15115=DIRECTION('ref_axis',(1.,0.,0.));
#15116=DIRECTION('',(0.,-1.,0.));
#15117=DIRECTION('center_axis',(0.,0.,-1.));
#15118=DIRECTION('ref_axis',(0.,-1.,0.));
#15119=DIRECTION('',(-1.,0.,0.));
#15120=DIRECTION('center_axis',(0.,0.,-1.));
#15121=DIRECTION('ref_axis',(-1.,0.,0.));
#15122=DIRECTION('',(1.70803542250024E-16,1.,0.));
#15123=DIRECTION('center_axis',(0.,0.,-1.));
#15124=DIRECTION('ref_axis',(0.,1.,0.));
#15125=DIRECTION('',(1.,5.12410626750072E-16,0.));
#15126=DIRECTION('center_axis',(0.,0.,-1.));
#15127=DIRECTION('ref_axis',(1.,0.,0.));
#15128=DIRECTION('',(0.,-1.,0.));
#15129=DIRECTION('center_axis',(0.,0.,-1.));
#15130=DIRECTION('ref_axis',(0.,-1.,0.));
#15131=DIRECTION('',(-1.,2.04964250700029E-15,0.));
#15132=DIRECTION('center_axis',(0.,0.,-1.));
#15133=DIRECTION('ref_axis',(-1.,0.,0.));
#15134=DIRECTION('',(-2.73285667600039E-15,1.,0.));
#15135=DIRECTION('center_axis',(0.,0.,-1.));
#15136=DIRECTION('ref_axis',(0.,1.,0.));
#15137=DIRECTION('',(1.,6.83214169000096E-16,0.));
#15138=DIRECTION('center_axis',(0.,0.,-1.));
#15139=DIRECTION('ref_axis',(1.,0.,0.));
#15140=DIRECTION('',(0.,-1.,0.));
#15141=DIRECTION('center_axis',(0.,0.,-1.));
#15142=DIRECTION('ref_axis',(0.,-1.,0.));
#15143=DIRECTION('',(-1.,-6.83214169000096E-16,0.));
#15144=DIRECTION('center_axis',(0.,0.,-1.));
#15145=DIRECTION('ref_axis',(-1.,0.,0.));
#15146=DIRECTION('',(0.,1.,0.));
#15147=DIRECTION('center_axis',(0.,0.,-1.));
#15148=DIRECTION('ref_axis',(0.,1.,0.));
#15149=DIRECTION('',(1.,6.83214169000097E-16,0.));
#15150=DIRECTION('center_axis',(0.,0.,-1.));
#15151=DIRECTION('ref_axis',(1.,0.,0.));
#15152=DIRECTION('',(0.,-1.,0.));
#15153=DIRECTION('center_axis',(0.,0.,-1.));
#15154=DIRECTION('ref_axis',(0.,-1.,0.));
#15155=DIRECTION('',(-1.,-1.36642833800019E-15,0.));
#15156=DIRECTION('center_axis',(0.,0.,-1.));
#15157=DIRECTION('ref_axis',(-1.,0.,0.));
#15158=DIRECTION('',(0.,1.,0.));
#15159=DIRECTION('center_axis',(0.,0.,-1.));
#15160=DIRECTION('ref_axis',(0.,1.,0.));
#15161=DIRECTION('',(1.,-2.22044604925031E-15,0.));
#15162=DIRECTION('center_axis',(0.,0.,-1.));
#15163=DIRECTION('ref_axis',(1.,0.,0.));
#15164=DIRECTION('',(0.,-1.,0.));
#15165=DIRECTION('center_axis',(0.,0.,-1.));
#15166=DIRECTION('ref_axis',(0.,-1.,0.));
#15167=DIRECTION('',(-1.,-6.83214169000096E-16,0.));
#15168=DIRECTION('center_axis',(0.,0.,-1.));
#15169=DIRECTION('ref_axis',(-1.,0.,0.));
#15170=DIRECTION('',(0.,1.,0.));
#15171=DIRECTION('',(0.,1.,0.));
#15172=DIRECTION('center_axis',(0.,0.,-1.));
#15173=DIRECTION('ref_axis',(0.,1.,0.));
#15174=DIRECTION('',(1.,0.,0.));
#15175=DIRECTION('center_axis',(0.,0.,-1.));
#15176=DIRECTION('ref_axis',(1.,0.,0.));
#15177=DIRECTION('',(0.,-1.,0.));
#15178=DIRECTION('center_axis',(0.,0.,-1.));
#15179=DIRECTION('ref_axis',(0.,-1.,0.));
#15180=DIRECTION('',(-1.,0.,0.));
#15181=DIRECTION('center_axis',(0.,0.,-1.));
#15182=DIRECTION('ref_axis',(-1.,0.,0.));
#15183=DIRECTION('',(0.,1.,0.));
#15184=DIRECTION('center_axis',(0.,0.,-1.));
#15185=DIRECTION('ref_axis',(0.,1.,0.));
#15186=DIRECTION('',(1.,4.2700885562506E-17,0.));
#15187=DIRECTION('center_axis',(0.,0.,-1.));
#15188=DIRECTION('ref_axis',(1.,0.,0.));
#15189=DIRECTION('',(0.,-1.,0.));
#15190=DIRECTION('center_axis',(0.,0.,-1.));
#15191=DIRECTION('ref_axis',(0.,-1.,0.));
#15192=DIRECTION('',(-1.,0.,0.));
#15193=DIRECTION('center_axis',(0.,0.,-1.));
#15194=DIRECTION('ref_axis',(-1.,0.,0.));
#15195=DIRECTION('',(0.,1.,0.));
#15196=DIRECTION('center_axis',(0.,0.,-1.));
#15197=DIRECTION('ref_axis',(0.,1.,0.));
#15198=DIRECTION('',(1.,5.55111512312578E-16,0.));
#15199=DIRECTION('center_axis',(0.,0.,-1.));
#15200=DIRECTION('ref_axis',(1.,0.,0.));
#15201=DIRECTION('',(0.,-1.,0.));
#15202=DIRECTION('center_axis',(0.,0.,-1.));
#15203=DIRECTION('ref_axis',(0.,-1.,0.));
#15204=DIRECTION('',(-1.,0.,0.));
#15205=DIRECTION('center_axis',(0.,0.,-1.));
#15206=DIRECTION('ref_axis',(-1.,0.,0.));
#15207=DIRECTION('center_axis',(0.,0.,-1.));
#15208=DIRECTION('ref_axis',(0.,1.,0.));
#15209=DIRECTION('',(1.,-1.70803542250024E-16,0.));
#15210=DIRECTION('center_axis',(0.,0.,-1.));
#15211=DIRECTION('ref_axis',(1.,0.,0.));
#15212=DIRECTION('',(0.,-1.,0.));
#15213=DIRECTION('center_axis',(0.,0.,-1.));
#15214=DIRECTION('ref_axis',(0.,-1.,0.));
#15215=DIRECTION('',(-1.,0.,0.));
#15216=DIRECTION('center_axis',(0.,0.,-1.));
#15217=DIRECTION('ref_axis',(-1.,0.,0.));
#15218=DIRECTION('',(0.,1.,0.));
#15219=DIRECTION('center_axis',(0.,0.,-1.));
#15220=DIRECTION('ref_axis',(0.,1.,0.));
#15221=DIRECTION('',(1.,-1.70803542250024E-16,0.));
#15222=DIRECTION('center_axis',(0.,0.,-1.));
#15223=DIRECTION('ref_axis',(1.,0.,0.));
#15224=DIRECTION('',(0.,-1.,0.));
#15225=DIRECTION('center_axis',(0.,0.,-1.));
#15226=DIRECTION('ref_axis',(0.,-1.,0.));
#15227=DIRECTION('',(-1.,-6.83214169000096E-16,0.));
#15228=DIRECTION('center_axis',(0.,0.,-1.));
#15229=DIRECTION('ref_axis',(-1.,0.,0.));
#15230=DIRECTION('',(6.83214169000096E-16,1.,0.));
#15231=DIRECTION('center_axis',(0.,0.,-1.));
#15232=DIRECTION('ref_axis',(0.,1.,0.));
#15233=DIRECTION('',(1.,-6.83214169000096E-16,0.));
#15234=DIRECTION('center_axis',(0.,0.,-1.));
#15235=DIRECTION('ref_axis',(1.,0.,0.));
#15236=DIRECTION('',(0.,-1.,0.));
#15237=DIRECTION('center_axis',(0.,0.,-1.));
#15238=DIRECTION('ref_axis',(0.,-1.,0.));
#15239=DIRECTION('',(-1.,-6.83214169000096E-16,0.));
#15240=DIRECTION('center_axis',(0.,0.,-1.));
#15241=DIRECTION('ref_axis',(-1.,0.,0.));
#15242=DIRECTION('',(0.,1.,0.));
#15243=DIRECTION('center_axis',(0.,0.,-1.));
#15244=DIRECTION('ref_axis',(0.,1.,0.));
#15245=DIRECTION('',(1.,-6.83214169000096E-16,0.));
#15246=DIRECTION('center_axis',(0.,0.,-1.));
#15247=DIRECTION('ref_axis',(1.,0.,0.));
#15248=DIRECTION('',(0.,-1.,0.));
#15249=DIRECTION('center_axis',(0.,0.,-1.));
#15250=DIRECTION('ref_axis',(0.,-1.,0.));
#15251=DIRECTION('',(-1.,0.,0.));
#15252=DIRECTION('center_axis',(0.,0.,-1.));
#15253=DIRECTION('ref_axis',(-1.,0.,0.));
#15254=DIRECTION('',(-6.83214169000096E-16,1.,0.));
#15255=DIRECTION('',(0.,1.,0.));
#15256=DIRECTION('center_axis',(0.,0.,-1.));
#15257=DIRECTION('ref_axis',(0.,1.,0.));
#15258=DIRECTION('',(1.,-8.11316825687614E-16,0.));
#15259=DIRECTION('center_axis',(0.,0.,-1.));
#15260=DIRECTION('ref_axis',(1.,0.,0.));
#15261=DIRECTION('',(0.,-1.,0.));
#15262=DIRECTION('center_axis',(0.,0.,-1.));
#15263=DIRECTION('ref_axis',(0.,-1.,0.));
#15264=DIRECTION('',(-1.,0.,0.));
#15265=DIRECTION('center_axis',(0.,0.,-1.));
#15266=DIRECTION('ref_axis',(-1.,0.,0.));
#15267=DIRECTION('center_axis',(0.,0.,-1.));
#15268=DIRECTION('ref_axis',(0.,1.,0.));
#15269=DIRECTION('',(1.,6.83214169000097E-16,0.));
#15270=DIRECTION('center_axis',(0.,0.,-1.));
#15271=DIRECTION('ref_axis',(1.,0.,0.));
#15272=DIRECTION('',(0.,-1.,0.));
#15273=DIRECTION('center_axis',(0.,0.,-1.));
#15274=DIRECTION('ref_axis',(0.,-1.,0.));
#15275=DIRECTION('',(-1.,-6.83214169000097E-16,0.));
#15276=DIRECTION('center_axis',(0.,0.,-1.));
#15277=DIRECTION('ref_axis',(-1.,0.,0.));
#15278=DIRECTION('',(0.,1.,0.));
#15279=DIRECTION('center_axis',(0.,0.,-1.));
#15280=DIRECTION('ref_axis',(0.,1.,0.));
#15281=DIRECTION('',(1.,-1.70803542250024E-16,0.));
#15282=DIRECTION('center_axis',(0.,0.,-1.));
#15283=DIRECTION('ref_axis',(1.,0.,0.));
#15284=DIRECTION('',(0.,-1.,0.));
#15285=DIRECTION('center_axis',(0.,0.,-1.));
#15286=DIRECTION('ref_axis',(0.,-1.,0.));
#15287=DIRECTION('',(-1.,0.,0.));
#15288=DIRECTION('center_axis',(0.,0.,-1.));
#15289=DIRECTION('ref_axis',(-1.,0.,0.));
#15290=DIRECTION('',(0.,1.,0.));
#15291=DIRECTION('center_axis',(0.,0.,-1.));
#15292=DIRECTION('ref_axis',(1.,0.,0.));
#15293=DIRECTION('center_axis',(0.,0.,-1.));
#15294=DIRECTION('ref_axis',(1.,0.,0.));
#15295=DIRECTION('center_axis',(0.,0.,-1.));
#15296=DIRECTION('ref_axis',(1.,0.,0.));
#15297=DIRECTION('center_axis',(0.,0.,1.));
#15298=DIRECTION('ref_axis',(0.707106781186573,-0.707106781186523,0.));
#15299=DIRECTION('',(0.,0.,-1.));
#15300=DIRECTION('center_axis',(0.,0.,1.));
#15301=DIRECTION('ref_axis',(0.707106781186573,-0.707106781186523,0.));
#15302=DIRECTION('',(0.,0.,1.));
#15303=DIRECTION('center_axis',(0.,-1.,0.));
#15304=DIRECTION('ref_axis',(1.,0.,0.));
#15305=DIRECTION('',(0.,0.,1.));
#15306=DIRECTION('',(-1.,0.,0.));
#15307=DIRECTION('center_axis',(0.,0.,1.));
#15308=DIRECTION('ref_axis',(-0.707106781186541,-0.707106781186554,0.));
#15309=DIRECTION('',(0.,0.,-1.));
#15310=DIRECTION('center_axis',(0.,0.,1.));
#15311=DIRECTION('ref_axis',(-0.707106781186541,-0.707106781186554,0.));
#15312=DIRECTION('',(0.,0.,1.));
#15313=DIRECTION('center_axis',(-1.,0.,0.));
#15314=DIRECTION('ref_axis',(0.,-1.,0.));
#15315=DIRECTION('',(0.,0.,1.));
#15316=DIRECTION('',(0.,-1.,0.));
#15317=DIRECTION('center_axis',(0.,0.,1.));
#15318=DIRECTION('ref_axis',(0.707106781186548,-0.707106781186548,0.));
#15319=DIRECTION('',(0.,0.,-1.));
#15320=DIRECTION('center_axis',(0.,0.,1.));
#15321=DIRECTION('ref_axis',(0.707106781186548,-0.707106781186548,0.));
#15322=DIRECTION('',(0.,0.,1.));
#15323=DIRECTION('center_axis',(1.31581988103724E-14,-1.,0.));
#15324=DIRECTION('ref_axis',(1.,1.31581988103724E-14,0.));
#15325=DIRECTION('',(0.,0.,1.));
#15326=DIRECTION('',(1.,1.31581988103724E-14,0.));
#15327=DIRECTION('center_axis',(0.,0.,1.));
#15328=DIRECTION('ref_axis',(0.707106781186548,-0.707106781186548,0.));
#15329=DIRECTION('',(0.,0.,-1.));
#15330=DIRECTION('center_axis',(0.,0.,1.));
#15331=DIRECTION('ref_axis',(0.707106781186548,-0.707106781186548,0.));
#15332=DIRECTION('',(0.,0.,1.));
#15333=DIRECTION('center_axis',(1.31581988103722E-14,-1.,0.));
#15334=DIRECTION('ref_axis',(1.,1.31581988103722E-14,0.));
#15335=DIRECTION('',(0.,0.,1.));
#15336=DIRECTION('',(1.,1.31581988103722E-14,0.));
#15337=DIRECTION('center_axis',(0.,0.,1.));
#15338=DIRECTION('ref_axis',(-0.707106781186535,-0.70710678118656,0.));
#15339=DIRECTION('',(0.,0.,-1.));
#15340=DIRECTION('center_axis',(0.,0.,1.));
#15341=DIRECTION('ref_axis',(-0.707106781186535,-0.70710678118656,0.));
#15342=DIRECTION('',(0.,0.,1.));
#15343=DIRECTION('center_axis',(-1.,-1.91006111763467E-15,0.));
#15344=DIRECTION('ref_axis',(1.91006111763467E-15,-1.,0.));
#15345=DIRECTION('',(0.,0.,1.));
#15346=DIRECTION('',(1.91006111763467E-15,-1.,0.));
#15347=DIRECTION('center_axis',(0.,0.,1.));
#15348=DIRECTION('ref_axis',(0.707106781186522,-0.707106781186573,0.));
#15349=DIRECTION('',(0.,0.,-1.));
#15350=DIRECTION('center_axis',(0.,0.,1.));
#15351=DIRECTION('ref_axis',(0.707106781186522,-0.707106781186573,0.));
#15352=DIRECTION('',(0.,0.,1.));
#15353=DIRECTION('center_axis',(0.,-1.,0.));
#15354=DIRECTION('ref_axis',(1.,0.,0.));
#15355=DIRECTION('',(0.,0.,1.));
#15356=DIRECTION('',(1.,0.,0.));
#15357=DIRECTION('center_axis',(0.,0.,1.));
#15358=DIRECTION('ref_axis',(-0.707106781186535,-0.70710678118656,0.));
#15359=DIRECTION('',(0.,0.,-1.));
#15360=DIRECTION('center_axis',(0.,0.,1.));
#15361=DIRECTION('ref_axis',(-0.707106781186535,-0.70710678118656,0.));
#15362=DIRECTION('',(0.,0.,1.));
#15363=DIRECTION('center_axis',(-1.,0.,0.));
#15364=DIRECTION('ref_axis',(0.,-1.,0.));
#15365=DIRECTION('',(0.,0.,1.));
#15366=DIRECTION('',(0.,-1.,0.));
#15367=DIRECTION('center_axis',(0.,0.,1.));
#15368=DIRECTION('ref_axis',(-0.707106781186541,-0.707106781186554,0.));
#15369=DIRECTION('',(0.,0.,-1.));
#15370=DIRECTION('center_axis',(0.,0.,1.));
#15371=DIRECTION('ref_axis',(-0.707106781186541,-0.707106781186554,0.));
#15372=DIRECTION('',(0.,0.,1.));
#15373=DIRECTION('center_axis',(-1.,-9.55030558817339E-16,0.));
#15374=DIRECTION('ref_axis',(9.55030558817339E-16,-1.,0.));
#15375=DIRECTION('',(0.,0.,1.));
#15376=DIRECTION('',(9.55030558817339E-16,-1.,0.));
#15377=DIRECTION('center_axis',(0.,0.,1.));
#15378=DIRECTION('ref_axis',(0.707106781186543,-0.707106781186552,0.));
#15379=DIRECTION('',(0.,0.,-1.));
#15380=DIRECTION('center_axis',(0.,0.,1.));
#15381=DIRECTION('ref_axis',(0.707106781186543,-0.707106781186552,0.));
#15382=DIRECTION('',(0.,0.,1.));
#15383=DIRECTION('center_axis',(0.,-1.,0.));
#15384=DIRECTION('ref_axis',(1.,0.,0.));
#15385=DIRECTION('',(0.,0.,1.));
#15386=DIRECTION('',(1.,0.,0.));
#15387=DIRECTION('center_axis',(0.,0.,1.));
#15388=DIRECTION('ref_axis',(-0.707106781186529,-0.707106781186566,0.));
#15389=DIRECTION('',(0.,0.,-1.));
#15390=DIRECTION('center_axis',(0.,0.,1.));
#15391=DIRECTION('ref_axis',(-0.707106781186529,-0.707106781186566,0.));
#15392=DIRECTION('',(0.,0.,1.));
#15393=DIRECTION('center_axis',(-1.,0.,0.));
#15394=DIRECTION('ref_axis',(0.,-1.,0.));
#15395=DIRECTION('',(0.,0.,1.));
#15396=DIRECTION('',(0.,-1.,0.));
#15397=DIRECTION('center_axis',(0.,0.,1.));
#15398=DIRECTION('ref_axis',(0.707106781186579,-0.707106781186516,0.));
#15399=DIRECTION('',(0.,0.,-1.));
#15400=DIRECTION('center_axis',(0.,0.,1.));
#15401=DIRECTION('ref_axis',(0.707106781186579,-0.707106781186516,0.));
#15402=DIRECTION('',(0.,0.,1.));
#15403=DIRECTION('center_axis',(3.28954970259302E-15,-1.,0.));
#15404=DIRECTION('ref_axis',(1.,3.28954970259302E-15,0.));
#15405=DIRECTION('',(0.,0.,1.));
#15406=DIRECTION('',(1.,3.28954970259302E-15,0.));
#15407=DIRECTION('center_axis',(0.,0.,1.));
#15408=DIRECTION('ref_axis',(-0.707106781186529,-0.707106781186566,0.));
#15409=DIRECTION('',(0.,0.,-1.));
#15410=DIRECTION('center_axis',(0.,0.,1.));
#15411=DIRECTION('ref_axis',(-0.707106781186529,-0.707106781186566,0.));
#15412=DIRECTION('',(0.,0.,1.));
#15413=DIRECTION('center_axis',(-1.,0.,0.));
#15414=DIRECTION('ref_axis',(0.,-1.,0.));
#15415=DIRECTION('',(0.,0.,1.));
#15416=DIRECTION('',(0.,-1.,0.));
#15417=DIRECTION('center_axis',(0.,0.,1.));
#15418=DIRECTION('ref_axis',(0.707106781186529,-0.707106781186566,0.));
#15419=DIRECTION('',(0.,0.,-1.));
#15420=DIRECTION('center_axis',(0.,0.,1.));
#15421=DIRECTION('ref_axis',(0.707106781186529,-0.707106781186566,0.));
#15422=DIRECTION('',(0.,0.,1.));
#15423=DIRECTION('center_axis',(1.,0.,0.));
#15424=DIRECTION('ref_axis',(0.,1.,0.));
#15425=DIRECTION('',(0.,1.,0.));
#15426=DIRECTION('',(0.,0.,-1.));
#15427=DIRECTION('center_axis',(0.,0.,1.));
#15428=DIRECTION('ref_axis',(0.707106781186547,0.707106781186548,0.));
#15429=DIRECTION('center_axis',(0.,0.,-1.));
#15430=DIRECTION('ref_axis',(0.707106781186547,0.707106781186548,0.));
#15431=DIRECTION('',(0.,0.,1.));
#15432=DIRECTION('',(0.,0.,-1.));
#15433=DIRECTION('center_axis',(-1.,8.48087032699772E-17,0.));
#15434=DIRECTION('ref_axis',(-8.48087032699772E-17,-1.,0.));
#15435=DIRECTION('',(8.48087032699772E-17,1.,0.));
#15436=DIRECTION('',(0.,0.,-1.));
#15437=DIRECTION('center_axis',(0.,0.,1.));
#15438=DIRECTION('ref_axis',(0.707106781186553,-0.707106781186542,0.));
#15439=DIRECTION('center_axis',(0.,0.,-1.));
#15440=DIRECTION('ref_axis',(0.707106781186553,-0.707106781186542,0.));
#15441=DIRECTION('',(0.,0.,1.));
#15442=DIRECTION('',(0.,0.,-1.));
#15443=DIRECTION('center_axis',(0.,1.,0.));
#15444=DIRECTION('ref_axis',(-1.,0.,0.));
#15445=DIRECTION('',(1.,0.,0.));
#15446=DIRECTION('',(0.,0.,1.));
#15447=DIRECTION('center_axis',(0.,0.,1.));
#15448=DIRECTION('ref_axis',(-0.70710678118654,-0.707106781186555,0.));
#15449=DIRECTION('center_axis',(0.,0.,-1.));
#15450=DIRECTION('ref_axis',(-0.70710678118654,-0.707106781186555,0.));
#15451=DIRECTION('',(0.,0.,1.));
#15452=DIRECTION('',(0.,0.,-1.));
#15453=DIRECTION('center_axis',(1.,0.,0.));
#15454=DIRECTION('ref_axis',(0.,1.,0.));
#15455=DIRECTION('',(0.,-1.,0.));
#15456=DIRECTION('',(0.,0.,1.));
#15457=DIRECTION('center_axis',(0.,0.,1.));
#15458=DIRECTION('ref_axis',(0.707106781186528,-0.707106781186568,0.));
#15459=DIRECTION('center_axis',(0.,0.,-1.));
#15460=DIRECTION('ref_axis',(0.707106781186528,-0.707106781186568,0.));
#15461=DIRECTION('',(0.,0.,1.));
#15462=DIRECTION('',(0.,0.,-1.));
#15463=DIRECTION('center_axis',(0.,1.,0.));
#15464=DIRECTION('ref_axis',(-1.,0.,0.));
#15465=DIRECTION('',(1.,0.,0.));
#15466=DIRECTION('center_axis',(0.,0.,1.));
#15467=DIRECTION('ref_axis',(-0.707106781186578,-0.707106781186517,0.));
#15468=DIRECTION('center_axis',(0.,0.,-1.));
#15469=DIRECTION('ref_axis',(-0.707106781186578,-0.707106781186517,0.));
#15470=DIRECTION('',(0.,0.,1.));
#15471=DIRECTION('',(0.,0.,-1.));
#15472=DIRECTION('center_axis',(1.,0.,0.));
#15473=DIRECTION('ref_axis',(0.,1.,0.));
#15474=DIRECTION('',(0.,-1.,0.));
#15475=DIRECTION('',(0.,0.,1.));
#15476=DIRECTION('center_axis',(0.,0.,1.));
#15477=DIRECTION('ref_axis',(-0.707106781186529,0.707106781186566,0.));
#15478=DIRECTION('center_axis',(0.,0.,-1.));
#15479=DIRECTION('ref_axis',(-0.707106781186529,0.707106781186566,0.));
#15480=DIRECTION('',(0.,0.,1.));
#15481=DIRECTION('',(0.,0.,-1.));
#15482=DIRECTION('center_axis',(0.,-1.,0.));
#15483=DIRECTION('ref_axis',(1.,0.,0.));
#15484=DIRECTION('',(-1.,0.,0.));
#15485=DIRECTION('',(0.,0.,1.));
#15486=DIRECTION('center_axis',(0.,0.,1.));
#15487=DIRECTION('ref_axis',(-0.707106781186522,-0.707106781186573,0.));
#15488=DIRECTION('center_axis',(0.,0.,-1.));
#15489=DIRECTION('ref_axis',(-0.707106781186522,-0.707106781186573,0.));
#15490=DIRECTION('',(0.,0.,1.));
#15491=DIRECTION('',(0.,0.,-1.));
#15492=DIRECTION('center_axis',(1.,0.,0.));
#15493=DIRECTION('ref_axis',(0.,1.,0.));
#15494=DIRECTION('',(0.,-1.,0.));
#15495=DIRECTION('center_axis',(0.,0.,1.));
#15496=DIRECTION('ref_axis',(-0.707106781186522,0.707106781186573,0.));
#15497=DIRECTION('center_axis',(0.,0.,-1.));
#15498=DIRECTION('ref_axis',(-0.707106781186522,0.707106781186573,0.));
#15499=DIRECTION('',(0.,0.,1.));
#15500=DIRECTION('',(0.,0.,-1.));
#15501=DIRECTION('center_axis',(0.,-1.,0.));
#15502=DIRECTION('ref_axis',(1.,0.,0.));
#15503=DIRECTION('',(-1.,0.,0.));
#15504=DIRECTION('',(0.,0.,1.));
#15505=DIRECTION('center_axis',(0.,0.,1.));
#15506=DIRECTION('ref_axis',(0.707106781186522,0.707106781186573,0.));
#15507=DIRECTION('center_axis',(0.,0.,-1.));
#15508=DIRECTION('ref_axis',(0.707106781186522,0.707106781186573,0.));
#15509=DIRECTION('',(0.,0.,1.));
#15510=DIRECTION('',(0.,0.,-1.));
#15511=DIRECTION('center_axis',(-1.,0.,0.));
#15512=DIRECTION('ref_axis',(0.,-1.,0.));
#15513=DIRECTION('',(0.,1.,0.));
#15514=DIRECTION('',(0.,0.,1.));
#15515=DIRECTION('center_axis',(0.,0.,1.));
#15516=DIRECTION('ref_axis',(-0.707106781186522,0.707106781186573,0.));
#15517=DIRECTION('center_axis',(0.,0.,-1.));
#15518=DIRECTION('ref_axis',(-0.707106781186522,0.707106781186573,0.));
#15519=DIRECTION('',(0.,0.,-1.));
#15520=DIRECTION('center_axis',(0.,0.,1.));
#15521=DIRECTION('ref_axis',(0.707106781186548,0.707106781186548,0.));
#15522=DIRECTION('center_axis',(0.,0.,-1.));
#15523=DIRECTION('ref_axis',(0.707106781186548,0.707106781186548,0.));
#15524=DIRECTION('',(0.,0.,1.));
#15525=DIRECTION('',(0.,0.,-1.));
#15526=DIRECTION('center_axis',(-1.,0.,0.));
#15527=DIRECTION('ref_axis',(0.,-1.,0.));
#15528=DIRECTION('',(0.,1.,0.));
#15529=DIRECTION('',(0.,0.,1.));
#15530=DIRECTION('center_axis',(0.,0.,1.));
#15531=DIRECTION('ref_axis',(-0.707106781186548,0.707106781186548,0.));
#15532=DIRECTION('center_axis',(0.,0.,-1.));
#15533=DIRECTION('ref_axis',(-0.707106781186548,0.707106781186548,0.));
#15534=DIRECTION('',(0.,0.,1.));
#15535=DIRECTION('',(0.,0.,-1.));
#15536=DIRECTION('center_axis',(0.,-1.,0.));
#15537=DIRECTION('ref_axis',(1.,0.,0.));
#15538=DIRECTION('',(-1.,0.,0.));
#15539=DIRECTION('center_axis',(0.,0.,1.));
#15540=DIRECTION('ref_axis',(0.707106781186541,0.707106781186554,0.));
#15541=DIRECTION('center_axis',(0.,0.,-1.));
#15542=DIRECTION('ref_axis',(0.707106781186541,0.707106781186554,0.));
#15543=DIRECTION('',(0.,0.,-1.));
#15544=DIRECTION('center_axis',(0.,0.,1.));
#15545=DIRECTION('ref_axis',(0.707106781186543,-0.707106781186552,0.));
#15546=DIRECTION('center_axis',(0.,0.,-1.));
#15547=DIRECTION('ref_axis',(0.707106781186543,-0.707106781186552,0.));
#15548=DIRECTION('',(0.,0.,1.));
#15549=DIRECTION('center_axis',(0.,1.,0.));
#15550=DIRECTION('ref_axis',(-1.,0.,0.));
#15551=DIRECTION('',(1.,0.,0.));
#15552=DIRECTION('',(0.,0.,1.));
#15553=DIRECTION('center_axis',(0.,0.,1.));
#15554=DIRECTION('ref_axis',(-0.707106781186529,0.707106781186566,0.));
#15555=DIRECTION('center_axis',(0.,0.,-1.));
#15556=DIRECTION('ref_axis',(-0.707106781186529,0.707106781186566,0.));
#15557=DIRECTION('',(0.,0.,1.));
#15558=DIRECTION('center_axis',(0.,-1.,0.));
#15559=DIRECTION('ref_axis',(1.,0.,0.));
#15560=DIRECTION('',(1.,0.,0.));
#15561=DIRECTION('',(0.,0.,-1.));
#15562=DIRECTION('center_axis',(0.,0.,1.));
#15563=DIRECTION('ref_axis',(0.707106781186529,0.707106781186566,0.));
#15564=DIRECTION('center_axis',(0.,0.,-1.));
#15565=DIRECTION('ref_axis',(0.707106781186529,0.707106781186566,0.));
#15566=DIRECTION('center_axis',(0.,0.,1.));
#15567=DIRECTION('ref_axis',(0.707106781186579,0.707106781186516,0.));
#15568=DIRECTION('center_axis',(0.,0.,-1.));
#15569=DIRECTION('ref_axis',(0.707106781186579,0.707106781186516,0.));
#15570=DIRECTION('',(0.,0.,1.));
#15571=DIRECTION('',(0.,0.,-1.));
#15572=DIRECTION('center_axis',(-1.,0.,0.));
#15573=DIRECTION('ref_axis',(0.,-1.,0.));
#15574=DIRECTION('',(0.,-1.,0.));
#15575=DIRECTION('',(0.,0.,-1.));
#15576=DIRECTION('center_axis',(0.,0.,1.));
#15577=DIRECTION('ref_axis',(-0.707106781186529,0.707106781186566,0.));
#15578=DIRECTION('center_axis',(0.,0.,-1.));
#15579=DIRECTION('ref_axis',(-0.707106781186529,0.707106781186566,0.));
#15580=DIRECTION('',(0.,0.,1.));
#15581=DIRECTION('',(0.,0.,-1.));
#15582=DIRECTION('center_axis',(0.,-1.,0.));
#15583=DIRECTION('ref_axis',(1.,0.,0.));
#15584=DIRECTION('',(1.,0.,0.));
#15585=DIRECTION('center_axis',(0.,0.,1.));
#15586=DIRECTION('ref_axis',(-0.707106781186573,-0.707106781186523,0.));
#15587=DIRECTION('center_axis',(0.,0.,-1.));
#15588=DIRECTION('ref_axis',(-0.707106781186573,-0.707106781186523,0.));
#15589=DIRECTION('',(0.,0.,1.));
#15590=DIRECTION('',(0.,0.,-1.));
#15591=DIRECTION('center_axis',(1.,0.,0.));
#15592=DIRECTION('ref_axis',(0.,1.,0.));
#15593=DIRECTION('',(0.,1.,0.));
#15594=DIRECTION('center_axis',(0.,0.,1.));
#15595=DIRECTION('ref_axis',(0.707106781186535,-0.70710678118656,0.));
#15596=DIRECTION('center_axis',(0.,0.,-1.));
#15597=DIRECTION('ref_axis',(0.707106781186535,-0.70710678118656,0.));
#15598=DIRECTION('',(0.,0.,1.));
#15599=DIRECTION('center_axis',(0.,1.,0.));
#15600=DIRECTION('ref_axis',(-1.,0.,0.));
#15601=DIRECTION('',(-1.,0.,0.));
#15602=DIRECTION('center_axis',(0.,0.,1.));
#15603=DIRECTION('ref_axis',(-0.707106781186529,0.707106781186566,0.));
#15604=DIRECTION('center_axis',(0.,0.,-1.));
#15605=DIRECTION('ref_axis',(-0.707106781186529,0.707106781186566,0.));
#15606=DIRECTION('',(0.,0.,1.));
#15607=DIRECTION('',(0.,0.,-1.));
#15608=DIRECTION('center_axis',(0.,-1.,0.));
#15609=DIRECTION('ref_axis',(1.,0.,0.));
#15610=DIRECTION('',(1.,0.,0.));
#15611=DIRECTION('',(0.,0.,-1.));
#15612=DIRECTION('center_axis',(0.,0.,1.));
#15613=DIRECTION('ref_axis',(0.707106781186529,0.707106781186566,0.));
#15614=DIRECTION('center_axis',(0.,0.,-1.));
#15615=DIRECTION('ref_axis',(0.707106781186529,0.707106781186566,0.));
#15616=DIRECTION('center_axis',(0.,0.,1.));
#15617=DIRECTION('ref_axis',(0.707106781186579,0.707106781186516,0.));
#15618=DIRECTION('center_axis',(0.,0.,-1.));
#15619=DIRECTION('ref_axis',(0.707106781186579,0.707106781186516,0.));
#15620=DIRECTION('',(0.,0.,1.));
#15621=DIRECTION('',(0.,0.,-1.));
#15622=DIRECTION('center_axis',(-1.,0.,0.));
#15623=DIRECTION('ref_axis',(0.,-1.,0.));
#15624=DIRECTION('',(0.,-1.,0.));
#15625=DIRECTION('',(0.,0.,-1.));
#15626=DIRECTION('center_axis',(0.,0.,1.));
#15627=DIRECTION('ref_axis',(-0.707106781186529,0.707106781186566,0.));
#15628=DIRECTION('center_axis',(0.,0.,-1.));
#15629=DIRECTION('ref_axis',(-0.707106781186529,0.707106781186566,0.));
#15630=DIRECTION('',(0.,0.,-1.));
#15631=DIRECTION('center_axis',(0.,0.,1.));
#15632=DIRECTION('ref_axis',(-0.707106781186522,-0.707106781186573,0.));
#15633=DIRECTION('center_axis',(0.,0.,-1.));
#15634=DIRECTION('ref_axis',(-0.707106781186522,-0.707106781186573,0.));
#15635=DIRECTION('',(0.,0.,1.));
#15636=DIRECTION('',(0.,0.,-1.));
#15637=DIRECTION('center_axis',(1.,0.,0.));
#15638=DIRECTION('ref_axis',(0.,1.,0.));
#15639=DIRECTION('',(0.,1.,0.));
#15640=DIRECTION('center_axis',(0.,0.,1.));
#15641=DIRECTION('ref_axis',(0.707106781186535,-0.70710678118656,0.));
#15642=DIRECTION('center_axis',(0.,0.,-1.));
#15643=DIRECTION('ref_axis',(0.707106781186535,-0.70710678118656,0.));
#15644=DIRECTION('',(0.,0.,1.));
#15645=DIRECTION('center_axis',(0.,1.,0.));
#15646=DIRECTION('ref_axis',(-1.,0.,0.));
#15647=DIRECTION('',(-1.,0.,0.));
#15648=DIRECTION('center_axis',(0.,0.,1.));
#15649=DIRECTION('ref_axis',(-0.707106781186544,0.707106781186551,0.));
#15650=DIRECTION('center_axis',(0.,0.,-1.));
#15651=DIRECTION('ref_axis',(-0.707106781186544,0.707106781186551,0.));
#15652=DIRECTION('',(0.,0.,1.));
#15653=DIRECTION('',(0.,0.,-1.));
#15654=DIRECTION('center_axis',(0.,-1.,0.));
#15655=DIRECTION('ref_axis',(1.,0.,0.));
#15656=DIRECTION('',(1.,0.,0.));
#15657=DIRECTION('',(0.,0.,-1.));
#15658=DIRECTION('center_axis',(0.,0.,1.));
#15659=DIRECTION('ref_axis',(0.707106781186543,0.707106781186552,0.));
#15660=DIRECTION('center_axis',(0.,0.,-1.));
#15661=DIRECTION('ref_axis',(0.707106781186543,0.707106781186552,0.));
#15662=DIRECTION('center_axis',(0.,0.,1.));
#15663=DIRECTION('ref_axis',(0.707106781186544,0.707106781186551,0.));
#15664=DIRECTION('center_axis',(0.,0.,-1.));
#15665=DIRECTION('ref_axis',(0.707106781186544,0.707106781186551,0.));
#15666=DIRECTION('',(0.,0.,1.));
#15667=DIRECTION('',(0.,0.,-1.));
#15668=DIRECTION('center_axis',(-1.,3.24152707919754E-16,0.));
#15669=DIRECTION('ref_axis',(-3.24152707919754E-16,-1.,0.));
#15670=DIRECTION('',(-3.24152707919754E-16,-1.,0.));
#15671=DIRECTION('',(0.,0.,-1.));
#15672=DIRECTION('center_axis',(0.,0.,1.));
#15673=DIRECTION('ref_axis',(-0.707106781186543,0.707106781186552,0.));
#15674=DIRECTION('center_axis',(0.,0.,-1.));
#15675=DIRECTION('ref_axis',(-0.707106781186543,0.707106781186552,0.));
#15676=DIRECTION('',(0.,0.,-1.));
#15677=DIRECTION('center_axis',(0.,0.,1.));
#15678=DIRECTION('ref_axis',(-0.707106781186541,-0.707106781186554,0.));
#15679=DIRECTION('center_axis',(0.,0.,-1.));
#15680=DIRECTION('ref_axis',(-0.707106781186541,-0.707106781186554,0.));
#15681=DIRECTION('',(0.,0.,1.));
#15682=DIRECTION('',(0.,0.,-1.));
#15683=DIRECTION('center_axis',(1.,-3.24152707919754E-16,0.));
#15684=DIRECTION('ref_axis',(3.24152707919754E-16,1.,0.));
#15685=DIRECTION('',(3.24152707919754E-16,1.,0.));
#15686=DIRECTION('center_axis',(0.,0.,1.));
#15687=DIRECTION('ref_axis',(0.707106781186541,-0.707106781186554,0.));
#15688=DIRECTION('center_axis',(0.,0.,-1.));
#15689=DIRECTION('ref_axis',(0.707106781186541,-0.707106781186554,0.));
#15690=DIRECTION('',(0.,0.,1.));
#15691=DIRECTION('center_axis',(-1.40980701539702E-15,1.,0.));
#15692=DIRECTION('ref_axis',(-1.,-1.40980701539702E-15,0.));
#15693=DIRECTION('',(-1.,-1.40980701539702E-15,0.));
#15694=DIRECTION('center_axis',(0.,0.,1.));
#15695=DIRECTION('ref_axis',(0.707106781186541,0.707106781186554,0.));
#15696=DIRECTION('center_axis',(0.,0.,-1.));
#15697=DIRECTION('ref_axis',(0.707106781186541,0.707106781186554,0.));
#15698=DIRECTION('',(0.,0.,-1.));
#15699=DIRECTION('center_axis',(0.,0.,1.));
#15700=DIRECTION('ref_axis',(-0.707106781186541,0.707106781186554,0.));
#15701=DIRECTION('center_axis',(0.,0.,-1.));
#15702=DIRECTION('ref_axis',(-0.707106781186541,0.707106781186554,0.));
#15703=DIRECTION('',(0.,0.,1.));
#15704=DIRECTION('',(0.,0.,-1.));
#15705=DIRECTION('center_axis',(0.,-1.,0.));
#15706=DIRECTION('ref_axis',(1.,0.,0.));
#15707=DIRECTION('',(1.,0.,0.));
#15708=DIRECTION('center_axis',(0.,0.,1.));
#15709=DIRECTION('ref_axis',(-0.70710678118656,0.707106781186535,0.));
#15710=DIRECTION('center_axis',(0.,0.,-1.));
#15711=DIRECTION('ref_axis',(-0.70710678118656,0.707106781186535,0.));
#15712=DIRECTION('',(0.,0.,-1.));
#15713=DIRECTION('center_axis',(0.,0.,1.));
#15714=DIRECTION('ref_axis',(0.707106781186541,0.707106781186554,0.));
#15715=DIRECTION('center_axis',(0.,0.,-1.));
#15716=DIRECTION('ref_axis',(0.707106781186541,0.707106781186554,0.));
#15717=DIRECTION('',(0.,0.,1.));
#15718=DIRECTION('',(0.,0.,-1.));
#15719=DIRECTION('center_axis',(-1.,-2.59322166335803E-15,0.));
#15720=DIRECTION('ref_axis',(2.59322166335803E-15,-1.,0.));
#15721=DIRECTION('',(2.59322166335803E-15,-1.,0.));
#15722=DIRECTION('',(0.,0.,-1.));
#15723=DIRECTION('center_axis',(0.,0.,1.));
#15724=DIRECTION('ref_axis',(-0.707106781186541,-0.707106781186554,0.));
#15725=DIRECTION('center_axis',(0.,0.,-1.));
#15726=DIRECTION('ref_axis',(-0.707106781186541,-0.707106781186554,0.));
#15727=DIRECTION('',(0.,0.,1.));
#15728=DIRECTION('',(0.,0.,-1.));
#15729=DIRECTION('center_axis',(1.,1.94491624751853E-15,0.));
#15730=DIRECTION('ref_axis',(-1.94491624751853E-15,1.,0.));
#15731=DIRECTION('',(-1.94491624751853E-15,1.,0.));
#15732=DIRECTION('center_axis',(0.,0.,1.));
#15733=DIRECTION('ref_axis',(0.707106781186541,-0.707106781186554,0.));
#15734=DIRECTION('center_axis',(0.,0.,-1.));
#15735=DIRECTION('ref_axis',(0.707106781186541,-0.707106781186554,0.));
#15736=DIRECTION('',(0.,0.,1.));
#15737=DIRECTION('center_axis',(0.,1.,0.));
#15738=DIRECTION('ref_axis',(-1.,0.,0.));
#15739=DIRECTION('',(-1.,0.,0.));
#15740=DIRECTION('center_axis',(0.,0.,1.));
#15741=DIRECTION('ref_axis',(-0.707106781186548,0.707106781186548,0.));
#15742=DIRECTION('center_axis',(0.,0.,-1.));
#15743=DIRECTION('ref_axis',(-0.707106781186548,0.707106781186548,0.));
#15744=DIRECTION('',(0.,0.,1.));
#15745=DIRECTION('',(0.,0.,-1.));
#15746=DIRECTION('center_axis',(0.,-1.,0.));
#15747=DIRECTION('ref_axis',(1.,0.,0.));
#15748=DIRECTION('',(1.,0.,0.));
#15749=DIRECTION('',(0.,0.,-1.));
#15750=DIRECTION('center_axis',(0.,0.,1.));
#15751=DIRECTION('ref_axis',(0.707106781186548,0.707106781186548,0.));
#15752=DIRECTION('center_axis',(0.,0.,-1.));
#15753=DIRECTION('ref_axis',(0.707106781186548,0.707106781186548,0.));
#15754=DIRECTION('center_axis',(0.,0.,1.));
#15755=DIRECTION('ref_axis',(0.707106781186548,0.707106781186548,0.));
#15756=DIRECTION('center_axis',(0.,0.,-1.));
#15757=DIRECTION('ref_axis',(0.707106781186548,0.707106781186548,0.));
#15758=DIRECTION('',(0.,0.,1.));
#15759=DIRECTION('',(0.,0.,-1.));
#15760=DIRECTION('center_axis',(-1.,-1.29661083167902E-15,0.));
#15761=DIRECTION('ref_axis',(1.29661083167902E-15,-1.,0.));
#15762=DIRECTION('',(1.29661083167902E-15,-1.,0.));
#15763=DIRECTION('',(0.,0.,-1.));
#15764=DIRECTION('center_axis',(0.,0.,1.));
#15765=DIRECTION('ref_axis',(-0.707106781186548,0.707106781186548,0.));
#15766=DIRECTION('center_axis',(0.,0.,-1.));
#15767=DIRECTION('ref_axis',(-0.707106781186548,0.707106781186548,0.));
#15768=DIRECTION('',(0.,0.,-1.));
#15769=DIRECTION('center_axis',(0.,0.,1.));
#15770=DIRECTION('ref_axis',(0.707106781186548,-0.707106781186548,0.));
#15771=DIRECTION('center_axis',(0.,0.,-1.));
#15772=DIRECTION('ref_axis',(0.707106781186548,-0.707106781186548,0.));
#15773=DIRECTION('',(0.,0.,1.));
#15774=DIRECTION('center_axis',(2.81961403079405E-15,1.,0.));
#15775=DIRECTION('ref_axis',(-1.,2.81961403079405E-15,0.));
#15776=DIRECTION('',(-1.,2.81961403079405E-15,0.));
#15777=DIRECTION('',(0.,0.,-1.));
#15778=DIRECTION('center_axis',(0.,0.,1.));
#15779=DIRECTION('ref_axis',(-0.707106781186548,-0.707106781186548,0.));
#15780=DIRECTION('center_axis',(0.,0.,-1.));
#15781=DIRECTION('ref_axis',(-0.707106781186548,-0.707106781186548,0.));
#15782=DIRECTION('',(0.,0.,1.));
#15783=DIRECTION('center_axis',(1.,0.,0.));
#15784=DIRECTION('ref_axis',(0.,1.,0.));
#15785=DIRECTION('',(0.,1.,0.));
#15786=DIRECTION('center_axis',(0.,0.,1.));
#15787=DIRECTION('ref_axis',(0.707106781186573,0.707106781186523,0.));
#15788=DIRECTION('center_axis',(0.,0.,-1.));
#15789=DIRECTION('ref_axis',(0.707106781186573,0.707106781186523,0.));
#15790=DIRECTION('',(0.,0.,-1.));
#15791=DIRECTION('center_axis',(0.,0.,1.));
#15792=DIRECTION('ref_axis',(-0.707106781186535,0.70710678118656,0.));
#15793=DIRECTION('center_axis',(0.,0.,-1.));
#15794=DIRECTION('ref_axis',(-0.707106781186535,0.70710678118656,0.));
#15795=DIRECTION('',(0.,0.,1.));
#15796=DIRECTION('',(0.,0.,-1.));
#15797=DIRECTION('center_axis',(0.,-1.,0.));
#15798=DIRECTION('ref_axis',(1.,0.,0.));
#15799=DIRECTION('',(1.,0.,0.));
#15800=DIRECTION('center_axis',(0.,0.,1.));
#15801=DIRECTION('ref_axis',(0.707106781186522,0.707106781186573,0.));
#15802=DIRECTION('center_axis',(0.,0.,-1.));
#15803=DIRECTION('ref_axis',(0.707106781186522,0.707106781186573,0.));
#15804=DIRECTION('',(0.,0.,1.));
#15805=DIRECTION('',(0.,0.,-1.));
#15806=DIRECTION('center_axis',(-1.,0.,0.));
#15807=DIRECTION('ref_axis',(0.,-1.,0.));
#15808=DIRECTION('',(0.,-1.,0.));
#15809=DIRECTION('',(0.,0.,-1.));
#15810=DIRECTION('center_axis',(0.,0.,1.));
#15811=DIRECTION('ref_axis',(0.707106781186522,-0.707106781186573,0.));
#15812=DIRECTION('center_axis',(0.,0.,-1.));
#15813=DIRECTION('ref_axis',(0.707106781186522,-0.707106781186573,0.));
#15814=DIRECTION('',(0.,0.,1.));
#15815=DIRECTION('center_axis',(0.,1.,0.));
#15816=DIRECTION('ref_axis',(-1.,0.,0.));
#15817=DIRECTION('',(-1.,0.,0.));
#15818=DIRECTION('',(0.,0.,-1.));
#15819=DIRECTION('center_axis',(0.,0.,1.));
#15820=DIRECTION('ref_axis',(-0.707106781186573,-0.707106781186523,0.));
#15821=DIRECTION('center_axis',(0.,0.,-1.));
#15822=DIRECTION('ref_axis',(-0.707106781186573,-0.707106781186523,0.));
#15823=DIRECTION('',(0.,0.,1.));
#15824=DIRECTION('center_axis',(1.,0.,0.));
#15825=DIRECTION('ref_axis',(0.,1.,0.));
#15826=DIRECTION('',(0.,1.,0.));
#15827=DIRECTION('',(0.,0.,-1.));
#15828=DIRECTION('center_axis',(0.,0.,1.));
#15829=DIRECTION('ref_axis',(-0.707106781186535,0.70710678118656,0.));
#15830=DIRECTION('center_axis',(0.,0.,-1.));
#15831=DIRECTION('ref_axis',(-0.707106781186535,0.70710678118656,0.));
#15832=DIRECTION('center_axis',(0.,0.,1.));
#15833=DIRECTION('ref_axis',(1.,0.,0.));
#15834=DIRECTION('',(0.,0.,-1.));
#15835=DIRECTION('center_axis',(0.,0.,-1.));
#15836=DIRECTION('ref_axis',(1.,0.,0.));
#15837=DIRECTION('center_axis',(0.,0.,1.));
#15838=DIRECTION('ref_axis',(1.,0.,0.));
#15839=DIRECTION('',(0.,0.,-1.));
#15840=DIRECTION('center_axis',(0.,0.,-1.));
#15841=DIRECTION('ref_axis',(1.,0.,0.));
#15842=DIRECTION('center_axis',(0.,0.,1.));
#15843=DIRECTION('ref_axis',(1.,0.,0.));
#15844=DIRECTION('',(0.,0.,-1.));
#15845=DIRECTION('center_axis',(0.,0.,-1.));
#15846=DIRECTION('ref_axis',(1.,0.,0.));
#15847=DIRECTION('center_axis',(1.,0.,0.));
#15848=DIRECTION('ref_axis',(0.,1.,0.));
#15849=DIRECTION('',(0.,1.,0.));
#15850=DIRECTION('',(0.,0.,1.));
#15851=DIRECTION('',(0.,0.,1.));
#15852=DIRECTION('center_axis',(0.,0.,1.));
#15853=DIRECTION('ref_axis',(-1.,0.,0.));
#15854=DIRECTION('center_axis',(0.,0.,-1.));
#15855=DIRECTION('ref_axis',(-1.,0.,0.));
#15856=DIRECTION('',(0.,0.,1.));
#15857=DIRECTION('center_axis',(0.,1.,0.));
#15858=DIRECTION('ref_axis',(-1.,0.,0.));
#15859=DIRECTION('',(-1.,0.,0.));
#15860=DIRECTION('',(0.,0.,1.));
#15861=DIRECTION('center_axis',(0.,0.,1.));
#15862=DIRECTION('ref_axis',(0.,-1.,0.));
#15863=DIRECTION('center_axis',(0.,0.,-1.));
#15864=DIRECTION('ref_axis',(0.,-1.,0.));
#15865=DIRECTION('',(0.,0.,1.));
#15866=DIRECTION('center_axis',(-1.,0.,0.));
#15867=DIRECTION('ref_axis',(0.,-1.,0.));
#15868=DIRECTION('',(0.,-1.,0.));
#15869=DIRECTION('',(0.,0.,1.));
#15870=DIRECTION('center_axis',(0.,0.,1.));
#15871=DIRECTION('ref_axis',(1.,0.,0.));
#15872=DIRECTION('center_axis',(0.,0.,-1.));
#15873=DIRECTION('ref_axis',(1.,0.,0.));
#15874=DIRECTION('',(0.,0.,1.));
#15875=DIRECTION('center_axis',(-1.70803542250024E-16,-1.,0.));
#15876=DIRECTION('ref_axis',(1.,-1.70803542250024E-16,0.));
#15877=DIRECTION('',(1.,-1.70803542250024E-16,0.));
#15878=DIRECTION('',(0.,0.,1.));
#15879=DIRECTION('center_axis',(0.,0.,1.));
#15880=DIRECTION('ref_axis',(0.,1.,0.));
#15881=DIRECTION('center_axis',(0.,0.,-1.));
#15882=DIRECTION('ref_axis',(0.,1.,0.));
#15883=DIRECTION('center_axis',(1.,0.,0.));
#15884=DIRECTION('ref_axis',(0.,1.,0.));
#15885=DIRECTION('',(0.,1.,0.));
#15886=DIRECTION('',(0.,0.,1.));
#15887=DIRECTION('',(0.,0.,1.));
#15888=DIRECTION('center_axis',(0.,0.,1.));
#15889=DIRECTION('ref_axis',(-1.,0.,0.));
#15890=DIRECTION('center_axis',(0.,0.,-1.));
#15891=DIRECTION('ref_axis',(-1.,0.,0.));
#15892=DIRECTION('',(0.,0.,1.));
#15893=DIRECTION('center_axis',(-6.83214169000097E-16,1.,0.));
#15894=DIRECTION('ref_axis',(-1.,-6.83214169000097E-16,0.));
#15895=DIRECTION('',(-1.,-6.83214169000097E-16,0.));
#15896=DIRECTION('',(0.,0.,1.));
#15897=DIRECTION('center_axis',(0.,0.,1.));
#15898=DIRECTION('ref_axis',(0.,-1.,0.));
#15899=DIRECTION('center_axis',(0.,0.,-1.));
#15900=DIRECTION('ref_axis',(0.,-1.,0.));
#15901=DIRECTION('',(0.,0.,1.));
#15902=DIRECTION('center_axis',(-1.,0.,0.));
#15903=DIRECTION('ref_axis',(0.,-1.,0.));
#15904=DIRECTION('',(0.,-1.,0.));
#15905=DIRECTION('',(0.,0.,1.));
#15906=DIRECTION('center_axis',(0.,0.,1.));
#15907=DIRECTION('ref_axis',(1.,0.,0.));
#15908=DIRECTION('center_axis',(0.,0.,-1.));
#15909=DIRECTION('ref_axis',(1.,0.,0.));
#15910=DIRECTION('',(0.,0.,1.));
#15911=DIRECTION('center_axis',(6.83214169000097E-16,-1.,0.));
#15912=DIRECTION('ref_axis',(1.,6.83214169000097E-16,0.));
#15913=DIRECTION('',(1.,6.83214169000097E-16,0.));
#15914=DIRECTION('',(0.,0.,1.));
#15915=DIRECTION('center_axis',(0.,0.,1.));
#15916=DIRECTION('ref_axis',(0.,1.,0.));
#15917=DIRECTION('center_axis',(0.,0.,-1.));
#15918=DIRECTION('ref_axis',(0.,1.,0.));
#15919=DIRECTION('center_axis',(0.,0.,1.));
#15920=DIRECTION('ref_axis',(-1.,0.,0.));
#15921=DIRECTION('center_axis',(0.,0.,-1.));
#15922=DIRECTION('ref_axis',(-1.,0.,0.));
#15923=DIRECTION('',(0.,0.,1.));
#15924=DIRECTION('',(0.,0.,1.));
#15925=DIRECTION('center_axis',(0.,1.,0.));
#15926=DIRECTION('ref_axis',(-1.,0.,0.));
#15927=DIRECTION('',(-1.,0.,0.));
#15928=DIRECTION('',(0.,0.,1.));
#15929=DIRECTION('center_axis',(0.,0.,1.));
#15930=DIRECTION('ref_axis',(0.,-1.,0.));
#15931=DIRECTION('center_axis',(0.,0.,-1.));
#15932=DIRECTION('ref_axis',(0.,-1.,0.));
#15933=DIRECTION('',(0.,0.,1.));
#15934=DIRECTION('center_axis',(-1.,0.,0.));
#15935=DIRECTION('ref_axis',(0.,-1.,0.));
#15936=DIRECTION('',(0.,-1.,0.));
#15937=DIRECTION('',(0.,0.,1.));
#15938=DIRECTION('center_axis',(0.,0.,1.));
#15939=DIRECTION('ref_axis',(1.,0.,0.));
#15940=DIRECTION('center_axis',(0.,0.,-1.));
#15941=DIRECTION('ref_axis',(1.,0.,0.));
#15942=DIRECTION('',(0.,0.,1.));
#15943=DIRECTION('center_axis',(-8.11316825687614E-16,-1.,0.));
#15944=DIRECTION('ref_axis',(1.,-8.11316825687614E-16,0.));
#15945=DIRECTION('',(1.,-8.11316825687614E-16,0.));
#15946=DIRECTION('',(0.,0.,1.));
#15947=DIRECTION('center_axis',(0.,0.,1.));
#15948=DIRECTION('ref_axis',(0.,1.,0.));
#15949=DIRECTION('center_axis',(0.,0.,-1.));
#15950=DIRECTION('ref_axis',(0.,1.,0.));
#15951=DIRECTION('',(0.,0.,1.));
#15952=DIRECTION('center_axis',(1.,0.,0.));
#15953=DIRECTION('ref_axis',(0.,1.,0.));
#15954=DIRECTION('',(0.,1.,0.));
#15955=DIRECTION('center_axis',(1.,6.83214169000096E-16,0.));
#15956=DIRECTION('ref_axis',(-6.83214169000096E-16,1.,0.));
#15957=DIRECTION('',(-6.83214169000096E-16,1.,0.));
#15958=DIRECTION('',(0.,0.,1.));
#15959=DIRECTION('',(0.,0.,1.));
#15960=DIRECTION('center_axis',(0.,0.,1.));
#15961=DIRECTION('ref_axis',(-1.,0.,0.));
#15962=DIRECTION('center_axis',(0.,0.,-1.));
#15963=DIRECTION('ref_axis',(-1.,0.,0.));
#15964=DIRECTION('',(0.,0.,1.));
#15965=DIRECTION('center_axis',(0.,1.,0.));
#15966=DIRECTION('ref_axis',(-1.,0.,0.));
#15967=DIRECTION('',(-1.,0.,0.));
#15968=DIRECTION('',(0.,0.,1.));
#15969=DIRECTION('center_axis',(0.,0.,1.));
#15970=DIRECTION('ref_axis',(0.,-1.,0.));
#15971=DIRECTION('center_axis',(0.,0.,-1.));
#15972=DIRECTION('ref_axis',(0.,-1.,0.));
#15973=DIRECTION('',(0.,0.,1.));
#15974=DIRECTION('center_axis',(-1.,0.,0.));
#15975=DIRECTION('ref_axis',(0.,-1.,0.));
#15976=DIRECTION('',(0.,-1.,0.));
#15977=DIRECTION('',(0.,0.,1.));
#15978=DIRECTION('center_axis',(0.,0.,1.));
#15979=DIRECTION('ref_axis',(1.,0.,0.));
#15980=DIRECTION('center_axis',(0.,0.,-1.));
#15981=DIRECTION('ref_axis',(1.,0.,0.));
#15982=DIRECTION('',(0.,0.,1.));
#15983=DIRECTION('center_axis',(-6.83214169000096E-16,-1.,0.));
#15984=DIRECTION('ref_axis',(1.,-6.83214169000096E-16,0.));
#15985=DIRECTION('',(1.,-6.83214169000096E-16,0.));
#15986=DIRECTION('',(0.,0.,1.));
#15987=DIRECTION('center_axis',(0.,0.,1.));
#15988=DIRECTION('ref_axis',(0.,1.,0.));
#15989=DIRECTION('center_axis',(0.,0.,-1.));
#15990=DIRECTION('ref_axis',(0.,1.,0.));
#15991=DIRECTION('center_axis',(1.,0.,0.));
#15992=DIRECTION('ref_axis',(0.,1.,0.));
#15993=DIRECTION('',(0.,1.,0.));
#15994=DIRECTION('',(0.,0.,1.));
#15995=DIRECTION('',(0.,0.,1.));
#15996=DIRECTION('center_axis',(0.,0.,1.));
#15997=DIRECTION('ref_axis',(-1.,0.,0.));
#15998=DIRECTION('center_axis',(0.,0.,-1.));
#15999=DIRECTION('ref_axis',(-1.,0.,0.));
#16000=DIRECTION('',(0.,0.,1.));
#16001=DIRECTION('center_axis',(-6.83214169000096E-16,1.,0.));
#16002=DIRECTION('ref_axis',(-1.,-6.83214169000096E-16,0.));
#16003=DIRECTION('',(-1.,-6.83214169000096E-16,0.));
#16004=DIRECTION('',(0.,0.,1.));
#16005=DIRECTION('center_axis',(0.,0.,1.));
#16006=DIRECTION('ref_axis',(0.,-1.,0.));
#16007=DIRECTION('center_axis',(0.,0.,-1.));
#16008=DIRECTION('ref_axis',(0.,-1.,0.));
#16009=DIRECTION('',(0.,0.,1.));
#16010=DIRECTION('center_axis',(-1.,0.,0.));
#16011=DIRECTION('ref_axis',(0.,-1.,0.));
#16012=DIRECTION('',(0.,-1.,0.));
#16013=DIRECTION('',(0.,0.,1.));
#16014=DIRECTION('center_axis',(0.,0.,1.));
#16015=DIRECTION('ref_axis',(1.,0.,0.));
#16016=DIRECTION('center_axis',(0.,0.,-1.));
#16017=DIRECTION('ref_axis',(1.,0.,0.));
#16018=DIRECTION('',(0.,0.,1.));
#16019=DIRECTION('center_axis',(-6.83214169000096E-16,-1.,0.));
#16020=DIRECTION('ref_axis',(1.,-6.83214169000096E-16,0.));
#16021=DIRECTION('',(1.,-6.83214169000096E-16,0.));
#16022=DIRECTION('',(0.,0.,1.));
#16023=DIRECTION('center_axis',(0.,0.,1.));
#16024=DIRECTION('ref_axis',(0.,1.,0.));
#16025=DIRECTION('center_axis',(0.,0.,-1.));
#16026=DIRECTION('ref_axis',(0.,1.,0.));
#16027=DIRECTION('center_axis',(1.,-6.83214169000096E-16,0.));
#16028=DIRECTION('ref_axis',(6.83214169000096E-16,1.,0.));
#16029=DIRECTION('',(6.83214169000096E-16,1.,0.));
#16030=DIRECTION('',(0.,0.,1.));
#16031=DIRECTION('',(0.,0.,1.));
#16032=DIRECTION('center_axis',(0.,0.,1.));
#16033=DIRECTION('ref_axis',(-1.,0.,0.));
#16034=DIRECTION('center_axis',(0.,0.,-1.));
#16035=DIRECTION('ref_axis',(-1.,0.,0.));
#16036=DIRECTION('',(0.,0.,1.));
#16037=DIRECTION('center_axis',(-6.83214169000096E-16,1.,0.));
#16038=DIRECTION('ref_axis',(-1.,-6.83214169000096E-16,0.));
#16039=DIRECTION('',(-1.,-6.83214169000096E-16,0.));
#16040=DIRECTION('',(0.,0.,1.));
#16041=DIRECTION('center_axis',(0.,0.,1.));
#16042=DIRECTION('ref_axis',(0.,-1.,0.));
#16043=DIRECTION('center_axis',(0.,0.,-1.));
#16044=DIRECTION('ref_axis',(0.,-1.,0.));
#16045=DIRECTION('',(0.,0.,1.));
#16046=DIRECTION('center_axis',(-1.,0.,0.));
#16047=DIRECTION('ref_axis',(0.,-1.,0.));
#16048=DIRECTION('',(0.,-1.,0.));
#16049=DIRECTION('',(0.,0.,1.));
#16050=DIRECTION('center_axis',(0.,0.,1.));
#16051=DIRECTION('ref_axis',(1.,0.,0.));
#16052=DIRECTION('center_axis',(0.,0.,-1.));
#16053=DIRECTION('ref_axis',(1.,0.,0.));
#16054=DIRECTION('',(0.,0.,1.));
#16055=DIRECTION('center_axis',(-1.70803542250024E-16,-1.,0.));
#16056=DIRECTION('ref_axis',(1.,-1.70803542250024E-16,0.));
#16057=DIRECTION('',(1.,-1.70803542250024E-16,0.));
#16058=DIRECTION('',(0.,0.,1.));
#16059=DIRECTION('center_axis',(0.,0.,1.));
#16060=DIRECTION('ref_axis',(0.,1.,0.));
#16061=DIRECTION('center_axis',(0.,0.,-1.));
#16062=DIRECTION('ref_axis',(0.,1.,0.));
#16063=DIRECTION('center_axis',(1.,0.,0.));
#16064=DIRECTION('ref_axis',(0.,1.,0.));
#16065=DIRECTION('',(0.,1.,0.));
#16066=DIRECTION('',(0.,0.,1.));
#16067=DIRECTION('',(0.,0.,1.));
#16068=DIRECTION('center_axis',(0.,0.,1.));
#16069=DIRECTION('ref_axis',(-1.,0.,0.));
#16070=DIRECTION('center_axis',(0.,0.,-1.));
#16071=DIRECTION('ref_axis',(-1.,0.,0.));
#16072=DIRECTION('',(0.,0.,1.));
#16073=DIRECTION('center_axis',(0.,1.,0.));
#16074=DIRECTION('ref_axis',(-1.,0.,0.));
#16075=DIRECTION('',(-1.,0.,0.));
#16076=DIRECTION('',(0.,0.,1.));
#16077=DIRECTION('center_axis',(0.,0.,1.));
#16078=DIRECTION('ref_axis',(0.,-1.,0.));
#16079=DIRECTION('center_axis',(0.,0.,-1.));
#16080=DIRECTION('ref_axis',(0.,-1.,0.));
#16081=DIRECTION('',(0.,0.,1.));
#16082=DIRECTION('center_axis',(-1.,0.,0.));
#16083=DIRECTION('ref_axis',(0.,-1.,0.));
#16084=DIRECTION('',(0.,-1.,0.));
#16085=DIRECTION('',(0.,0.,1.));
#16086=DIRECTION('center_axis',(0.,0.,1.));
#16087=DIRECTION('ref_axis',(1.,0.,0.));
#16088=DIRECTION('center_axis',(0.,0.,-1.));
#16089=DIRECTION('ref_axis',(1.,0.,0.));
#16090=DIRECTION('',(0.,0.,1.));
#16091=DIRECTION('center_axis',(-1.70803542250024E-16,-1.,0.));
#16092=DIRECTION('ref_axis',(1.,-1.70803542250024E-16,0.));
#16093=DIRECTION('',(1.,-1.70803542250024E-16,0.));
#16094=DIRECTION('',(0.,0.,1.));
#16095=DIRECTION('center_axis',(0.,0.,1.));
#16096=DIRECTION('ref_axis',(0.,1.,0.));
#16097=DIRECTION('center_axis',(0.,0.,-1.));
#16098=DIRECTION('ref_axis',(0.,1.,0.));
#16099=DIRECTION('center_axis',(0.,0.,1.));
#16100=DIRECTION('ref_axis',(-1.,0.,0.));
#16101=DIRECTION('center_axis',(0.,0.,-1.));
#16102=DIRECTION('ref_axis',(-1.,0.,0.));
#16103=DIRECTION('',(0.,0.,1.));
#16104=DIRECTION('',(0.,0.,1.));
#16105=DIRECTION('center_axis',(0.,1.,0.));
#16106=DIRECTION('ref_axis',(-1.,0.,0.));
#16107=DIRECTION('',(-1.,0.,0.));
#16108=DIRECTION('',(0.,0.,1.));
#16109=DIRECTION('center_axis',(0.,0.,1.));
#16110=DIRECTION('ref_axis',(0.,-1.,0.));
#16111=DIRECTION('center_axis',(0.,0.,-1.));
#16112=DIRECTION('ref_axis',(0.,-1.,0.));
#16113=DIRECTION('',(0.,0.,1.));
#16114=DIRECTION('center_axis',(-1.,0.,0.));
#16115=DIRECTION('ref_axis',(0.,-1.,0.));
#16116=DIRECTION('',(0.,-1.,0.));
#16117=DIRECTION('',(0.,0.,1.));
#16118=DIRECTION('center_axis',(0.,0.,1.));
#16119=DIRECTION('ref_axis',(1.,0.,0.));
#16120=DIRECTION('center_axis',(0.,0.,-1.));
#16121=DIRECTION('ref_axis',(1.,0.,0.));
#16122=DIRECTION('',(0.,0.,1.));
#16123=DIRECTION('center_axis',(5.55111512312578E-16,-1.,0.));
#16124=DIRECTION('ref_axis',(1.,5.55111512312578E-16,0.));
#16125=DIRECTION('',(1.,5.55111512312578E-16,0.));
#16126=DIRECTION('',(0.,0.,1.));
#16127=DIRECTION('center_axis',(0.,0.,1.));
#16128=DIRECTION('ref_axis',(0.,1.,0.));
#16129=DIRECTION('center_axis',(0.,0.,-1.));
#16130=DIRECTION('ref_axis',(0.,1.,0.));
#16131=DIRECTION('',(0.,0.,1.));
#16132=DIRECTION('center_axis',(1.,0.,0.));
#16133=DIRECTION('ref_axis',(0.,1.,0.));
#16134=DIRECTION('',(0.,1.,0.));
#16135=DIRECTION('center_axis',(0.,0.,1.));
#16136=DIRECTION('ref_axis',(-1.,0.,0.));
#16137=DIRECTION('center_axis',(0.,0.,-1.));
#16138=DIRECTION('ref_axis',(-1.,0.,0.));
#16139=DIRECTION('',(0.,0.,1.));
#16140=DIRECTION('',(0.,0.,1.));
#16141=DIRECTION('center_axis',(0.,1.,0.));
#16142=DIRECTION('ref_axis',(-1.,0.,0.));
#16143=DIRECTION('',(-1.,0.,0.));
#16144=DIRECTION('',(0.,0.,1.));
#16145=DIRECTION('center_axis',(0.,0.,1.));
#16146=DIRECTION('ref_axis',(0.,-1.,0.));
#16147=DIRECTION('center_axis',(0.,0.,-1.));
#16148=DIRECTION('ref_axis',(0.,-1.,0.));
#16149=DIRECTION('',(0.,0.,1.));
#16150=DIRECTION('center_axis',(-1.,0.,0.));
#16151=DIRECTION('ref_axis',(0.,-1.,0.));
#16152=DIRECTION('',(0.,-1.,0.));
#16153=DIRECTION('',(0.,0.,1.));
#16154=DIRECTION('center_axis',(0.,0.,1.));
#16155=DIRECTION('ref_axis',(1.,0.,0.));
#16156=DIRECTION('center_axis',(0.,0.,-1.));
#16157=DIRECTION('ref_axis',(1.,0.,0.));
#16158=DIRECTION('',(0.,0.,1.));
#16159=DIRECTION('center_axis',(4.2700885562506E-17,-1.,0.));
#16160=DIRECTION('ref_axis',(1.,4.2700885562506E-17,0.));
#16161=DIRECTION('',(1.,4.2700885562506E-17,0.));
#16162=DIRECTION('',(0.,0.,1.));
#16163=DIRECTION('center_axis',(0.,0.,1.));
#16164=DIRECTION('ref_axis',(0.,1.,0.));
#16165=DIRECTION('center_axis',(0.,0.,-1.));
#16166=DIRECTION('ref_axis',(0.,1.,0.));
#16167=DIRECTION('',(0.,0.,1.));
#16168=DIRECTION('center_axis',(1.,0.,0.));
#16169=DIRECTION('ref_axis',(0.,1.,0.));
#16170=DIRECTION('',(0.,1.,0.));
#16171=DIRECTION('center_axis',(0.,0.,1.));
#16172=DIRECTION('ref_axis',(-1.,0.,0.));
#16173=DIRECTION('center_axis',(0.,0.,-1.));
#16174=DIRECTION('ref_axis',(-1.,0.,0.));
#16175=DIRECTION('',(0.,0.,1.));
#16176=DIRECTION('',(0.,0.,1.));
#16177=DIRECTION('center_axis',(0.,1.,0.));
#16178=DIRECTION('ref_axis',(-1.,0.,0.));
#16179=DIRECTION('',(-1.,0.,0.));
#16180=DIRECTION('',(0.,0.,1.));
#16181=DIRECTION('center_axis',(0.,0.,1.));
#16182=DIRECTION('ref_axis',(0.,-1.,0.));
#16183=DIRECTION('center_axis',(0.,0.,-1.));
#16184=DIRECTION('ref_axis',(0.,-1.,0.));
#16185=DIRECTION('',(0.,0.,1.));
#16186=DIRECTION('center_axis',(-1.,0.,0.));
#16187=DIRECTION('ref_axis',(0.,-1.,0.));
#16188=DIRECTION('',(0.,-1.,0.));
#16189=DIRECTION('',(0.,0.,1.));
#16190=DIRECTION('center_axis',(0.,0.,1.));
#16191=DIRECTION('ref_axis',(1.,0.,0.));
#16192=DIRECTION('center_axis',(0.,0.,-1.));
#16193=DIRECTION('ref_axis',(1.,0.,0.));
#16194=DIRECTION('',(0.,0.,1.));
#16195=DIRECTION('center_axis',(0.,-1.,0.));
#16196=DIRECTION('ref_axis',(1.,0.,0.));
#16197=DIRECTION('',(1.,0.,0.));
#16198=DIRECTION('',(0.,0.,1.));
#16199=DIRECTION('center_axis',(0.,0.,1.));
#16200=DIRECTION('ref_axis',(0.,1.,0.));
#16201=DIRECTION('center_axis',(0.,0.,-1.));
#16202=DIRECTION('ref_axis',(0.,1.,0.));
#16203=DIRECTION('',(0.,0.,1.));
#16204=DIRECTION('center_axis',(1.,0.,0.));
#16205=DIRECTION('ref_axis',(0.,1.,0.));
#16206=DIRECTION('',(0.,1.,0.));
#16207=DIRECTION('center_axis',(1.,0.,0.));
#16208=DIRECTION('ref_axis',(0.,1.,0.));
#16209=DIRECTION('',(0.,1.,0.));
#16210=DIRECTION('',(0.,0.,1.));
#16211=DIRECTION('',(0.,0.,1.));
#16212=DIRECTION('center_axis',(0.,0.,1.));
#16213=DIRECTION('ref_axis',(-1.,0.,0.));
#16214=DIRECTION('center_axis',(0.,0.,-1.));
#16215=DIRECTION('ref_axis',(-1.,0.,0.));
#16216=DIRECTION('',(0.,0.,1.));
#16217=DIRECTION('center_axis',(-6.83214169000096E-16,1.,0.));
#16218=DIRECTION('ref_axis',(-1.,-6.83214169000096E-16,0.));
#16219=DIRECTION('',(-1.,-6.83214169000096E-16,0.));
#16220=DIRECTION('',(0.,0.,1.));
#16221=DIRECTION('center_axis',(0.,0.,1.));
#16222=DIRECTION('ref_axis',(0.,-1.,0.));
#16223=DIRECTION('center_axis',(0.,0.,-1.));
#16224=DIRECTION('ref_axis',(0.,-1.,0.));
#16225=DIRECTION('',(0.,0.,1.));
#16226=DIRECTION('center_axis',(-1.,0.,0.));
#16227=DIRECTION('ref_axis',(0.,-1.,0.));
#16228=DIRECTION('',(0.,-1.,0.));
#16229=DIRECTION('',(0.,0.,1.));
#16230=DIRECTION('center_axis',(0.,0.,1.));
#16231=DIRECTION('ref_axis',(1.,0.,0.));
#16232=DIRECTION('center_axis',(0.,0.,-1.));
#16233=DIRECTION('ref_axis',(1.,0.,0.));
#16234=DIRECTION('',(0.,0.,1.));
#16235=DIRECTION('center_axis',(-2.22044604925031E-15,-1.,0.));
#16236=DIRECTION('ref_axis',(1.,-2.22044604925031E-15,0.));
#16237=DIRECTION('',(1.,-2.22044604925031E-15,0.));
#16238=DIRECTION('',(0.,0.,1.));
#16239=DIRECTION('center_axis',(0.,0.,1.));
#16240=DIRECTION('ref_axis',(0.,1.,0.));
#16241=DIRECTION('center_axis',(0.,0.,-1.));
#16242=DIRECTION('ref_axis',(0.,1.,0.));
#16243=DIRECTION('center_axis',(1.,0.,0.));
#16244=DIRECTION('ref_axis',(0.,1.,0.));
#16245=DIRECTION('',(0.,1.,0.));
#16246=DIRECTION('',(0.,0.,1.));
#16247=DIRECTION('',(0.,0.,1.));
#16248=DIRECTION('center_axis',(0.,0.,1.));
#16249=DIRECTION('ref_axis',(-1.,0.,0.));
#16250=DIRECTION('center_axis',(0.,0.,-1.));
#16251=DIRECTION('ref_axis',(-1.,0.,0.));
#16252=DIRECTION('',(0.,0.,1.));
#16253=DIRECTION('center_axis',(-1.36642833800019E-15,1.,0.));
#16254=DIRECTION('ref_axis',(-1.,-1.36642833800019E-15,0.));
#16255=DIRECTION('',(-1.,-1.36642833800019E-15,0.));
#16256=DIRECTION('',(0.,0.,1.));
#16257=DIRECTION('center_axis',(0.,0.,1.));
#16258=DIRECTION('ref_axis',(0.,-1.,0.));
#16259=DIRECTION('center_axis',(0.,0.,-1.));
#16260=DIRECTION('ref_axis',(0.,-1.,0.));
#16261=DIRECTION('',(0.,0.,1.));
#16262=DIRECTION('center_axis',(-1.,0.,0.));
#16263=DIRECTION('ref_axis',(0.,-1.,0.));
#16264=DIRECTION('',(0.,-1.,0.));
#16265=DIRECTION('',(0.,0.,1.));
#16266=DIRECTION('center_axis',(0.,0.,1.));
#16267=DIRECTION('ref_axis',(1.,0.,0.));
#16268=DIRECTION('center_axis',(0.,0.,-1.));
#16269=DIRECTION('ref_axis',(1.,0.,0.));
#16270=DIRECTION('',(0.,0.,1.));
#16271=DIRECTION('center_axis',(6.83214169000097E-16,-1.,0.));
#16272=DIRECTION('ref_axis',(1.,6.83214169000097E-16,0.));
#16273=DIRECTION('',(1.,6.83214169000097E-16,0.));
#16274=DIRECTION('',(0.,0.,1.));
#16275=DIRECTION('center_axis',(0.,0.,1.));
#16276=DIRECTION('ref_axis',(0.,1.,0.));
#16277=DIRECTION('center_axis',(0.,0.,-1.));
#16278=DIRECTION('ref_axis',(0.,1.,0.));
#16279=DIRECTION('center_axis',(1.,0.,0.));
#16280=DIRECTION('ref_axis',(0.,1.,0.));
#16281=DIRECTION('',(0.,1.,0.));
#16282=DIRECTION('',(0.,0.,1.));
#16283=DIRECTION('',(0.,0.,1.));
#16284=DIRECTION('center_axis',(0.,0.,1.));
#16285=DIRECTION('ref_axis',(-1.,0.,0.));
#16286=DIRECTION('center_axis',(0.,0.,-1.));
#16287=DIRECTION('ref_axis',(-1.,0.,0.));
#16288=DIRECTION('',(0.,0.,1.));
#16289=DIRECTION('center_axis',(-6.83214169000096E-16,1.,0.));
#16290=DIRECTION('ref_axis',(-1.,-6.83214169000096E-16,0.));
#16291=DIRECTION('',(-1.,-6.83214169000096E-16,0.));
#16292=DIRECTION('',(0.,0.,1.));
#16293=DIRECTION('center_axis',(0.,0.,1.));
#16294=DIRECTION('ref_axis',(0.,-1.,0.));
#16295=DIRECTION('center_axis',(0.,0.,-1.));
#16296=DIRECTION('ref_axis',(0.,-1.,0.));
#16297=DIRECTION('',(0.,0.,1.));
#16298=DIRECTION('center_axis',(-1.,0.,0.));
#16299=DIRECTION('ref_axis',(0.,-1.,0.));
#16300=DIRECTION('',(0.,-1.,0.));
#16301=DIRECTION('',(0.,0.,1.));
#16302=DIRECTION('center_axis',(0.,0.,1.));
#16303=DIRECTION('ref_axis',(1.,0.,0.));
#16304=DIRECTION('center_axis',(0.,0.,-1.));
#16305=DIRECTION('ref_axis',(1.,0.,0.));
#16306=DIRECTION('',(0.,0.,1.));
#16307=DIRECTION('center_axis',(6.83214169000096E-16,-1.,0.));
#16308=DIRECTION('ref_axis',(1.,6.83214169000096E-16,0.));
#16309=DIRECTION('',(1.,6.83214169000096E-16,0.));
#16310=DIRECTION('',(0.,0.,1.));
#16311=DIRECTION('center_axis',(0.,0.,1.));
#16312=DIRECTION('ref_axis',(0.,1.,0.));
#16313=DIRECTION('center_axis',(0.,0.,-1.));
#16314=DIRECTION('ref_axis',(0.,1.,0.));
#16315=DIRECTION('center_axis',(1.,2.73285667600039E-15,0.));
#16316=DIRECTION('ref_axis',(-2.73285667600039E-15,1.,0.));
#16317=DIRECTION('',(-2.73285667600039E-15,1.,0.));
#16318=DIRECTION('',(0.,0.,1.));
#16319=DIRECTION('',(0.,0.,1.));
#16320=DIRECTION('center_axis',(0.,0.,1.));
#16321=DIRECTION('ref_axis',(-1.,0.,0.));
#16322=DIRECTION('center_axis',(0.,0.,-1.));
#16323=DIRECTION('ref_axis',(-1.,0.,0.));
#16324=DIRECTION('',(0.,0.,1.));
#16325=DIRECTION('center_axis',(2.04964250700029E-15,1.,0.));
#16326=DIRECTION('ref_axis',(-1.,2.04964250700029E-15,0.));
#16327=DIRECTION('',(-1.,2.04964250700029E-15,0.));
#16328=DIRECTION('',(0.,0.,1.));
#16329=DIRECTION('center_axis',(0.,0.,1.));
#16330=DIRECTION('ref_axis',(0.,-1.,0.));
#16331=DIRECTION('center_axis',(0.,0.,-1.));
#16332=DIRECTION('ref_axis',(0.,-1.,0.));
#16333=DIRECTION('',(0.,0.,1.));
#16334=DIRECTION('center_axis',(-1.,0.,0.));
#16335=DIRECTION('ref_axis',(0.,-1.,0.));
#16336=DIRECTION('',(0.,-1.,0.));
#16337=DIRECTION('',(0.,0.,1.));
#16338=DIRECTION('center_axis',(0.,0.,1.));
#16339=DIRECTION('ref_axis',(1.,0.,0.));
#16340=DIRECTION('center_axis',(0.,0.,-1.));
#16341=DIRECTION('ref_axis',(1.,0.,0.));
#16342=DIRECTION('',(0.,0.,1.));
#16343=DIRECTION('center_axis',(5.12410626750072E-16,-1.,0.));
#16344=DIRECTION('ref_axis',(1.,5.12410626750072E-16,0.));
#16345=DIRECTION('',(1.,5.12410626750072E-16,0.));
#16346=DIRECTION('',(0.,0.,1.));
#16347=DIRECTION('center_axis',(0.,0.,1.));
#16348=DIRECTION('ref_axis',(0.,1.,0.));
#16349=DIRECTION('center_axis',(0.,0.,-1.));
#16350=DIRECTION('ref_axis',(0.,1.,0.));
#16351=DIRECTION('center_axis',(1.,-1.70803542250024E-16,0.));
#16352=DIRECTION('ref_axis',(1.70803542250024E-16,1.,0.));
#16353=DIRECTION('',(1.70803542250024E-16,1.,0.));
#16354=DIRECTION('',(0.,0.,1.));
#16355=DIRECTION('',(0.,0.,1.));
#16356=DIRECTION('center_axis',(0.,0.,1.));
#16357=DIRECTION('ref_axis',(-1.,0.,0.));
#16358=DIRECTION('center_axis',(0.,0.,-1.));
#16359=DIRECTION('ref_axis',(-1.,0.,0.));
#16360=DIRECTION('',(0.,0.,1.));
#16361=DIRECTION('center_axis',(0.,1.,0.));
#16362=DIRECTION('ref_axis',(-1.,0.,0.));
#16363=DIRECTION('',(-1.,0.,0.));
#16364=DIRECTION('',(0.,0.,1.));
#16365=DIRECTION('center_axis',(0.,0.,1.));
#16366=DIRECTION('ref_axis',(0.,-1.,0.));
#16367=DIRECTION('center_axis',(0.,0.,-1.));
#16368=DIRECTION('ref_axis',(0.,-1.,0.));
#16369=DIRECTION('',(0.,0.,1.));
#16370=DIRECTION('center_axis',(-1.,0.,0.));
#16371=DIRECTION('ref_axis',(0.,-1.,0.));
#16372=DIRECTION('',(0.,-1.,0.));
#16373=DIRECTION('',(0.,0.,1.));
#16374=DIRECTION('center_axis',(0.,0.,1.));
#16375=DIRECTION('ref_axis',(1.,0.,0.));
#16376=DIRECTION('center_axis',(0.,0.,-1.));
#16377=DIRECTION('ref_axis',(1.,0.,0.));
#16378=DIRECTION('',(0.,0.,1.));
#16379=DIRECTION('center_axis',(0.,-1.,0.));
#16380=DIRECTION('ref_axis',(1.,0.,0.));
#16381=DIRECTION('',(1.,0.,0.));
#16382=DIRECTION('',(0.,0.,1.));
#16383=DIRECTION('center_axis',(0.,0.,1.));
#16384=DIRECTION('ref_axis',(0.,1.,0.));
#16385=DIRECTION('center_axis',(0.,0.,-1.));
#16386=DIRECTION('ref_axis',(0.,1.,0.));
#16387=DIRECTION('center_axis',(1.,6.83214169000096E-16,0.));
#16388=DIRECTION('ref_axis',(-6.83214169000096E-16,1.,0.));
#16389=DIRECTION('',(-6.83214169000096E-16,1.,0.));
#16390=DIRECTION('',(0.,0.,1.));
#16391=DIRECTION('',(0.,0.,1.));
#16392=DIRECTION('center_axis',(0.,0.,1.));
#16393=DIRECTION('ref_axis',(-1.,0.,0.));
#16394=DIRECTION('center_axis',(0.,0.,-1.));
#16395=DIRECTION('ref_axis',(-1.,0.,0.));
#16396=DIRECTION('',(0.,0.,1.));
#16397=DIRECTION('center_axis',(0.,1.,0.));
#16398=DIRECTION('ref_axis',(-1.,0.,0.));
#16399=DIRECTION('',(-1.,0.,0.));
#16400=DIRECTION('',(0.,0.,1.));
#16401=DIRECTION('center_axis',(0.,0.,1.));
#16402=DIRECTION('ref_axis',(0.,-1.,0.));
#16403=DIRECTION('center_axis',(0.,0.,-1.));
#16404=DIRECTION('ref_axis',(0.,-1.,0.));
#16405=DIRECTION('',(0.,0.,1.));
#16406=DIRECTION('center_axis',(-1.,0.,0.));
#16407=DIRECTION('ref_axis',(0.,-1.,0.));
#16408=DIRECTION('',(0.,-1.,0.));
#16409=DIRECTION('',(0.,0.,1.));
#16410=DIRECTION('center_axis',(0.,0.,1.));
#16411=DIRECTION('ref_axis',(1.,0.,0.));
#16412=DIRECTION('center_axis',(0.,0.,-1.));
#16413=DIRECTION('ref_axis',(1.,0.,0.));
#16414=DIRECTION('',(0.,0.,1.));
#16415=DIRECTION('center_axis',(-1.36642833800019E-15,-1.,0.));
#16416=DIRECTION('ref_axis',(1.,-1.36642833800019E-15,0.));
#16417=DIRECTION('',(1.,-1.36642833800019E-15,0.));
#16418=DIRECTION('',(0.,0.,1.));
#16419=DIRECTION('center_axis',(0.,0.,1.));
#16420=DIRECTION('ref_axis',(0.,1.,0.));
#16421=DIRECTION('center_axis',(0.,0.,-1.));
#16422=DIRECTION('ref_axis',(0.,1.,0.));
#16423=DIRECTION('center_axis',(0.,0.,1.));
#16424=DIRECTION('ref_axis',(-1.,0.,0.));
#16425=DIRECTION('center_axis',(0.,0.,-1.));
#16426=DIRECTION('ref_axis',(-1.,0.,0.));
#16427=DIRECTION('',(0.,0.,1.));
#16428=DIRECTION('',(0.,0.,1.));
#16429=DIRECTION('center_axis',(0.,1.,0.));
#16430=DIRECTION('ref_axis',(-1.,0.,0.));
#16431=DIRECTION('',(-1.,0.,0.));
#16432=DIRECTION('',(0.,0.,1.));
#16433=DIRECTION('center_axis',(0.,0.,1.));
#16434=DIRECTION('ref_axis',(0.,-1.,0.));
#16435=DIRECTION('center_axis',(0.,0.,-1.));
#16436=DIRECTION('ref_axis',(0.,-1.,0.));
#16437=DIRECTION('',(0.,0.,1.));
#16438=DIRECTION('center_axis',(-1.,0.,0.));
#16439=DIRECTION('ref_axis',(0.,-1.,0.));
#16440=DIRECTION('',(0.,-1.,0.));
#16441=DIRECTION('',(0.,0.,1.));
#16442=DIRECTION('center_axis',(0.,0.,1.));
#16443=DIRECTION('ref_axis',(1.,0.,0.));
#16444=DIRECTION('center_axis',(0.,0.,-1.));
#16445=DIRECTION('ref_axis',(1.,0.,0.));
#16446=DIRECTION('',(0.,0.,1.));
#16447=DIRECTION('center_axis',(5.55111512312578E-16,-1.,0.));
#16448=DIRECTION('ref_axis',(1.,5.55111512312578E-16,0.));
#16449=DIRECTION('',(1.,5.55111512312578E-16,0.));
#16450=DIRECTION('',(0.,0.,1.));
#16451=DIRECTION('center_axis',(0.,0.,1.));
#16452=DIRECTION('ref_axis',(0.,1.,0.));
#16453=DIRECTION('center_axis',(0.,0.,-1.));
#16454=DIRECTION('ref_axis',(0.,1.,0.));
#16455=DIRECTION('',(0.,0.,1.));
#16456=DIRECTION('center_axis',(1.,0.,0.));
#16457=DIRECTION('ref_axis',(0.,1.,0.));
#16458=DIRECTION('',(0.,1.,0.));
#16459=DIRECTION('center_axis',(-3.28954970259302E-15,-1.,0.));
#16460=DIRECTION('ref_axis',(1.,-3.28954970259302E-15,0.));
#16461=DIRECTION('',(1.,-3.28954970259302E-15,0.));
#16462=DIRECTION('center_axis',(1.,0.,0.));
#16463=DIRECTION('ref_axis',(0.,1.,0.));
#16464=DIRECTION('',(0.,1.,0.));
#16465=DIRECTION('center_axis',(0.,-1.,0.));
#16466=DIRECTION('ref_axis',(1.,0.,0.));
#16467=DIRECTION('',(1.,0.,0.));
#16468=DIRECTION('center_axis',(1.,0.,0.));
#16469=DIRECTION('ref_axis',(0.,1.,0.));
#16470=DIRECTION('',(0.,1.,0.));
#16471=DIRECTION('',(0.,0.,1.));
#16472=DIRECTION('',(0.,0.,1.));
#16473=DIRECTION('center_axis',(0.,0.,1.));
#16474=DIRECTION('ref_axis',(-1.,0.,0.));
#16475=DIRECTION('center_axis',(0.,0.,-1.));
#16476=DIRECTION('ref_axis',(-1.,0.,0.));
#16477=DIRECTION('',(0.,0.,1.));
#16478=DIRECTION('center_axis',(-6.83214169000096E-16,1.,0.));
#16479=DIRECTION('ref_axis',(-1.,-6.83214169000096E-16,0.));
#16480=DIRECTION('',(-1.,-6.83214169000096E-16,0.));
#16481=DIRECTION('',(0.,0.,1.));
#16482=DIRECTION('center_axis',(0.,0.,1.));
#16483=DIRECTION('ref_axis',(0.,-1.,0.));
#16484=DIRECTION('center_axis',(0.,0.,-1.));
#16485=DIRECTION('ref_axis',(0.,-1.,0.));
#16486=DIRECTION('',(0.,0.,1.));
#16487=DIRECTION('center_axis',(-1.,0.,0.));
#16488=DIRECTION('ref_axis',(0.,-1.,0.));
#16489=DIRECTION('',(0.,-1.,0.));
#16490=DIRECTION('',(0.,0.,1.));
#16491=DIRECTION('center_axis',(0.,0.,1.));
#16492=DIRECTION('ref_axis',(1.,0.,0.));
#16493=DIRECTION('center_axis',(0.,0.,-1.));
#16494=DIRECTION('ref_axis',(1.,0.,0.));
#16495=DIRECTION('',(0.,0.,1.));
#16496=DIRECTION('center_axis',(-2.04964250700029E-15,-1.,0.));
#16497=DIRECTION('ref_axis',(1.,-2.04964250700029E-15,0.));
#16498=DIRECTION('',(1.,-2.04964250700029E-15,0.));
#16499=DIRECTION('',(0.,0.,1.));
#16500=DIRECTION('center_axis',(0.,0.,1.));
#16501=DIRECTION('ref_axis',(0.,1.,0.));
#16502=DIRECTION('center_axis',(0.,0.,-1.));
#16503=DIRECTION('ref_axis',(0.,1.,0.));
#16504=DIRECTION('center_axis',(1.,1.36642833800019E-15,0.));
#16505=DIRECTION('ref_axis',(-1.36642833800019E-15,1.,0.));
#16506=DIRECTION('',(-1.36642833800019E-15,1.,0.));
#16507=DIRECTION('',(0.,0.,1.));
#16508=DIRECTION('',(0.,0.,1.));
#16509=DIRECTION('center_axis',(0.,0.,1.));
#16510=DIRECTION('ref_axis',(-1.,0.,0.));
#16511=DIRECTION('center_axis',(0.,0.,-1.));
#16512=DIRECTION('ref_axis',(-1.,0.,0.));
#16513=DIRECTION('',(0.,0.,1.));
#16514=DIRECTION('center_axis',(6.83214169000096E-16,1.,0.));
#16515=DIRECTION('ref_axis',(-1.,6.83214169000096E-16,0.));
#16516=DIRECTION('',(-1.,6.83214169000096E-16,0.));
#16517=DIRECTION('',(0.,0.,1.));
#16518=DIRECTION('center_axis',(0.,0.,1.));
#16519=DIRECTION('ref_axis',(0.,-1.,0.));
#16520=DIRECTION('center_axis',(0.,0.,-1.));
#16521=DIRECTION('ref_axis',(0.,-1.,0.));
#16522=DIRECTION('',(0.,0.,1.));
#16523=DIRECTION('center_axis',(-1.,0.,0.));
#16524=DIRECTION('ref_axis',(0.,-1.,0.));
#16525=DIRECTION('',(0.,-1.,0.));
#16526=DIRECTION('',(0.,0.,1.));
#16527=DIRECTION('center_axis',(0.,0.,1.));
#16528=DIRECTION('ref_axis',(1.,0.,0.));
#16529=DIRECTION('center_axis',(0.,0.,-1.));
#16530=DIRECTION('ref_axis',(1.,0.,0.));
#16531=DIRECTION('',(0.,0.,1.));
#16532=DIRECTION('center_axis',(0.,-1.,0.));
#16533=DIRECTION('ref_axis',(1.,0.,0.));
#16534=DIRECTION('',(1.,0.,0.));
#16535=DIRECTION('',(0.,0.,1.));
#16536=DIRECTION('center_axis',(0.,0.,1.));
#16537=DIRECTION('ref_axis',(0.,1.,0.));
#16538=DIRECTION('center_axis',(0.,0.,-1.));
#16539=DIRECTION('ref_axis',(0.,1.,0.));
#16540=DIRECTION('center_axis',(1.,2.73285667600039E-15,0.));
#16541=DIRECTION('ref_axis',(-2.73285667600039E-15,1.,0.));
#16542=DIRECTION('',(-2.73285667600039E-15,1.,0.));
#16543=DIRECTION('',(0.,0.,1.));
#16544=DIRECTION('',(0.,0.,1.));
#16545=DIRECTION('center_axis',(0.,0.,1.));
#16546=DIRECTION('ref_axis',(-1.,0.,0.));
#16547=DIRECTION('center_axis',(0.,0.,-1.));
#16548=DIRECTION('ref_axis',(-1.,0.,0.));
#16549=DIRECTION('',(0.,0.,1.));
#16550=DIRECTION('center_axis',(2.04964250700029E-15,1.,0.));
#16551=DIRECTION('ref_axis',(-1.,2.04964250700029E-15,0.));
#16552=DIRECTION('',(-1.,2.04964250700029E-15,0.));
#16553=DIRECTION('',(0.,0.,1.));
#16554=DIRECTION('center_axis',(0.,0.,1.));
#16555=DIRECTION('ref_axis',(0.,-1.,0.));
#16556=DIRECTION('center_axis',(0.,0.,-1.));
#16557=DIRECTION('ref_axis',(0.,-1.,0.));
#16558=DIRECTION('',(0.,0.,1.));
#16559=DIRECTION('center_axis',(-1.,0.,0.));
#16560=DIRECTION('ref_axis',(0.,-1.,0.));
#16561=DIRECTION('',(0.,-1.,0.));
#16562=DIRECTION('',(0.,0.,1.));
#16563=DIRECTION('center_axis',(0.,0.,1.));
#16564=DIRECTION('ref_axis',(1.,0.,0.));
#16565=DIRECTION('center_axis',(0.,0.,-1.));
#16566=DIRECTION('ref_axis',(1.,0.,0.));
#16567=DIRECTION('',(0.,0.,1.));
#16568=DIRECTION('center_axis',(0.,-1.,0.));
#16569=DIRECTION('ref_axis',(1.,0.,0.));
#16570=DIRECTION('',(1.,0.,0.));
#16571=DIRECTION('',(0.,0.,1.));
#16572=DIRECTION('center_axis',(0.,0.,1.));
#16573=DIRECTION('ref_axis',(0.,1.,0.));
#16574=DIRECTION('center_axis',(0.,0.,-1.));
#16575=DIRECTION('ref_axis',(0.,1.,0.));
#16576=DIRECTION('center_axis',(0.,0.,1.));
#16577=DIRECTION('ref_axis',(-1.,0.,0.));
#16578=DIRECTION('center_axis',(0.,0.,-1.));
#16579=DIRECTION('ref_axis',(-1.,0.,0.));
#16580=DIRECTION('',(0.,0.,1.));
#16581=DIRECTION('',(0.,0.,1.));
#16582=DIRECTION('center_axis',(0.,1.,0.));
#16583=DIRECTION('ref_axis',(-1.,0.,0.));
#16584=DIRECTION('',(-1.,0.,0.));
#16585=DIRECTION('',(0.,0.,1.));
#16586=DIRECTION('center_axis',(0.,0.,1.));
#16587=DIRECTION('ref_axis',(0.,-1.,0.));
#16588=DIRECTION('center_axis',(0.,0.,-1.));
#16589=DIRECTION('ref_axis',(0.,-1.,0.));
#16590=DIRECTION('',(0.,0.,1.));
#16591=DIRECTION('center_axis',(-1.,0.,0.));
#16592=DIRECTION('ref_axis',(0.,-1.,0.));
#16593=DIRECTION('',(0.,-1.,0.));
#16594=DIRECTION('',(0.,0.,1.));
#16595=DIRECTION('center_axis',(0.,0.,1.));
#16596=DIRECTION('ref_axis',(1.,0.,0.));
#16597=DIRECTION('center_axis',(0.,0.,-1.));
#16598=DIRECTION('ref_axis',(1.,0.,0.));
#16599=DIRECTION('',(0.,0.,1.));
#16600=DIRECTION('center_axis',(5.55111512312578E-16,-1.,0.));
#16601=DIRECTION('ref_axis',(1.,5.55111512312578E-16,0.));
#16602=DIRECTION('',(1.,5.55111512312578E-16,0.));
#16603=DIRECTION('',(0.,0.,1.));
#16604=DIRECTION('center_axis',(0.,0.,1.));
#16605=DIRECTION('ref_axis',(0.,1.,0.));
#16606=DIRECTION('center_axis',(0.,0.,-1.));
#16607=DIRECTION('ref_axis',(0.,1.,0.));
#16608=DIRECTION('',(0.,0.,1.));
#16609=DIRECTION('center_axis',(1.,0.,0.));
#16610=DIRECTION('ref_axis',(0.,1.,0.));
#16611=DIRECTION('',(0.,1.,0.));
#16612=DIRECTION('center_axis',(1.,2.73285667600039E-15,0.));
#16613=DIRECTION('ref_axis',(-2.73285667600039E-15,1.,0.));
#16614=DIRECTION('',(-2.73285667600039E-15,1.,0.));
#16615=DIRECTION('',(0.,0.,1.));
#16616=DIRECTION('',(0.,0.,1.));
#16617=DIRECTION('center_axis',(0.,0.,1.));
#16618=DIRECTION('ref_axis',(-1.,0.,0.));
#16619=DIRECTION('center_axis',(0.,0.,-1.));
#16620=DIRECTION('ref_axis',(-1.,0.,0.));
#16621=DIRECTION('',(0.,0.,1.));
#16622=DIRECTION('center_axis',(2.04964250700029E-15,1.,0.));
#16623=DIRECTION('ref_axis',(-1.,2.04964250700029E-15,0.));
#16624=DIRECTION('',(-1.,2.04964250700029E-15,0.));
#16625=DIRECTION('',(0.,0.,1.));
#16626=DIRECTION('center_axis',(0.,0.,1.));
#16627=DIRECTION('ref_axis',(0.,-1.,0.));
#16628=DIRECTION('center_axis',(0.,0.,-1.));
#16629=DIRECTION('ref_axis',(0.,-1.,0.));
#16630=DIRECTION('',(0.,0.,1.));
#16631=DIRECTION('center_axis',(-1.,0.,0.));
#16632=DIRECTION('ref_axis',(0.,-1.,0.));
#16633=DIRECTION('',(0.,-1.,0.));
#16634=DIRECTION('',(0.,0.,1.));
#16635=DIRECTION('center_axis',(0.,0.,1.));
#16636=DIRECTION('ref_axis',(1.,0.,0.));
#16637=DIRECTION('center_axis',(0.,0.,-1.));
#16638=DIRECTION('ref_axis',(1.,0.,0.));
#16639=DIRECTION('',(0.,0.,1.));
#16640=DIRECTION('center_axis',(0.,-1.,0.));
#16641=DIRECTION('ref_axis',(1.,0.,0.));
#16642=DIRECTION('',(1.,0.,0.));
#16643=DIRECTION('',(0.,0.,1.));
#16644=DIRECTION('center_axis',(0.,0.,1.));
#16645=DIRECTION('ref_axis',(0.,1.,0.));
#16646=DIRECTION('center_axis',(0.,0.,-1.));
#16647=DIRECTION('ref_axis',(0.,1.,0.));
#16648=DIRECTION('center_axis',(1.,0.,0.));
#16649=DIRECTION('ref_axis',(0.,1.,0.));
#16650=DIRECTION('',(0.,1.,0.));
#16651=DIRECTION('',(0.,0.,1.));
#16652=DIRECTION('',(0.,0.,1.));
#16653=DIRECTION('center_axis',(0.,0.,1.));
#16654=DIRECTION('ref_axis',(-1.,0.,0.));
#16655=DIRECTION('center_axis',(0.,0.,-1.));
#16656=DIRECTION('ref_axis',(-1.,0.,0.));
#16657=DIRECTION('',(0.,0.,1.));
#16658=DIRECTION('center_axis',(-6.83214169000098E-16,1.,0.));
#16659=DIRECTION('ref_axis',(-1.,-6.83214169000098E-16,0.));
#16660=DIRECTION('',(-1.,-6.83214169000098E-16,0.));
#16661=DIRECTION('',(0.,0.,1.));
#16662=DIRECTION('center_axis',(0.,0.,1.));
#16663=DIRECTION('ref_axis',(0.,-1.,0.));
#16664=DIRECTION('center_axis',(0.,0.,-1.));
#16665=DIRECTION('ref_axis',(0.,-1.,0.));
#16666=DIRECTION('',(0.,0.,1.));
#16667=DIRECTION('center_axis',(-1.,0.,0.));
#16668=DIRECTION('ref_axis',(0.,-1.,0.));
#16669=DIRECTION('',(0.,-1.,0.));
#16670=DIRECTION('',(0.,0.,1.));
#16671=DIRECTION('center_axis',(0.,0.,1.));
#16672=DIRECTION('ref_axis',(1.,0.,0.));
#16673=DIRECTION('center_axis',(0.,0.,-1.));
#16674=DIRECTION('ref_axis',(1.,0.,0.));
#16675=DIRECTION('',(0.,0.,1.));
#16676=DIRECTION('center_axis',(0.,-1.,0.));
#16677=DIRECTION('ref_axis',(1.,0.,0.));
#16678=DIRECTION('',(1.,0.,0.));
#16679=DIRECTION('',(0.,0.,1.));
#16680=DIRECTION('center_axis',(0.,0.,1.));
#16681=DIRECTION('ref_axis',(0.,1.,0.));
#16682=DIRECTION('center_axis',(0.,0.,-1.));
#16683=DIRECTION('ref_axis',(0.,1.,0.));
#16684=DIRECTION('center_axis',(1.,0.,0.));
#16685=DIRECTION('ref_axis',(0.,1.,0.));
#16686=DIRECTION('',(0.,1.,0.));
#16687=DIRECTION('',(0.,0.,1.));
#16688=DIRECTION('',(0.,0.,1.));
#16689=DIRECTION('center_axis',(0.,0.,1.));
#16690=DIRECTION('ref_axis',(-1.,0.,0.));
#16691=DIRECTION('center_axis',(0.,0.,-1.));
#16692=DIRECTION('ref_axis',(-1.,0.,0.));
#16693=DIRECTION('',(0.,0.,1.));
#16694=DIRECTION('center_axis',(-1.36642833800019E-15,1.,0.));
#16695=DIRECTION('ref_axis',(-1.,-1.36642833800019E-15,0.));
#16696=DIRECTION('',(-1.,-1.36642833800019E-15,0.));
#16697=DIRECTION('',(0.,0.,1.));
#16698=DIRECTION('center_axis',(0.,0.,1.));
#16699=DIRECTION('ref_axis',(0.,-1.,0.));
#16700=DIRECTION('center_axis',(0.,0.,-1.));
#16701=DIRECTION('ref_axis',(0.,-1.,0.));
#16702=DIRECTION('',(0.,0.,1.));
#16703=DIRECTION('center_axis',(-1.,0.,0.));
#16704=DIRECTION('ref_axis',(0.,-1.,0.));
#16705=DIRECTION('',(0.,-1.,0.));
#16706=DIRECTION('',(0.,0.,1.));
#16707=DIRECTION('center_axis',(0.,0.,1.));
#16708=DIRECTION('ref_axis',(1.,0.,0.));
#16709=DIRECTION('center_axis',(0.,0.,-1.));
#16710=DIRECTION('ref_axis',(1.,0.,0.));
#16711=DIRECTION('',(0.,0.,1.));
#16712=DIRECTION('center_axis',(6.83214169000096E-16,-1.,0.));
#16713=DIRECTION('ref_axis',(1.,6.83214169000096E-16,0.));
#16714=DIRECTION('',(1.,6.83214169000096E-16,0.));
#16715=DIRECTION('',(0.,0.,1.));
#16716=DIRECTION('center_axis',(0.,0.,1.));
#16717=DIRECTION('ref_axis',(0.,1.,0.));
#16718=DIRECTION('center_axis',(0.,0.,-1.));
#16719=DIRECTION('ref_axis',(0.,1.,0.));
#16720=DIRECTION('center_axis',(0.,0.,1.));
#16721=DIRECTION('ref_axis',(-1.,0.,0.));
#16722=DIRECTION('center_axis',(0.,0.,-1.));
#16723=DIRECTION('ref_axis',(-1.,0.,0.));
#16724=DIRECTION('',(0.,0.,1.));
#16725=DIRECTION('',(0.,0.,1.));
#16726=DIRECTION('center_axis',(0.,1.,0.));
#16727=DIRECTION('ref_axis',(-1.,0.,0.));
#16728=DIRECTION('',(-1.,0.,0.));
#16729=DIRECTION('',(0.,0.,1.));
#16730=DIRECTION('center_axis',(0.,0.,1.));
#16731=DIRECTION('ref_axis',(0.,-1.,0.));
#16732=DIRECTION('center_axis',(0.,0.,-1.));
#16733=DIRECTION('ref_axis',(0.,-1.,0.));
#16734=DIRECTION('',(0.,0.,1.));
#16735=DIRECTION('center_axis',(-1.,0.,0.));
#16736=DIRECTION('ref_axis',(0.,-1.,0.));
#16737=DIRECTION('',(0.,-1.,0.));
#16738=DIRECTION('',(0.,0.,1.));
#16739=DIRECTION('center_axis',(0.,0.,1.));
#16740=DIRECTION('ref_axis',(1.,0.,0.));
#16741=DIRECTION('center_axis',(0.,0.,-1.));
#16742=DIRECTION('ref_axis',(1.,0.,0.));
#16743=DIRECTION('',(0.,0.,1.));
#16744=DIRECTION('center_axis',(-2.17774516368781E-15,-1.,0.));
#16745=DIRECTION('ref_axis',(1.,-2.17774516368781E-15,0.));
#16746=DIRECTION('',(1.,-2.17774516368781E-15,0.));
#16747=DIRECTION('',(0.,0.,1.));
#16748=DIRECTION('center_axis',(0.,0.,1.));
#16749=DIRECTION('ref_axis',(0.,1.,0.));
#16750=DIRECTION('center_axis',(0.,0.,-1.));
#16751=DIRECTION('ref_axis',(0.,1.,0.));
#16752=DIRECTION('',(0.,0.,1.));
#16753=DIRECTION('center_axis',(1.,0.,0.));
#16754=DIRECTION('ref_axis',(0.,1.,0.));
#16755=DIRECTION('',(0.,1.,0.));
#16756=DIRECTION('center_axis',(1.,0.,0.));
#16757=DIRECTION('ref_axis',(0.,1.,0.));
#16758=DIRECTION('',(0.,1.,0.));
#16759=DIRECTION('',(0.,0.,1.));
#16760=DIRECTION('',(0.,0.,1.));
#16761=DIRECTION('center_axis',(0.,0.,1.));
#16762=DIRECTION('ref_axis',(-1.,0.,0.));
#16763=DIRECTION('center_axis',(0.,0.,-1.));
#16764=DIRECTION('ref_axis',(-1.,0.,0.));
#16765=DIRECTION('',(0.,0.,1.));
#16766=DIRECTION('center_axis',(0.,1.,0.));
#16767=DIRECTION('ref_axis',(-1.,0.,0.));
#16768=DIRECTION('',(-1.,0.,0.));
#16769=DIRECTION('',(0.,0.,1.));
#16770=DIRECTION('center_axis',(0.,0.,1.));
#16771=DIRECTION('ref_axis',(0.,-1.,0.));
#16772=DIRECTION('center_axis',(0.,0.,-1.));
#16773=DIRECTION('ref_axis',(0.,-1.,0.));
#16774=DIRECTION('',(0.,0.,1.));
#16775=DIRECTION('center_axis',(-1.,0.,0.));
#16776=DIRECTION('ref_axis',(0.,-1.,0.));
#16777=DIRECTION('',(0.,-1.,0.));
#16778=DIRECTION('',(0.,0.,1.));
#16779=DIRECTION('center_axis',(0.,0.,1.));
#16780=DIRECTION('ref_axis',(1.,0.,0.));
#16781=DIRECTION('center_axis',(0.,0.,-1.));
#16782=DIRECTION('ref_axis',(1.,0.,0.));
#16783=DIRECTION('',(0.,0.,1.));
#16784=DIRECTION('center_axis',(1.70803542250024E-16,-1.,0.));
#16785=DIRECTION('ref_axis',(1.,1.70803542250024E-16,0.));
#16786=DIRECTION('',(1.,1.70803542250024E-16,0.));
#16787=DIRECTION('',(0.,0.,1.));
#16788=DIRECTION('center_axis',(0.,0.,1.));
#16789=DIRECTION('ref_axis',(0.,1.,0.));
#16790=DIRECTION('center_axis',(0.,0.,-1.));
#16791=DIRECTION('ref_axis',(0.,1.,0.));
#16792=DIRECTION('center_axis',(1.,-1.36642833800019E-15,0.));
#16793=DIRECTION('ref_axis',(1.36642833800019E-15,1.,0.));
#16794=DIRECTION('',(1.36642833800019E-15,1.,0.));
#16795=DIRECTION('',(0.,0.,1.));
#16796=DIRECTION('',(0.,0.,1.));
#16797=DIRECTION('center_axis',(0.,0.,1.));
#16798=DIRECTION('ref_axis',(-1.,0.,0.));
#16799=DIRECTION('center_axis',(0.,0.,-1.));
#16800=DIRECTION('ref_axis',(-1.,0.,0.));
#16801=DIRECTION('',(0.,0.,1.));
#16802=DIRECTION('center_axis',(-6.83214169000097E-16,1.,0.));
#16803=DIRECTION('ref_axis',(-1.,-6.83214169000097E-16,0.));
#16804=DIRECTION('',(-1.,-6.83214169000097E-16,0.));
#16805=DIRECTION('',(0.,0.,1.));
#16806=DIRECTION('center_axis',(0.,0.,1.));
#16807=DIRECTION('ref_axis',(0.,-1.,0.));
#16808=DIRECTION('center_axis',(0.,0.,-1.));
#16809=DIRECTION('ref_axis',(0.,-1.,0.));
#16810=DIRECTION('',(0.,0.,1.));
#16811=DIRECTION('center_axis',(-1.,0.,0.));
#16812=DIRECTION('ref_axis',(0.,-1.,0.));
#16813=DIRECTION('',(0.,-1.,0.));
#16814=DIRECTION('',(0.,0.,1.));
#16815=DIRECTION('center_axis',(0.,0.,1.));
#16816=DIRECTION('ref_axis',(1.,0.,0.));
#16817=DIRECTION('center_axis',(0.,0.,-1.));
#16818=DIRECTION('ref_axis',(1.,0.,0.));
#16819=DIRECTION('',(0.,0.,1.));
#16820=DIRECTION('center_axis',(6.83214169000097E-16,-1.,0.));
#16821=DIRECTION('ref_axis',(1.,6.83214169000097E-16,0.));
#16822=DIRECTION('',(1.,6.83214169000097E-16,0.));
#16823=DIRECTION('',(0.,0.,1.));
#16824=DIRECTION('center_axis',(0.,0.,1.));
#16825=DIRECTION('ref_axis',(0.,1.,0.));
#16826=DIRECTION('center_axis',(0.,0.,-1.));
#16827=DIRECTION('ref_axis',(0.,1.,0.));
#16828=DIRECTION('center_axis',(1.,0.,0.));
#16829=DIRECTION('ref_axis',(0.,1.,0.));
#16830=DIRECTION('',(0.,1.,0.));
#16831=DIRECTION('',(0.,0.,1.));
#16832=DIRECTION('',(0.,0.,1.));
#16833=DIRECTION('center_axis',(0.,0.,1.));
#16834=DIRECTION('ref_axis',(-1.,0.,0.));
#16835=DIRECTION('center_axis',(0.,0.,-1.));
#16836=DIRECTION('ref_axis',(-1.,0.,0.));
#16837=DIRECTION('',(0.,0.,1.));
#16838=DIRECTION('center_axis',(-6.83214169000097E-16,1.,0.));
#16839=DIRECTION('ref_axis',(-1.,-6.83214169000097E-16,0.));
#16840=DIRECTION('',(-1.,-6.83214169000097E-16,0.));
#16841=DIRECTION('',(0.,0.,1.));
#16842=DIRECTION('center_axis',(0.,0.,1.));
#16843=DIRECTION('ref_axis',(0.,-1.,0.));
#16844=DIRECTION('center_axis',(0.,0.,-1.));
#16845=DIRECTION('ref_axis',(0.,-1.,0.));
#16846=DIRECTION('',(0.,0.,1.));
#16847=DIRECTION('center_axis',(-1.,0.,0.));
#16848=DIRECTION('ref_axis',(0.,-1.,0.));
#16849=DIRECTION('',(0.,-1.,0.));
#16850=DIRECTION('',(0.,0.,1.));
#16851=DIRECTION('center_axis',(0.,0.,1.));
#16852=DIRECTION('ref_axis',(1.,0.,0.));
#16853=DIRECTION('center_axis',(0.,0.,-1.));
#16854=DIRECTION('ref_axis',(1.,0.,0.));
#16855=DIRECTION('',(0.,0.,1.));
#16856=DIRECTION('center_axis',(5.12410626750073E-16,-1.,0.));
#16857=DIRECTION('ref_axis',(1.,5.12410626750073E-16,0.));
#16858=DIRECTION('',(1.,5.12410626750073E-16,0.));
#16859=DIRECTION('',(0.,0.,1.));
#16860=DIRECTION('center_axis',(0.,0.,1.));
#16861=DIRECTION('ref_axis',(0.,1.,0.));
#16862=DIRECTION('center_axis',(0.,0.,-1.));
#16863=DIRECTION('ref_axis',(0.,1.,0.));
#16864=DIRECTION('center_axis',(1.,0.,0.));
#16865=DIRECTION('ref_axis',(0.,1.,0.));
#16866=DIRECTION('',(0.,1.,0.));
#16867=DIRECTION('',(0.,0.,1.));
#16868=DIRECTION('',(0.,0.,1.));
#16869=DIRECTION('center_axis',(0.,0.,1.));
#16870=DIRECTION('ref_axis',(-1.,0.,0.));
#16871=DIRECTION('center_axis',(0.,0.,-1.));
#16872=DIRECTION('ref_axis',(-1.,0.,0.));
#16873=DIRECTION('',(0.,0.,1.));
#16874=DIRECTION('center_axis',(0.,1.,0.));
#16875=DIRECTION('ref_axis',(-1.,0.,0.));
#16876=DIRECTION('',(-1.,0.,0.));
#16877=DIRECTION('',(0.,0.,1.));
#16878=DIRECTION('center_axis',(0.,0.,1.));
#16879=DIRECTION('ref_axis',(0.,-1.,0.));
#16880=DIRECTION('center_axis',(0.,0.,-1.));
#16881=DIRECTION('ref_axis',(0.,-1.,0.));
#16882=DIRECTION('',(0.,0.,1.));
#16883=DIRECTION('center_axis',(-1.,0.,0.));
#16884=DIRECTION('ref_axis',(0.,-1.,0.));
#16885=DIRECTION('',(0.,-1.,0.));
#16886=DIRECTION('',(0.,0.,1.));
#16887=DIRECTION('center_axis',(0.,0.,1.));
#16888=DIRECTION('ref_axis',(1.,0.,0.));
#16889=DIRECTION('center_axis',(0.,0.,-1.));
#16890=DIRECTION('ref_axis',(1.,0.,0.));
#16891=DIRECTION('',(0.,0.,1.));
#16892=DIRECTION('center_axis',(6.83214169000096E-16,-1.,0.));
#16893=DIRECTION('ref_axis',(1.,6.83214169000096E-16,0.));
#16894=DIRECTION('',(1.,6.83214169000096E-16,0.));
#16895=DIRECTION('',(0.,0.,1.));
#16896=DIRECTION('center_axis',(0.,0.,1.));
#16897=DIRECTION('ref_axis',(0.,1.,0.));
#16898=DIRECTION('center_axis',(0.,0.,-1.));
#16899=DIRECTION('ref_axis',(0.,1.,0.));
#16900=DIRECTION('center_axis',(0.,0.,1.));
#16901=DIRECTION('ref_axis',(-1.,0.,0.));
#16902=DIRECTION('center_axis',(0.,0.,-1.));
#16903=DIRECTION('ref_axis',(-1.,0.,0.));
#16904=DIRECTION('',(0.,0.,1.));
#16905=DIRECTION('',(0.,0.,1.));
#16906=DIRECTION('center_axis',(0.,1.,0.));
#16907=DIRECTION('ref_axis',(-1.,0.,0.));
#16908=DIRECTION('',(-1.,0.,0.));
#16909=DIRECTION('',(0.,0.,1.));
#16910=DIRECTION('center_axis',(0.,0.,1.));
#16911=DIRECTION('ref_axis',(0.,-1.,0.));
#16912=DIRECTION('center_axis',(0.,0.,-1.));
#16913=DIRECTION('ref_axis',(0.,-1.,0.));
#16914=DIRECTION('',(0.,0.,1.));
#16915=DIRECTION('center_axis',(-1.,0.,0.));
#16916=DIRECTION('ref_axis',(0.,-1.,0.));
#16917=DIRECTION('',(0.,-1.,0.));
#16918=DIRECTION('',(0.,0.,1.));
#16919=DIRECTION('center_axis',(0.,0.,1.));
#16920=DIRECTION('ref_axis',(1.,0.,0.));
#16921=DIRECTION('center_axis',(0.,0.,-1.));
#16922=DIRECTION('ref_axis',(1.,0.,0.));
#16923=DIRECTION('',(0.,0.,1.));
#16924=DIRECTION('center_axis',(6.83214169000098E-16,-1.,0.));
#16925=DIRECTION('ref_axis',(1.,6.83214169000098E-16,0.));
#16926=DIRECTION('',(1.,6.83214169000098E-16,0.));
#16927=DIRECTION('',(0.,0.,1.));
#16928=DIRECTION('center_axis',(0.,0.,1.));
#16929=DIRECTION('ref_axis',(0.,1.,0.));
#16930=DIRECTION('center_axis',(0.,0.,-1.));
#16931=DIRECTION('ref_axis',(0.,1.,0.));
#16932=DIRECTION('',(0.,0.,1.));
#16933=DIRECTION('center_axis',(1.,0.,0.));
#16934=DIRECTION('ref_axis',(0.,1.,0.));
#16935=DIRECTION('',(0.,1.,0.));
#16936=DIRECTION('center_axis',(0.,0.,1.));
#16937=DIRECTION('ref_axis',(-1.,0.,0.));
#16938=DIRECTION('center_axis',(0.,0.,-1.));
#16939=DIRECTION('ref_axis',(-1.,0.,0.));
#16940=DIRECTION('',(0.,0.,1.));
#16941=DIRECTION('',(0.,0.,1.));
#16942=DIRECTION('center_axis',(0.,1.,0.));
#16943=DIRECTION('ref_axis',(-1.,0.,0.));
#16944=DIRECTION('',(-1.,0.,0.));
#16945=DIRECTION('',(0.,0.,1.));
#16946=DIRECTION('center_axis',(0.,0.,1.));
#16947=DIRECTION('ref_axis',(0.,-1.,0.));
#16948=DIRECTION('center_axis',(0.,0.,-1.));
#16949=DIRECTION('ref_axis',(0.,-1.,0.));
#16950=DIRECTION('',(0.,0.,1.));
#16951=DIRECTION('center_axis',(-1.,0.,0.));
#16952=DIRECTION('ref_axis',(0.,-1.,0.));
#16953=DIRECTION('',(0.,-1.,0.));
#16954=DIRECTION('',(0.,0.,1.));
#16955=DIRECTION('center_axis',(0.,0.,1.));
#16956=DIRECTION('ref_axis',(1.,0.,0.));
#16957=DIRECTION('center_axis',(0.,0.,-1.));
#16958=DIRECTION('ref_axis',(1.,0.,0.));
#16959=DIRECTION('',(0.,0.,1.));
#16960=DIRECTION('center_axis',(5.55111512312578E-16,-1.,0.));
#16961=DIRECTION('ref_axis',(1.,5.55111512312578E-16,0.));
#16962=DIRECTION('',(1.,5.55111512312578E-16,0.));
#16963=DIRECTION('',(0.,0.,1.));
#16964=DIRECTION('center_axis',(0.,0.,1.));
#16965=DIRECTION('ref_axis',(0.,1.,0.));
#16966=DIRECTION('center_axis',(0.,0.,-1.));
#16967=DIRECTION('ref_axis',(0.,1.,0.));
#16968=DIRECTION('',(0.,0.,1.));
#16969=DIRECTION('center_axis',(1.,0.,0.));
#16970=DIRECTION('ref_axis',(0.,1.,0.));
#16971=DIRECTION('',(0.,1.,0.));
#16972=DIRECTION('center_axis',(1.,6.83214169000096E-16,0.));
#16973=DIRECTION('ref_axis',(-6.83214169000096E-16,1.,0.));
#16974=DIRECTION('',(-6.83214169000096E-16,1.,0.));
#16975=DIRECTION('',(0.,0.,1.));
#16976=DIRECTION('',(0.,0.,1.));
#16977=DIRECTION('center_axis',(0.,0.,1.));
#16978=DIRECTION('ref_axis',(-1.,0.,0.));
#16979=DIRECTION('center_axis',(0.,0.,-1.));
#16980=DIRECTION('ref_axis',(-1.,0.,0.));
#16981=DIRECTION('',(0.,0.,1.));
#16982=DIRECTION('center_axis',(0.,1.,0.));
#16983=DIRECTION('ref_axis',(-1.,0.,0.));
#16984=DIRECTION('',(-1.,0.,0.));
#16985=DIRECTION('',(0.,0.,1.));
#16986=DIRECTION('center_axis',(0.,0.,1.));
#16987=DIRECTION('ref_axis',(0.,-1.,0.));
#16988=DIRECTION('center_axis',(0.,0.,-1.));
#16989=DIRECTION('ref_axis',(0.,-1.,0.));
#16990=DIRECTION('',(0.,0.,1.));
#16991=DIRECTION('center_axis',(-1.,0.,0.));
#16992=DIRECTION('ref_axis',(0.,-1.,0.));
#16993=DIRECTION('',(0.,-1.,0.));
#16994=DIRECTION('',(0.,0.,1.));
#16995=DIRECTION('center_axis',(0.,0.,1.));
#16996=DIRECTION('ref_axis',(1.,0.,0.));
#16997=DIRECTION('center_axis',(0.,0.,-1.));
#16998=DIRECTION('ref_axis',(1.,0.,0.));
#16999=DIRECTION('',(0.,0.,1.));
#17000=DIRECTION('center_axis',(-6.83214169000096E-16,-1.,0.));
#17001=DIRECTION('ref_axis',(1.,-6.83214169000096E-16,0.));
#17002=DIRECTION('',(1.,-6.83214169000096E-16,0.));
#17003=DIRECTION('',(0.,0.,1.));
#17004=DIRECTION('center_axis',(0.,0.,1.));
#17005=DIRECTION('ref_axis',(0.,1.,0.));
#17006=DIRECTION('center_axis',(0.,0.,-1.));
#17007=DIRECTION('ref_axis',(0.,1.,0.));
#17008=DIRECTION('center_axis',(1.,0.,0.));
#17009=DIRECTION('ref_axis',(0.,1.,0.));
#17010=DIRECTION('',(0.,1.,0.));
#17011=DIRECTION('',(0.,0.,1.));
#17012=DIRECTION('',(0.,0.,1.));
#17013=DIRECTION('center_axis',(0.,0.,1.));
#17014=DIRECTION('ref_axis',(-1.,0.,0.));
#17015=DIRECTION('center_axis',(0.,0.,-1.));
#17016=DIRECTION('ref_axis',(-1.,0.,0.));
#17017=DIRECTION('',(0.,0.,1.));
#17018=DIRECTION('center_axis',(0.,1.,0.));
#17019=DIRECTION('ref_axis',(-1.,0.,0.));
#17020=DIRECTION('',(-1.,0.,0.));
#17021=DIRECTION('',(0.,0.,1.));
#17022=DIRECTION('center_axis',(0.,0.,1.));
#17023=DIRECTION('ref_axis',(0.,-1.,0.));
#17024=DIRECTION('center_axis',(0.,0.,-1.));
#17025=DIRECTION('ref_axis',(0.,-1.,0.));
#17026=DIRECTION('',(0.,0.,1.));
#17027=DIRECTION('center_axis',(-1.,0.,0.));
#17028=DIRECTION('ref_axis',(0.,-1.,0.));
#17029=DIRECTION('',(0.,-1.,0.));
#17030=DIRECTION('',(0.,0.,1.));
#17031=DIRECTION('center_axis',(0.,0.,1.));
#17032=DIRECTION('ref_axis',(1.,0.,0.));
#17033=DIRECTION('center_axis',(0.,0.,-1.));
#17034=DIRECTION('ref_axis',(1.,0.,0.));
#17035=DIRECTION('',(0.,0.,1.));
#17036=DIRECTION('center_axis',(-6.83214169000096E-16,-1.,0.));
#17037=DIRECTION('ref_axis',(1.,-6.83214169000096E-16,0.));
#17038=DIRECTION('',(1.,-6.83214169000096E-16,0.));
#17039=DIRECTION('',(0.,0.,1.));
#17040=DIRECTION('center_axis',(0.,0.,1.));
#17041=DIRECTION('ref_axis',(0.,1.,0.));
#17042=DIRECTION('center_axis',(0.,0.,-1.));
#17043=DIRECTION('ref_axis',(0.,1.,0.));
#17044=DIRECTION('center_axis',(0.,-1.,0.));
#17045=DIRECTION('ref_axis',(1.,0.,0.));
#17046=DIRECTION('',(1.,0.,0.));
#17047=DIRECTION('center_axis',(1.,0.,0.));
#17048=DIRECTION('ref_axis',(0.,1.,0.));
#17049=DIRECTION('',(0.,1.,0.));
#17050=DIRECTION('center_axis',(-6.57909940518612E-15,-1.,0.));
#17051=DIRECTION('ref_axis',(1.,-6.57909940518612E-15,0.));
#17052=DIRECTION('',(1.,-6.57909940518612E-15,0.));
#17053=DIRECTION('center_axis',(1.,-1.91006111763468E-15,0.));
#17054=DIRECTION('ref_axis',(1.91006111763468E-15,1.,0.));
#17055=DIRECTION('',(1.91006111763468E-15,1.,0.));
#17056=DIRECTION('center_axis',(1.,0.,0.));
#17057=DIRECTION('ref_axis',(0.,1.,0.));
#17058=DIRECTION('',(0.,1.,0.));
#17059=DIRECTION('',(0.,0.,1.));
#17060=DIRECTION('',(0.,0.,1.));
#17061=DIRECTION('center_axis',(0.,0.,1.));
#17062=DIRECTION('ref_axis',(-1.,0.,0.));
#17063=DIRECTION('center_axis',(0.,0.,-1.));
#17064=DIRECTION('ref_axis',(-1.,0.,0.));
#17065=DIRECTION('',(0.,0.,1.));
#17066=DIRECTION('center_axis',(-1.36642833800019E-15,1.,0.));
#17067=DIRECTION('ref_axis',(-1.,-1.36642833800019E-15,0.));
#17068=DIRECTION('',(-1.,-1.36642833800019E-15,0.));
#17069=DIRECTION('',(0.,0.,1.));
#17070=DIRECTION('center_axis',(0.,0.,1.));
#17071=DIRECTION('ref_axis',(0.,-1.,0.));
#17072=DIRECTION('center_axis',(0.,0.,-1.));
#17073=DIRECTION('ref_axis',(0.,-1.,0.));
#17074=DIRECTION('',(0.,0.,1.));
#17075=DIRECTION('center_axis',(-1.,0.,0.));
#17076=DIRECTION('ref_axis',(0.,-1.,0.));
#17077=DIRECTION('',(0.,-1.,0.));
#17078=DIRECTION('',(0.,0.,1.));
#17079=DIRECTION('center_axis',(0.,0.,1.));
#17080=DIRECTION('ref_axis',(1.,0.,0.));
#17081=DIRECTION('center_axis',(0.,0.,-1.));
#17082=DIRECTION('ref_axis',(1.,0.,0.));
#17083=DIRECTION('',(0.,0.,1.));
#17084=DIRECTION('center_axis',(0.,-1.,0.));
#17085=DIRECTION('ref_axis',(1.,0.,0.));
#17086=DIRECTION('',(1.,0.,0.));
#17087=DIRECTION('',(0.,0.,1.));
#17088=DIRECTION('center_axis',(0.,0.,1.));
#17089=DIRECTION('ref_axis',(0.,1.,0.));
#17090=DIRECTION('center_axis',(0.,0.,-1.));
#17091=DIRECTION('ref_axis',(0.,1.,0.));
#17092=DIRECTION('center_axis',(1.,1.36642833800019E-15,0.));
#17093=DIRECTION('ref_axis',(-1.36642833800019E-15,1.,0.));
#17094=DIRECTION('',(-1.36642833800019E-15,1.,0.));
#17095=DIRECTION('',(0.,0.,1.));
#17096=DIRECTION('',(0.,0.,1.));
#17097=DIRECTION('center_axis',(0.,0.,1.));
#17098=DIRECTION('ref_axis',(-1.,0.,0.));
#17099=DIRECTION('center_axis',(0.,0.,-1.));
#17100=DIRECTION('ref_axis',(-1.,0.,0.));
#17101=DIRECTION('',(0.,0.,1.));
#17102=DIRECTION('center_axis',(6.83214169000096E-16,1.,0.));
#17103=DIRECTION('ref_axis',(-1.,6.83214169000096E-16,0.));
#17104=DIRECTION('',(-1.,6.83214169000096E-16,0.));
#17105=DIRECTION('',(0.,0.,1.));
#17106=DIRECTION('center_axis',(0.,0.,1.));
#17107=DIRECTION('ref_axis',(0.,-1.,0.));
#17108=DIRECTION('center_axis',(0.,0.,-1.));
#17109=DIRECTION('ref_axis',(0.,-1.,0.));
#17110=DIRECTION('',(0.,0.,1.));
#17111=DIRECTION('center_axis',(-1.,0.,0.));
#17112=DIRECTION('ref_axis',(0.,-1.,0.));
#17113=DIRECTION('',(0.,-1.,0.));
#17114=DIRECTION('',(0.,0.,1.));
#17115=DIRECTION('center_axis',(0.,0.,1.));
#17116=DIRECTION('ref_axis',(1.,0.,0.));
#17117=DIRECTION('center_axis',(0.,0.,-1.));
#17118=DIRECTION('ref_axis',(1.,0.,0.));
#17119=DIRECTION('',(0.,0.,1.));
#17120=DIRECTION('center_axis',(-8.5401771125012E-16,-1.,0.));
#17121=DIRECTION('ref_axis',(1.,-8.5401771125012E-16,0.));
#17122=DIRECTION('',(1.,-8.5401771125012E-16,0.));
#17123=DIRECTION('',(0.,0.,1.));
#17124=DIRECTION('center_axis',(0.,0.,1.));
#17125=DIRECTION('ref_axis',(0.,1.,0.));
#17126=DIRECTION('center_axis',(0.,0.,-1.));
#17127=DIRECTION('ref_axis',(0.,1.,0.));
#17128=DIRECTION('center_axis',(1.,0.,0.));
#17129=DIRECTION('ref_axis',(0.,1.,0.));
#17130=DIRECTION('',(0.,1.,0.));
#17131=DIRECTION('',(0.,0.,1.));
#17132=DIRECTION('',(0.,0.,1.));
#17133=DIRECTION('center_axis',(0.,0.,1.));
#17134=DIRECTION('ref_axis',(-1.,0.,0.));
#17135=DIRECTION('center_axis',(0.,0.,-1.));
#17136=DIRECTION('ref_axis',(-1.,0.,0.));
#17137=DIRECTION('',(0.,0.,1.));
#17138=DIRECTION('center_axis',(-1.36642833800019E-15,1.,0.));
#17139=DIRECTION('ref_axis',(-1.,-1.36642833800019E-15,0.));
#17140=DIRECTION('',(-1.,-1.36642833800019E-15,0.));
#17141=DIRECTION('',(0.,0.,1.));
#17142=DIRECTION('center_axis',(0.,0.,1.));
#17143=DIRECTION('ref_axis',(0.,-1.,0.));
#17144=DIRECTION('center_axis',(0.,0.,-1.));
#17145=DIRECTION('ref_axis',(0.,-1.,0.));
#17146=DIRECTION('',(0.,0.,1.));
#17147=DIRECTION('center_axis',(-1.,0.,0.));
#17148=DIRECTION('ref_axis',(0.,-1.,0.));
#17149=DIRECTION('',(0.,-1.,0.));
#17150=DIRECTION('',(0.,0.,1.));
#17151=DIRECTION('center_axis',(0.,0.,1.));
#17152=DIRECTION('ref_axis',(1.,0.,0.));
#17153=DIRECTION('center_axis',(0.,0.,-1.));
#17154=DIRECTION('ref_axis',(1.,0.,0.));
#17155=DIRECTION('',(0.,0.,1.));
#17156=DIRECTION('center_axis',(6.83214169000096E-16,-1.,0.));
#17157=DIRECTION('ref_axis',(1.,6.83214169000096E-16,0.));
#17158=DIRECTION('',(1.,6.83214169000096E-16,0.));
#17159=DIRECTION('',(0.,0.,1.));
#17160=DIRECTION('center_axis',(0.,0.,1.));
#17161=DIRECTION('ref_axis',(0.,1.,0.));
#17162=DIRECTION('center_axis',(0.,0.,-1.));
#17163=DIRECTION('ref_axis',(0.,1.,0.));
#17164=DIRECTION('center_axis',(1.,1.36642833800019E-15,0.));
#17165=DIRECTION('ref_axis',(-1.36642833800019E-15,1.,0.));
#17166=DIRECTION('',(-1.36642833800019E-15,1.,0.));
#17167=DIRECTION('',(0.,0.,1.));
#17168=DIRECTION('',(0.,0.,1.));
#17169=DIRECTION('center_axis',(0.,0.,1.));
#17170=DIRECTION('ref_axis',(-1.,0.,0.));
#17171=DIRECTION('center_axis',(0.,0.,-1.));
#17172=DIRECTION('ref_axis',(-1.,0.,0.));
#17173=DIRECTION('',(0.,0.,1.));
#17174=DIRECTION('center_axis',(6.83214169000096E-16,1.,0.));
#17175=DIRECTION('ref_axis',(-1.,6.83214169000096E-16,0.));
#17176=DIRECTION('',(-1.,6.83214169000096E-16,0.));
#17177=DIRECTION('',(0.,0.,1.));
#17178=DIRECTION('center_axis',(0.,0.,1.));
#17179=DIRECTION('ref_axis',(0.,-1.,0.));
#17180=DIRECTION('center_axis',(0.,0.,-1.));
#17181=DIRECTION('ref_axis',(0.,-1.,0.));
#17182=DIRECTION('',(0.,0.,1.));
#17183=DIRECTION('center_axis',(-1.,0.,0.));
#17184=DIRECTION('ref_axis',(0.,-1.,0.));
#17185=DIRECTION('',(0.,-1.,0.));
#17186=DIRECTION('',(0.,0.,1.));
#17187=DIRECTION('center_axis',(0.,0.,1.));
#17188=DIRECTION('ref_axis',(1.,0.,0.));
#17189=DIRECTION('center_axis',(0.,0.,-1.));
#17190=DIRECTION('ref_axis',(1.,0.,0.));
#17191=DIRECTION('',(0.,0.,1.));
#17192=DIRECTION('center_axis',(5.12410626750072E-16,-1.,0.));
#17193=DIRECTION('ref_axis',(1.,5.12410626750072E-16,0.));
#17194=DIRECTION('',(1.,5.12410626750072E-16,0.));
#17195=DIRECTION('',(0.,0.,1.));
#17196=DIRECTION('center_axis',(0.,0.,1.));
#17197=DIRECTION('ref_axis',(0.,1.,0.));
#17198=DIRECTION('center_axis',(0.,0.,-1.));
#17199=DIRECTION('ref_axis',(0.,1.,0.));
#17200=DIRECTION('center_axis',(0.,0.,1.));
#17201=DIRECTION('ref_axis',(-1.,0.,0.));
#17202=DIRECTION('center_axis',(0.,0.,-1.));
#17203=DIRECTION('ref_axis',(-1.,0.,0.));
#17204=DIRECTION('',(0.,0.,1.));
#17205=DIRECTION('',(0.,0.,1.));
#17206=DIRECTION('center_axis',(0.,1.,0.));
#17207=DIRECTION('ref_axis',(-1.,0.,0.));
#17208=DIRECTION('',(-1.,0.,0.));
#17209=DIRECTION('',(0.,0.,1.));
#17210=DIRECTION('center_axis',(0.,0.,1.));
#17211=DIRECTION('ref_axis',(0.,-1.,0.));
#17212=DIRECTION('center_axis',(0.,0.,-1.));
#17213=DIRECTION('ref_axis',(0.,-1.,0.));
#17214=DIRECTION('',(0.,0.,1.));
#17215=DIRECTION('center_axis',(-1.,0.,0.));
#17216=DIRECTION('ref_axis',(0.,-1.,0.));
#17217=DIRECTION('',(0.,-1.,0.));
#17218=DIRECTION('',(0.,0.,1.));
#17219=DIRECTION('center_axis',(0.,0.,1.));
#17220=DIRECTION('ref_axis',(1.,0.,0.));
#17221=DIRECTION('center_axis',(0.,0.,-1.));
#17222=DIRECTION('ref_axis',(1.,0.,0.));
#17223=DIRECTION('',(0.,0.,1.));
#17224=DIRECTION('center_axis',(5.12410626750072E-16,-1.,0.));
#17225=DIRECTION('ref_axis',(1.,5.12410626750072E-16,0.));
#17226=DIRECTION('',(1.,5.12410626750072E-16,0.));
#17227=DIRECTION('',(0.,0.,1.));
#17228=DIRECTION('center_axis',(0.,0.,1.));
#17229=DIRECTION('ref_axis',(0.,1.,0.));
#17230=DIRECTION('center_axis',(0.,0.,-1.));
#17231=DIRECTION('ref_axis',(0.,1.,0.));
#17232=DIRECTION('',(0.,0.,1.));
#17233=DIRECTION('center_axis',(1.,0.,0.));
#17234=DIRECTION('ref_axis',(0.,1.,0.));
#17235=DIRECTION('',(0.,1.,0.));
#17236=DIRECTION('center_axis',(0.,0.,1.));
#17237=DIRECTION('ref_axis',(-1.,0.,0.));
#17238=DIRECTION('center_axis',(0.,0.,-1.));
#17239=DIRECTION('ref_axis',(-1.,0.,0.));
#17240=DIRECTION('',(0.,0.,1.));
#17241=DIRECTION('',(0.,0.,1.));
#17242=DIRECTION('center_axis',(0.,1.,0.));
#17243=DIRECTION('ref_axis',(-1.,0.,0.));
#17244=DIRECTION('',(-1.,0.,0.));
#17245=DIRECTION('',(0.,0.,1.));
#17246=DIRECTION('center_axis',(0.,0.,1.));
#17247=DIRECTION('ref_axis',(0.,-1.,0.));
#17248=DIRECTION('center_axis',(0.,0.,-1.));
#17249=DIRECTION('ref_axis',(0.,-1.,0.));
#17250=DIRECTION('',(0.,0.,1.));
#17251=DIRECTION('center_axis',(-1.,0.,0.));
#17252=DIRECTION('ref_axis',(0.,-1.,0.));
#17253=DIRECTION('',(0.,-1.,0.));
#17254=DIRECTION('',(0.,0.,1.));
#17255=DIRECTION('center_axis',(0.,0.,1.));
#17256=DIRECTION('ref_axis',(1.,0.,0.));
#17257=DIRECTION('center_axis',(0.,0.,-1.));
#17258=DIRECTION('ref_axis',(1.,0.,0.));
#17259=DIRECTION('',(0.,0.,1.));
#17260=DIRECTION('center_axis',(2.1350442781253E-16,-1.,0.));
#17261=DIRECTION('ref_axis',(1.,2.1350442781253E-16,0.));
#17262=DIRECTION('',(1.,2.1350442781253E-16,0.));
#17263=DIRECTION('',(0.,0.,1.));
#17264=DIRECTION('center_axis',(0.,0.,1.));
#17265=DIRECTION('ref_axis',(0.,1.,0.));
#17266=DIRECTION('center_axis',(0.,0.,-1.));
#17267=DIRECTION('ref_axis',(0.,1.,0.));
#17268=DIRECTION('',(0.,0.,1.));
#17269=DIRECTION('center_axis',(1.,0.,0.));
#17270=DIRECTION('ref_axis',(0.,1.,0.));
#17271=DIRECTION('',(0.,1.,0.));
#17272=DIRECTION('center_axis',(1.,0.,0.));
#17273=DIRECTION('ref_axis',(0.,1.,0.));
#17274=DIRECTION('',(0.,1.,0.));
#17275=DIRECTION('',(0.,0.,1.));
#17276=DIRECTION('',(0.,0.,1.));
#17277=DIRECTION('center_axis',(0.,0.,1.));
#17278=DIRECTION('ref_axis',(-1.,0.,0.));
#17279=DIRECTION('center_axis',(0.,0.,-1.));
#17280=DIRECTION('ref_axis',(-1.,0.,0.));
#17281=DIRECTION('',(0.,0.,1.));
#17282=DIRECTION('center_axis',(-6.83214169000097E-16,1.,0.));
#17283=DIRECTION('ref_axis',(-1.,-6.83214169000097E-16,0.));
#17284=DIRECTION('',(-1.,-6.83214169000097E-16,0.));
#17285=DIRECTION('',(0.,0.,1.));
#17286=DIRECTION('center_axis',(0.,0.,1.));
#17287=DIRECTION('ref_axis',(0.,-1.,0.));
#17288=DIRECTION('center_axis',(0.,0.,-1.));
#17289=DIRECTION('ref_axis',(0.,-1.,0.));
#17290=DIRECTION('',(0.,0.,1.));
#17291=DIRECTION('center_axis',(-1.,0.,0.));
#17292=DIRECTION('ref_axis',(0.,-1.,0.));
#17293=DIRECTION('',(0.,-1.,0.));
#17294=DIRECTION('',(0.,0.,1.));
#17295=DIRECTION('center_axis',(0.,0.,1.));
#17296=DIRECTION('ref_axis',(1.,0.,0.));
#17297=DIRECTION('center_axis',(0.,0.,-1.));
#17298=DIRECTION('ref_axis',(1.,0.,0.));
#17299=DIRECTION('',(0.,0.,1.));
#17300=DIRECTION('center_axis',(0.,-1.,0.));
#17301=DIRECTION('ref_axis',(1.,0.,0.));
#17302=DIRECTION('',(1.,0.,0.));
#17303=DIRECTION('',(0.,0.,1.));
#17304=DIRECTION('center_axis',(0.,0.,1.));
#17305=DIRECTION('ref_axis',(0.,1.,0.));
#17306=DIRECTION('center_axis',(0.,0.,-1.));
#17307=DIRECTION('ref_axis',(0.,1.,0.));
#17308=DIRECTION('center_axis',(0.,0.,1.));
#17309=DIRECTION('ref_axis',(-1.,0.,0.));
#17310=DIRECTION('center_axis',(0.,0.,-1.));
#17311=DIRECTION('ref_axis',(-1.,0.,0.));
#17312=DIRECTION('',(0.,0.,1.));
#17313=DIRECTION('',(0.,0.,1.));
#17314=DIRECTION('center_axis',(0.,1.,0.));
#17315=DIRECTION('ref_axis',(-1.,0.,0.));
#17316=DIRECTION('',(-1.,0.,0.));
#17317=DIRECTION('',(0.,0.,1.));
#17318=DIRECTION('center_axis',(0.,0.,1.));
#17319=DIRECTION('ref_axis',(0.,-1.,0.));
#17320=DIRECTION('center_axis',(0.,0.,-1.));
#17321=DIRECTION('ref_axis',(0.,-1.,0.));
#17322=DIRECTION('',(0.,0.,1.));
#17323=DIRECTION('center_axis',(-1.,0.,0.));
#17324=DIRECTION('ref_axis',(0.,-1.,0.));
#17325=DIRECTION('',(0.,-1.,0.));
#17326=DIRECTION('',(0.,0.,1.));
#17327=DIRECTION('center_axis',(0.,0.,1.));
#17328=DIRECTION('ref_axis',(1.,0.,0.));
#17329=DIRECTION('center_axis',(0.,0.,-1.));
#17330=DIRECTION('ref_axis',(1.,0.,0.));
#17331=DIRECTION('',(0.,0.,1.));
#17332=DIRECTION('center_axis',(5.55111512312578E-16,-1.,0.));
#17333=DIRECTION('ref_axis',(1.,5.55111512312578E-16,0.));
#17334=DIRECTION('',(1.,5.55111512312578E-16,0.));
#17335=DIRECTION('',(0.,0.,1.));
#17336=DIRECTION('center_axis',(0.,0.,1.));
#17337=DIRECTION('ref_axis',(0.,1.,0.));
#17338=DIRECTION('center_axis',(0.,0.,-1.));
#17339=DIRECTION('ref_axis',(0.,1.,0.));
#17340=DIRECTION('',(0.,0.,1.));
#17341=DIRECTION('center_axis',(1.,0.,0.));
#17342=DIRECTION('ref_axis',(0.,1.,0.));
#17343=DIRECTION('',(0.,1.,0.));
#17344=DIRECTION('center_axis',(1.,1.36642833800019E-15,0.));
#17345=DIRECTION('ref_axis',(-1.36642833800019E-15,1.,0.));
#17346=DIRECTION('',(-1.36642833800019E-15,1.,0.));
#17347=DIRECTION('',(0.,0.,1.));
#17348=DIRECTION('',(0.,0.,1.));
#17349=DIRECTION('center_axis',(0.,0.,1.));
#17350=DIRECTION('ref_axis',(-1.,0.,0.));
#17351=DIRECTION('center_axis',(0.,0.,-1.));
#17352=DIRECTION('ref_axis',(-1.,0.,0.));
#17353=DIRECTION('',(0.,0.,1.));
#17354=DIRECTION('center_axis',(6.83214169000096E-16,1.,0.));
#17355=DIRECTION('ref_axis',(-1.,6.83214169000096E-16,0.));
#17356=DIRECTION('',(-1.,6.83214169000096E-16,0.));
#17357=DIRECTION('',(0.,0.,1.));
#17358=DIRECTION('center_axis',(0.,0.,1.));
#17359=DIRECTION('ref_axis',(0.,-1.,0.));
#17360=DIRECTION('center_axis',(0.,0.,-1.));
#17361=DIRECTION('ref_axis',(0.,-1.,0.));
#17362=DIRECTION('',(0.,0.,1.));
#17363=DIRECTION('center_axis',(-1.,0.,0.));
#17364=DIRECTION('ref_axis',(0.,-1.,0.));
#17365=DIRECTION('',(0.,-1.,0.));
#17366=DIRECTION('',(0.,0.,1.));
#17367=DIRECTION('center_axis',(0.,0.,1.));
#17368=DIRECTION('ref_axis',(1.,0.,0.));
#17369=DIRECTION('center_axis',(0.,0.,-1.));
#17370=DIRECTION('ref_axis',(1.,0.,0.));
#17371=DIRECTION('',(0.,0.,1.));
#17372=DIRECTION('center_axis',(5.12410626750072E-16,-1.,0.));
#17373=DIRECTION('ref_axis',(1.,5.12410626750072E-16,0.));
#17374=DIRECTION('',(1.,5.12410626750072E-16,0.));
#17375=DIRECTION('',(0.,0.,1.));
#17376=DIRECTION('center_axis',(0.,0.,1.));
#17377=DIRECTION('ref_axis',(0.,1.,0.));
#17378=DIRECTION('center_axis',(0.,0.,-1.));
#17379=DIRECTION('ref_axis',(0.,1.,0.));
#17380=DIRECTION('center_axis',(1.,0.,0.));
#17381=DIRECTION('ref_axis',(0.,1.,0.));
#17382=DIRECTION('',(0.,1.,0.));
#17383=DIRECTION('',(0.,0.,1.));
#17384=DIRECTION('',(0.,0.,1.));
#17385=DIRECTION('center_axis',(0.,0.,1.));
#17386=DIRECTION('ref_axis',(-1.,0.,0.));
#17387=DIRECTION('center_axis',(0.,0.,-1.));
#17388=DIRECTION('ref_axis',(-1.,0.,0.));
#17389=DIRECTION('',(0.,0.,1.));
#17390=DIRECTION('center_axis',(-6.83214169000096E-16,1.,0.));
#17391=DIRECTION('ref_axis',(-1.,-6.83214169000096E-16,0.));
#17392=DIRECTION('',(-1.,-6.83214169000096E-16,0.));
#17393=DIRECTION('',(0.,0.,1.));
#17394=DIRECTION('center_axis',(0.,0.,1.));
#17395=DIRECTION('ref_axis',(0.,-1.,0.));
#17396=DIRECTION('center_axis',(0.,0.,-1.));
#17397=DIRECTION('ref_axis',(0.,-1.,0.));
#17398=DIRECTION('',(0.,0.,1.));
#17399=DIRECTION('center_axis',(-1.,0.,0.));
#17400=DIRECTION('ref_axis',(0.,-1.,0.));
#17401=DIRECTION('',(0.,-1.,0.));
#17402=DIRECTION('',(0.,0.,1.));
#17403=DIRECTION('center_axis',(0.,0.,1.));
#17404=DIRECTION('ref_axis',(1.,0.,0.));
#17405=DIRECTION('center_axis',(0.,0.,-1.));
#17406=DIRECTION('ref_axis',(1.,0.,0.));
#17407=DIRECTION('',(0.,0.,1.));
#17408=DIRECTION('center_axis',(-1.36642833800019E-15,-1.,0.));
#17409=DIRECTION('ref_axis',(1.,-1.36642833800019E-15,0.));
#17410=DIRECTION('',(1.,-1.36642833800019E-15,0.));
#17411=DIRECTION('',(0.,0.,1.));
#17412=DIRECTION('center_axis',(0.,0.,1.));
#17413=DIRECTION('ref_axis',(0.,1.,0.));
#17414=DIRECTION('center_axis',(0.,0.,-1.));
#17415=DIRECTION('ref_axis',(0.,1.,0.));
#17416=DIRECTION('center_axis',(1.,0.,0.));
#17417=DIRECTION('ref_axis',(0.,1.,0.));
#17418=DIRECTION('',(0.,1.,0.));
#17419=DIRECTION('',(0.,0.,1.));
#17420=DIRECTION('',(0.,0.,1.));
#17421=DIRECTION('center_axis',(0.,0.,1.));
#17422=DIRECTION('ref_axis',(-1.,0.,0.));
#17423=DIRECTION('center_axis',(0.,0.,-1.));
#17424=DIRECTION('ref_axis',(-1.,0.,0.));
#17425=DIRECTION('',(0.,0.,1.));
#17426=DIRECTION('center_axis',(-6.83214169000096E-16,1.,0.));
#17427=DIRECTION('ref_axis',(-1.,-6.83214169000096E-16,0.));
#17428=DIRECTION('',(-1.,-6.83214169000096E-16,0.));
#17429=DIRECTION('',(0.,0.,1.));
#17430=DIRECTION('center_axis',(0.,0.,1.));
#17431=DIRECTION('ref_axis',(0.,-1.,0.));
#17432=DIRECTION('center_axis',(0.,0.,-1.));
#17433=DIRECTION('ref_axis',(0.,-1.,0.));
#17434=DIRECTION('',(0.,0.,1.));
#17435=DIRECTION('center_axis',(-1.,0.,0.));
#17436=DIRECTION('ref_axis',(0.,-1.,0.));
#17437=DIRECTION('',(0.,-1.,0.));
#17438=DIRECTION('',(0.,0.,1.));
#17439=DIRECTION('center_axis',(0.,0.,1.));
#17440=DIRECTION('ref_axis',(1.,0.,0.));
#17441=DIRECTION('center_axis',(0.,0.,-1.));
#17442=DIRECTION('ref_axis',(1.,0.,0.));
#17443=DIRECTION('',(0.,0.,1.));
#17444=DIRECTION('center_axis',(-2.22044604925031E-15,-1.,0.));
#17445=DIRECTION('ref_axis',(1.,-2.22044604925031E-15,0.));
#17446=DIRECTION('',(1.,-2.22044604925031E-15,0.));
#17447=DIRECTION('',(0.,0.,1.));
#17448=DIRECTION('center_axis',(0.,0.,1.));
#17449=DIRECTION('ref_axis',(0.,1.,0.));
#17450=DIRECTION('center_axis',(0.,0.,-1.));
#17451=DIRECTION('ref_axis',(0.,1.,0.));
#17452=DIRECTION('center_axis',(0.,0.,1.));
#17453=DIRECTION('ref_axis',(-1.,0.,0.));
#17454=DIRECTION('center_axis',(0.,0.,-1.));
#17455=DIRECTION('ref_axis',(-1.,0.,0.));
#17456=DIRECTION('',(0.,0.,1.));
#17457=DIRECTION('',(0.,0.,1.));
#17458=DIRECTION('center_axis',(0.,1.,0.));
#17459=DIRECTION('ref_axis',(-1.,0.,0.));
#17460=DIRECTION('',(-1.,0.,0.));
#17461=DIRECTION('',(0.,0.,1.));
#17462=DIRECTION('center_axis',(0.,0.,1.));
#17463=DIRECTION('ref_axis',(0.,-1.,0.));
#17464=DIRECTION('center_axis',(0.,0.,-1.));
#17465=DIRECTION('ref_axis',(0.,-1.,0.));
#17466=DIRECTION('',(0.,0.,1.));
#17467=DIRECTION('center_axis',(-1.,0.,0.));
#17468=DIRECTION('ref_axis',(0.,-1.,0.));
#17469=DIRECTION('',(0.,-1.,0.));
#17470=DIRECTION('',(0.,0.,1.));
#17471=DIRECTION('center_axis',(0.,0.,1.));
#17472=DIRECTION('ref_axis',(1.,0.,0.));
#17473=DIRECTION('center_axis',(0.,0.,-1.));
#17474=DIRECTION('ref_axis',(1.,0.,0.));
#17475=DIRECTION('',(0.,0.,1.));
#17476=DIRECTION('center_axis',(-8.11316825687614E-16,-1.,0.));
#17477=DIRECTION('ref_axis',(1.,-8.11316825687614E-16,0.));
#17478=DIRECTION('',(1.,-8.11316825687614E-16,0.));
#17479=DIRECTION('',(0.,0.,1.));
#17480=DIRECTION('center_axis',(0.,0.,1.));
#17481=DIRECTION('ref_axis',(0.,1.,0.));
#17482=DIRECTION('center_axis',(0.,0.,-1.));
#17483=DIRECTION('ref_axis',(0.,1.,0.));
#17484=DIRECTION('',(0.,0.,1.));
#17485=DIRECTION('center_axis',(1.,0.,0.));
#17486=DIRECTION('ref_axis',(0.,1.,0.));
#17487=DIRECTION('',(0.,1.,0.));
#17488=DIRECTION('center_axis',(1.,1.36642833800019E-15,0.));
#17489=DIRECTION('ref_axis',(-1.36642833800019E-15,1.,0.));
#17490=DIRECTION('',(-1.36642833800019E-15,1.,0.));
#17491=DIRECTION('',(0.,0.,1.));
#17492=DIRECTION('',(0.,0.,1.));
#17493=DIRECTION('center_axis',(0.,0.,1.));
#17494=DIRECTION('ref_axis',(-1.,0.,0.));
#17495=DIRECTION('center_axis',(0.,0.,-1.));
#17496=DIRECTION('ref_axis',(-1.,0.,0.));
#17497=DIRECTION('',(0.,0.,1.));
#17498=DIRECTION('center_axis',(6.83214169000096E-16,1.,0.));
#17499=DIRECTION('ref_axis',(-1.,6.83214169000096E-16,0.));
#17500=DIRECTION('',(-1.,6.83214169000096E-16,0.));
#17501=DIRECTION('',(0.,0.,1.));
#17502=DIRECTION('center_axis',(0.,0.,1.));
#17503=DIRECTION('ref_axis',(0.,-1.,0.));
#17504=DIRECTION('center_axis',(0.,0.,-1.));
#17505=DIRECTION('ref_axis',(0.,-1.,0.));
#17506=DIRECTION('',(0.,0.,1.));
#17507=DIRECTION('center_axis',(-1.,0.,0.));
#17508=DIRECTION('ref_axis',(0.,-1.,0.));
#17509=DIRECTION('',(0.,-1.,0.));
#17510=DIRECTION('',(0.,0.,1.));
#17511=DIRECTION('center_axis',(0.,0.,1.));
#17512=DIRECTION('ref_axis',(1.,0.,0.));
#17513=DIRECTION('center_axis',(0.,0.,-1.));
#17514=DIRECTION('ref_axis',(1.,0.,0.));
#17515=DIRECTION('',(0.,0.,1.));
#17516=DIRECTION('center_axis',(6.83214169000096E-16,-1.,0.));
#17517=DIRECTION('ref_axis',(1.,6.83214169000096E-16,0.));
#17518=DIRECTION('',(1.,6.83214169000096E-16,0.));
#17519=DIRECTION('',(0.,0.,1.));
#17520=DIRECTION('center_axis',(0.,0.,1.));
#17521=DIRECTION('ref_axis',(0.,1.,0.));
#17522=DIRECTION('center_axis',(0.,0.,-1.));
#17523=DIRECTION('ref_axis',(0.,1.,0.));
#17524=DIRECTION('center_axis',(1.,0.,0.));
#17525=DIRECTION('ref_axis',(0.,1.,0.));
#17526=DIRECTION('',(0.,1.,0.));
#17527=DIRECTION('',(0.,0.,1.));
#17528=DIRECTION('',(0.,0.,1.));
#17529=DIRECTION('center_axis',(0.,0.,1.));
#17530=DIRECTION('ref_axis',(-1.,0.,0.));
#17531=DIRECTION('center_axis',(0.,0.,-1.));
#17532=DIRECTION('ref_axis',(-1.,0.,0.));
#17533=DIRECTION('',(0.,0.,1.));
#17534=DIRECTION('center_axis',(-6.83214169000096E-16,1.,0.));
#17535=DIRECTION('ref_axis',(-1.,-6.83214169000096E-16,0.));
#17536=DIRECTION('',(-1.,-6.83214169000096E-16,0.));
#17537=DIRECTION('',(0.,0.,1.));
#17538=DIRECTION('center_axis',(0.,0.,1.));
#17539=DIRECTION('ref_axis',(0.,-1.,0.));
#17540=DIRECTION('center_axis',(0.,0.,-1.));
#17541=DIRECTION('ref_axis',(0.,-1.,0.));
#17542=DIRECTION('',(0.,0.,1.));
#17543=DIRECTION('center_axis',(-1.,0.,0.));
#17544=DIRECTION('ref_axis',(0.,-1.,0.));
#17545=DIRECTION('',(0.,-1.,0.));
#17546=DIRECTION('',(0.,0.,1.));
#17547=DIRECTION('center_axis',(0.,0.,1.));
#17548=DIRECTION('ref_axis',(1.,0.,0.));
#17549=DIRECTION('center_axis',(0.,0.,-1.));
#17550=DIRECTION('ref_axis',(1.,0.,0.));
#17551=DIRECTION('',(0.,0.,1.));
#17552=DIRECTION('center_axis',(-2.73285667600038E-15,-1.,0.));
#17553=DIRECTION('ref_axis',(1.,-2.73285667600038E-15,0.));
#17554=DIRECTION('',(1.,-2.73285667600038E-15,0.));
#17555=DIRECTION('',(0.,0.,1.));
#17556=DIRECTION('center_axis',(0.,0.,1.));
#17557=DIRECTION('ref_axis',(0.,1.,0.));
#17558=DIRECTION('center_axis',(0.,0.,-1.));
#17559=DIRECTION('ref_axis',(0.,1.,0.));
#17560=DIRECTION('center_axis',(1.,0.,0.));
#17561=DIRECTION('ref_axis',(0.,1.,0.));
#17562=DIRECTION('',(0.,1.,0.));
#17563=DIRECTION('',(0.,0.,1.));
#17564=DIRECTION('',(0.,0.,1.));
#17565=DIRECTION('center_axis',(0.,0.,1.));
#17566=DIRECTION('ref_axis',(-1.,0.,0.));
#17567=DIRECTION('center_axis',(0.,0.,-1.));
#17568=DIRECTION('ref_axis',(-1.,0.,0.));
#17569=DIRECTION('',(0.,0.,1.));
#17570=DIRECTION('center_axis',(-6.83214169000098E-16,1.,0.));
#17571=DIRECTION('ref_axis',(-1.,-6.83214169000098E-16,0.));
#17572=DIRECTION('',(-1.,-6.83214169000098E-16,0.));
#17573=DIRECTION('',(0.,0.,1.));
#17574=DIRECTION('center_axis',(0.,0.,1.));
#17575=DIRECTION('ref_axis',(0.,-1.,0.));
#17576=DIRECTION('center_axis',(0.,0.,-1.));
#17577=DIRECTION('ref_axis',(0.,-1.,0.));
#17578=DIRECTION('',(0.,0.,1.));
#17579=DIRECTION('center_axis',(-1.,0.,0.));
#17580=DIRECTION('ref_axis',(0.,-1.,0.));
#17581=DIRECTION('',(0.,-1.,0.));
#17582=DIRECTION('',(0.,0.,1.));
#17583=DIRECTION('center_axis',(0.,0.,1.));
#17584=DIRECTION('ref_axis',(1.,0.,0.));
#17585=DIRECTION('center_axis',(0.,0.,-1.));
#17586=DIRECTION('ref_axis',(1.,0.,0.));
#17587=DIRECTION('',(0.,0.,1.));
#17588=DIRECTION('center_axis',(5.12410626750073E-16,-1.,0.));
#17589=DIRECTION('ref_axis',(1.,5.12410626750073E-16,0.));
#17590=DIRECTION('',(1.,5.12410626750073E-16,0.));
#17591=DIRECTION('',(0.,0.,1.));
#17592=DIRECTION('center_axis',(0.,0.,1.));
#17593=DIRECTION('ref_axis',(0.,1.,0.));
#17594=DIRECTION('center_axis',(0.,0.,-1.));
#17595=DIRECTION('ref_axis',(0.,1.,0.));
#17596=DIRECTION('center_axis',(1.,0.,0.));
#17597=DIRECTION('ref_axis',(0.,1.,0.));
#17598=DIRECTION('',(0.,1.,0.));
#17599=DIRECTION('',(0.,0.,1.));
#17600=DIRECTION('',(0.,0.,1.));
#17601=DIRECTION('center_axis',(0.,0.,1.));
#17602=DIRECTION('ref_axis',(-1.,0.,0.));
#17603=DIRECTION('center_axis',(0.,0.,-1.));
#17604=DIRECTION('ref_axis',(-1.,0.,0.));
#17605=DIRECTION('',(0.,0.,1.));
#17606=DIRECTION('center_axis',(6.83214169000096E-16,1.,0.));
#17607=DIRECTION('ref_axis',(-1.,6.83214169000096E-16,0.));
#17608=DIRECTION('',(-1.,6.83214169000096E-16,0.));
#17609=DIRECTION('',(0.,0.,1.));
#17610=DIRECTION('center_axis',(0.,0.,1.));
#17611=DIRECTION('ref_axis',(0.,-1.,0.));
#17612=DIRECTION('center_axis',(0.,0.,-1.));
#17613=DIRECTION('ref_axis',(0.,-1.,0.));
#17614=DIRECTION('',(0.,0.,1.));
#17615=DIRECTION('center_axis',(-1.,0.,0.));
#17616=DIRECTION('ref_axis',(0.,-1.,0.));
#17617=DIRECTION('',(0.,-1.,0.));
#17618=DIRECTION('',(0.,0.,1.));
#17619=DIRECTION('center_axis',(0.,0.,1.));
#17620=DIRECTION('ref_axis',(1.,0.,0.));
#17621=DIRECTION('center_axis',(0.,0.,-1.));
#17622=DIRECTION('ref_axis',(1.,0.,0.));
#17623=DIRECTION('',(0.,0.,1.));
#17624=DIRECTION('center_axis',(-6.83214169000096E-16,-1.,0.));
#17625=DIRECTION('ref_axis',(1.,-6.83214169000096E-16,0.));
#17626=DIRECTION('',(1.,-6.83214169000096E-16,0.));
#17627=DIRECTION('',(0.,0.,1.));
#17628=DIRECTION('center_axis',(0.,0.,1.));
#17629=DIRECTION('ref_axis',(0.,1.,0.));
#17630=DIRECTION('center_axis',(0.,0.,-1.));
#17631=DIRECTION('ref_axis',(0.,1.,0.));
#17632=DIRECTION('center_axis',(1.,-3.41607084500048E-16,0.));
#17633=DIRECTION('ref_axis',(3.41607084500048E-16,1.,0.));
#17634=DIRECTION('',(3.41607084500048E-16,1.,0.));
#17635=DIRECTION('',(0.,0.,1.));
#17636=DIRECTION('',(0.,0.,1.));
#17637=DIRECTION('center_axis',(0.,0.,1.));
#17638=DIRECTION('ref_axis',(-1.,0.,0.));
#17639=DIRECTION('center_axis',(0.,0.,-1.));
#17640=DIRECTION('ref_axis',(-1.,0.,0.));
#17641=DIRECTION('',(0.,0.,1.));
#17642=DIRECTION('center_axis',(-6.83214169000096E-16,1.,0.));
#17643=DIRECTION('ref_axis',(-1.,-6.83214169000096E-16,0.));
#17644=DIRECTION('',(-1.,-6.83214169000096E-16,0.));
#17645=DIRECTION('',(0.,0.,1.));
#17646=DIRECTION('center_axis',(0.,0.,1.));
#17647=DIRECTION('ref_axis',(0.,-1.,0.));
#17648=DIRECTION('center_axis',(0.,0.,-1.));
#17649=DIRECTION('ref_axis',(0.,-1.,0.));
#17650=DIRECTION('',(0.,0.,1.));
#17651=DIRECTION('center_axis',(-1.,0.,0.));
#17652=DIRECTION('ref_axis',(0.,-1.,0.));
#17653=DIRECTION('',(0.,-1.,0.));
#17654=DIRECTION('',(0.,0.,1.));
#17655=DIRECTION('center_axis',(0.,0.,1.));
#17656=DIRECTION('ref_axis',(1.,0.,0.));
#17657=DIRECTION('center_axis',(0.,0.,-1.));
#17658=DIRECTION('ref_axis',(1.,0.,0.));
#17659=DIRECTION('',(0.,0.,1.));
#17660=DIRECTION('center_axis',(0.,-1.,0.));
#17661=DIRECTION('ref_axis',(1.,0.,0.));
#17662=DIRECTION('',(1.,0.,0.));
#17663=DIRECTION('',(0.,0.,1.));
#17664=DIRECTION('center_axis',(0.,0.,1.));
#17665=DIRECTION('ref_axis',(0.,1.,0.));
#17666=DIRECTION('center_axis',(0.,0.,-1.));
#17667=DIRECTION('ref_axis',(0.,1.,0.));
#17668=DIRECTION('center_axis',(0.,0.,1.));
#17669=DIRECTION('ref_axis',(-1.,0.,0.));
#17670=DIRECTION('center_axis',(0.,0.,-1.));
#17671=DIRECTION('ref_axis',(-1.,0.,0.));
#17672=DIRECTION('',(0.,0.,1.));
#17673=DIRECTION('',(0.,0.,1.));
#17674=DIRECTION('center_axis',(0.,1.,0.));
#17675=DIRECTION('ref_axis',(-1.,0.,0.));
#17676=DIRECTION('',(-1.,0.,0.));
#17677=DIRECTION('',(0.,0.,1.));
#17678=DIRECTION('center_axis',(0.,0.,1.));
#17679=DIRECTION('ref_axis',(0.,-1.,0.));
#17680=DIRECTION('center_axis',(0.,0.,-1.));
#17681=DIRECTION('ref_axis',(0.,-1.,0.));
#17682=DIRECTION('',(0.,0.,1.));
#17683=DIRECTION('center_axis',(-1.,0.,0.));
#17684=DIRECTION('ref_axis',(0.,-1.,0.));
#17685=DIRECTION('',(0.,-1.,0.));
#17686=DIRECTION('',(0.,0.,1.));
#17687=DIRECTION('center_axis',(0.,0.,1.));
#17688=DIRECTION('ref_axis',(1.,0.,0.));
#17689=DIRECTION('center_axis',(0.,0.,-1.));
#17690=DIRECTION('ref_axis',(1.,0.,0.));
#17691=DIRECTION('',(0.,0.,1.));
#17692=DIRECTION('center_axis',(-1.28102656687518E-16,-1.,0.));
#17693=DIRECTION('ref_axis',(1.,-1.28102656687518E-16,0.));
#17694=DIRECTION('',(1.,-1.28102656687518E-16,0.));
#17695=DIRECTION('',(0.,0.,1.));
#17696=DIRECTION('center_axis',(0.,0.,1.));
#17697=DIRECTION('ref_axis',(0.,1.,0.));
#17698=DIRECTION('center_axis',(0.,0.,-1.));
#17699=DIRECTION('ref_axis',(0.,1.,0.));
#17700=DIRECTION('',(0.,0.,1.));
#17701=DIRECTION('center_axis',(1.,0.,0.));
#17702=DIRECTION('ref_axis',(0.,1.,0.));
#17703=DIRECTION('',(0.,1.,0.));
#17704=DIRECTION('center_axis',(1.,0.,0.));
#17705=DIRECTION('ref_axis',(0.,1.,0.));
#17706=DIRECTION('',(0.,1.,0.));
#17707=DIRECTION('',(0.,0.,1.));
#17708=DIRECTION('',(0.,0.,1.));
#17709=DIRECTION('center_axis',(0.,0.,1.));
#17710=DIRECTION('ref_axis',(-1.,0.,0.));
#17711=DIRECTION('center_axis',(0.,0.,-1.));
#17712=DIRECTION('ref_axis',(-1.,0.,0.));
#17713=DIRECTION('',(0.,0.,1.));
#17714=DIRECTION('center_axis',(-6.83214169000096E-16,1.,0.));
#17715=DIRECTION('ref_axis',(-1.,-6.83214169000096E-16,0.));
#17716=DIRECTION('',(-1.,-6.83214169000096E-16,0.));
#17717=DIRECTION('',(0.,0.,1.));
#17718=DIRECTION('center_axis',(0.,0.,1.));
#17719=DIRECTION('ref_axis',(0.,-1.,0.));
#17720=DIRECTION('center_axis',(0.,0.,-1.));
#17721=DIRECTION('ref_axis',(0.,-1.,0.));
#17722=DIRECTION('',(0.,0.,1.));
#17723=DIRECTION('center_axis',(-1.,0.,0.));
#17724=DIRECTION('ref_axis',(0.,-1.,0.));
#17725=DIRECTION('',(0.,-1.,0.));
#17726=DIRECTION('',(0.,0.,1.));
#17727=DIRECTION('center_axis',(0.,0.,1.));
#17728=DIRECTION('ref_axis',(1.,0.,0.));
#17729=DIRECTION('center_axis',(0.,0.,-1.));
#17730=DIRECTION('ref_axis',(1.,0.,0.));
#17731=DIRECTION('',(0.,0.,1.));
#17732=DIRECTION('center_axis',(5.12410626750072E-16,-1.,0.));
#17733=DIRECTION('ref_axis',(1.,5.12410626750072E-16,0.));
#17734=DIRECTION('',(1.,5.12410626750072E-16,0.));
#17735=DIRECTION('',(0.,0.,1.));
#17736=DIRECTION('center_axis',(0.,0.,1.));
#17737=DIRECTION('ref_axis',(0.,1.,0.));
#17738=DIRECTION('center_axis',(0.,0.,-1.));
#17739=DIRECTION('ref_axis',(0.,1.,0.));
#17740=DIRECTION('center_axis',(0.,0.,1.));
#17741=DIRECTION('ref_axis',(-1.,0.,0.));
#17742=DIRECTION('center_axis',(0.,0.,-1.));
#17743=DIRECTION('ref_axis',(-1.,0.,0.));
#17744=DIRECTION('',(0.,0.,1.));
#17745=DIRECTION('',(0.,0.,1.));
#17746=DIRECTION('center_axis',(0.,1.,0.));
#17747=DIRECTION('ref_axis',(-1.,0.,0.));
#17748=DIRECTION('',(-1.,0.,0.));
#17749=DIRECTION('',(0.,0.,1.));
#17750=DIRECTION('center_axis',(0.,0.,1.));
#17751=DIRECTION('ref_axis',(0.,-1.,0.));
#17752=DIRECTION('center_axis',(0.,0.,-1.));
#17753=DIRECTION('ref_axis',(0.,-1.,0.));
#17754=DIRECTION('',(0.,0.,1.));
#17755=DIRECTION('center_axis',(-1.,0.,0.));
#17756=DIRECTION('ref_axis',(0.,-1.,0.));
#17757=DIRECTION('',(0.,-1.,0.));
#17758=DIRECTION('',(0.,0.,1.));
#17759=DIRECTION('center_axis',(0.,0.,1.));
#17760=DIRECTION('ref_axis',(1.,0.,0.));
#17761=DIRECTION('center_axis',(0.,0.,-1.));
#17762=DIRECTION('ref_axis',(1.,0.,0.));
#17763=DIRECTION('',(0.,0.,1.));
#17764=DIRECTION('center_axis',(5.55111512312579E-16,-1.,0.));
#17765=DIRECTION('ref_axis',(1.,5.55111512312579E-16,0.));
#17766=DIRECTION('',(1.,5.55111512312579E-16,0.));
#17767=DIRECTION('',(0.,0.,1.));
#17768=DIRECTION('center_axis',(0.,0.,1.));
#17769=DIRECTION('ref_axis',(0.,1.,0.));
#17770=DIRECTION('center_axis',(0.,0.,-1.));
#17771=DIRECTION('ref_axis',(0.,1.,0.));
#17772=DIRECTION('',(0.,0.,1.));
#17773=DIRECTION('center_axis',(1.,0.,0.));
#17774=DIRECTION('ref_axis',(0.,1.,0.));
#17775=DIRECTION('',(0.,1.,0.));
#17776=DIRECTION('center_axis',(1.,6.83214169000096E-16,0.));
#17777=DIRECTION('ref_axis',(-6.83214169000096E-16,1.,0.));
#17778=DIRECTION('',(-6.83214169000096E-16,1.,0.));
#17779=DIRECTION('',(0.,0.,1.));
#17780=DIRECTION('',(0.,0.,1.));
#17781=DIRECTION('center_axis',(0.,0.,1.));
#17782=DIRECTION('ref_axis',(-1.,0.,0.));
#17783=DIRECTION('center_axis',(0.,0.,-1.));
#17784=DIRECTION('ref_axis',(-1.,0.,0.));
#17785=DIRECTION('',(0.,0.,1.));
#17786=DIRECTION('center_axis',(0.,1.,0.));
#17787=DIRECTION('ref_axis',(-1.,0.,0.));
#17788=DIRECTION('',(-1.,0.,0.));
#17789=DIRECTION('',(0.,0.,1.));
#17790=DIRECTION('center_axis',(0.,0.,1.));
#17791=DIRECTION('ref_axis',(0.,-1.,0.));
#17792=DIRECTION('center_axis',(0.,0.,-1.));
#17793=DIRECTION('ref_axis',(0.,-1.,0.));
#17794=DIRECTION('',(0.,0.,1.));
#17795=DIRECTION('center_axis',(-1.,0.,0.));
#17796=DIRECTION('ref_axis',(0.,-1.,0.));
#17797=DIRECTION('',(0.,-1.,0.));
#17798=DIRECTION('',(0.,0.,1.));
#17799=DIRECTION('center_axis',(0.,0.,1.));
#17800=DIRECTION('ref_axis',(1.,0.,0.));
#17801=DIRECTION('center_axis',(0.,0.,-1.));
#17802=DIRECTION('ref_axis',(1.,0.,0.));
#17803=DIRECTION('',(0.,0.,1.));
#17804=DIRECTION('center_axis',(-6.83214169000096E-16,-1.,0.));
#17805=DIRECTION('ref_axis',(1.,-6.83214169000096E-16,0.));
#17806=DIRECTION('',(1.,-6.83214169000096E-16,0.));
#17807=DIRECTION('',(0.,0.,1.));
#17808=DIRECTION('center_axis',(0.,0.,1.));
#17809=DIRECTION('ref_axis',(0.,1.,0.));
#17810=DIRECTION('center_axis',(0.,0.,-1.));
#17811=DIRECTION('ref_axis',(0.,1.,0.));
#17812=DIRECTION('center_axis',(0.,0.,1.));
#17813=DIRECTION('ref_axis',(-1.,0.,0.));
#17814=DIRECTION('center_axis',(0.,0.,-1.));
#17815=DIRECTION('ref_axis',(-1.,0.,0.));
#17816=DIRECTION('',(0.,0.,1.));
#17817=DIRECTION('',(0.,0.,1.));
#17818=DIRECTION('center_axis',(0.,1.,0.));
#17819=DIRECTION('ref_axis',(-1.,0.,0.));
#17820=DIRECTION('',(-1.,0.,0.));
#17821=DIRECTION('',(0.,0.,1.));
#17822=DIRECTION('center_axis',(0.,0.,1.));
#17823=DIRECTION('ref_axis',(0.,-1.,0.));
#17824=DIRECTION('center_axis',(0.,0.,-1.));
#17825=DIRECTION('ref_axis',(0.,-1.,0.));
#17826=DIRECTION('',(0.,0.,1.));
#17827=DIRECTION('center_axis',(-1.,0.,0.));
#17828=DIRECTION('ref_axis',(0.,-1.,0.));
#17829=DIRECTION('',(0.,-1.,0.));
#17830=DIRECTION('',(0.,0.,1.));
#17831=DIRECTION('center_axis',(0.,0.,1.));
#17832=DIRECTION('ref_axis',(1.,0.,0.));
#17833=DIRECTION('center_axis',(0.,0.,-1.));
#17834=DIRECTION('ref_axis',(1.,0.,0.));
#17835=DIRECTION('',(0.,0.,1.));
#17836=DIRECTION('center_axis',(0.,-1.,0.));
#17837=DIRECTION('ref_axis',(1.,0.,0.));
#17838=DIRECTION('',(1.,0.,0.));
#17839=DIRECTION('',(0.,0.,1.));
#17840=DIRECTION('center_axis',(0.,0.,1.));
#17841=DIRECTION('ref_axis',(0.,1.,0.));
#17842=DIRECTION('center_axis',(0.,0.,-1.));
#17843=DIRECTION('ref_axis',(0.,1.,0.));
#17844=DIRECTION('',(0.,0.,1.));
#17845=DIRECTION('center_axis',(1.,0.,0.));
#17846=DIRECTION('ref_axis',(0.,1.,0.));
#17847=DIRECTION('',(0.,1.,0.));
#17848=DIRECTION('center_axis',(0.,0.,1.));
#17849=DIRECTION('ref_axis',(-1.,0.,0.));
#17850=DIRECTION('center_axis',(0.,0.,-1.));
#17851=DIRECTION('ref_axis',(-1.,0.,0.));
#17852=DIRECTION('',(0.,0.,1.));
#17853=DIRECTION('',(0.,0.,1.));
#17854=DIRECTION('center_axis',(0.,1.,0.));
#17855=DIRECTION('ref_axis',(-1.,0.,0.));
#17856=DIRECTION('',(-1.,0.,0.));
#17857=DIRECTION('',(0.,0.,1.));
#17858=DIRECTION('center_axis',(0.,0.,1.));
#17859=DIRECTION('ref_axis',(0.,-1.,0.));
#17860=DIRECTION('center_axis',(0.,0.,-1.));
#17861=DIRECTION('ref_axis',(0.,-1.,0.));
#17862=DIRECTION('',(0.,0.,1.));
#17863=DIRECTION('center_axis',(-1.,0.,0.));
#17864=DIRECTION('ref_axis',(0.,-1.,0.));
#17865=DIRECTION('',(0.,-1.,0.));
#17866=DIRECTION('',(0.,0.,1.));
#17867=DIRECTION('center_axis',(0.,0.,1.));
#17868=DIRECTION('ref_axis',(1.,0.,0.));
#17869=DIRECTION('center_axis',(0.,0.,-1.));
#17870=DIRECTION('ref_axis',(1.,0.,0.));
#17871=DIRECTION('',(0.,0.,1.));
#17872=DIRECTION('center_axis',(-1.28102656687518E-16,-1.,0.));
#17873=DIRECTION('ref_axis',(1.,-1.28102656687518E-16,0.));
#17874=DIRECTION('',(1.,-1.28102656687518E-16,0.));
#17875=DIRECTION('',(0.,0.,1.));
#17876=DIRECTION('center_axis',(0.,0.,1.));
#17877=DIRECTION('ref_axis',(0.,1.,0.));
#17878=DIRECTION('center_axis',(0.,0.,-1.));
#17879=DIRECTION('ref_axis',(0.,1.,0.));
#17880=DIRECTION('',(0.,0.,1.));
#17881=DIRECTION('center_axis',(1.,0.,0.));
#17882=DIRECTION('ref_axis',(0.,1.,0.));
#17883=DIRECTION('',(0.,1.,0.));
#17884=DIRECTION('center_axis',(0.,0.,1.));
#17885=DIRECTION('ref_axis',(-1.,0.,0.));
#17886=DIRECTION('center_axis',(0.,0.,-1.));
#17887=DIRECTION('ref_axis',(-1.,0.,0.));
#17888=DIRECTION('',(0.,0.,1.));
#17889=DIRECTION('',(0.,0.,1.));
#17890=DIRECTION('center_axis',(0.,1.,0.));
#17891=DIRECTION('ref_axis',(-1.,0.,0.));
#17892=DIRECTION('',(-1.,0.,0.));
#17893=DIRECTION('',(0.,0.,1.));
#17894=DIRECTION('center_axis',(0.,0.,1.));
#17895=DIRECTION('ref_axis',(0.,-1.,0.));
#17896=DIRECTION('center_axis',(0.,0.,-1.));
#17897=DIRECTION('ref_axis',(0.,-1.,0.));
#17898=DIRECTION('',(0.,0.,1.));
#17899=DIRECTION('center_axis',(-1.,0.,0.));
#17900=DIRECTION('ref_axis',(0.,-1.,0.));
#17901=DIRECTION('',(0.,-1.,0.));
#17902=DIRECTION('',(0.,0.,1.));
#17903=DIRECTION('center_axis',(0.,0.,1.));
#17904=DIRECTION('ref_axis',(1.,0.,0.));
#17905=DIRECTION('center_axis',(0.,0.,-1.));
#17906=DIRECTION('ref_axis',(1.,0.,0.));
#17907=DIRECTION('',(0.,0.,1.));
#17908=DIRECTION('center_axis',(5.55111512312579E-16,-1.,0.));
#17909=DIRECTION('ref_axis',(1.,5.55111512312579E-16,0.));
#17910=DIRECTION('',(1.,5.55111512312579E-16,0.));
#17911=DIRECTION('',(0.,0.,1.));
#17912=DIRECTION('center_axis',(0.,0.,1.));
#17913=DIRECTION('ref_axis',(0.,1.,0.));
#17914=DIRECTION('center_axis',(0.,0.,-1.));
#17915=DIRECTION('ref_axis',(0.,1.,0.));
#17916=DIRECTION('',(0.,0.,1.));
#17917=DIRECTION('center_axis',(1.,0.,0.));
#17918=DIRECTION('ref_axis',(0.,1.,0.));
#17919=DIRECTION('',(0.,1.,0.));
#17920=DIRECTION('center_axis',(0.,0.,1.));
#17921=DIRECTION('ref_axis',(-1.,0.,0.));
#17922=DIRECTION('center_axis',(0.,0.,-1.));
#17923=DIRECTION('ref_axis',(-1.,0.,0.));
#17924=DIRECTION('',(0.,0.,1.));
#17925=DIRECTION('',(0.,0.,1.));
#17926=DIRECTION('center_axis',(0.,1.,0.));
#17927=DIRECTION('ref_axis',(-1.,0.,0.));
#17928=DIRECTION('',(-1.,0.,0.));
#17929=DIRECTION('',(0.,0.,1.));
#17930=DIRECTION('center_axis',(0.,0.,1.));
#17931=DIRECTION('ref_axis',(0.,-1.,0.));
#17932=DIRECTION('center_axis',(0.,0.,-1.));
#17933=DIRECTION('ref_axis',(0.,-1.,0.));
#17934=DIRECTION('',(0.,0.,1.));
#17935=DIRECTION('center_axis',(-1.,0.,0.));
#17936=DIRECTION('ref_axis',(0.,-1.,0.));
#17937=DIRECTION('',(0.,-1.,0.));
#17938=DIRECTION('',(0.,0.,1.));
#17939=DIRECTION('center_axis',(0.,0.,1.));
#17940=DIRECTION('ref_axis',(1.,0.,0.));
#17941=DIRECTION('center_axis',(0.,0.,-1.));
#17942=DIRECTION('ref_axis',(1.,0.,0.));
#17943=DIRECTION('',(0.,0.,1.));
#17944=DIRECTION('center_axis',(5.55111512312578E-16,-1.,0.));
#17945=DIRECTION('ref_axis',(1.,5.55111512312578E-16,0.));
#17946=DIRECTION('',(1.,5.55111512312578E-16,0.));
#17947=DIRECTION('',(0.,0.,1.));
#17948=DIRECTION('center_axis',(0.,0.,1.));
#17949=DIRECTION('ref_axis',(0.,1.,0.));
#17950=DIRECTION('center_axis',(0.,0.,-1.));
#17951=DIRECTION('ref_axis',(0.,1.,0.));
#17952=DIRECTION('',(0.,0.,1.));
#17953=DIRECTION('center_axis',(1.,0.,0.));
#17954=DIRECTION('ref_axis',(0.,1.,0.));
#17955=DIRECTION('',(0.,1.,0.));
#17956=DIRECTION('center_axis',(1.,0.,0.));
#17957=DIRECTION('ref_axis',(0.,1.,0.));
#17958=DIRECTION('',(0.,1.,0.));
#17959=DIRECTION('',(0.,0.,1.));
#17960=DIRECTION('',(0.,0.,1.));
#17961=DIRECTION('center_axis',(0.,0.,1.));
#17962=DIRECTION('ref_axis',(-1.,0.,0.));
#17963=DIRECTION('center_axis',(0.,0.,-1.));
#17964=DIRECTION('ref_axis',(-1.,0.,0.));
#17965=DIRECTION('',(0.,0.,1.));
#17966=DIRECTION('center_axis',(-1.36642833800019E-15,1.,0.));
#17967=DIRECTION('ref_axis',(-1.,-1.36642833800019E-15,0.));
#17968=DIRECTION('',(-1.,-1.36642833800019E-15,0.));
#17969=DIRECTION('',(0.,0.,1.));
#17970=DIRECTION('center_axis',(0.,0.,1.));
#17971=DIRECTION('ref_axis',(0.,-1.,0.));
#17972=DIRECTION('center_axis',(0.,0.,-1.));
#17973=DIRECTION('ref_axis',(0.,-1.,0.));
#17974=DIRECTION('',(0.,0.,1.));
#17975=DIRECTION('center_axis',(-1.,0.,0.));
#17976=DIRECTION('ref_axis',(0.,-1.,0.));
#17977=DIRECTION('',(0.,-1.,0.));
#17978=DIRECTION('',(0.,0.,1.));
#17979=DIRECTION('center_axis',(0.,0.,1.));
#17980=DIRECTION('ref_axis',(1.,0.,0.));
#17981=DIRECTION('center_axis',(0.,0.,-1.));
#17982=DIRECTION('ref_axis',(1.,0.,0.));
#17983=DIRECTION('',(0.,0.,1.));
#17984=DIRECTION('center_axis',(0.,-1.,0.));
#17985=DIRECTION('ref_axis',(1.,0.,0.));
#17986=DIRECTION('',(1.,0.,0.));
#17987=DIRECTION('',(0.,0.,1.));
#17988=DIRECTION('center_axis',(0.,0.,1.));
#17989=DIRECTION('ref_axis',(0.,1.,0.));
#17990=DIRECTION('center_axis',(0.,0.,-1.));
#17991=DIRECTION('ref_axis',(0.,1.,0.));
#17992=DIRECTION('center_axis',(1.,2.38757639704335E-16,0.));
#17993=DIRECTION('ref_axis',(-2.38757639704335E-16,1.,0.));
#17994=DIRECTION('',(-2.38757639704335E-16,1.,0.));
#17995=DIRECTION('center_axis',(0.,-1.,0.));
#17996=DIRECTION('ref_axis',(1.,0.,0.));
#17997=DIRECTION('',(1.,0.,0.));
#17998=DIRECTION('center_axis',(0.,-1.,0.));
#17999=DIRECTION('ref_axis',(1.,0.,0.));
#18000=DIRECTION('',(1.,0.,0.));
#18001=DIRECTION('center_axis',(1.,0.,0.));
#18002=DIRECTION('ref_axis',(0.,1.,0.));
#18003=DIRECTION('',(0.,1.,0.));
#18004=DIRECTION('center_axis',(1.,0.,0.));
#18005=DIRECTION('ref_axis',(0.,1.,0.));
#18006=DIRECTION('',(0.,1.,0.));
#18007=DIRECTION('',(0.,0.,1.));
#18008=DIRECTION('',(0.,0.,1.));
#18009=DIRECTION('center_axis',(0.,0.,1.));
#18010=DIRECTION('ref_axis',(-1.,0.,0.));
#18011=DIRECTION('center_axis',(0.,0.,-1.));
#18012=DIRECTION('ref_axis',(-1.,0.,0.));
#18013=DIRECTION('',(0.,0.,1.));
#18014=DIRECTION('center_axis',(-6.83214169000096E-16,1.,0.));
#18015=DIRECTION('ref_axis',(-1.,-6.83214169000096E-16,0.));
#18016=DIRECTION('',(-1.,-6.83214169000096E-16,0.));
#18017=DIRECTION('',(0.,0.,1.));
#18018=DIRECTION('center_axis',(0.,0.,1.));
#18019=DIRECTION('ref_axis',(0.,-1.,0.));
#18020=DIRECTION('center_axis',(0.,0.,-1.));
#18021=DIRECTION('ref_axis',(0.,-1.,0.));
#18022=DIRECTION('',(0.,0.,1.));
#18023=DIRECTION('center_axis',(-1.,0.,0.));
#18024=DIRECTION('ref_axis',(0.,-1.,0.));
#18025=DIRECTION('',(0.,-1.,0.));
#18026=DIRECTION('',(0.,0.,1.));
#18027=DIRECTION('center_axis',(0.,0.,1.));
#18028=DIRECTION('ref_axis',(1.,0.,0.));
#18029=DIRECTION('center_axis',(0.,0.,-1.));
#18030=DIRECTION('ref_axis',(1.,0.,0.));
#18031=DIRECTION('',(0.,0.,1.));
#18032=DIRECTION('center_axis',(6.83214169000096E-16,-1.,0.));
#18033=DIRECTION('ref_axis',(1.,6.83214169000096E-16,0.));
#18034=DIRECTION('',(1.,6.83214169000096E-16,0.));
#18035=DIRECTION('',(0.,0.,1.));
#18036=DIRECTION('center_axis',(0.,0.,1.));
#18037=DIRECTION('ref_axis',(0.,1.,0.));
#18038=DIRECTION('center_axis',(0.,0.,-1.));
#18039=DIRECTION('ref_axis',(0.,1.,0.));
#18040=DIRECTION('center_axis',(0.,0.,1.));
#18041=DIRECTION('ref_axis',(1.,0.,0.));
#18042=DIRECTION('',(0.,0.,-1.));
#18043=DIRECTION('center_axis',(0.,0.,-1.));
#18044=DIRECTION('ref_axis',(1.,0.,0.));
#18045=DIRECTION('center_axis',(0.,0.,1.));
#18046=DIRECTION('ref_axis',(1.,0.,0.));
#18047=DIRECTION('',(0.,0.,-1.));
#18048=DIRECTION('center_axis',(0.,0.,-1.));
#18049=DIRECTION('ref_axis',(1.,0.,0.));
#18050=DIRECTION('center_axis',(0.,0.,1.));
#18051=DIRECTION('ref_axis',(1.,0.,0.));
#18052=DIRECTION('',(0.,0.,-1.));
#18053=DIRECTION('center_axis',(0.,0.,-1.));
#18054=DIRECTION('ref_axis',(1.,0.,0.));
#18055=DIRECTION('center_axis',(0.,0.,1.));
#18056=DIRECTION('ref_axis',(1.,0.,0.));
#18057=DIRECTION('',(0.,0.,-1.));
#18058=DIRECTION('center_axis',(0.,0.,-1.));
#18059=DIRECTION('ref_axis',(1.,0.,0.));
#18060=DIRECTION('center_axis',(0.,0.,1.));
#18061=DIRECTION('ref_axis',(1.,0.,0.));
#18062=DIRECTION('',(0.,0.,-1.));
#18063=DIRECTION('center_axis',(0.,0.,-1.));
#18064=DIRECTION('ref_axis',(1.,0.,0.));
#18065=DIRECTION('center_axis',(-1.,0.,0.));
#18066=DIRECTION('ref_axis',(0.,-1.,0.));
#18067=DIRECTION('',(0.,0.,1.));
#18068=DIRECTION('',(0.,-1.,0.));
#18069=DIRECTION('center_axis',(0.,0.,1.));
#18070=DIRECTION('ref_axis',(1.,0.,0.));
#18071=DIRECTION('center_axis',(0.,0.,1.));
#18072=DIRECTION('ref_axis',(1.,0.,0.));
#18073=DIRECTION('center_axis',(-1.,0.,0.));
#18074=DIRECTION('ref_axis',(0.,-1.,0.));
#18075=DIRECTION('',(0.,0.,1.));
#18076=DIRECTION('',(0.,-1.,0.));
#18077=DIRECTION('center_axis',(0.,0.,1.));
#18078=DIRECTION('ref_axis',(1.,0.,0.));
#18079=DIRECTION('center_axis',(0.,0.,1.));
#18080=DIRECTION('ref_axis',(1.,0.,0.));
#18081=DIRECTION('center_axis',(0.,1.,0.));
#18082=DIRECTION('ref_axis',(-1.,0.,0.));
#18083=DIRECTION('',(0.,0.,1.));
#18084=DIRECTION('',(1.,0.,0.));
#18085=DIRECTION('center_axis',(-4.96705028342564E-9,1.,0.));
#18086=DIRECTION('ref_axis',(-1.,-4.96705028342564E-9,0.));
#18087=DIRECTION('',(-1.,-4.96705028342564E-9,0.));
#18088=DIRECTION('',(0.,0.,1.));
#18089=DIRECTION('center_axis',(0.,0.,1.));
#18090=DIRECTION('ref_axis',(1.,0.,0.));
#18091=DIRECTION('center_axis',(0.,0.,1.));
#18092=DIRECTION('ref_axis',(1.,0.,0.));
#18093=DIRECTION('center_axis',(0.,1.,0.));
#18094=DIRECTION('ref_axis',(-1.,0.,0.));
#18095=DIRECTION('',(0.,0.,1.));
#18096=DIRECTION('',(-1.,0.,0.));
#18097=DIRECTION('center_axis',(0.,0.,1.));
#18098=DIRECTION('ref_axis',(1.,0.,0.));
#18099=DIRECTION('center_axis',(0.,0.,1.));
#18100=DIRECTION('ref_axis',(1.,0.,0.));
#18101=DIRECTION('',(0.,0.,1.));
#18102=DIRECTION('center_axis',(-1.73846759087228E-7,-0.999999999999985,
0.));
#18103=DIRECTION('ref_axis',(0.999999999999985,-1.73846759087228E-7,0.));
#18104=DIRECTION('',(-0.999999999999985,1.73846759087228E-7,0.));
#18105=DIRECTION('center_axis',(1.,0.,0.));
#18106=DIRECTION('ref_axis',(0.,1.,0.));
#18107=DIRECTION('',(0.,-1.,0.));
#18108=DIRECTION('center_axis',(1.,0.,0.));
#18109=DIRECTION('ref_axis',(0.,1.,0.));
#18110=DIRECTION('',(0.,0.,1.));
#18111=DIRECTION('',(0.,1.,0.));
#18112=DIRECTION('center_axis',(0.,0.,1.));
#18113=DIRECTION('ref_axis',(1.,0.,0.));
#18114=DIRECTION('center_axis',(0.,0.,1.));
#18115=DIRECTION('ref_axis',(1.,0.,0.));
#18116=DIRECTION('center_axis',(1.,0.,0.));
#18117=DIRECTION('ref_axis',(0.,1.,0.));
#18118=DIRECTION('',(0.,0.,1.));
#18119=DIRECTION('',(0.,1.,0.));
#18120=DIRECTION('center_axis',(0.,0.,1.));
#18121=DIRECTION('ref_axis',(1.,0.,0.));
#18122=DIRECTION('center_axis',(0.,0.,1.));
#18123=DIRECTION('ref_axis',(1.,0.,0.));
#18124=DIRECTION('center_axis',(0.,-1.,0.));
#18125=DIRECTION('ref_axis',(1.,0.,0.));
#18126=DIRECTION('',(-1.,0.,0.));
#18127=DIRECTION('center_axis',(0.,-1.,0.));
#18128=DIRECTION('ref_axis',(1.,0.,0.));
#18129=DIRECTION('',(0.,0.,1.));
#18130=DIRECTION('',(-1.,0.,0.));
#18131=DIRECTION('center_axis',(1.73846875660562E-7,-0.999999999999985,
0.));
#18132=DIRECTION('ref_axis',(0.999999999999985,1.73846875660562E-7,0.));
#18133=DIRECTION('',(0.999999999999985,1.73846875660562E-7,0.));
#18134=DIRECTION('',(0.,0.,1.));
#18135=DIRECTION('center_axis',(0.,0.,1.));
#18136=DIRECTION('ref_axis',(-1.,2.2075786210503E-8,0.));
#18137=DIRECTION('center_axis',(0.,0.,1.));
#18138=DIRECTION('ref_axis',(1.,0.,0.));
#18139=DIRECTION('center_axis',(0.,-1.,0.));
#18140=DIRECTION('ref_axis',(1.,0.,0.));
#18141=DIRECTION('',(0.,0.,1.));
#18142=DIRECTION('',(1.,0.,0.));
#18143=DIRECTION('center_axis',(0.,0.,1.));
#18144=DIRECTION('ref_axis',(-1.,-2.20757948473578E-8,0.));
#18145=DIRECTION('center_axis',(0.,0.,1.));
#18146=DIRECTION('ref_axis',(1.,0.,0.));
#18147=DIRECTION('',(0.,0.,1.));
#18148=DIRECTION('center_axis',(4.96705361409235E-9,1.,0.));
#18149=DIRECTION('ref_axis',(-1.,4.96705361409235E-9,0.));
#18150=DIRECTION('',(1.,-4.96705361409235E-9,0.));
#18151=DIRECTION('center_axis',(0.,0.,1.));
#18152=DIRECTION('ref_axis',(1.,0.,0.));
#18153=CARTESIAN_POINT('',(0.,0.,0.));
#18154=CARTESIAN_POINT('Origin',(21.,-86.5,0.));
#18155=CARTESIAN_POINT('',(21.,-87.,1.5));
#18156=CARTESIAN_POINT('',(20.5,-86.5,1.5));
#18157=CARTESIAN_POINT('Origin',(21.,-86.5,1.5));
#18158=CARTESIAN_POINT('',(20.5,-86.5,0.));
#18159=CARTESIAN_POINT('',(20.5,-86.5,0.));
#18160=CARTESIAN_POINT('',(21.,-87.,0.));
#18161=CARTESIAN_POINT('Origin',(21.,-86.5,0.));
#18162=CARTESIAN_POINT('',(21.,-87.,0.));
#18163=CARTESIAN_POINT('Origin',(20.5,-70.,0.));
#18164=CARTESIAN_POINT('',(20.5,-70.5,1.5));
#18165=CARTESIAN_POINT('',(20.5,-87.,1.5));
#18166=CARTESIAN_POINT('',(20.5,-70.5,0.));
#18167=CARTESIAN_POINT('',(20.5,-70.5,0.));
#18168=CARTESIAN_POINT('',(20.5,-87.,0.));
#18169=CARTESIAN_POINT('Origin',(278.,-0.7,1.5));
#18170=CARTESIAN_POINT('',(64.3,-87.,1.5));
#18171=CARTESIAN_POINT('',(227.,-87.,1.5));
#18172=CARTESIAN_POINT('',(64.8,-87.5,1.5));
#18173=CARTESIAN_POINT('Origin',(64.3,-87.5,1.5));
#18174=CARTESIAN_POINT('',(64.8,-93.,1.5));
#18175=CARTESIAN_POINT('',(64.8,-93.,1.5));
#18176=CARTESIAN_POINT('',(70.2,-93.,1.5));
#18177=CARTESIAN_POINT('Origin',(67.5,-93.,1.5));
#18178=CARTESIAN_POINT('',(70.2,-87.5,1.5));
#18179=CARTESIAN_POINT('',(70.2,-93.,1.5));
#18180=CARTESIAN_POINT('',(70.7,-87.,1.5));
#18181=CARTESIAN_POINT('Origin',(70.7,-87.5,1.5));
#18182=CARTESIAN_POINT('',(199.3,-87.,1.5));
#18183=CARTESIAN_POINT('',(227.,-87.,1.5));
#18184=CARTESIAN_POINT('',(199.8,-87.5,1.5));
#18185=CARTESIAN_POINT('Origin',(199.3,-87.5,1.5));
#18186=CARTESIAN_POINT('',(199.8,-93.,1.5));
#18187=CARTESIAN_POINT('',(199.8,-93.,1.5));
#18188=CARTESIAN_POINT('',(205.2,-93.,1.5));
#18189=CARTESIAN_POINT('Origin',(202.5,-93.,1.5));
#18190=CARTESIAN_POINT('',(205.2,-87.5,1.5));
#18191=CARTESIAN_POINT('',(205.2,-93.,1.5));
#18192=CARTESIAN_POINT('',(205.7,-87.,1.5));
#18193=CARTESIAN_POINT('Origin',(205.7,-87.5,1.5));
#18194=CARTESIAN_POINT('',(226.5,-87.,1.5));
#18195=CARTESIAN_POINT('',(227.,-87.,1.5));
#18196=CARTESIAN_POINT('',(227.,-86.5,1.5));
#18197=CARTESIAN_POINT('Origin',(226.5,-86.5,1.5));
#18198=CARTESIAN_POINT('',(227.,-70.5,1.5));
#18199=CARTESIAN_POINT('',(227.,-70.,1.5));
#18200=CARTESIAN_POINT('',(227.5,-70.,1.5));
#18201=CARTESIAN_POINT('Origin',(227.5,-70.5,1.5));
#18202=CARTESIAN_POINT('',(272.,-70.,1.5));
#18203=CARTESIAN_POINT('',(272.,-70.,1.5));
#18204=CARTESIAN_POINT('',(278.000004142523,-70.0000010430813,1.5));
#18205=CARTESIAN_POINT('',(278.000004142523,-70.0000010430813,1.5));
#18206=CARTESIAN_POINT('',(278.,-64.6,1.5));
#18207=CARTESIAN_POINT('Origin',(278.,-67.3,1.5));
#18208=CARTESIAN_POINT('',(272.5,-64.6,1.5));
#18209=CARTESIAN_POINT('',(278.,-64.6,1.5));
#18210=CARTESIAN_POINT('',(272.,-64.1,1.5));
#18211=CARTESIAN_POINT('Origin',(272.5,-64.1,1.5));
#18212=CARTESIAN_POINT('',(272.,-3.9,1.5));
#18213=CARTESIAN_POINT('',(272.,2.,1.5));
#18214=CARTESIAN_POINT('',(272.5,-3.4,1.5));
#18215=CARTESIAN_POINT('Origin',(272.5,-3.9,1.5));
#18216=CARTESIAN_POINT('',(278.,-3.4,1.5));
#18217=CARTESIAN_POINT('',(278.,-3.4,1.5));
#18218=CARTESIAN_POINT('',(278.000004142523,2.00000002980232,1.5));
#18219=CARTESIAN_POINT('Origin',(278.,-0.7,1.5));
#18220=CARTESIAN_POINT('',(272.,2.,1.5));
#18221=CARTESIAN_POINT('',(278.000004142523,2.00000002980232,1.5));
#18222=CARTESIAN_POINT('',(201.2,2.,1.5));
#18223=CARTESIAN_POINT('',(-2.,2.,1.5));
#18224=CARTESIAN_POINT('',(200.7,2.5,1.5));
#18225=CARTESIAN_POINT('Origin',(201.2,2.5,1.5));
#18226=CARTESIAN_POINT('',(200.7,8.,1.5));
#18227=CARTESIAN_POINT('',(200.7,8.,1.5));
#18228=CARTESIAN_POINT('',(195.3,8.,1.5));
#18229=CARTESIAN_POINT('Origin',(198.,8.,1.5));
#18230=CARTESIAN_POINT('',(195.3,2.5,1.5));
#18231=CARTESIAN_POINT('',(195.3,8.,1.5));
#18232=CARTESIAN_POINT('',(194.8,2.,1.5));
#18233=CARTESIAN_POINT('Origin',(194.8,2.5,1.5));
#18234=CARTESIAN_POINT('',(75.2,2.,1.5));
#18235=CARTESIAN_POINT('',(-2.,2.,1.5));
#18236=CARTESIAN_POINT('',(74.7,2.5,1.5));
#18237=CARTESIAN_POINT('Origin',(75.2,2.5,1.5));
#18238=CARTESIAN_POINT('',(74.7,8.,1.5));
#18239=CARTESIAN_POINT('',(74.7,8.,1.5));
#18240=CARTESIAN_POINT('',(69.3,8.,1.5));
#18241=CARTESIAN_POINT('Origin',(72.,8.,1.5));
#18242=CARTESIAN_POINT('',(69.3,2.5,1.5));
#18243=CARTESIAN_POINT('',(69.3,8.,1.5));
#18244=CARTESIAN_POINT('',(68.8,2.,1.5));
#18245=CARTESIAN_POINT('Origin',(68.8,2.5,1.5));
#18246=CARTESIAN_POINT('',(-2.,2.,1.5));
#18247=CARTESIAN_POINT('',(-2.,2.,1.5));
#18248=CARTESIAN_POINT('',(-8.00000011920929,2.00000002980232,1.5));
#18249=CARTESIAN_POINT('',(-8.00000011920929,2.00000002980232,1.5));
#18250=CARTESIAN_POINT('',(-8.,-3.4,1.5));
#18251=CARTESIAN_POINT('Origin',(-8.,-0.7,1.5));
#18252=CARTESIAN_POINT('',(-2.5,-3.4,1.5));
#18253=CARTESIAN_POINT('',(-8.,-3.4,1.5));
#18254=CARTESIAN_POINT('',(-2.,-3.9,1.5));
#18255=CARTESIAN_POINT('Origin',(-2.5,-3.9,1.5));
#18256=CARTESIAN_POINT('',(-2.00000000000001,-64.1,1.5));
#18257=CARTESIAN_POINT('',(-2.00000000000001,-70.,1.5));
#18258=CARTESIAN_POINT('',(-2.50000000000001,-64.6,1.5));
#18259=CARTESIAN_POINT('Origin',(-2.50000000000001,-64.1,1.5));
#18260=CARTESIAN_POINT('',(-8.,-64.6,1.5));
#18261=CARTESIAN_POINT('',(-8.,-64.6,1.5));
#18262=CARTESIAN_POINT('',(-8.00000011920929,-70.0000010430813,1.5));
#18263=CARTESIAN_POINT('Origin',(-8.,-67.3,1.5));
#18264=CARTESIAN_POINT('',(-2.00000000000001,-70.,1.5));
#18265=CARTESIAN_POINT('',(-8.00000011920929,-70.0000010430813,1.5));
#18266=CARTESIAN_POINT('',(20.,-70.,1.5));
#18267=CARTESIAN_POINT('',(20.5,-70.,1.5));
#18268=CARTESIAN_POINT('Origin',(20.,-70.5,1.5));
#18269=CARTESIAN_POINT('',(196.8,8.,1.5));
#18270=CARTESIAN_POINT('Origin',(198.,8.,1.5));
#18271=CARTESIAN_POINT('',(70.8,8.,1.5));
#18272=CARTESIAN_POINT('Origin',(72.,8.,1.5));
#18273=CARTESIAN_POINT('',(-9.2,-67.3,1.5));
#18274=CARTESIAN_POINT('Origin',(-8.,-67.3,1.5));
#18275=CARTESIAN_POINT('',(66.3,-93.,1.5));
#18276=CARTESIAN_POINT('Origin',(67.5,-93.,1.5));
#18277=CARTESIAN_POINT('',(276.8,-67.3,1.5));
#18278=CARTESIAN_POINT('Origin',(278.,-67.3,1.5));
#18279=CARTESIAN_POINT('',(177.5,-36.,1.5));
#18280=CARTESIAN_POINT('',(178.,-35.5,1.5));
#18281=CARTESIAN_POINT('Origin',(178.,-36.,1.5));
#18282=CARTESIAN_POINT('',(191.,-35.5,1.5));
#18283=CARTESIAN_POINT('',(178.,-35.5,1.5));
#18284=CARTESIAN_POINT('',(191.5,-36.,1.5));
#18285=CARTESIAN_POINT('Origin',(191.,-36.,1.5));
#18286=CARTESIAN_POINT('',(191.5,-49.,1.5));
#18287=CARTESIAN_POINT('',(191.5,-36.,1.5));
#18288=CARTESIAN_POINT('',(191.,-49.5,1.5));
#18289=CARTESIAN_POINT('Origin',(191.,-49.,1.5));
#18290=CARTESIAN_POINT('',(178.,-49.5,1.5));
#18291=CARTESIAN_POINT('',(178.,-49.5,1.5));
#18292=CARTESIAN_POINT('',(177.5,-49.,1.5));
#18293=CARTESIAN_POINT('Origin',(178.,-49.,1.5));
#18294=CARTESIAN_POINT('',(177.5,-36.,1.5));
#18295=CARTESIAN_POINT('',(34.55,-55.65,1.5));
#18296=CARTESIAN_POINT('',(34.05,-55.15,1.5));
#18297=CARTESIAN_POINT('Origin',(34.55,-55.15,1.5));
#18298=CARTESIAN_POINT('',(34.9,-55.65,1.5));
#18299=CARTESIAN_POINT('',(35.4,-55.65,1.5));
#18300=CARTESIAN_POINT('',(35.4,-56.15,1.5));
#18301=CARTESIAN_POINT('Origin',(34.9,-56.15,1.5));
#18302=CARTESIAN_POINT('',(35.4,-62.,1.5));
#18303=CARTESIAN_POINT('',(35.4,-62.5,1.5));
#18304=CARTESIAN_POINT('',(34.9,-62.5,1.5));
#18305=CARTESIAN_POINT('Origin',(34.9,-62.,1.5));
#18306=CARTESIAN_POINT('',(29.6,-62.5,1.5));
#18307=CARTESIAN_POINT('',(29.1,-62.5,1.5));
#18308=CARTESIAN_POINT('',(29.1,-62.,1.5));
#18309=CARTESIAN_POINT('Origin',(29.6,-62.,1.5));
#18310=CARTESIAN_POINT('',(29.1,-56.15,1.5));
#18311=CARTESIAN_POINT('',(29.1,-55.65,1.5));
#18312=CARTESIAN_POINT('',(29.6,-55.65,1.5));
#18313=CARTESIAN_POINT('Origin',(29.6,-56.15,1.5));
#18314=CARTESIAN_POINT('',(29.95,-55.65,1.5));
#18315=CARTESIAN_POINT('',(30.45,-55.65,1.5));
#18316=CARTESIAN_POINT('',(30.45,-55.15,1.5));
#18317=CARTESIAN_POINT('Origin',(29.95,-55.15,1.5));
#18318=CARTESIAN_POINT('',(30.45,-51.5,1.5));
#18319=CARTESIAN_POINT('',(30.45,-51.,1.5));
#18320=CARTESIAN_POINT('',(30.95,-51.,1.5));
#18321=CARTESIAN_POINT('Origin',(30.95,-51.5,1.5));
#18322=CARTESIAN_POINT('',(33.55,-51.,1.5));
#18323=CARTESIAN_POINT('',(34.05,-51.,1.5));
#18324=CARTESIAN_POINT('',(34.05,-51.5,1.5));
#18325=CARTESIAN_POINT('Origin',(33.55,-51.5,1.5));
#18326=CARTESIAN_POINT('',(34.05,-55.65,1.5));
#18327=CARTESIAN_POINT('',(10.55,-55.65,1.5));
#18328=CARTESIAN_POINT('',(10.05,-55.15,1.5));
#18329=CARTESIAN_POINT('Origin',(10.55,-55.15,1.5));
#18330=CARTESIAN_POINT('',(10.9,-55.65,1.5));
#18331=CARTESIAN_POINT('',(11.4,-55.65,1.5));
#18332=CARTESIAN_POINT('',(11.4,-56.15,1.5));
#18333=CARTESIAN_POINT('Origin',(10.9,-56.15,1.5));
#18334=CARTESIAN_POINT('',(11.4,-62.,1.5));
#18335=CARTESIAN_POINT('',(11.4,-62.5,1.5));
#18336=CARTESIAN_POINT('',(10.9,-62.5,1.5));
#18337=CARTESIAN_POINT('Origin',(10.9,-62.,1.5));
#18338=CARTESIAN_POINT('',(5.60000000000001,-62.5,1.5));
#18339=CARTESIAN_POINT('',(5.10000000000001,-62.5,1.5));
#18340=CARTESIAN_POINT('',(5.10000000000001,-62.,1.5));
#18341=CARTESIAN_POINT('Origin',(5.60000000000001,-62.,1.5));
#18342=CARTESIAN_POINT('',(5.10000000000001,-56.15,1.5));
#18343=CARTESIAN_POINT('',(5.10000000000001,-55.65,1.5));
#18344=CARTESIAN_POINT('',(5.60000000000001,-55.65,1.5));
#18345=CARTESIAN_POINT('Origin',(5.60000000000001,-56.15,1.5));
#18346=CARTESIAN_POINT('',(5.95000000000001,-55.65,1.5));
#18347=CARTESIAN_POINT('',(6.45000000000001,-55.65,1.5));
#18348=CARTESIAN_POINT('',(6.45000000000001,-55.15,1.5));
#18349=CARTESIAN_POINT('Origin',(5.95000000000001,-55.15,1.5));
#18350=CARTESIAN_POINT('',(6.45000000000001,-51.5,1.5));
#18351=CARTESIAN_POINT('',(6.45000000000001,-51.,1.5));
#18352=CARTESIAN_POINT('',(6.95000000000002,-51.,1.5));
#18353=CARTESIAN_POINT('Origin',(6.95000000000001,-51.5,1.5));
#18354=CARTESIAN_POINT('',(9.55000000000001,-51.,1.5));
#18355=CARTESIAN_POINT('',(34.05,-51.,1.5));
#18356=CARTESIAN_POINT('',(10.05,-51.5,1.5));
#18357=CARTESIAN_POINT('Origin',(9.55000000000001,-51.5,1.5));
#18358=CARTESIAN_POINT('',(10.05,-55.65,1.5));
#18359=CARTESIAN_POINT('',(26.75,-70.,1.5));
#18360=CARTESIAN_POINT('',(27.25,-69.5,1.5));
#18361=CARTESIAN_POINT('Origin',(27.25,-70.,1.5));
#18362=CARTESIAN_POINT('',(40.25,-69.5,1.5));
#18363=CARTESIAN_POINT('',(27.25,-69.5,1.5));
#18364=CARTESIAN_POINT('',(40.75,-70.,1.5));
#18365=CARTESIAN_POINT('Origin',(40.25,-70.,1.5));
#18366=CARTESIAN_POINT('',(40.75,-83.,1.5));
#18367=CARTESIAN_POINT('',(40.75,-70.,1.5));
#18368=CARTESIAN_POINT('',(40.25,-83.5,1.5));
#18369=CARTESIAN_POINT('Origin',(40.25,-83.,1.5));
#18370=CARTESIAN_POINT('',(27.25,-83.5,1.5));
#18371=CARTESIAN_POINT('',(27.25,-83.5,1.5));
#18372=CARTESIAN_POINT('',(26.75,-83.,1.5));
#18373=CARTESIAN_POINT('Origin',(27.25,-83.,1.5));
#18374=CARTESIAN_POINT('',(26.75,-70.,1.5));
#18375=CARTESIAN_POINT('',(218.,-15.,1.5));
#18376=CARTESIAN_POINT('',(218.,-2.,1.5));
#18377=CARTESIAN_POINT('',(218.,-2.,1.5));
#18378=CARTESIAN_POINT('',(218.5,-1.5,1.5));
#18379=CARTESIAN_POINT('Origin',(218.5,-2.,1.5));
#18380=CARTESIAN_POINT('',(231.5,-1.49999999999999,1.5));
#18381=CARTESIAN_POINT('',(218.5,-1.5,1.5));
#18382=CARTESIAN_POINT('',(232.,-2.,1.5));
#18383=CARTESIAN_POINT('Origin',(231.5,-2.,1.5));
#18384=CARTESIAN_POINT('',(232.,-15.,1.5));
#18385=CARTESIAN_POINT('',(232.,-2.,1.5));
#18386=CARTESIAN_POINT('',(231.5,-15.5,1.5));
#18387=CARTESIAN_POINT('Origin',(231.5,-15.,1.5));
#18388=CARTESIAN_POINT('',(218.5,-15.5,1.5));
#18389=CARTESIAN_POINT('',(218.5,-15.5,1.5));
#18390=CARTESIAN_POINT('Origin',(218.5,-15.,1.5));
#18391=CARTESIAN_POINT('',(254.,-15.,1.5));
#18392=CARTESIAN_POINT('',(254.,-2.,1.5));
#18393=CARTESIAN_POINT('',(254.,-2.,1.5));
#18394=CARTESIAN_POINT('',(254.5,-1.5,1.5));
#18395=CARTESIAN_POINT('Origin',(254.5,-2.,1.5));
#18396=CARTESIAN_POINT('',(267.5,-1.49999999999999,1.5));
#18397=CARTESIAN_POINT('',(254.5,-1.5,1.5));
#18398=CARTESIAN_POINT('',(268.,-2.,1.5));
#18399=CARTESIAN_POINT('Origin',(267.5,-2.,1.5));
#18400=CARTESIAN_POINT('',(268.,-15.,1.5));
#18401=CARTESIAN_POINT('',(268.,-2.,1.5));
#18402=CARTESIAN_POINT('',(267.5,-15.5,1.5));
#18403=CARTESIAN_POINT('Origin',(267.5,-15.,1.5));
#18404=CARTESIAN_POINT('',(254.5,-15.5,1.5));
#18405=CARTESIAN_POINT('',(254.5,-15.5,1.5));
#18406=CARTESIAN_POINT('Origin',(254.5,-15.,1.5));
#18407=CARTESIAN_POINT('',(38.,-15.,1.5));
#18408=CARTESIAN_POINT('',(38.,-2.,1.5));
#18409=CARTESIAN_POINT('',(38.,-2.,1.5));
#18410=CARTESIAN_POINT('',(38.5,-1.5,1.5));
#18411=CARTESIAN_POINT('Origin',(38.5,-2.,1.5));
#18412=CARTESIAN_POINT('',(51.5,-1.5,1.5));
#18413=CARTESIAN_POINT('',(38.5,-1.5,1.5));
#18414=CARTESIAN_POINT('',(52.,-2.,1.5));
#18415=CARTESIAN_POINT('Origin',(51.5,-2.,1.5));
#18416=CARTESIAN_POINT('',(52.,-15.,1.5));
#18417=CARTESIAN_POINT('',(52.,-2.,1.5));
#18418=CARTESIAN_POINT('',(51.5,-15.5,1.5));
#18419=CARTESIAN_POINT('Origin',(51.5,-15.,1.5));
#18420=CARTESIAN_POINT('',(38.5,-15.5,1.5));
#18421=CARTESIAN_POINT('',(38.5,-15.5,1.5));
#18422=CARTESIAN_POINT('Origin',(38.5,-15.,1.5));
#18423=CARTESIAN_POINT('',(254.,-66.,1.5));
#18424=CARTESIAN_POINT('',(254.,-53.,1.5));
#18425=CARTESIAN_POINT('',(254.,-53.,1.5));
#18426=CARTESIAN_POINT('',(254.5,-52.5,1.5));
#18427=CARTESIAN_POINT('Origin',(254.5,-53.,1.5));
#18428=CARTESIAN_POINT('',(267.5,-52.5,1.5));
#18429=CARTESIAN_POINT('',(254.5,-52.5,1.5));
#18430=CARTESIAN_POINT('',(268.,-53.,1.5));
#18431=CARTESIAN_POINT('Origin',(267.5,-53.,1.5));
#18432=CARTESIAN_POINT('',(268.,-66.,1.5));
#18433=CARTESIAN_POINT('',(268.,-53.,1.5));
#18434=CARTESIAN_POINT('',(267.5,-66.5,1.5));
#18435=CARTESIAN_POINT('Origin',(267.5,-66.,1.5));
#18436=CARTESIAN_POINT('',(254.5,-66.5,1.5));
#18437=CARTESIAN_POINT('',(254.5,-66.5,1.5));
#18438=CARTESIAN_POINT('Origin',(254.5,-66.,1.5));
#18439=CARTESIAN_POINT('',(42.5,-53.,1.5));
#18440=CARTESIAN_POINT('',(43.,-52.5,1.5));
#18441=CARTESIAN_POINT('Origin',(43.,-53.,1.5));
#18442=CARTESIAN_POINT('',(56.,-52.5,1.5));
#18443=CARTESIAN_POINT('',(43.,-52.5,1.5));
#18444=CARTESIAN_POINT('',(56.5,-53.,1.5));
#18445=CARTESIAN_POINT('Origin',(56.,-53.,1.5));
#18446=CARTESIAN_POINT('',(56.5,-66.,1.5));
#18447=CARTESIAN_POINT('',(56.5,-53.,1.5));
#18448=CARTESIAN_POINT('',(56.,-66.5,1.5));
#18449=CARTESIAN_POINT('Origin',(56.,-66.,1.5));
#18450=CARTESIAN_POINT('',(43.,-66.5,1.5));
#18451=CARTESIAN_POINT('',(43.,-66.5,1.5));
#18452=CARTESIAN_POINT('',(42.5,-66.,1.5));
#18453=CARTESIAN_POINT('Origin',(43.,-66.,1.5));
#18454=CARTESIAN_POINT('',(42.5,-53.,1.5));
#18455=CARTESIAN_POINT('',(128.,-15.,1.5));
#18456=CARTESIAN_POINT('',(128.,-2.,1.5));
#18457=CARTESIAN_POINT('',(128.,-2.,1.5));
#18458=CARTESIAN_POINT('',(128.5,-1.5,1.5));
#18459=CARTESIAN_POINT('Origin',(128.5,-2.,1.5));
#18460=CARTESIAN_POINT('',(141.5,-1.49999999999999,1.5));
#18461=CARTESIAN_POINT('',(128.5,-1.5,1.5));
#18462=CARTESIAN_POINT('',(142.,-2.,1.5));
#18463=CARTESIAN_POINT('Origin',(141.5,-2.,1.5));
#18464=CARTESIAN_POINT('',(142.,-15.,1.5));
#18465=CARTESIAN_POINT('',(142.,-2.,1.5));
#18466=CARTESIAN_POINT('',(141.5,-15.5,1.5));
#18467=CARTESIAN_POINT('Origin',(141.5,-15.,1.5));
#18468=CARTESIAN_POINT('',(128.5,-15.5,1.5));
#18469=CARTESIAN_POINT('',(128.5,-15.5,1.5));
#18470=CARTESIAN_POINT('Origin',(128.5,-15.,1.5));
#18471=CARTESIAN_POINT('',(155.,-19.,1.5));
#18472=CARTESIAN_POINT('',(155.5,-18.5,1.5));
#18473=CARTESIAN_POINT('Origin',(155.5,-19.,1.5));
#18474=CARTESIAN_POINT('',(168.5,-18.5,1.5));
#18475=CARTESIAN_POINT('',(155.5,-18.5,1.5));
#18476=CARTESIAN_POINT('',(169.,-19.,1.5));
#18477=CARTESIAN_POINT('Origin',(168.5,-19.,1.5));
#18478=CARTESIAN_POINT('',(169.,-32.,1.5));
#18479=CARTESIAN_POINT('',(169.,-19.,1.5));
#18480=CARTESIAN_POINT('',(168.5,-32.5,1.5));
#18481=CARTESIAN_POINT('Origin',(168.5,-32.,1.5));
#18482=CARTESIAN_POINT('',(155.5,-32.5,1.5));
#18483=CARTESIAN_POINT('',(155.5,-32.5,1.5));
#18484=CARTESIAN_POINT('',(155.,-32.,1.5));
#18485=CARTESIAN_POINT('Origin',(155.5,-32.,1.5));
#18486=CARTESIAN_POINT('',(155.,-19.,1.5));
#18487=CARTESIAN_POINT('',(56.,-15.,1.5));
#18488=CARTESIAN_POINT('',(56.,-2.,1.5));
#18489=CARTESIAN_POINT('',(56.,-2.,1.5));
#18490=CARTESIAN_POINT('',(56.5,-1.5,1.5));
#18491=CARTESIAN_POINT('Origin',(56.5,-2.,1.5));
#18492=CARTESIAN_POINT('',(69.5,-1.5,1.5));
#18493=CARTESIAN_POINT('',(56.5,-1.5,1.5));
#18494=CARTESIAN_POINT('',(70.,-2.,1.5));
#18495=CARTESIAN_POINT('Origin',(69.5,-2.,1.5));
#18496=CARTESIAN_POINT('',(70.,-15.,1.5));
#18497=CARTESIAN_POINT('',(70.,-2.,1.5));
#18498=CARTESIAN_POINT('',(69.5,-15.5,1.5));
#18499=CARTESIAN_POINT('Origin',(69.5,-15.,1.5));
#18500=CARTESIAN_POINT('',(56.5,-15.5,1.5));
#18501=CARTESIAN_POINT('',(56.5,-15.5,1.5));
#18502=CARTESIAN_POINT('Origin',(56.5,-15.,1.5));
#18503=CARTESIAN_POINT('',(33.5,-36.,1.5));
#18504=CARTESIAN_POINT('',(34.,-35.5,1.5));
#18505=CARTESIAN_POINT('Origin',(34.,-36.,1.5));
#18506=CARTESIAN_POINT('',(47.,-35.5,1.5));
#18507=CARTESIAN_POINT('',(34.,-35.5,1.5));
#18508=CARTESIAN_POINT('',(47.5,-36.,1.5));
#18509=CARTESIAN_POINT('Origin',(47.,-36.,1.5));
#18510=CARTESIAN_POINT('',(47.5,-49.,1.5));
#18511=CARTESIAN_POINT('',(47.5,-36.,1.5));
#18512=CARTESIAN_POINT('',(47.,-49.5,1.5));
#18513=CARTESIAN_POINT('Origin',(47.,-49.,1.5));
#18514=CARTESIAN_POINT('',(34.,-49.5,1.5));
#18515=CARTESIAN_POINT('',(34.,-49.5,1.5));
#18516=CARTESIAN_POINT('',(33.5,-49.,1.5));
#18517=CARTESIAN_POINT('Origin',(34.,-49.,1.5));
#18518=CARTESIAN_POINT('',(33.5,-36.,1.5));
#18519=CARTESIAN_POINT('',(123.5,-36.,1.5));
#18520=CARTESIAN_POINT('',(124.,-35.5,1.5));
#18521=CARTESIAN_POINT('Origin',(124.,-36.,1.5));
#18522=CARTESIAN_POINT('',(137.,-35.5,1.5));
#18523=CARTESIAN_POINT('',(124.,-35.5,1.5));
#18524=CARTESIAN_POINT('',(137.5,-36.,1.5));
#18525=CARTESIAN_POINT('Origin',(137.,-36.,1.5));
#18526=CARTESIAN_POINT('',(137.5,-49.,1.5));
#18527=CARTESIAN_POINT('',(137.5,-36.,1.5));
#18528=CARTESIAN_POINT('',(137.,-49.5,1.5));
#18529=CARTESIAN_POINT('Origin',(137.,-49.,1.5));
#18530=CARTESIAN_POINT('',(124.,-49.5,1.5));
#18531=CARTESIAN_POINT('',(124.,-49.5,1.5));
#18532=CARTESIAN_POINT('',(123.5,-49.,1.5));
#18533=CARTESIAN_POINT('Origin',(124.,-49.,1.5));
#18534=CARTESIAN_POINT('',(123.5,-36.,1.5));
#18535=CARTESIAN_POINT('',(209.,-19.,1.5));
#18536=CARTESIAN_POINT('',(209.5,-18.5,1.5));
#18537=CARTESIAN_POINT('Origin',(209.5,-19.,1.5));
#18538=CARTESIAN_POINT('',(222.5,-18.5,1.5));
#18539=CARTESIAN_POINT('',(209.5,-18.5,1.5));
#18540=CARTESIAN_POINT('',(223.,-19.,1.5));
#18541=CARTESIAN_POINT('Origin',(222.5,-19.,1.5));
#18542=CARTESIAN_POINT('',(223.,-32.,1.5));
#18543=CARTESIAN_POINT('',(223.,-19.,1.5));
#18544=CARTESIAN_POINT('',(222.5,-32.5,1.5));
#18545=CARTESIAN_POINT('Origin',(222.5,-32.,1.5));
#18546=CARTESIAN_POINT('',(209.5,-32.5,1.5));
#18547=CARTESIAN_POINT('',(209.5,-32.5,1.5));
#18548=CARTESIAN_POINT('',(209.,-32.,1.5));
#18549=CARTESIAN_POINT('Origin',(209.5,-32.,1.5));
#18550=CARTESIAN_POINT('',(209.,-19.,1.5));
#18551=CARTESIAN_POINT('',(150.5,-53.,1.5));
#18552=CARTESIAN_POINT('',(151.,-52.5,1.5));
#18553=CARTESIAN_POINT('Origin',(151.,-53.,1.5));
#18554=CARTESIAN_POINT('',(164.,-52.5,1.5));
#18555=CARTESIAN_POINT('',(151.,-52.5,1.5));
#18556=CARTESIAN_POINT('',(164.5,-53.,1.5));
#18557=CARTESIAN_POINT('Origin',(164.,-53.,1.5));
#18558=CARTESIAN_POINT('',(164.5,-66.,1.5));
#18559=CARTESIAN_POINT('',(164.5,-53.,1.5));
#18560=CARTESIAN_POINT('',(164.,-66.5,1.5));
#18561=CARTESIAN_POINT('Origin',(164.,-66.,1.5));
#18562=CARTESIAN_POINT('',(151.,-66.5,1.5));
#18563=CARTESIAN_POINT('',(151.,-66.5,1.5));
#18564=CARTESIAN_POINT('',(150.5,-66.,1.5));
#18565=CARTESIAN_POINT('Origin',(151.,-66.,1.5));
#18566=CARTESIAN_POINT('',(150.5,-53.,1.5));
#18567=CARTESIAN_POINT('',(159.5,-36.,1.5));
#18568=CARTESIAN_POINT('',(160.,-35.5,1.5));
#18569=CARTESIAN_POINT('Origin',(160.,-36.,1.5));
#18570=CARTESIAN_POINT('',(173.,-35.5,1.5));
#18571=CARTESIAN_POINT('',(160.,-35.5,1.5));
#18572=CARTESIAN_POINT('',(173.5,-36.,1.5));
#18573=CARTESIAN_POINT('Origin',(173.,-36.,1.5));
#18574=CARTESIAN_POINT('',(173.5,-49.,1.5));
#18575=CARTESIAN_POINT('',(173.5,-36.,1.5));
#18576=CARTESIAN_POINT('',(173.,-49.5,1.5));
#18577=CARTESIAN_POINT('Origin',(173.,-49.,1.5));
#18578=CARTESIAN_POINT('',(160.,-49.5,1.5));
#18579=CARTESIAN_POINT('',(160.,-49.5,1.5));
#18580=CARTESIAN_POINT('',(159.5,-49.,1.5));
#18581=CARTESIAN_POINT('Origin',(160.,-49.,1.5));
#18582=CARTESIAN_POINT('',(159.5,-36.,1.5));
#18583=CARTESIAN_POINT('',(146.,-15.,1.5));
#18584=CARTESIAN_POINT('',(146.,-2.,1.5));
#18585=CARTESIAN_POINT('',(146.,-2.,1.5));
#18586=CARTESIAN_POINT('',(146.5,-1.5,1.5));
#18587=CARTESIAN_POINT('Origin',(146.5,-2.,1.5));
#18588=CARTESIAN_POINT('',(159.5,-1.50000000000001,1.5));
#18589=CARTESIAN_POINT('',(146.5,-1.5,1.5));
#18590=CARTESIAN_POINT('',(160.,-2.,1.5));
#18591=CARTESIAN_POINT('Origin',(159.5,-2.,1.5));
#18592=CARTESIAN_POINT('',(160.,-15.,1.5));
#18593=CARTESIAN_POINT('',(160.,-2.,1.5));
#18594=CARTESIAN_POINT('',(159.5,-15.5,1.5));
#18595=CARTESIAN_POINT('Origin',(159.5,-15.,1.5));
#18596=CARTESIAN_POINT('',(146.5,-15.5,1.5));
#18597=CARTESIAN_POINT('',(146.5,-15.5,1.5));
#18598=CARTESIAN_POINT('Origin',(146.5,-15.,1.5));
#18599=CARTESIAN_POINT('',(191.,-19.,1.5));
#18600=CARTESIAN_POINT('',(191.5,-18.5,1.5));
#18601=CARTESIAN_POINT('Origin',(191.5,-19.,1.5));
#18602=CARTESIAN_POINT('',(204.5,-18.5,1.5));
#18603=CARTESIAN_POINT('',(191.5,-18.5,1.5));
#18604=CARTESIAN_POINT('',(205.,-19.,1.5));
#18605=CARTESIAN_POINT('Origin',(204.5,-19.,1.5));
#18606=CARTESIAN_POINT('',(205.,-32.,1.5));
#18607=CARTESIAN_POINT('',(205.,-19.,1.5));
#18608=CARTESIAN_POINT('',(204.5,-32.5,1.5));
#18609=CARTESIAN_POINT('Origin',(204.5,-32.,1.5));
#18610=CARTESIAN_POINT('',(191.5,-32.5,1.5));
#18611=CARTESIAN_POINT('',(191.5,-32.5,1.5));
#18612=CARTESIAN_POINT('',(191.,-32.,1.5));
#18613=CARTESIAN_POINT('Origin',(191.5,-32.,1.5));
#18614=CARTESIAN_POINT('',(191.,-19.,1.5));
#18615=CARTESIAN_POINT('',(132.5,-53.,1.5));
#18616=CARTESIAN_POINT('',(133.,-52.5,1.5));
#18617=CARTESIAN_POINT('Origin',(133.,-53.,1.5));
#18618=CARTESIAN_POINT('',(146.,-52.5,1.5));
#18619=CARTESIAN_POINT('',(133.,-52.5,1.5));
#18620=CARTESIAN_POINT('',(146.5,-53.,1.5));
#18621=CARTESIAN_POINT('Origin',(146.,-53.,1.5));
#18622=CARTESIAN_POINT('',(146.5,-66.,1.5));
#18623=CARTESIAN_POINT('',(146.5,-53.,1.5));
#18624=CARTESIAN_POINT('',(146.,-66.5,1.5));
#18625=CARTESIAN_POINT('Origin',(146.,-66.,1.5));
#18626=CARTESIAN_POINT('',(133.,-66.5,1.5));
#18627=CARTESIAN_POINT('',(133.,-66.5,1.5));
#18628=CARTESIAN_POINT('',(132.5,-66.,1.5));
#18629=CARTESIAN_POINT('Origin',(133.,-66.,1.5));
#18630=CARTESIAN_POINT('',(132.5,-53.,1.5));
#18631=CARTESIAN_POINT('',(137.,-19.,1.5));
#18632=CARTESIAN_POINT('',(137.5,-18.5,1.5));
#18633=CARTESIAN_POINT('Origin',(137.5,-19.,1.5));
#18634=CARTESIAN_POINT('',(150.5,-18.5,1.5));
#18635=CARTESIAN_POINT('',(137.5,-18.5,1.5));
#18636=CARTESIAN_POINT('',(151.,-19.,1.5));
#18637=CARTESIAN_POINT('Origin',(150.5,-19.,1.5));
#18638=CARTESIAN_POINT('',(151.,-32.,1.5));
#18639=CARTESIAN_POINT('',(151.,-19.,1.5));
#18640=CARTESIAN_POINT('',(150.5,-32.5,1.5));
#18641=CARTESIAN_POINT('Origin',(150.5,-32.,1.5));
#18642=CARTESIAN_POINT('',(137.5,-32.5,1.5));
#18643=CARTESIAN_POINT('',(137.5,-32.5,1.5));
#18644=CARTESIAN_POINT('',(137.,-32.,1.5));
#18645=CARTESIAN_POINT('Origin',(137.5,-32.,1.5));
#18646=CARTESIAN_POINT('',(137.,-19.,1.5));
#18647=CARTESIAN_POINT('',(200.,-15.,1.5));
#18648=CARTESIAN_POINT('',(200.,-2.,1.5));
#18649=CARTESIAN_POINT('',(200.,-2.,1.5));
#18650=CARTESIAN_POINT('',(200.5,-1.5,1.5));
#18651=CARTESIAN_POINT('Origin',(200.5,-2.,1.5));
#18652=CARTESIAN_POINT('',(213.5,-1.49999999999999,1.5));
#18653=CARTESIAN_POINT('',(200.5,-1.5,1.5));
#18654=CARTESIAN_POINT('',(214.,-2.,1.5));
#18655=CARTESIAN_POINT('Origin',(213.5,-2.,1.5));
#18656=CARTESIAN_POINT('',(214.,-15.,1.5));
#18657=CARTESIAN_POINT('',(214.,-2.,1.5));
#18658=CARTESIAN_POINT('',(213.5,-15.5,1.5));
#18659=CARTESIAN_POINT('Origin',(213.5,-15.,1.5));
#18660=CARTESIAN_POINT('',(200.5,-15.5,1.5));
#18661=CARTESIAN_POINT('',(200.5,-15.5,1.5));
#18662=CARTESIAN_POINT('Origin',(200.5,-15.,1.5));
#18663=CARTESIAN_POINT('',(96.5,-53.,1.5));
#18664=CARTESIAN_POINT('',(97.,-52.5,1.5));
#18665=CARTESIAN_POINT('Origin',(97.,-53.,1.5));
#18666=CARTESIAN_POINT('',(110.,-52.5,1.5));
#18667=CARTESIAN_POINT('',(97.,-52.5,1.5));
#18668=CARTESIAN_POINT('',(110.5,-53.,1.5));
#18669=CARTESIAN_POINT('Origin',(110.,-53.,1.5));
#18670=CARTESIAN_POINT('',(110.5,-66.,1.5));
#18671=CARTESIAN_POINT('',(110.5,-53.,1.5));
#18672=CARTESIAN_POINT('',(110.,-66.5,1.5));
#18673=CARTESIAN_POINT('Origin',(110.,-66.,1.5));
#18674=CARTESIAN_POINT('',(97.,-66.5,1.5));
#18675=CARTESIAN_POINT('',(97.,-66.5,1.5));
#18676=CARTESIAN_POINT('',(96.5,-66.,1.5));
#18677=CARTESIAN_POINT('Origin',(97.,-66.,1.5));
#18678=CARTESIAN_POINT('',(96.5,-53.,1.5));
#18679=CARTESIAN_POINT('',(20.,-15.,1.5));
#18680=CARTESIAN_POINT('',(20.,-2.,1.5));
#18681=CARTESIAN_POINT('',(20.,-2.,1.5));
#18682=CARTESIAN_POINT('',(20.5,-1.5,1.5));
#18683=CARTESIAN_POINT('Origin',(20.5,-2.,1.5));
#18684=CARTESIAN_POINT('',(33.5,-1.5,1.5));
#18685=CARTESIAN_POINT('',(20.5,-1.5,1.5));
#18686=CARTESIAN_POINT('',(34.,-2.,1.5));
#18687=CARTESIAN_POINT('Origin',(33.5,-2.,1.5));
#18688=CARTESIAN_POINT('',(34.,-15.,1.5));
#18689=CARTESIAN_POINT('',(34.,-2.,1.5));
#18690=CARTESIAN_POINT('',(33.5,-15.5,1.5));
#18691=CARTESIAN_POINT('Origin',(33.5,-15.,1.5));
#18692=CARTESIAN_POINT('',(20.5,-15.5,1.5));
#18693=CARTESIAN_POINT('',(20.5,-15.5,1.5));
#18694=CARTESIAN_POINT('Origin',(20.5,-15.,1.5));
#18695=CARTESIAN_POINT('',(249.5,-32.,1.5));
#18696=CARTESIAN_POINT('',(249.5,-19.,1.5));
#18697=CARTESIAN_POINT('',(249.5,-19.,1.5));
#18698=CARTESIAN_POINT('',(250.,-18.5,1.5));
#18699=CARTESIAN_POINT('Origin',(250.,-19.,1.5));
#18700=CARTESIAN_POINT('',(263.,-18.5,1.5));
#18701=CARTESIAN_POINT('',(250.,-18.5,1.5));
#18702=CARTESIAN_POINT('',(263.5,-19.,1.5));
#18703=CARTESIAN_POINT('Origin',(263.,-19.,1.5));
#18704=CARTESIAN_POINT('',(263.5,-32.,1.5));
#18705=CARTESIAN_POINT('',(263.5,-19.,1.5));
#18706=CARTESIAN_POINT('',(263.,-32.5,1.5));
#18707=CARTESIAN_POINT('Origin',(263.,-32.,1.5));
#18708=CARTESIAN_POINT('',(250.,-32.5,1.5));
#18709=CARTESIAN_POINT('',(250.,-32.5,1.5));
#18710=CARTESIAN_POINT('Origin',(250.,-32.,1.5));
#18711=CARTESIAN_POINT('',(83.,-19.,1.5));
#18712=CARTESIAN_POINT('',(83.5,-18.5,1.5));
#18713=CARTESIAN_POINT('Origin',(83.5,-19.,1.5));
#18714=CARTESIAN_POINT('',(96.5,-18.5,1.5));
#18715=CARTESIAN_POINT('',(83.5,-18.5,1.5));
#18716=CARTESIAN_POINT('',(97.,-19.,1.5));
#18717=CARTESIAN_POINT('Origin',(96.5,-19.,1.5));
#18718=CARTESIAN_POINT('',(97.,-32.,1.5));
#18719=CARTESIAN_POINT('',(97.,-19.,1.5));
#18720=CARTESIAN_POINT('',(96.5,-32.5,1.5));
#18721=CARTESIAN_POINT('Origin',(96.5,-32.,1.5));
#18722=CARTESIAN_POINT('',(83.5,-32.5,1.5));
#18723=CARTESIAN_POINT('',(83.5,-32.5,1.5));
#18724=CARTESIAN_POINT('',(83.,-32.,1.5));
#18725=CARTESIAN_POINT('Origin',(83.5,-32.,1.5));
#18726=CARTESIAN_POINT('',(83.,-19.,1.5));
#18727=CARTESIAN_POINT('',(206.75,-70.,1.5));
#18728=CARTESIAN_POINT('',(207.25,-69.5,1.5));
#18729=CARTESIAN_POINT('Origin',(207.25,-70.,1.5));
#18730=CARTESIAN_POINT('',(220.25,-69.5,1.5));
#18731=CARTESIAN_POINT('',(207.25,-69.5,1.5));
#18732=CARTESIAN_POINT('',(220.75,-70.,1.5));
#18733=CARTESIAN_POINT('Origin',(220.25,-70.,1.5));
#18734=CARTESIAN_POINT('',(220.75,-83.,1.5));
#18735=CARTESIAN_POINT('',(220.75,-70.,1.5));
#18736=CARTESIAN_POINT('',(220.25,-83.5,1.5));
#18737=CARTESIAN_POINT('Origin',(220.25,-83.,1.5));
#18738=CARTESIAN_POINT('',(207.25,-83.5,1.5));
#18739=CARTESIAN_POINT('',(207.25,-83.5,1.5));
#18740=CARTESIAN_POINT('',(206.75,-83.,1.5));
#18741=CARTESIAN_POINT('Origin',(207.25,-83.,1.5));
#18742=CARTESIAN_POINT('',(206.75,-70.,1.5));
#18743=CARTESIAN_POINT('',(101.,-19.,1.5));
#18744=CARTESIAN_POINT('',(101.5,-18.5,1.5));
#18745=CARTESIAN_POINT('Origin',(101.5,-19.,1.5));
#18746=CARTESIAN_POINT('',(114.5,-18.5,1.5));
#18747=CARTESIAN_POINT('',(101.5,-18.5,1.5));
#18748=CARTESIAN_POINT('',(115.,-19.,1.5));
#18749=CARTESIAN_POINT('Origin',(114.5,-19.,1.5));
#18750=CARTESIAN_POINT('',(115.,-32.,1.5));
#18751=CARTESIAN_POINT('',(115.,-19.,1.5));
#18752=CARTESIAN_POINT('',(114.5,-32.5,1.5));
#18753=CARTESIAN_POINT('Origin',(114.5,-32.,1.5));
#18754=CARTESIAN_POINT('',(101.5,-32.5,1.5));
#18755=CARTESIAN_POINT('',(101.5,-32.5,1.5));
#18756=CARTESIAN_POINT('',(101.,-32.,1.5));
#18757=CARTESIAN_POINT('Origin',(101.5,-32.,1.5));
#18758=CARTESIAN_POINT('',(101.,-19.,1.5));
#18759=CARTESIAN_POINT('',(49.25,-70.,1.5));
#18760=CARTESIAN_POINT('',(49.75,-69.5,1.5));
#18761=CARTESIAN_POINT('Origin',(49.75,-70.,1.5));
#18762=CARTESIAN_POINT('',(62.75,-69.5,1.5));
#18763=CARTESIAN_POINT('',(49.75,-69.5,1.5));
#18764=CARTESIAN_POINT('',(63.25,-70.,1.5));
#18765=CARTESIAN_POINT('Origin',(62.75,-70.,1.5));
#18766=CARTESIAN_POINT('',(63.25,-83.,1.5));
#18767=CARTESIAN_POINT('',(63.25,-70.,1.5));
#18768=CARTESIAN_POINT('',(62.75,-83.5,1.5));
#18769=CARTESIAN_POINT('Origin',(62.75,-83.,1.5));
#18770=CARTESIAN_POINT('',(49.75,-83.5,1.5));
#18771=CARTESIAN_POINT('',(49.75,-83.5,1.5));
#18772=CARTESIAN_POINT('',(49.25,-83.,1.5));
#18773=CARTESIAN_POINT('Origin',(49.75,-83.,1.5));
#18774=CARTESIAN_POINT('',(49.25,-70.,1.5));
#18775=CARTESIAN_POINT('',(71.9500000000001,-72.15,1.5));
#18776=CARTESIAN_POINT('',(71.4500000000001,-72.65,1.5));
#18777=CARTESIAN_POINT('Origin',(71.4500000000001,-72.15,1.5));
#18778=CARTESIAN_POINT('',(71.9500000000001,-68.5,1.5));
#18779=CARTESIAN_POINT('',(71.9500000000001,-68.,1.5));
#18780=CARTESIAN_POINT('',(72.4500000000001,-68.,1.5));
#18781=CARTESIAN_POINT('Origin',(72.4500000000001,-68.5,1.5));
#18782=CARTESIAN_POINT('',(75.0500000000001,-68.,1.5));
#18783=CARTESIAN_POINT('',(175.55,-68.,1.5));
#18784=CARTESIAN_POINT('',(75.5500000000001,-68.5,1.5));
#18785=CARTESIAN_POINT('Origin',(75.0500000000001,-68.5,1.5));
#18786=CARTESIAN_POINT('',(75.5500000000001,-72.15,1.5));
#18787=CARTESIAN_POINT('',(75.5500000000001,-72.65,1.5));
#18788=CARTESIAN_POINT('',(76.0500000000001,-72.65,1.5));
#18789=CARTESIAN_POINT('Origin',(76.0500000000001,-72.15,1.5));
#18790=CARTESIAN_POINT('',(76.4000000000001,-72.65,1.5));
#18791=CARTESIAN_POINT('',(76.9000000000001,-72.65,1.5));
#18792=CARTESIAN_POINT('',(76.9000000000001,-73.15,1.5));
#18793=CARTESIAN_POINT('Origin',(76.4000000000001,-73.15,1.5));
#18794=CARTESIAN_POINT('',(76.9000000000001,-79.,1.5));
#18795=CARTESIAN_POINT('',(76.9000000000001,-79.5,1.5));
#18796=CARTESIAN_POINT('',(76.4000000000001,-79.5,1.5));
#18797=CARTESIAN_POINT('Origin',(76.4000000000001,-79.,1.5));
#18798=CARTESIAN_POINT('',(71.1000000000001,-79.5,1.5));
#18799=CARTESIAN_POINT('',(70.6000000000001,-79.5,1.5));
#18800=CARTESIAN_POINT('',(70.6000000000001,-79.,1.5));
#18801=CARTESIAN_POINT('Origin',(71.1000000000001,-79.,1.5));
#18802=CARTESIAN_POINT('',(70.6000000000001,-73.15,1.5));
#18803=CARTESIAN_POINT('',(70.6000000000001,-72.65,1.5));
#18804=CARTESIAN_POINT('',(71.1000000000001,-72.65,1.5));
#18805=CARTESIAN_POINT('Origin',(71.1000000000001,-73.15,1.5));
#18806=CARTESIAN_POINT('',(71.9500000000001,-72.65,1.5));
#18807=CARTESIAN_POINT('',(171.95,-72.15,1.5));
#18808=CARTESIAN_POINT('',(171.45,-72.65,1.5));
#18809=CARTESIAN_POINT('Origin',(171.45,-72.15,1.5));
#18810=CARTESIAN_POINT('',(171.95,-68.5,1.5));
#18811=CARTESIAN_POINT('',(171.95,-72.65,1.5));
#18812=CARTESIAN_POINT('',(172.45,-68.,1.5));
#18813=CARTESIAN_POINT('Origin',(172.45,-68.5,1.5));
#18814=CARTESIAN_POINT('',(175.05,-68.,1.5));
#18815=CARTESIAN_POINT('',(175.55,-68.,1.5));
#18816=CARTESIAN_POINT('',(175.55,-68.5,1.5));
#18817=CARTESIAN_POINT('Origin',(175.05,-68.5,1.5));
#18818=CARTESIAN_POINT('',(175.55,-72.15,1.5));
#18819=CARTESIAN_POINT('',(175.55,-68.,1.5));
#18820=CARTESIAN_POINT('',(176.05,-72.65,1.5));
#18821=CARTESIAN_POINT('Origin',(176.05,-72.15,1.5));
#18822=CARTESIAN_POINT('',(176.4,-72.65,1.5));
#18823=CARTESIAN_POINT('',(175.55,-72.65,1.5));
#18824=CARTESIAN_POINT('',(176.9,-73.15,1.5));
#18825=CARTESIAN_POINT('Origin',(176.4,-73.15,1.5));
#18826=CARTESIAN_POINT('',(176.9,-79.,1.5));
#18827=CARTESIAN_POINT('',(176.9,-72.65,1.5));
#18828=CARTESIAN_POINT('',(176.4,-79.5,1.5));
#18829=CARTESIAN_POINT('Origin',(176.4,-79.,1.5));
#18830=CARTESIAN_POINT('',(171.1,-79.5,1.5));
#18831=CARTESIAN_POINT('',(176.9,-79.5,1.5));
#18832=CARTESIAN_POINT('',(170.6,-79.,1.5));
#18833=CARTESIAN_POINT('Origin',(171.1,-79.,1.5));
#18834=CARTESIAN_POINT('',(170.6,-73.15,1.5));
#18835=CARTESIAN_POINT('',(170.6,-79.5,1.5));
#18836=CARTESIAN_POINT('',(171.1,-72.65,1.5));
#18837=CARTESIAN_POINT('Origin',(171.1,-73.15,1.5));
#18838=CARTESIAN_POINT('',(170.6,-72.65,1.5));
#18839=CARTESIAN_POINT('',(69.5,-36.,1.5));
#18840=CARTESIAN_POINT('',(70.,-35.5,1.5));
#18841=CARTESIAN_POINT('Origin',(70.,-36.,1.5));
#18842=CARTESIAN_POINT('',(83.,-35.5,1.5));
#18843=CARTESIAN_POINT('',(70.,-35.5,1.5));
#18844=CARTESIAN_POINT('',(83.5,-36.,1.5));
#18845=CARTESIAN_POINT('Origin',(83.,-36.,1.5));
#18846=CARTESIAN_POINT('',(83.5,-49.,1.5));
#18847=CARTESIAN_POINT('',(83.5,-36.,1.5));
#18848=CARTESIAN_POINT('',(83.,-49.5,1.5));
#18849=CARTESIAN_POINT('Origin',(83.,-49.,1.5));
#18850=CARTESIAN_POINT('',(70.,-49.5,1.5));
#18851=CARTESIAN_POINT('',(70.,-49.5,1.5));
#18852=CARTESIAN_POINT('',(69.5,-49.,1.5));
#18853=CARTESIAN_POINT('Origin',(70.,-49.,1.5));
#18854=CARTESIAN_POINT('',(69.5,-36.,1.5));
#18855=CARTESIAN_POINT('',(60.5,-53.,1.5));
#18856=CARTESIAN_POINT('',(61.,-52.5,1.5));
#18857=CARTESIAN_POINT('Origin',(61.,-53.,1.5));
#18858=CARTESIAN_POINT('',(74.,-52.5,1.5));
#18859=CARTESIAN_POINT('',(61.,-52.5,1.5));
#18860=CARTESIAN_POINT('',(74.5,-53.,1.5));
#18861=CARTESIAN_POINT('Origin',(74.,-53.,1.5));
#18862=CARTESIAN_POINT('',(74.5,-66.,1.5));
#18863=CARTESIAN_POINT('',(74.5,-53.,1.5));
#18864=CARTESIAN_POINT('',(74.,-66.5,1.5));
#18865=CARTESIAN_POINT('Origin',(74.,-66.,1.5));
#18866=CARTESIAN_POINT('',(61.,-66.5,1.5));
#18867=CARTESIAN_POINT('',(61.,-66.5,1.5));
#18868=CARTESIAN_POINT('',(60.5,-66.,1.5));
#18869=CARTESIAN_POINT('Origin',(61.,-66.,1.5));
#18870=CARTESIAN_POINT('',(60.5,-53.,1.5));
#18871=CARTESIAN_POINT('',(182.,-15.,1.5));
#18872=CARTESIAN_POINT('',(182.,-2.,1.5));
#18873=CARTESIAN_POINT('',(182.,-2.,1.5));
#18874=CARTESIAN_POINT('',(182.5,-1.5,1.5));
#18875=CARTESIAN_POINT('Origin',(182.5,-2.,1.5));
#18876=CARTESIAN_POINT('',(195.5,-1.49999999999999,1.5));
#18877=CARTESIAN_POINT('',(182.5,-1.5,1.5));
#18878=CARTESIAN_POINT('',(196.,-2.,1.5));
#18879=CARTESIAN_POINT('Origin',(195.5,-2.,1.5));
#18880=CARTESIAN_POINT('',(196.,-15.,1.5));
#18881=CARTESIAN_POINT('',(196.,-2.,1.5));
#18882=CARTESIAN_POINT('',(195.5,-15.5,1.5));
#18883=CARTESIAN_POINT('Origin',(195.5,-15.,1.5));
#18884=CARTESIAN_POINT('',(182.5,-15.5,1.5));
#18885=CARTESIAN_POINT('',(182.5,-15.5,1.5));
#18886=CARTESIAN_POINT('Origin',(182.5,-15.,1.5));
#18887=CARTESIAN_POINT('',(242.75,-49.,1.5));
#18888=CARTESIAN_POINT('',(242.75,-36.,1.5));
#18889=CARTESIAN_POINT('',(242.75,-36.,1.5));
#18890=CARTESIAN_POINT('',(243.25,-35.5,1.5));
#18891=CARTESIAN_POINT('Origin',(243.25,-36.,1.5));
#18892=CARTESIAN_POINT('',(256.25,-35.5,1.5));
#18893=CARTESIAN_POINT('',(243.25,-35.5,1.5));
#18894=CARTESIAN_POINT('',(256.75,-36.,1.5));
#18895=CARTESIAN_POINT('Origin',(256.25,-36.,1.5));
#18896=CARTESIAN_POINT('',(256.75,-49.,1.5));
#18897=CARTESIAN_POINT('',(256.75,-36.,1.5));
#18898=CARTESIAN_POINT('',(256.25,-49.5,1.5));
#18899=CARTESIAN_POINT('Origin',(256.25,-49.,1.5));
#18900=CARTESIAN_POINT('',(243.25,-49.5,1.5));
#18901=CARTESIAN_POINT('',(243.25,-49.5,1.5));
#18902=CARTESIAN_POINT('Origin',(243.25,-49.,1.5));
#18903=CARTESIAN_POINT('',(51.5,-36.,1.5));
#18904=CARTESIAN_POINT('',(52.,-35.5,1.5));
#18905=CARTESIAN_POINT('Origin',(52.,-36.,1.5));
#18906=CARTESIAN_POINT('',(65.,-35.5,1.5));
#18907=CARTESIAN_POINT('',(52.,-35.5,1.5));
#18908=CARTESIAN_POINT('',(65.5,-36.,1.5));
#18909=CARTESIAN_POINT('Origin',(65.,-36.,1.5));
#18910=CARTESIAN_POINT('',(65.5,-49.,1.5));
#18911=CARTESIAN_POINT('',(65.5,-36.,1.5));
#18912=CARTESIAN_POINT('',(65.,-49.5,1.5));
#18913=CARTESIAN_POINT('Origin',(65.,-49.,1.5));
#18914=CARTESIAN_POINT('',(52.,-49.5,1.5));
#18915=CARTESIAN_POINT('',(52.,-49.5,1.5));
#18916=CARTESIAN_POINT('',(51.5,-49.,1.5));
#18917=CARTESIAN_POINT('Origin',(52.,-49.,1.5));
#18918=CARTESIAN_POINT('',(51.5,-36.,1.5));
#18919=CARTESIAN_POINT('',(119.,-19.,1.5));
#18920=CARTESIAN_POINT('',(119.5,-18.5,1.5));
#18921=CARTESIAN_POINT('Origin',(119.5,-19.,1.5));
#18922=CARTESIAN_POINT('',(132.5,-18.5,1.5));
#18923=CARTESIAN_POINT('',(119.5,-18.5,1.5));
#18924=CARTESIAN_POINT('',(133.,-19.,1.5));
#18925=CARTESIAN_POINT('Origin',(132.5,-19.,1.5));
#18926=CARTESIAN_POINT('',(133.,-32.,1.5));
#18927=CARTESIAN_POINT('',(133.,-19.,1.5));
#18928=CARTESIAN_POINT('',(132.5,-32.5,1.5));
#18929=CARTESIAN_POINT('Origin',(132.5,-32.,1.5));
#18930=CARTESIAN_POINT('',(119.5,-32.5,1.5));
#18931=CARTESIAN_POINT('',(119.5,-32.5,1.5));
#18932=CARTESIAN_POINT('',(119.,-32.,1.5));
#18933=CARTESIAN_POINT('Origin',(119.5,-32.,1.5));
#18934=CARTESIAN_POINT('',(119.,-19.,1.5));
#18935=CARTESIAN_POINT('',(141.5,-36.,1.5));
#18936=CARTESIAN_POINT('',(142.,-35.5,1.5));
#18937=CARTESIAN_POINT('Origin',(142.,-36.,1.5));
#18938=CARTESIAN_POINT('',(155.,-35.5,1.5));
#18939=CARTESIAN_POINT('',(142.,-35.5,1.5));
#18940=CARTESIAN_POINT('',(155.5,-36.,1.5));
#18941=CARTESIAN_POINT('Origin',(155.,-36.,1.5));
#18942=CARTESIAN_POINT('',(155.5,-49.,1.5));
#18943=CARTESIAN_POINT('',(155.5,-36.,1.5));
#18944=CARTESIAN_POINT('',(155.,-49.5,1.5));
#18945=CARTESIAN_POINT('Origin',(155.,-49.,1.5));
#18946=CARTESIAN_POINT('',(142.,-49.5,1.5));
#18947=CARTESIAN_POINT('',(142.,-49.5,1.5));
#18948=CARTESIAN_POINT('',(141.5,-49.,1.5));
#18949=CARTESIAN_POINT('Origin',(142.,-49.,1.5));
#18950=CARTESIAN_POINT('',(141.5,-36.,1.5));
#18951=CARTESIAN_POINT('',(6.5,-19.,1.5));
#18952=CARTESIAN_POINT('',(7.,-18.5,1.5));
#18953=CARTESIAN_POINT('Origin',(7.,-19.,1.5));
#18954=CARTESIAN_POINT('',(20.,-18.5,1.5));
#18955=CARTESIAN_POINT('',(7.,-18.5,1.5));
#18956=CARTESIAN_POINT('',(20.5,-19.,1.5));
#18957=CARTESIAN_POINT('Origin',(20.,-19.,1.5));
#18958=CARTESIAN_POINT('',(20.5,-32.,1.5));
#18959=CARTESIAN_POINT('',(20.5,-19.,1.5));
#18960=CARTESIAN_POINT('',(20.,-32.5,1.5));
#18961=CARTESIAN_POINT('Origin',(20.,-32.,1.5));
#18962=CARTESIAN_POINT('',(7.,-32.5,1.5));
#18963=CARTESIAN_POINT('',(7.,-32.5,1.5));
#18964=CARTESIAN_POINT('',(6.5,-32.,1.5));
#18965=CARTESIAN_POINT('Origin',(7.,-32.,1.5));
#18966=CARTESIAN_POINT('',(6.5,-19.,1.5));
#18967=CARTESIAN_POINT('',(236.,-15.,1.5));
#18968=CARTESIAN_POINT('',(236.,-2.,1.5));
#18969=CARTESIAN_POINT('',(236.,-2.,1.5));
#18970=CARTESIAN_POINT('',(236.5,-1.5,1.5));
#18971=CARTESIAN_POINT('Origin',(236.5,-2.,1.5));
#18972=CARTESIAN_POINT('',(249.5,-1.50000000000003,1.5));
#18973=CARTESIAN_POINT('',(236.5,-1.5,1.5));
#18974=CARTESIAN_POINT('',(250.,-2.,1.5));
#18975=CARTESIAN_POINT('Origin',(249.5,-2.,1.5));
#18976=CARTESIAN_POINT('',(250.,-15.,1.5));
#18977=CARTESIAN_POINT('',(250.,-2.,1.5));
#18978=CARTESIAN_POINT('',(249.5,-15.5,1.5));
#18979=CARTESIAN_POINT('Origin',(249.5,-15.,1.5));
#18980=CARTESIAN_POINT('',(236.5,-15.5,1.5));
#18981=CARTESIAN_POINT('',(236.5,-15.5,1.5));
#18982=CARTESIAN_POINT('Origin',(236.5,-15.,1.5));
#18983=CARTESIAN_POINT('',(184.25,-70.,1.5));
#18984=CARTESIAN_POINT('',(184.75,-69.5,1.5));
#18985=CARTESIAN_POINT('Origin',(184.75,-70.,1.5));
#18986=CARTESIAN_POINT('',(197.75,-69.5,1.5));
#18987=CARTESIAN_POINT('',(184.75,-69.5,1.5));
#18988=CARTESIAN_POINT('',(198.25,-70.,1.5));
#18989=CARTESIAN_POINT('Origin',(197.75,-70.,1.5));
#18990=CARTESIAN_POINT('',(198.25,-83.,1.5));
#18991=CARTESIAN_POINT('',(198.25,-70.,1.5));
#18992=CARTESIAN_POINT('',(197.75,-83.5,1.5));
#18993=CARTESIAN_POINT('Origin',(197.75,-83.,1.5));
#18994=CARTESIAN_POINT('',(184.75,-83.5,1.5));
#18995=CARTESIAN_POINT('',(184.75,-83.5,1.5));
#18996=CARTESIAN_POINT('',(184.25,-83.,1.5));
#18997=CARTESIAN_POINT('Origin',(184.75,-83.,1.5));
#18998=CARTESIAN_POINT('',(184.25,-70.,1.5));
#18999=CARTESIAN_POINT('',(168.5,-53.,1.5));
#19000=CARTESIAN_POINT('',(169.,-52.5,1.5));
#19001=CARTESIAN_POINT('Origin',(169.,-53.,1.5));
#19002=CARTESIAN_POINT('',(182.,-52.5,1.5));
#19003=CARTESIAN_POINT('',(169.,-52.5,1.5));
#19004=CARTESIAN_POINT('',(182.5,-53.,1.5));
#19005=CARTESIAN_POINT('Origin',(182.,-53.,1.5));
#19006=CARTESIAN_POINT('',(182.5,-66.,1.5));
#19007=CARTESIAN_POINT('',(182.5,-53.,1.5));
#19008=CARTESIAN_POINT('',(182.,-66.5,1.5));
#19009=CARTESIAN_POINT('Origin',(182.,-66.,1.5));
#19010=CARTESIAN_POINT('',(169.,-66.5,1.5));
#19011=CARTESIAN_POINT('',(169.,-66.5,1.5));
#19012=CARTESIAN_POINT('',(168.5,-66.,1.5));
#19013=CARTESIAN_POINT('Origin',(169.,-66.,1.5));
#19014=CARTESIAN_POINT('',(168.5,-53.,1.5));
#19015=CARTESIAN_POINT('',(186.5,-53.,1.5));
#19016=CARTESIAN_POINT('',(187.,-52.5,1.5));
#19017=CARTESIAN_POINT('Origin',(187.,-53.,1.5));
#19018=CARTESIAN_POINT('',(200.,-52.5,1.5));
#19019=CARTESIAN_POINT('',(187.,-52.5,1.5));
#19020=CARTESIAN_POINT('',(200.5,-53.,1.5));
#19021=CARTESIAN_POINT('Origin',(200.,-53.,1.5));
#19022=CARTESIAN_POINT('',(200.5,-66.,1.5));
#19023=CARTESIAN_POINT('',(200.5,-53.,1.5));
#19024=CARTESIAN_POINT('',(200.,-66.5,1.5));
#19025=CARTESIAN_POINT('Origin',(200.,-66.,1.5));
#19026=CARTESIAN_POINT('',(187.,-66.5,1.5));
#19027=CARTESIAN_POINT('',(187.,-66.5,1.5));
#19028=CARTESIAN_POINT('',(186.5,-66.,1.5));
#19029=CARTESIAN_POINT('Origin',(187.,-66.,1.5));
#19030=CARTESIAN_POINT('',(186.5,-53.,1.5));
#19031=CARTESIAN_POINT('',(74.,-15.,1.5));
#19032=CARTESIAN_POINT('',(74.,-2.,1.5));
#19033=CARTESIAN_POINT('',(74.,-2.,1.5));
#19034=CARTESIAN_POINT('',(74.5,-1.5,1.5));
#19035=CARTESIAN_POINT('Origin',(74.5,-2.,1.5));
#19036=CARTESIAN_POINT('',(87.5,-1.49999999999999,1.5));
#19037=CARTESIAN_POINT('',(74.5,-1.5,1.5));
#19038=CARTESIAN_POINT('',(88.,-2.,1.5));
#19039=CARTESIAN_POINT('Origin',(87.5,-2.,1.5));
#19040=CARTESIAN_POINT('',(88.,-15.,1.5));
#19041=CARTESIAN_POINT('',(88.,-2.,1.5));
#19042=CARTESIAN_POINT('',(87.5,-15.5,1.5));
#19043=CARTESIAN_POINT('Origin',(87.5,-15.,1.5));
#19044=CARTESIAN_POINT('',(74.5,-15.5,1.5));
#19045=CARTESIAN_POINT('',(74.5,-15.5,1.5));
#19046=CARTESIAN_POINT('Origin',(74.5,-15.,1.5));
#19047=CARTESIAN_POINT('',(204.5,-53.,1.5));
#19048=CARTESIAN_POINT('',(205.,-52.5,1.5));
#19049=CARTESIAN_POINT('Origin',(205.,-53.,1.5));
#19050=CARTESIAN_POINT('',(218.,-52.5,1.5));
#19051=CARTESIAN_POINT('',(205.,-52.5,1.5));
#19052=CARTESIAN_POINT('',(218.5,-53.,1.5));
#19053=CARTESIAN_POINT('Origin',(218.,-53.,1.5));
#19054=CARTESIAN_POINT('',(218.5,-66.,1.5));
#19055=CARTESIAN_POINT('',(218.5,-53.,1.5));
#19056=CARTESIAN_POINT('',(218.,-66.5,1.5));
#19057=CARTESIAN_POINT('Origin',(218.,-66.,1.5));
#19058=CARTESIAN_POINT('',(205.,-66.5,1.5));
#19059=CARTESIAN_POINT('',(205.,-66.5,1.5));
#19060=CARTESIAN_POINT('',(204.5,-66.,1.5));
#19061=CARTESIAN_POINT('Origin',(205.,-66.,1.5));
#19062=CARTESIAN_POINT('',(204.5,-53.,1.5));
#19063=CARTESIAN_POINT('',(114.5,-53.,1.5));
#19064=CARTESIAN_POINT('',(115.,-52.5,1.5));
#19065=CARTESIAN_POINT('Origin',(115.,-53.,1.5));
#19066=CARTESIAN_POINT('',(128.,-52.5,1.5));
#19067=CARTESIAN_POINT('',(115.,-52.5,1.5));
#19068=CARTESIAN_POINT('',(128.5,-53.,1.5));
#19069=CARTESIAN_POINT('Origin',(128.,-53.,1.5));
#19070=CARTESIAN_POINT('',(128.5,-66.,1.5));
#19071=CARTESIAN_POINT('',(128.5,-53.,1.5));
#19072=CARTESIAN_POINT('',(128.,-66.5,1.5));
#19073=CARTESIAN_POINT('Origin',(128.,-66.,1.5));
#19074=CARTESIAN_POINT('',(115.,-66.5,1.5));
#19075=CARTESIAN_POINT('',(115.,-66.5,1.5));
#19076=CARTESIAN_POINT('',(114.5,-66.,1.5));
#19077=CARTESIAN_POINT('Origin',(115.,-66.,1.5));
#19078=CARTESIAN_POINT('',(114.5,-53.,1.5));
#19079=CARTESIAN_POINT('',(213.5,-36.,1.5));
#19080=CARTESIAN_POINT('',(214.,-35.5,1.5));
#19081=CARTESIAN_POINT('Origin',(214.,-36.,1.5));
#19082=CARTESIAN_POINT('',(227.,-35.5,1.5));
#19083=CARTESIAN_POINT('',(214.,-35.5,1.5));
#19084=CARTESIAN_POINT('',(227.5,-36.,1.5));
#19085=CARTESIAN_POINT('Origin',(227.,-36.,1.5));
#19086=CARTESIAN_POINT('',(227.5,-49.,1.5));
#19087=CARTESIAN_POINT('',(227.5,-36.,1.5));
#19088=CARTESIAN_POINT('',(227.,-49.5,1.5));
#19089=CARTESIAN_POINT('Origin',(227.,-49.,1.5));
#19090=CARTESIAN_POINT('',(214.,-49.5,1.5));
#19091=CARTESIAN_POINT('',(214.,-49.5,1.5));
#19092=CARTESIAN_POINT('',(213.5,-49.,1.5));
#19093=CARTESIAN_POINT('Origin',(214.,-49.,1.5));
#19094=CARTESIAN_POINT('',(213.5,-36.,1.5));
#19095=CARTESIAN_POINT('',(240.05,-38.65,1.5));
#19096=CARTESIAN_POINT('',(239.55,-38.15,1.5));
#19097=CARTESIAN_POINT('Origin',(240.05,-38.15,1.5));
#19098=CARTESIAN_POINT('',(240.4,-38.65,1.5));
#19099=CARTESIAN_POINT('',(240.9,-38.65,1.5));
#19100=CARTESIAN_POINT('',(240.9,-39.15,1.5));
#19101=CARTESIAN_POINT('Origin',(240.4,-39.15,1.5));
#19102=CARTESIAN_POINT('',(240.9,-45.,1.5));
#19103=CARTESIAN_POINT('',(240.9,-45.5,1.5));
#19104=CARTESIAN_POINT('',(240.4,-45.5,1.5));
#19105=CARTESIAN_POINT('Origin',(240.4,-45.,1.5));
#19106=CARTESIAN_POINT('',(235.1,-45.5,1.5));
#19107=CARTESIAN_POINT('',(234.6,-45.5,1.5));
#19108=CARTESIAN_POINT('',(234.6,-45.,1.5));
#19109=CARTESIAN_POINT('Origin',(235.1,-45.,1.5));
#19110=CARTESIAN_POINT('',(234.6,-39.15,1.5));
#19111=CARTESIAN_POINT('',(234.6,-38.65,1.5));
#19112=CARTESIAN_POINT('',(235.1,-38.65,1.5));
#19113=CARTESIAN_POINT('Origin',(235.1,-39.15,1.5));
#19114=CARTESIAN_POINT('',(235.45,-38.65,1.5));
#19115=CARTESIAN_POINT('',(235.95,-38.65,1.5));
#19116=CARTESIAN_POINT('',(235.95,-38.15,1.5));
#19117=CARTESIAN_POINT('Origin',(235.45,-38.15,1.5));
#19118=CARTESIAN_POINT('',(235.95,-34.5,1.5));
#19119=CARTESIAN_POINT('',(235.95,-34.,1.5));
#19120=CARTESIAN_POINT('',(236.45,-34.,1.5));
#19121=CARTESIAN_POINT('Origin',(236.45,-34.5,1.5));
#19122=CARTESIAN_POINT('',(239.05,-34.,1.5));
#19123=CARTESIAN_POINT('',(263.55,-34.,1.5));
#19124=CARTESIAN_POINT('',(239.55,-34.5,1.5));
#19125=CARTESIAN_POINT('Origin',(239.05,-34.5,1.5));
#19126=CARTESIAN_POINT('',(239.55,-38.65,1.5));
#19127=CARTESIAN_POINT('',(264.05,-38.65,1.5));
#19128=CARTESIAN_POINT('',(263.55,-38.15,1.5));
#19129=CARTESIAN_POINT('Origin',(264.05,-38.15,1.5));
#19130=CARTESIAN_POINT('',(264.4,-38.65,1.5));
#19131=CARTESIAN_POINT('',(263.55,-38.65,1.5));
#19132=CARTESIAN_POINT('',(264.9,-39.15,1.5));
#19133=CARTESIAN_POINT('Origin',(264.4,-39.15,1.5));
#19134=CARTESIAN_POINT('',(264.9,-45.,1.5));
#19135=CARTESIAN_POINT('',(264.9,-38.65,1.5));
#19136=CARTESIAN_POINT('',(264.4,-45.5,1.5));
#19137=CARTESIAN_POINT('Origin',(264.4,-45.,1.5));
#19138=CARTESIAN_POINT('',(259.1,-45.5,1.5));
#19139=CARTESIAN_POINT('',(264.9,-45.5,1.5));
#19140=CARTESIAN_POINT('',(258.6,-45.,1.5));
#19141=CARTESIAN_POINT('Origin',(259.1,-45.,1.5));
#19142=CARTESIAN_POINT('',(258.6,-39.15,1.5));
#19143=CARTESIAN_POINT('',(258.6,-45.5,1.5));
#19144=CARTESIAN_POINT('',(259.1,-38.65,1.5));
#19145=CARTESIAN_POINT('Origin',(259.1,-39.15,1.5));
#19146=CARTESIAN_POINT('',(259.45,-38.65,1.5));
#19147=CARTESIAN_POINT('',(258.6,-38.65,1.5));
#19148=CARTESIAN_POINT('',(259.95,-38.15,1.5));
#19149=CARTESIAN_POINT('Origin',(259.45,-38.15,1.5));
#19150=CARTESIAN_POINT('',(259.95,-34.5,1.5));
#19151=CARTESIAN_POINT('',(259.95,-38.65,1.5));
#19152=CARTESIAN_POINT('',(260.45,-34.,1.5));
#19153=CARTESIAN_POINT('Origin',(260.45,-34.5,1.5));
#19154=CARTESIAN_POINT('',(263.05,-34.,1.5));
#19155=CARTESIAN_POINT('',(263.55,-34.,1.5));
#19156=CARTESIAN_POINT('',(263.55,-34.5,1.5));
#19157=CARTESIAN_POINT('Origin',(263.05,-34.5,1.5));
#19158=CARTESIAN_POINT('',(263.55,-34.,1.5));
#19159=CARTESIAN_POINT('',(164.,-15.,1.5));
#19160=CARTESIAN_POINT('',(164.,-2.,1.5));
#19161=CARTESIAN_POINT('',(164.,-2.,1.5));
#19162=CARTESIAN_POINT('',(164.5,-1.5,1.5));
#19163=CARTESIAN_POINT('Origin',(164.5,-2.,1.5));
#19164=CARTESIAN_POINT('',(177.5,-1.49999999999999,1.5));
#19165=CARTESIAN_POINT('',(164.5,-1.5,1.5));
#19166=CARTESIAN_POINT('',(178.,-2.,1.5));
#19167=CARTESIAN_POINT('Origin',(177.5,-2.,1.5));
#19168=CARTESIAN_POINT('',(178.,-15.,1.5));
#19169=CARTESIAN_POINT('',(178.,-2.,1.5));
#19170=CARTESIAN_POINT('',(177.5,-15.5,1.5));
#19171=CARTESIAN_POINT('Origin',(177.5,-15.,1.5));
#19172=CARTESIAN_POINT('',(164.5,-15.5,1.5));
#19173=CARTESIAN_POINT('',(164.5,-15.5,1.5));
#19174=CARTESIAN_POINT('Origin',(164.5,-15.,1.5));
#19175=CARTESIAN_POINT('',(78.5,-53.,1.5));
#19176=CARTESIAN_POINT('',(79.,-52.5,1.5));
#19177=CARTESIAN_POINT('Origin',(79.,-53.,1.5));
#19178=CARTESIAN_POINT('',(92.,-52.5,1.5));
#19179=CARTESIAN_POINT('',(79.,-52.5,1.5));
#19180=CARTESIAN_POINT('',(92.5,-53.,1.5));
#19181=CARTESIAN_POINT('Origin',(92.,-53.,1.5));
#19182=CARTESIAN_POINT('',(92.5,-66.,1.5));
#19183=CARTESIAN_POINT('',(92.5,-53.,1.5));
#19184=CARTESIAN_POINT('',(92.,-66.5,1.5));
#19185=CARTESIAN_POINT('Origin',(92.,-66.,1.5));
#19186=CARTESIAN_POINT('',(79.,-66.5,1.5));
#19187=CARTESIAN_POINT('',(79.,-66.5,1.5));
#19188=CARTESIAN_POINT('',(78.5,-66.,1.5));
#19189=CARTESIAN_POINT('Origin',(79.,-66.,1.5));
#19190=CARTESIAN_POINT('',(78.5,-53.,1.5));
#19191=CARTESIAN_POINT('',(8.75,-36.,1.5));
#19192=CARTESIAN_POINT('',(9.25,-35.5,1.5));
#19193=CARTESIAN_POINT('Origin',(9.25,-36.,1.5));
#19194=CARTESIAN_POINT('',(22.25,-35.5,1.5));
#19195=CARTESIAN_POINT('',(9.25,-35.5,1.5));
#19196=CARTESIAN_POINT('',(22.75,-36.,1.5));
#19197=CARTESIAN_POINT('Origin',(22.25,-36.,1.5));
#19198=CARTESIAN_POINT('',(22.75,-49.,1.5));
#19199=CARTESIAN_POINT('',(22.75,-36.,1.5));
#19200=CARTESIAN_POINT('',(22.25,-49.5,1.5));
#19201=CARTESIAN_POINT('Origin',(22.25,-49.,1.5));
#19202=CARTESIAN_POINT('',(9.25,-49.5,1.5));
#19203=CARTESIAN_POINT('',(9.25,-49.5,1.5));
#19204=CARTESIAN_POINT('',(8.75,-49.,1.5));
#19205=CARTESIAN_POINT('Origin',(9.25,-49.,1.5));
#19206=CARTESIAN_POINT('',(8.75,-36.,1.5));
#19207=CARTESIAN_POINT('',(227.,-19.,1.5));
#19208=CARTESIAN_POINT('',(227.5,-18.5,1.5));
#19209=CARTESIAN_POINT('Origin',(227.5,-19.,1.5));
#19210=CARTESIAN_POINT('',(240.5,-18.5,1.5));
#19211=CARTESIAN_POINT('',(227.5,-18.5,1.5));
#19212=CARTESIAN_POINT('',(241.,-19.,1.5));
#19213=CARTESIAN_POINT('Origin',(240.5,-19.,1.5));
#19214=CARTESIAN_POINT('',(241.,-32.,1.5));
#19215=CARTESIAN_POINT('',(241.,-19.,1.5));
#19216=CARTESIAN_POINT('',(240.5,-32.5,1.5));
#19217=CARTESIAN_POINT('Origin',(240.5,-32.,1.5));
#19218=CARTESIAN_POINT('',(227.5,-32.5,1.5));
#19219=CARTESIAN_POINT('',(227.5,-32.5,1.5));
#19220=CARTESIAN_POINT('',(227.,-32.,1.5));
#19221=CARTESIAN_POINT('Origin',(227.5,-32.,1.5));
#19222=CARTESIAN_POINT('',(227.,-19.,1.5));
#19223=CARTESIAN_POINT('',(195.5,-36.,1.5));
#19224=CARTESIAN_POINT('',(196.,-35.5,1.5));
#19225=CARTESIAN_POINT('Origin',(196.,-36.,1.5));
#19226=CARTESIAN_POINT('',(209.,-35.5,1.5));
#19227=CARTESIAN_POINT('',(196.,-35.5,1.5));
#19228=CARTESIAN_POINT('',(209.5,-36.,1.5));
#19229=CARTESIAN_POINT('Origin',(209.,-36.,1.5));
#19230=CARTESIAN_POINT('',(209.5,-49.,1.5));
#19231=CARTESIAN_POINT('',(209.5,-36.,1.5));
#19232=CARTESIAN_POINT('',(209.,-49.5,1.5));
#19233=CARTESIAN_POINT('Origin',(209.,-49.,1.5));
#19234=CARTESIAN_POINT('',(196.,-49.5,1.5));
#19235=CARTESIAN_POINT('',(196.,-49.5,1.5));
#19236=CARTESIAN_POINT('',(195.5,-49.,1.5));
#19237=CARTESIAN_POINT('Origin',(196.,-49.,1.5));
#19238=CARTESIAN_POINT('',(195.5,-36.,1.5));
#19239=CARTESIAN_POINT('',(116.75,-70.,1.5));
#19240=CARTESIAN_POINT('',(117.25,-69.5,1.5));
#19241=CARTESIAN_POINT('Origin',(117.25,-70.,1.5));
#19242=CARTESIAN_POINT('',(130.25,-69.5,1.5));
#19243=CARTESIAN_POINT('',(117.25,-69.5,1.5));
#19244=CARTESIAN_POINT('',(130.75,-70.,1.5));
#19245=CARTESIAN_POINT('Origin',(130.25,-70.,1.5));
#19246=CARTESIAN_POINT('',(130.75,-83.,1.5));
#19247=CARTESIAN_POINT('',(130.75,-70.,1.5));
#19248=CARTESIAN_POINT('',(130.25,-83.5,1.5));
#19249=CARTESIAN_POINT('Origin',(130.25,-83.,1.5));
#19250=CARTESIAN_POINT('',(117.25,-83.5,1.5));
#19251=CARTESIAN_POINT('',(117.25,-83.5,1.5));
#19252=CARTESIAN_POINT('',(116.75,-83.,1.5));
#19253=CARTESIAN_POINT('Origin',(117.25,-83.,1.5));
#19254=CARTESIAN_POINT('',(116.75,-70.,1.5));
#19255=CARTESIAN_POINT('',(173.,-19.,1.5));
#19256=CARTESIAN_POINT('',(173.5,-18.5,1.5));
#19257=CARTESIAN_POINT('Origin',(173.5,-19.,1.5));
#19258=CARTESIAN_POINT('',(186.5,-18.5,1.5));
#19259=CARTESIAN_POINT('',(173.5,-18.5,1.5));
#19260=CARTESIAN_POINT('',(187.,-19.,1.5));
#19261=CARTESIAN_POINT('Origin',(186.5,-19.,1.5));
#19262=CARTESIAN_POINT('',(187.,-32.,1.5));
#19263=CARTESIAN_POINT('',(187.,-19.,1.5));
#19264=CARTESIAN_POINT('',(186.5,-32.5,1.5));
#19265=CARTESIAN_POINT('Origin',(186.5,-32.,1.5));
#19266=CARTESIAN_POINT('',(173.5,-32.5,1.5));
#19267=CARTESIAN_POINT('',(173.5,-32.5,1.5));
#19268=CARTESIAN_POINT('',(173.,-32.,1.5));
#19269=CARTESIAN_POINT('Origin',(173.5,-32.,1.5));
#19270=CARTESIAN_POINT('',(173.,-19.,1.5));
#19271=CARTESIAN_POINT('',(229.25,-66.,1.5));
#19272=CARTESIAN_POINT('',(229.25,-53.,1.5));
#19273=CARTESIAN_POINT('',(229.25,-53.,1.5));
#19274=CARTESIAN_POINT('',(229.75,-52.5,1.5));
#19275=CARTESIAN_POINT('Origin',(229.75,-53.,1.5));
#19276=CARTESIAN_POINT('',(242.75,-52.5,1.5));
#19277=CARTESIAN_POINT('',(229.75,-52.5,1.5));
#19278=CARTESIAN_POINT('',(243.25,-53.,1.5));
#19279=CARTESIAN_POINT('Origin',(242.75,-53.,1.5));
#19280=CARTESIAN_POINT('',(243.25,-66.,1.5));
#19281=CARTESIAN_POINT('',(243.25,-53.,1.5));
#19282=CARTESIAN_POINT('',(242.75,-66.5,1.5));
#19283=CARTESIAN_POINT('Origin',(242.75,-66.,1.5));
#19284=CARTESIAN_POINT('',(229.75,-66.5,1.5));
#19285=CARTESIAN_POINT('',(229.75,-66.5,1.5));
#19286=CARTESIAN_POINT('Origin',(229.75,-66.,1.5));
#19287=CARTESIAN_POINT('',(2.,-15.,1.5));
#19288=CARTESIAN_POINT('',(2.,-2.,1.5));
#19289=CARTESIAN_POINT('',(2.,-2.,1.5));
#19290=CARTESIAN_POINT('',(2.5,-1.5,1.5));
#19291=CARTESIAN_POINT('Origin',(2.5,-2.,1.5));
#19292=CARTESIAN_POINT('',(15.5,-1.5,1.5));
#19293=CARTESIAN_POINT('',(2.5,-1.5,1.5));
#19294=CARTESIAN_POINT('',(16.,-2.,1.5));
#19295=CARTESIAN_POINT('Origin',(15.5,-2.,1.5));
#19296=CARTESIAN_POINT('',(16.,-15.,1.5));
#19297=CARTESIAN_POINT('',(16.,-2.,1.5));
#19298=CARTESIAN_POINT('',(15.5,-15.5,1.5));
#19299=CARTESIAN_POINT('Origin',(15.5,-15.,1.5));
#19300=CARTESIAN_POINT('',(2.5,-15.5,1.5));
#19301=CARTESIAN_POINT('',(2.5,-15.5,1.5));
#19302=CARTESIAN_POINT('Origin',(2.5,-15.,1.5));
#19303=CARTESIAN_POINT('',(92.,-15.,1.5));
#19304=CARTESIAN_POINT('',(92.,-2.,1.5));
#19305=CARTESIAN_POINT('',(92.,-2.,1.5));
#19306=CARTESIAN_POINT('',(92.5,-1.5,1.5));
#19307=CARTESIAN_POINT('Origin',(92.5,-2.,1.5));
#19308=CARTESIAN_POINT('',(105.5,-1.49999999999999,1.5));
#19309=CARTESIAN_POINT('',(92.5,-1.5,1.5));
#19310=CARTESIAN_POINT('',(106.,-2.,1.5));
#19311=CARTESIAN_POINT('Origin',(105.5,-2.,1.5));
#19312=CARTESIAN_POINT('',(106.,-15.,1.5));
#19313=CARTESIAN_POINT('',(106.,-2.,1.5));
#19314=CARTESIAN_POINT('',(105.5,-15.5,1.5));
#19315=CARTESIAN_POINT('Origin',(105.5,-15.,1.5));
#19316=CARTESIAN_POINT('',(92.5,-15.5,1.5));
#19317=CARTESIAN_POINT('',(92.5,-15.5,1.5));
#19318=CARTESIAN_POINT('Origin',(92.5,-15.,1.5));
#19319=CARTESIAN_POINT('',(47.,-19.,1.5));
#19320=CARTESIAN_POINT('',(47.5,-18.5,1.5));
#19321=CARTESIAN_POINT('Origin',(47.5,-19.,1.5));
#19322=CARTESIAN_POINT('',(60.5,-18.5,1.5));
#19323=CARTESIAN_POINT('',(47.5,-18.5,1.5));
#19324=CARTESIAN_POINT('',(61.,-19.,1.5));
#19325=CARTESIAN_POINT('Origin',(60.5,-19.,1.5));
#19326=CARTESIAN_POINT('',(61.,-32.,1.5));
#19327=CARTESIAN_POINT('',(61.,-19.,1.5));
#19328=CARTESIAN_POINT('',(60.5,-32.5,1.5));
#19329=CARTESIAN_POINT('Origin',(60.5,-32.,1.5));
#19330=CARTESIAN_POINT('',(47.5,-32.5,1.5));
#19331=CARTESIAN_POINT('',(47.5,-32.5,1.5));
#19332=CARTESIAN_POINT('',(47.,-32.,1.5));
#19333=CARTESIAN_POINT('Origin',(47.5,-32.,1.5));
#19334=CARTESIAN_POINT('',(47.,-19.,1.5));
#19335=CARTESIAN_POINT('',(65.,-19.,1.5));
#19336=CARTESIAN_POINT('',(65.5,-18.5,1.5));
#19337=CARTESIAN_POINT('Origin',(65.5,-19.,1.5));
#19338=CARTESIAN_POINT('',(78.5,-18.5,1.5));
#19339=CARTESIAN_POINT('',(65.5,-18.5,1.5));
#19340=CARTESIAN_POINT('',(79.,-19.,1.5));
#19341=CARTESIAN_POINT('Origin',(78.5,-19.,1.5));
#19342=CARTESIAN_POINT('',(79.,-32.,1.5));
#19343=CARTESIAN_POINT('',(79.,-19.,1.5));
#19344=CARTESIAN_POINT('',(78.5,-32.5,1.5));
#19345=CARTESIAN_POINT('Origin',(78.5,-32.,1.5));
#19346=CARTESIAN_POINT('',(65.5,-32.5,1.5));
#19347=CARTESIAN_POINT('',(65.5,-32.5,1.5));
#19348=CARTESIAN_POINT('',(65.,-32.,1.5));
#19349=CARTESIAN_POINT('Origin',(65.5,-32.,1.5));
#19350=CARTESIAN_POINT('',(65.,-19.,1.5));
#19351=CARTESIAN_POINT('',(87.5,-36.,1.5));
#19352=CARTESIAN_POINT('',(88.,-35.5,1.5));
#19353=CARTESIAN_POINT('Origin',(88.,-36.,1.5));
#19354=CARTESIAN_POINT('',(101.,-35.5,1.5));
#19355=CARTESIAN_POINT('',(88.,-35.5,1.5));
#19356=CARTESIAN_POINT('',(101.5,-36.,1.5));
#19357=CARTESIAN_POINT('Origin',(101.,-36.,1.5));
#19358=CARTESIAN_POINT('',(101.5,-49.,1.5));
#19359=CARTESIAN_POINT('',(101.5,-36.,1.5));
#19360=CARTESIAN_POINT('',(101.,-49.5,1.5));
#19361=CARTESIAN_POINT('Origin',(101.,-49.,1.5));
#19362=CARTESIAN_POINT('',(88.,-49.5,1.5));
#19363=CARTESIAN_POINT('',(88.,-49.5,1.5));
#19364=CARTESIAN_POINT('',(87.5,-49.,1.5));
#19365=CARTESIAN_POINT('Origin',(88.,-49.,1.5));
#19366=CARTESIAN_POINT('',(87.5,-36.,1.5));
#19367=CARTESIAN_POINT('',(13.25,-53.,1.5));
#19368=CARTESIAN_POINT('',(13.75,-52.5,1.5));
#19369=CARTESIAN_POINT('Origin',(13.75,-53.,1.5));
#19370=CARTESIAN_POINT('',(26.75,-52.5,1.5));
#19371=CARTESIAN_POINT('',(13.75,-52.5,1.5));
#19372=CARTESIAN_POINT('',(27.25,-53.,1.5));
#19373=CARTESIAN_POINT('Origin',(26.75,-53.,1.5));
#19374=CARTESIAN_POINT('',(27.25,-66.,1.5));
#19375=CARTESIAN_POINT('',(27.25,-53.,1.5));
#19376=CARTESIAN_POINT('',(26.75,-66.5,1.5));
#19377=CARTESIAN_POINT('Origin',(26.75,-66.,1.5));
#19378=CARTESIAN_POINT('',(13.75,-66.5,1.5));
#19379=CARTESIAN_POINT('',(13.75,-66.5,1.5));
#19380=CARTESIAN_POINT('',(13.25,-66.,1.5));
#19381=CARTESIAN_POINT('Origin',(13.75,-66.,1.5));
#19382=CARTESIAN_POINT('',(13.25,-53.,1.5));
#19383=CARTESIAN_POINT('',(110.,-15.,1.5));
#19384=CARTESIAN_POINT('',(110.,-2.,1.5));
#19385=CARTESIAN_POINT('',(110.,-2.,1.5));
#19386=CARTESIAN_POINT('',(110.5,-1.5,1.5));
#19387=CARTESIAN_POINT('Origin',(110.5,-2.,1.5));
#19388=CARTESIAN_POINT('',(123.5,-1.50000000000001,1.5));
#19389=CARTESIAN_POINT('',(110.5,-1.5,1.5));
#19390=CARTESIAN_POINT('',(124.,-2.,1.5));
#19391=CARTESIAN_POINT('Origin',(123.5,-2.,1.5));
#19392=CARTESIAN_POINT('',(124.,-15.,1.5));
#19393=CARTESIAN_POINT('',(124.,-2.,1.5));
#19394=CARTESIAN_POINT('',(123.5,-15.5,1.5));
#19395=CARTESIAN_POINT('Origin',(123.5,-15.,1.5));
#19396=CARTESIAN_POINT('',(110.5,-15.5,1.5));
#19397=CARTESIAN_POINT('',(110.5,-15.5,1.5));
#19398=CARTESIAN_POINT('Origin',(110.5,-15.,1.5));
#19399=CARTESIAN_POINT('',(105.5,-36.,1.5));
#19400=CARTESIAN_POINT('',(106.,-35.5,1.5));
#19401=CARTESIAN_POINT('Origin',(106.,-36.,1.5));
#19402=CARTESIAN_POINT('',(119.,-35.5,1.5));
#19403=CARTESIAN_POINT('',(106.,-35.5,1.5));
#19404=CARTESIAN_POINT('',(119.5,-36.,1.5));
#19405=CARTESIAN_POINT('Origin',(119.,-36.,1.5));
#19406=CARTESIAN_POINT('',(119.5,-49.,1.5));
#19407=CARTESIAN_POINT('',(119.5,-36.,1.5));
#19408=CARTESIAN_POINT('',(119.,-49.5,1.5));
#19409=CARTESIAN_POINT('Origin',(119.,-49.,1.5));
#19410=CARTESIAN_POINT('',(106.,-49.5,1.5));
#19411=CARTESIAN_POINT('',(106.,-49.5,1.5));
#19412=CARTESIAN_POINT('',(105.5,-49.,1.5));
#19413=CARTESIAN_POINT('Origin',(106.,-49.,1.5));
#19414=CARTESIAN_POINT('',(105.5,-36.,1.5));
#19415=CARTESIAN_POINT('',(29.,-19.,1.5));
#19416=CARTESIAN_POINT('',(29.5,-18.5,1.5));
#19417=CARTESIAN_POINT('Origin',(29.5,-19.,1.5));
#19418=CARTESIAN_POINT('',(42.5,-18.5,1.5));
#19419=CARTESIAN_POINT('',(29.5,-18.5,1.5));
#19420=CARTESIAN_POINT('',(43.,-19.,1.5));
#19421=CARTESIAN_POINT('Origin',(42.5,-19.,1.5));
#19422=CARTESIAN_POINT('',(43.,-32.,1.5));
#19423=CARTESIAN_POINT('',(43.,-19.,1.5));
#19424=CARTESIAN_POINT('',(42.5,-32.5,1.5));
#19425=CARTESIAN_POINT('Origin',(42.5,-32.,1.5));
#19426=CARTESIAN_POINT('',(29.5,-32.5,1.5));
#19427=CARTESIAN_POINT('',(29.5,-32.5,1.5));
#19428=CARTESIAN_POINT('',(29.,-32.,1.5));
#19429=CARTESIAN_POINT('Origin',(29.5,-32.,1.5));
#19430=CARTESIAN_POINT('',(29.,-19.,1.5));
#19431=CARTESIAN_POINT('',(201.3,-93.,1.5));
#19432=CARTESIAN_POINT('Origin',(202.5,-93.,1.5));
#19433=CARTESIAN_POINT('',(-9.2,-0.7,1.5));
#19434=CARTESIAN_POINT('Origin',(-8.,-0.7,1.5));
#19435=CARTESIAN_POINT('',(276.8,-0.7,1.5));
#19436=CARTESIAN_POINT('Origin',(278.,-0.7,1.5));
#19437=CARTESIAN_POINT('Origin',(226.5,-86.5,0.));
#19438=CARTESIAN_POINT('',(226.5,-87.,0.));
#19439=CARTESIAN_POINT('',(226.5,-87.,0.));
#19440=CARTESIAN_POINT('',(227.,-86.5,0.));
#19441=CARTESIAN_POINT('Origin',(226.5,-86.5,0.));
#19442=CARTESIAN_POINT('',(227.,-86.5,0.));
#19443=CARTESIAN_POINT('Origin',(205.2,-87.,0.));
#19444=CARTESIAN_POINT('',(205.7,-87.,0.));
#19445=CARTESIAN_POINT('',(205.7,-87.,0.));
#19446=CARTESIAN_POINT('',(227.,-87.,0.));
#19447=CARTESIAN_POINT('Origin',(34.55,-55.15,0.));
#19448=CARTESIAN_POINT('',(34.05,-55.15,0.));
#19449=CARTESIAN_POINT('',(34.05,-55.15,0.));
#19450=CARTESIAN_POINT('',(34.55,-55.65,0.));
#19451=CARTESIAN_POINT('Origin',(34.55,-55.15,0.));
#19452=CARTESIAN_POINT('',(34.55,-55.65,0.));
#19453=CARTESIAN_POINT('Origin',(34.05,-51.,0.));
#19454=CARTESIAN_POINT('',(34.05,-51.5,0.));
#19455=CARTESIAN_POINT('',(34.05,-51.5,0.));
#19456=CARTESIAN_POINT('',(34.05,-55.65,0.));
#19457=CARTESIAN_POINT('Origin',(29.95,-55.15,0.));
#19458=CARTESIAN_POINT('',(29.95,-55.65,0.));
#19459=CARTESIAN_POINT('',(29.95,-55.65,0.));
#19460=CARTESIAN_POINT('',(30.45,-55.15,0.));
#19461=CARTESIAN_POINT('Origin',(29.95,-55.15,0.));
#19462=CARTESIAN_POINT('',(30.45,-55.15,0.));
#19463=CARTESIAN_POINT('Origin',(29.1,-55.65,0.));
#19464=CARTESIAN_POINT('',(29.6,-55.65,0.));
#19465=CARTESIAN_POINT('',(29.6,-55.65,0.));
#19466=CARTESIAN_POINT('',(30.45,-55.65,0.));
#19467=CARTESIAN_POINT('Origin',(71.4500000000001,-72.15,0.));
#19468=CARTESIAN_POINT('',(71.4500000000001,-72.65,0.));
#19469=CARTESIAN_POINT('',(71.4500000000001,-72.65,0.));
#19470=CARTESIAN_POINT('',(71.9500000000001,-72.15,0.));
#19471=CARTESIAN_POINT('Origin',(71.4500000000001,-72.15,0.));
#19472=CARTESIAN_POINT('',(71.9500000000001,-72.15,0.));
#19473=CARTESIAN_POINT('Origin',(70.6000000000001,-72.65,0.));
#19474=CARTESIAN_POINT('',(71.1000000000001,-72.65,0.));
#19475=CARTESIAN_POINT('',(71.1000000000001,-72.65,0.));
#19476=CARTESIAN_POINT('',(71.9500000000001,-72.65,0.));
#19477=CARTESIAN_POINT('Origin',(76.0500000000001,-72.15,0.));
#19478=CARTESIAN_POINT('',(75.5500000000001,-72.15,0.));
#19479=CARTESIAN_POINT('',(75.5500000000001,-72.15,0.));
#19480=CARTESIAN_POINT('',(76.0500000000001,-72.65,0.));
#19481=CARTESIAN_POINT('Origin',(76.0500000000001,-72.15,0.));
#19482=CARTESIAN_POINT('',(76.0500000000001,-72.65,0.));
#19483=CARTESIAN_POINT('Origin',(75.5500000000001,-68.,0.));
#19484=CARTESIAN_POINT('',(75.5500000000001,-68.5,0.));
#19485=CARTESIAN_POINT('',(75.5500000000001,-68.5,0.));
#19486=CARTESIAN_POINT('',(75.5500000000001,-72.65,0.));
#19487=CARTESIAN_POINT('Origin',(171.45,-72.15,0.));
#19488=CARTESIAN_POINT('',(171.45,-72.65,0.));
#19489=CARTESIAN_POINT('',(171.45,-72.65,0.));
#19490=CARTESIAN_POINT('',(171.95,-72.15,0.));
#19491=CARTESIAN_POINT('Origin',(171.45,-72.15,0.));
#19492=CARTESIAN_POINT('',(171.95,-72.15,0.));
#19493=CARTESIAN_POINT('Origin',(170.6,-72.65,0.));
#19494=CARTESIAN_POINT('',(171.1,-72.65,0.));
#19495=CARTESIAN_POINT('',(171.1,-72.65,0.));
#19496=CARTESIAN_POINT('',(170.6,-72.65,0.));
#19497=CARTESIAN_POINT('Origin',(176.05,-72.15,0.));
#19498=CARTESIAN_POINT('',(175.55,-72.15,0.));
#19499=CARTESIAN_POINT('',(175.55,-72.15,0.));
#19500=CARTESIAN_POINT('',(176.05,-72.65,0.));
#19501=CARTESIAN_POINT('Origin',(176.05,-72.15,0.));
#19502=CARTESIAN_POINT('',(176.05,-72.65,0.));
#19503=CARTESIAN_POINT('Origin',(175.55,-68.,0.));
#19504=CARTESIAN_POINT('',(175.55,-68.5,0.));
#19505=CARTESIAN_POINT('',(175.55,-68.5,0.));
#19506=CARTESIAN_POINT('',(175.55,-68.,0.));
#19507=CARTESIAN_POINT('Origin',(10.55,-55.15,0.));
#19508=CARTESIAN_POINT('',(10.05,-55.15,0.));
#19509=CARTESIAN_POINT('',(10.05,-55.15,0.));
#19510=CARTESIAN_POINT('',(10.55,-55.65,0.));
#19511=CARTESIAN_POINT('Origin',(10.55,-55.15,0.));
#19512=CARTESIAN_POINT('',(10.55,-55.65,0.));
#19513=CARTESIAN_POINT('Origin',(10.05,-51.,0.));
#19514=CARTESIAN_POINT('',(10.05,-51.5,0.));
#19515=CARTESIAN_POINT('',(10.05,-51.5,0.));
#19516=CARTESIAN_POINT('',(10.05,-55.65,0.));
#19517=CARTESIAN_POINT('Origin',(5.95000000000001,-55.15,0.));
#19518=CARTESIAN_POINT('',(5.95000000000001,-55.65,0.));
#19519=CARTESIAN_POINT('',(5.95000000000001,-55.65,0.));
#19520=CARTESIAN_POINT('',(6.45000000000001,-55.15,0.));
#19521=CARTESIAN_POINT('Origin',(5.95000000000001,-55.15,0.));
#19522=CARTESIAN_POINT('',(6.45000000000001,-55.15,0.));
#19523=CARTESIAN_POINT('Origin',(5.10000000000001,-55.65,0.));
#19524=CARTESIAN_POINT('',(5.60000000000001,-55.65,0.));
#19525=CARTESIAN_POINT('',(5.60000000000001,-55.65,0.));
#19526=CARTESIAN_POINT('',(6.45000000000001,-55.65,0.));
#19527=CARTESIAN_POINT('Origin',(264.05,-38.15,0.));
#19528=CARTESIAN_POINT('',(263.55,-38.15,0.));
#19529=CARTESIAN_POINT('',(263.55,-38.15,0.));
#19530=CARTESIAN_POINT('',(264.05,-38.65,0.));
#19531=CARTESIAN_POINT('Origin',(264.05,-38.15,0.));
#19532=CARTESIAN_POINT('',(264.05,-38.65,0.));
#19533=CARTESIAN_POINT('Origin',(263.55,-34.,0.));
#19534=CARTESIAN_POINT('',(263.55,-34.5,0.));
#19535=CARTESIAN_POINT('',(263.55,-34.5,0.));
#19536=CARTESIAN_POINT('',(263.55,-34.,0.));
#19537=CARTESIAN_POINT('Origin',(259.45,-38.15,0.));
#19538=CARTESIAN_POINT('',(259.45,-38.65,0.));
#19539=CARTESIAN_POINT('',(259.45,-38.65,0.));
#19540=CARTESIAN_POINT('',(259.95,-38.15,0.));
#19541=CARTESIAN_POINT('Origin',(259.45,-38.15,0.));
#19542=CARTESIAN_POINT('',(259.95,-38.15,0.));
#19543=CARTESIAN_POINT('Origin',(258.6,-38.65,0.));
#19544=CARTESIAN_POINT('',(259.1,-38.65,0.));
#19545=CARTESIAN_POINT('',(259.1,-38.65,0.));
#19546=CARTESIAN_POINT('',(258.6,-38.65,0.));
#19547=CARTESIAN_POINT('Origin',(240.05,-38.15,0.));
#19548=CARTESIAN_POINT('',(239.55,-38.15,0.));
#19549=CARTESIAN_POINT('',(239.55,-38.15,0.));
#19550=CARTESIAN_POINT('',(240.05,-38.65,0.));
#19551=CARTESIAN_POINT('Origin',(240.05,-38.15,0.));
#19552=CARTESIAN_POINT('',(240.05,-38.65,0.));
#19553=CARTESIAN_POINT('Origin',(239.55,-34.,0.));
#19554=CARTESIAN_POINT('',(239.55,-34.5,0.));
#19555=CARTESIAN_POINT('',(239.55,-34.5,0.));
#19556=CARTESIAN_POINT('',(239.55,-38.65,0.));
#19557=CARTESIAN_POINT('Origin',(235.45,-38.15,0.));
#19558=CARTESIAN_POINT('',(235.45,-38.65,0.));
#19559=CARTESIAN_POINT('',(235.45,-38.65,0.));
#19560=CARTESIAN_POINT('',(235.95,-38.15,0.));
#19561=CARTESIAN_POINT('Origin',(235.45,-38.15,0.));
#19562=CARTESIAN_POINT('',(235.95,-38.15,0.));
#19563=CARTESIAN_POINT('Origin',(235.95,-38.65,0.));
#19564=CARTESIAN_POINT('',(235.95,-34.5,0.));
#19565=CARTESIAN_POINT('',(235.95,-34.,0.));
#19566=CARTESIAN_POINT('',(235.95,-34.5,0.));
#19567=CARTESIAN_POINT('Origin',(-2.5,-3.9,0.));
#19568=CARTESIAN_POINT('',(-2.5,-3.4,0.));
#19569=CARTESIAN_POINT('',(-2.,-3.9,0.));
#19570=CARTESIAN_POINT('Origin',(-2.5,-3.9,0.));
#19571=CARTESIAN_POINT('',(-2.,-3.9,0.));
#19572=CARTESIAN_POINT('',(-2.5,-3.4,0.));
#19573=CARTESIAN_POINT('Origin',(-2.,-3.4,0.));
#19574=CARTESIAN_POINT('',(-2.00000000000001,-64.1,0.));
#19575=CARTESIAN_POINT('',(-2.00000000000001,-70.,0.));
#19576=CARTESIAN_POINT('',(-2.00000000000001,-64.1,0.));
#19577=CARTESIAN_POINT('Origin',(68.8,2.5,0.));
#19578=CARTESIAN_POINT('',(69.3,2.5,0.));
#19579=CARTESIAN_POINT('',(68.8,2.,0.));
#19580=CARTESIAN_POINT('Origin',(68.8,2.5,0.));
#19581=CARTESIAN_POINT('',(68.8,2.,0.));
#19582=CARTESIAN_POINT('',(69.3,2.5,0.));
#19583=CARTESIAN_POINT('Origin',(69.3,2.,0.));
#19584=CARTESIAN_POINT('',(-2.,2.,0.));
#19585=CARTESIAN_POINT('',(-2.,2.,0.));
#19586=CARTESIAN_POINT('',(-2.,2.,0.));
#19587=CARTESIAN_POINT('Origin',(75.2,2.5,0.));
#19588=CARTESIAN_POINT('',(75.2,2.,0.));
#19589=CARTESIAN_POINT('',(74.7,2.5,0.));
#19590=CARTESIAN_POINT('Origin',(75.2,2.5,0.));
#19591=CARTESIAN_POINT('',(74.7,2.5,0.));
#19592=CARTESIAN_POINT('',(75.2,2.,0.));
#19593=CARTESIAN_POINT('Origin',(74.7,2.,0.));
#19594=CARTESIAN_POINT('',(74.7,8.,0.));
#19595=CARTESIAN_POINT('',(74.7,8.,0.));
#19596=CARTESIAN_POINT('',(74.7,8.,0.));
#19597=CARTESIAN_POINT('Origin',(194.8,2.5,0.));
#19598=CARTESIAN_POINT('',(195.3,2.5,0.));
#19599=CARTESIAN_POINT('',(194.8,2.,0.));
#19600=CARTESIAN_POINT('Origin',(194.8,2.5,0.));
#19601=CARTESIAN_POINT('',(194.8,2.,0.));
#19602=CARTESIAN_POINT('',(195.3,2.5,0.));
#19603=CARTESIAN_POINT('Origin',(195.3,2.,0.));
#19604=CARTESIAN_POINT('',(-2.,2.,0.));
#19605=CARTESIAN_POINT('Origin',(201.2,2.5,0.));
#19606=CARTESIAN_POINT('',(201.2,2.,0.));
#19607=CARTESIAN_POINT('',(200.7,2.5,0.));
#19608=CARTESIAN_POINT('Origin',(201.2,2.5,0.));
#19609=CARTESIAN_POINT('',(200.7,2.5,0.));
#19610=CARTESIAN_POINT('',(201.2,2.,0.));
#19611=CARTESIAN_POINT('Origin',(200.7,2.,0.));
#19612=CARTESIAN_POINT('',(200.7,8.,0.));
#19613=CARTESIAN_POINT('',(200.7,8.,0.));
#19614=CARTESIAN_POINT('',(200.7,8.,0.));
#19615=CARTESIAN_POINT('Origin',(272.5,-3.9,0.));
#19616=CARTESIAN_POINT('',(272.,-3.9,0.));
#19617=CARTESIAN_POINT('',(272.5,-3.4,0.));
#19618=CARTESIAN_POINT('Origin',(272.5,-3.9,0.));
#19619=CARTESIAN_POINT('',(272.5,-3.4,0.));
#19620=CARTESIAN_POINT('',(272.,-3.9,0.));
#19621=CARTESIAN_POINT('Origin',(272.,-3.4,0.));
#19622=CARTESIAN_POINT('',(278.,-3.4,0.));
#19623=CARTESIAN_POINT('',(278.,-3.4,0.));
#19624=CARTESIAN_POINT('',(278.,-3.4,0.));
#19625=CARTESIAN_POINT('Origin',(272.5,-64.1,0.));
#19626=CARTESIAN_POINT('',(272.5,-64.6,0.));
#19627=CARTESIAN_POINT('',(272.,-64.1,0.));
#19628=CARTESIAN_POINT('Origin',(272.5,-64.1,0.));
#19629=CARTESIAN_POINT('',(272.,-64.1,0.));
#19630=CARTESIAN_POINT('',(272.5,-64.6,0.));
#19631=CARTESIAN_POINT('Origin',(272.,-64.6,0.));
#19632=CARTESIAN_POINT('',(272.,2.,0.));
#19633=CARTESIAN_POINT('Origin',(227.5,-70.5,0.));
#19634=CARTESIAN_POINT('',(227.,-70.5,0.));
#19635=CARTESIAN_POINT('',(227.5,-70.,0.));
#19636=CARTESIAN_POINT('Origin',(227.5,-70.5,0.));
#19637=CARTESIAN_POINT('',(227.5,-70.,0.));
#19638=CARTESIAN_POINT('',(227.,-70.5,0.));
#19639=CARTESIAN_POINT('Origin',(227.,-70.,0.));
#19640=CARTESIAN_POINT('',(272.,-70.,0.));
#19641=CARTESIAN_POINT('',(272.,-70.,0.));
#19642=CARTESIAN_POINT('',(272.,-70.,0.));
#19643=CARTESIAN_POINT('Origin',(199.3,-87.5,0.));
#19644=CARTESIAN_POINT('',(199.3,-87.,0.));
#19645=CARTESIAN_POINT('',(199.8,-87.5,0.));
#19646=CARTESIAN_POINT('Origin',(199.3,-87.5,0.));
#19647=CARTESIAN_POINT('',(199.8,-87.5,0.));
#19648=CARTESIAN_POINT('',(199.3,-87.,0.));
#19649=CARTESIAN_POINT('Origin',(199.8,-87.,0.));
#19650=CARTESIAN_POINT('',(199.8,-93.,0.));
#19651=CARTESIAN_POINT('',(199.8,-93.,0.));
#19652=CARTESIAN_POINT('',(199.8,-93.,0.));
#19653=CARTESIAN_POINT('Origin',(205.7,-87.5,0.));
#19654=CARTESIAN_POINT('',(205.2,-87.5,0.));
#19655=CARTESIAN_POINT('Origin',(205.7,-87.5,0.));
#19656=CARTESIAN_POINT('',(205.2,-87.5,0.));
#19657=CARTESIAN_POINT('Origin',(64.3,-87.5,0.));
#19658=CARTESIAN_POINT('',(64.3,-87.,0.));
#19659=CARTESIAN_POINT('',(64.8,-87.5,0.));
#19660=CARTESIAN_POINT('Origin',(64.3,-87.5,0.));
#19661=CARTESIAN_POINT('',(64.8,-87.5,0.));
#19662=CARTESIAN_POINT('',(64.3,-87.,0.));
#19663=CARTESIAN_POINT('Origin',(64.8,-87.,0.));
#19664=CARTESIAN_POINT('',(64.8,-93.,0.));
#19665=CARTESIAN_POINT('',(64.8,-93.,0.));
#19666=CARTESIAN_POINT('',(64.8,-93.,0.));
#19667=CARTESIAN_POINT('Origin',(70.7,-87.5,0.));
#19668=CARTESIAN_POINT('',(70.2,-87.5,0.));
#19669=CARTESIAN_POINT('',(70.7,-87.,0.));
#19670=CARTESIAN_POINT('Origin',(70.7,-87.5,0.));
#19671=CARTESIAN_POINT('',(70.7,-87.,0.));
#19672=CARTESIAN_POINT('',(70.2,-87.5,0.));
#19673=CARTESIAN_POINT('Origin',(70.2,-87.,0.));
#19674=CARTESIAN_POINT('',(227.,-87.,0.));
#19675=CARTESIAN_POINT('Origin',(20.,-70.5,0.));
#19676=CARTESIAN_POINT('',(20.,-70.,0.));
#19677=CARTESIAN_POINT('Origin',(20.,-70.5,0.));
#19678=CARTESIAN_POINT('',(20.,-70.,0.));
#19679=CARTESIAN_POINT('Origin',(-2.50000000000001,-64.1,0.));
#19680=CARTESIAN_POINT('',(-2.50000000000001,-64.6,0.));
#19681=CARTESIAN_POINT('Origin',(-2.50000000000001,-64.1,0.));
#19682=CARTESIAN_POINT('',(-2.50000000000001,-64.6,0.));
#19683=CARTESIAN_POINT('Origin',(-2.00000000000001,-64.6,0.));
#19684=CARTESIAN_POINT('',(-8.,-64.6,0.));
#19685=CARTESIAN_POINT('',(-8.,-64.6,0.));
#19686=CARTESIAN_POINT('',(-8.,-64.6,0.));
#19687=CARTESIAN_POINT('Origin',(236.45,-34.5,0.));
#19688=CARTESIAN_POINT('',(236.45,-34.,0.));
#19689=CARTESIAN_POINT('Origin',(236.45,-34.5,0.));
#19690=CARTESIAN_POINT('',(236.45,-34.,0.));
#19691=CARTESIAN_POINT('Origin',(235.95,-34.,0.));
#19692=CARTESIAN_POINT('',(239.05,-34.,0.));
#19693=CARTESIAN_POINT('',(263.55,-34.,0.));
#19694=CARTESIAN_POINT('',(239.05,-34.,0.));
#19695=CARTESIAN_POINT('Origin',(239.05,-34.5,0.));
#19696=CARTESIAN_POINT('Origin',(239.05,-34.5,0.));
#19697=CARTESIAN_POINT('Origin',(240.4,-39.15,0.));
#19698=CARTESIAN_POINT('',(240.4,-38.65,0.));
#19699=CARTESIAN_POINT('',(240.9,-39.15,0.));
#19700=CARTESIAN_POINT('Origin',(240.4,-39.15,0.));
#19701=CARTESIAN_POINT('',(240.9,-39.15,0.));
#19702=CARTESIAN_POINT('',(240.4,-38.65,0.));
#19703=CARTESIAN_POINT('Origin',(240.9,-38.65,0.));
#19704=CARTESIAN_POINT('',(240.9,-45.,0.));
#19705=CARTESIAN_POINT('',(240.9,-45.5,0.));
#19706=CARTESIAN_POINT('',(240.9,-45.,0.));
#19707=CARTESIAN_POINT('Origin',(235.1,-39.15,0.));
#19708=CARTESIAN_POINT('',(234.6,-39.15,0.));
#19709=CARTESIAN_POINT('',(235.1,-38.65,0.));
#19710=CARTESIAN_POINT('Origin',(235.1,-39.15,0.));
#19711=CARTESIAN_POINT('',(235.1,-38.65,0.));
#19712=CARTESIAN_POINT('',(234.6,-39.15,0.));
#19713=CARTESIAN_POINT('Origin',(234.6,-38.65,0.));
#19714=CARTESIAN_POINT('',(235.95,-38.65,0.));
#19715=CARTESIAN_POINT('Origin',(235.1,-45.,0.));
#19716=CARTESIAN_POINT('',(235.1,-45.5,0.));
#19717=CARTESIAN_POINT('',(234.6,-45.,0.));
#19718=CARTESIAN_POINT('Origin',(235.1,-45.,0.));
#19719=CARTESIAN_POINT('',(234.6,-45.,0.));
#19720=CARTESIAN_POINT('',(235.1,-45.5,0.));
#19721=CARTESIAN_POINT('Origin',(234.6,-45.5,0.));
#19722=CARTESIAN_POINT('',(234.6,-38.65,0.));
#19723=CARTESIAN_POINT('Origin',(240.4,-45.,0.));
#19724=CARTESIAN_POINT('',(240.4,-45.5,0.));
#19725=CARTESIAN_POINT('Origin',(240.4,-45.,0.));
#19726=CARTESIAN_POINT('',(240.4,-45.5,0.));
#19727=CARTESIAN_POINT('Origin',(240.9,-45.5,0.));
#19728=CARTESIAN_POINT('',(234.6,-45.5,0.));
#19729=CARTESIAN_POINT('Origin',(260.45,-34.5,0.));
#19730=CARTESIAN_POINT('',(259.95,-34.5,0.));
#19731=CARTESIAN_POINT('',(260.45,-34.,0.));
#19732=CARTESIAN_POINT('Origin',(260.45,-34.5,0.));
#19733=CARTESIAN_POINT('',(260.45,-34.,0.));
#19734=CARTESIAN_POINT('',(259.95,-34.5,0.));
#19735=CARTESIAN_POINT('Origin',(259.95,-34.,0.));
#19736=CARTESIAN_POINT('',(263.05,-34.,0.));
#19737=CARTESIAN_POINT('',(263.55,-34.,0.));
#19738=CARTESIAN_POINT('',(263.05,-34.,0.));
#19739=CARTESIAN_POINT('Origin',(263.05,-34.5,0.));
#19740=CARTESIAN_POINT('Origin',(263.05,-34.5,0.));
#19741=CARTESIAN_POINT('Origin',(264.4,-39.15,0.));
#19742=CARTESIAN_POINT('',(264.4,-38.65,0.));
#19743=CARTESIAN_POINT('',(264.9,-39.15,0.));
#19744=CARTESIAN_POINT('Origin',(264.4,-39.15,0.));
#19745=CARTESIAN_POINT('',(264.9,-39.15,0.));
#19746=CARTESIAN_POINT('',(264.4,-38.65,0.));
#19747=CARTESIAN_POINT('Origin',(264.9,-38.65,0.));
#19748=CARTESIAN_POINT('',(264.9,-45.,0.));
#19749=CARTESIAN_POINT('',(264.9,-38.65,0.));
#19750=CARTESIAN_POINT('',(264.9,-45.,0.));
#19751=CARTESIAN_POINT('Origin',(259.1,-39.15,0.));
#19752=CARTESIAN_POINT('',(258.6,-39.15,0.));
#19753=CARTESIAN_POINT('Origin',(259.1,-39.15,0.));
#19754=CARTESIAN_POINT('',(258.6,-39.15,0.));
#19755=CARTESIAN_POINT('Origin',(259.1,-45.,0.));
#19756=CARTESIAN_POINT('',(259.1,-45.5,0.));
#19757=CARTESIAN_POINT('',(258.6,-45.,0.));
#19758=CARTESIAN_POINT('Origin',(259.1,-45.,0.));
#19759=CARTESIAN_POINT('',(258.6,-45.,0.));
#19760=CARTESIAN_POINT('',(259.1,-45.5,0.));
#19761=CARTESIAN_POINT('Origin',(258.6,-45.5,0.));
#19762=CARTESIAN_POINT('',(258.6,-45.5,0.));
#19763=CARTESIAN_POINT('Origin',(264.4,-45.,0.));
#19764=CARTESIAN_POINT('',(264.4,-45.5,0.));
#19765=CARTESIAN_POINT('Origin',(264.4,-45.,0.));
#19766=CARTESIAN_POINT('',(264.4,-45.5,0.));
#19767=CARTESIAN_POINT('Origin',(264.9,-45.5,0.));
#19768=CARTESIAN_POINT('',(264.9,-45.5,0.));
#19769=CARTESIAN_POINT('Origin',(6.95000000000001,-51.5,0.));
#19770=CARTESIAN_POINT('',(6.45000000000001,-51.5,0.));
#19771=CARTESIAN_POINT('',(6.95000000000002,-51.,0.));
#19772=CARTESIAN_POINT('Origin',(6.95000000000001,-51.5,0.));
#19773=CARTESIAN_POINT('',(6.95000000000001,-51.,0.));
#19774=CARTESIAN_POINT('',(6.45000000000001,-51.5,0.));
#19775=CARTESIAN_POINT('Origin',(6.45000000000001,-51.,0.));
#19776=CARTESIAN_POINT('',(9.55000000000001,-51.,0.));
#19777=CARTESIAN_POINT('',(34.05,-51.,0.));
#19778=CARTESIAN_POINT('',(9.55000000000001,-51.,0.));
#19779=CARTESIAN_POINT('Origin',(9.55000000000001,-51.5,0.));
#19780=CARTESIAN_POINT('Origin',(9.55000000000001,-51.5,0.));
#19781=CARTESIAN_POINT('Origin',(10.9,-56.15,0.));
#19782=CARTESIAN_POINT('',(10.9,-55.65,0.));
#19783=CARTESIAN_POINT('',(11.4,-56.15,0.));
#19784=CARTESIAN_POINT('Origin',(10.9,-56.15,0.));
#19785=CARTESIAN_POINT('',(11.4,-56.15,0.));
#19786=CARTESIAN_POINT('',(10.9,-55.65,0.));
#19787=CARTESIAN_POINT('Origin',(11.4,-55.65,0.));
#19788=CARTESIAN_POINT('',(11.4,-62.,0.));
#19789=CARTESIAN_POINT('',(11.4,-62.5,0.));
#19790=CARTESIAN_POINT('',(11.4,-62.,0.));
#19791=CARTESIAN_POINT('Origin',(5.60000000000001,-56.15,0.));
#19792=CARTESIAN_POINT('',(5.10000000000001,-56.15,0.));
#19793=CARTESIAN_POINT('Origin',(5.60000000000001,-56.15,0.));
#19794=CARTESIAN_POINT('',(5.10000000000001,-56.15,0.));
#19795=CARTESIAN_POINT('Origin',(5.60000000000001,-62.,0.));
#19796=CARTESIAN_POINT('',(5.60000000000001,-62.5,0.));
#19797=CARTESIAN_POINT('',(5.10000000000001,-62.,0.));
#19798=CARTESIAN_POINT('Origin',(5.60000000000001,-62.,0.));
#19799=CARTESIAN_POINT('',(5.10000000000001,-62.,0.));
#19800=CARTESIAN_POINT('',(5.60000000000001,-62.5,0.));
#19801=CARTESIAN_POINT('Origin',(5.10000000000001,-62.5,0.));
#19802=CARTESIAN_POINT('',(5.10000000000001,-55.65,0.));
#19803=CARTESIAN_POINT('Origin',(10.9,-62.,0.));
#19804=CARTESIAN_POINT('',(10.9,-62.5,0.));
#19805=CARTESIAN_POINT('Origin',(10.9,-62.,0.));
#19806=CARTESIAN_POINT('',(10.9,-62.5,0.));
#19807=CARTESIAN_POINT('Origin',(11.4,-62.5,0.));
#19808=CARTESIAN_POINT('',(5.10000000000001,-62.5,0.));
#19809=CARTESIAN_POINT('Origin',(33.55,-51.5,0.));
#19810=CARTESIAN_POINT('',(33.55,-51.,0.));
#19811=CARTESIAN_POINT('Origin',(33.55,-51.5,0.));
#19812=CARTESIAN_POINT('',(33.55,-51.,0.));
#19813=CARTESIAN_POINT('Origin',(30.95,-51.5,0.));
#19814=CARTESIAN_POINT('',(30.45,-51.5,0.));
#19815=CARTESIAN_POINT('',(30.95,-51.,0.));
#19816=CARTESIAN_POINT('Origin',(30.95,-51.5,0.));
#19817=CARTESIAN_POINT('',(30.95,-51.,0.));
#19818=CARTESIAN_POINT('',(30.45,-51.5,0.));
#19819=CARTESIAN_POINT('Origin',(30.45,-51.,0.));
#19820=CARTESIAN_POINT('',(34.05,-51.,0.));
#19821=CARTESIAN_POINT('Origin',(29.6,-56.15,0.));
#19822=CARTESIAN_POINT('',(29.1,-56.15,0.));
#19823=CARTESIAN_POINT('Origin',(29.6,-56.15,0.));
#19824=CARTESIAN_POINT('',(29.1,-56.15,0.));
#19825=CARTESIAN_POINT('Origin',(34.9,-56.15,0.));
#19826=CARTESIAN_POINT('',(34.9,-55.65,0.));
#19827=CARTESIAN_POINT('',(35.4,-56.15,0.));
#19828=CARTESIAN_POINT('Origin',(34.9,-56.15,0.));
#19829=CARTESIAN_POINT('',(35.4,-56.15,0.));
#19830=CARTESIAN_POINT('',(34.9,-55.65,0.));
#19831=CARTESIAN_POINT('Origin',(35.4,-55.65,0.));
#19832=CARTESIAN_POINT('',(35.4,-62.,0.));
#19833=CARTESIAN_POINT('',(35.4,-62.5,0.));
#19834=CARTESIAN_POINT('',(35.4,-62.,0.));
#19835=CARTESIAN_POINT('Origin',(29.6,-62.,0.));
#19836=CARTESIAN_POINT('',(29.6,-62.5,0.));
#19837=CARTESIAN_POINT('',(29.1,-62.,0.));
#19838=CARTESIAN_POINT('Origin',(29.6,-62.,0.));
#19839=CARTESIAN_POINT('',(29.1,-62.,0.));
#19840=CARTESIAN_POINT('',(29.6,-62.5,0.));
#19841=CARTESIAN_POINT('Origin',(29.1,-62.5,0.));
#19842=CARTESIAN_POINT('',(29.1,-55.65,0.));
#19843=CARTESIAN_POINT('Origin',(34.9,-62.,0.));
#19844=CARTESIAN_POINT('',(34.9,-62.5,0.));
#19845=CARTESIAN_POINT('Origin',(34.9,-62.,0.));
#19846=CARTESIAN_POINT('',(34.9,-62.5,0.));
#19847=CARTESIAN_POINT('Origin',(35.4,-62.5,0.));
#19848=CARTESIAN_POINT('',(29.1,-62.5,0.));
#19849=CARTESIAN_POINT('Origin',(72.4500000000001,-68.5,0.));
#19850=CARTESIAN_POINT('',(71.9500000000001,-68.5,0.));
#19851=CARTESIAN_POINT('',(72.4500000000001,-68.,0.));
#19852=CARTESIAN_POINT('Origin',(72.4500000000001,-68.5,0.));
#19853=CARTESIAN_POINT('',(72.4500000000001,-68.,0.));
#19854=CARTESIAN_POINT('',(71.9500000000001,-68.5,0.));
#19855=CARTESIAN_POINT('Origin',(71.9500000000001,-68.,0.));
#19856=CARTESIAN_POINT('',(75.0500000000001,-68.,0.));
#19857=CARTESIAN_POINT('',(175.55,-68.,0.));
#19858=CARTESIAN_POINT('',(75.0500000000001,-68.,0.));
#19859=CARTESIAN_POINT('Origin',(75.0500000000001,-68.5,0.));
#19860=CARTESIAN_POINT('Origin',(75.0500000000001,-68.5,0.));
#19861=CARTESIAN_POINT('Origin',(76.4000000000001,-73.15,0.));
#19862=CARTESIAN_POINT('',(76.4000000000001,-72.65,0.));
#19863=CARTESIAN_POINT('',(76.9000000000001,-73.15,0.));
#19864=CARTESIAN_POINT('Origin',(76.4000000000001,-73.15,0.));
#19865=CARTESIAN_POINT('',(76.9000000000001,-73.15,0.));
#19866=CARTESIAN_POINT('',(76.4000000000001,-72.65,0.));
#19867=CARTESIAN_POINT('Origin',(76.9000000000001,-72.65,0.));
#19868=CARTESIAN_POINT('',(76.9000000000001,-79.,0.));
#19869=CARTESIAN_POINT('',(76.9000000000001,-79.5,0.));
#19870=CARTESIAN_POINT('',(76.9000000000001,-79.,0.));
#19871=CARTESIAN_POINT('Origin',(71.1000000000001,-73.15,0.));
#19872=CARTESIAN_POINT('',(70.6000000000001,-73.15,0.));
#19873=CARTESIAN_POINT('Origin',(71.1000000000001,-73.15,0.));
#19874=CARTESIAN_POINT('',(70.6000000000001,-73.15,0.));
#19875=CARTESIAN_POINT('Origin',(76.4000000000001,-79.,0.));
#19876=CARTESIAN_POINT('',(76.4000000000001,-79.5,0.));
#19877=CARTESIAN_POINT('Origin',(76.4000000000001,-79.,0.));
#19878=CARTESIAN_POINT('',(76.4000000000001,-79.5,0.));
#19879=CARTESIAN_POINT('Origin',(76.9000000000001,-79.5,0.));
#19880=CARTESIAN_POINT('',(71.1000000000001,-79.5,0.));
#19881=CARTESIAN_POINT('',(70.6000000000001,-79.5,0.));
#19882=CARTESIAN_POINT('',(71.1000000000001,-79.5,0.));
#19883=CARTESIAN_POINT('Origin',(71.1000000000001,-79.,0.));
#19884=CARTESIAN_POINT('',(70.6000000000001,-79.,0.));
#19885=CARTESIAN_POINT('Origin',(71.1000000000001,-79.,0.));
#19886=CARTESIAN_POINT('',(70.6000000000001,-79.,0.));
#19887=CARTESIAN_POINT('Origin',(70.6000000000001,-79.5,0.));
#19888=CARTESIAN_POINT('',(70.6000000000001,-72.65,0.));
#19889=CARTESIAN_POINT('Origin',(175.05,-68.5,0.));
#19890=CARTESIAN_POINT('',(175.05,-68.,0.));
#19891=CARTESIAN_POINT('Origin',(175.05,-68.5,0.));
#19892=CARTESIAN_POINT('',(175.05,-68.,0.));
#19893=CARTESIAN_POINT('Origin',(172.45,-68.5,0.));
#19894=CARTESIAN_POINT('',(171.95,-68.5,0.));
#19895=CARTESIAN_POINT('',(172.45,-68.,0.));
#19896=CARTESIAN_POINT('Origin',(172.45,-68.5,0.));
#19897=CARTESIAN_POINT('',(172.45,-68.,0.));
#19898=CARTESIAN_POINT('',(171.95,-68.5,0.));
#19899=CARTESIAN_POINT('Origin',(171.95,-68.,0.));
#19900=CARTESIAN_POINT('',(175.55,-68.,0.));
#19901=CARTESIAN_POINT('Origin',(176.4,-73.15,0.));
#19902=CARTESIAN_POINT('',(176.4,-72.65,0.));
#19903=CARTESIAN_POINT('',(176.9,-73.15,0.));
#19904=CARTESIAN_POINT('Origin',(176.4,-73.15,0.));
#19905=CARTESIAN_POINT('',(176.9,-73.15,0.));
#19906=CARTESIAN_POINT('',(176.4,-72.65,0.));
#19907=CARTESIAN_POINT('Origin',(176.9,-72.65,0.));
#19908=CARTESIAN_POINT('',(176.9,-79.,0.));
#19909=CARTESIAN_POINT('',(176.9,-72.65,0.));
#19910=CARTESIAN_POINT('',(176.9,-79.,0.));
#19911=CARTESIAN_POINT('Origin',(176.4,-79.,0.));
#19912=CARTESIAN_POINT('',(176.4,-79.5,0.));
#19913=CARTESIAN_POINT('Origin',(176.4,-79.,0.));
#19914=CARTESIAN_POINT('',(176.4,-79.5,0.));
#19915=CARTESIAN_POINT('Origin',(176.9,-79.5,0.));
#19916=CARTESIAN_POINT('',(171.1,-79.5,0.));
#19917=CARTESIAN_POINT('',(176.9,-79.5,0.));
#19918=CARTESIAN_POINT('',(171.1,-79.5,0.));
#19919=CARTESIAN_POINT('Origin',(171.1,-79.,0.));
#19920=CARTESIAN_POINT('',(170.6,-79.,0.));
#19921=CARTESIAN_POINT('Origin',(171.1,-79.,0.));
#19922=CARTESIAN_POINT('',(170.6,-79.,0.));
#19923=CARTESIAN_POINT('Origin',(170.6,-79.5,0.));
#19924=CARTESIAN_POINT('',(170.6,-73.15,0.));
#19925=CARTESIAN_POINT('',(170.6,-79.5,0.));
#19926=CARTESIAN_POINT('',(170.6,-73.15,0.));
#19927=CARTESIAN_POINT('Origin',(171.1,-73.15,0.));
#19928=CARTESIAN_POINT('Origin',(171.1,-73.15,0.));
#19929=CARTESIAN_POINT('Origin',(278.,-0.7,0.));
#19930=CARTESIAN_POINT('',(276.8,-0.7,0.));
#19931=CARTESIAN_POINT('',(276.8,-0.7,0.));
#19932=CARTESIAN_POINT('Origin',(278.,-0.7,0.));
#19933=CARTESIAN_POINT('Origin',(-8.,-0.7,0.));
#19934=CARTESIAN_POINT('',(-9.2,-0.7,0.));
#19935=CARTESIAN_POINT('',(-9.2,-0.7,0.));
#19936=CARTESIAN_POINT('Origin',(-8.,-0.7,0.));
#19937=CARTESIAN_POINT('Origin',(202.5,-93.,0.));
#19938=CARTESIAN_POINT('',(201.3,-93.,0.));
#19939=CARTESIAN_POINT('',(201.3,-93.,0.));
#19940=CARTESIAN_POINT('Origin',(202.5,-93.,0.));
#19941=CARTESIAN_POINT('Origin',(29.,-32.,0.));
#19942=CARTESIAN_POINT('',(29.,-32.,0.));
#19943=CARTESIAN_POINT('',(29.,-19.,0.));
#19944=CARTESIAN_POINT('',(29.,-19.,0.));
#19945=CARTESIAN_POINT('',(29.,-19.,0.));
#19946=CARTESIAN_POINT('',(29.,-32.,0.));
#19947=CARTESIAN_POINT('Origin',(29.5,-32.,0.));
#19948=CARTESIAN_POINT('',(29.5,-32.5,0.));
#19949=CARTESIAN_POINT('Origin',(29.5,-32.,0.));
#19950=CARTESIAN_POINT('',(29.5,-32.5,0.));
#19951=CARTESIAN_POINT('Origin',(42.5,-32.5,0.));
#19952=CARTESIAN_POINT('',(42.5,-32.5,0.));
#19953=CARTESIAN_POINT('',(29.5,-32.5,0.));
#19954=CARTESIAN_POINT('',(42.5,-32.5,0.));
#19955=CARTESIAN_POINT('Origin',(42.5,-32.,0.));
#19956=CARTESIAN_POINT('',(43.,-32.,0.));
#19957=CARTESIAN_POINT('Origin',(42.5,-32.,0.));
#19958=CARTESIAN_POINT('',(43.,-32.,0.));
#19959=CARTESIAN_POINT('Origin',(43.,-19.,0.));
#19960=CARTESIAN_POINT('',(43.,-19.,0.));
#19961=CARTESIAN_POINT('',(43.,-19.,0.));
#19962=CARTESIAN_POINT('',(43.,-19.,0.));
#19963=CARTESIAN_POINT('Origin',(42.5,-19.,0.));
#19964=CARTESIAN_POINT('',(42.5,-18.5,0.));
#19965=CARTESIAN_POINT('Origin',(42.5,-19.,0.));
#19966=CARTESIAN_POINT('',(42.5,-18.5,0.));
#19967=CARTESIAN_POINT('Origin',(29.5,-18.5,0.));
#19968=CARTESIAN_POINT('',(29.5,-18.5,0.));
#19969=CARTESIAN_POINT('',(29.5,-18.5,0.));
#19970=CARTESIAN_POINT('',(29.5,-18.5,0.));
#19971=CARTESIAN_POINT('Origin',(29.5,-19.,0.));
#19972=CARTESIAN_POINT('Origin',(29.5,-19.,0.));
#19973=CARTESIAN_POINT('Origin',(105.5,-49.,0.));
#19974=CARTESIAN_POINT('',(105.5,-49.,0.));
#19975=CARTESIAN_POINT('',(105.5,-36.,0.));
#19976=CARTESIAN_POINT('',(105.5,-36.,0.));
#19977=CARTESIAN_POINT('',(105.5,-36.,0.));
#19978=CARTESIAN_POINT('',(105.5,-49.,0.));
#19979=CARTESIAN_POINT('Origin',(106.,-49.,0.));
#19980=CARTESIAN_POINT('',(106.,-49.5,0.));
#19981=CARTESIAN_POINT('Origin',(106.,-49.,0.));
#19982=CARTESIAN_POINT('',(106.,-49.5,0.));
#19983=CARTESIAN_POINT('Origin',(119.,-49.5,0.));
#19984=CARTESIAN_POINT('',(119.,-49.5,0.));
#19985=CARTESIAN_POINT('',(106.,-49.5,0.));
#19986=CARTESIAN_POINT('',(119.,-49.5,0.));
#19987=CARTESIAN_POINT('Origin',(119.,-49.,0.));
#19988=CARTESIAN_POINT('',(119.5,-49.,0.));
#19989=CARTESIAN_POINT('Origin',(119.,-49.,0.));
#19990=CARTESIAN_POINT('',(119.5,-49.,0.));
#19991=CARTESIAN_POINT('Origin',(119.5,-36.,0.));
#19992=CARTESIAN_POINT('',(119.5,-36.,0.));
#19993=CARTESIAN_POINT('',(119.5,-36.,0.));
#19994=CARTESIAN_POINT('',(119.5,-36.,0.));
#19995=CARTESIAN_POINT('Origin',(119.,-36.,0.));
#19996=CARTESIAN_POINT('',(119.,-35.5,0.));
#19997=CARTESIAN_POINT('Origin',(119.,-36.,0.));
#19998=CARTESIAN_POINT('',(119.,-35.5,0.));
#19999=CARTESIAN_POINT('Origin',(106.,-35.5,0.));
#20000=CARTESIAN_POINT('',(106.,-35.5,0.));
#20001=CARTESIAN_POINT('',(106.,-35.5,0.));
#20002=CARTESIAN_POINT('',(106.,-35.5,0.));
#20003=CARTESIAN_POINT('Origin',(106.,-36.,0.));
#20004=CARTESIAN_POINT('Origin',(106.,-36.,0.));
#20005=CARTESIAN_POINT('Origin',(110.5,-15.,0.));
#20006=CARTESIAN_POINT('',(110.5,-15.5,0.));
#20007=CARTESIAN_POINT('',(110.,-15.,0.));
#20008=CARTESIAN_POINT('Origin',(110.5,-15.,0.));
#20009=CARTESIAN_POINT('',(110.,-15.,0.));
#20010=CARTESIAN_POINT('',(110.5,-15.5,0.));
#20011=CARTESIAN_POINT('Origin',(123.5,-15.5,0.));
#20012=CARTESIAN_POINT('',(123.5,-15.5,0.));
#20013=CARTESIAN_POINT('',(110.5,-15.5,0.));
#20014=CARTESIAN_POINT('',(123.5,-15.5,0.));
#20015=CARTESIAN_POINT('Origin',(123.5,-15.,0.));
#20016=CARTESIAN_POINT('',(124.,-15.,0.));
#20017=CARTESIAN_POINT('Origin',(123.5,-15.,0.));
#20018=CARTESIAN_POINT('',(124.,-15.,0.));
#20019=CARTESIAN_POINT('Origin',(124.,-2.,0.));
#20020=CARTESIAN_POINT('',(124.,-2.,0.));
#20021=CARTESIAN_POINT('',(124.,-2.,0.));
#20022=CARTESIAN_POINT('',(124.,-2.,0.));
#20023=CARTESIAN_POINT('Origin',(123.5,-2.,0.));
#20024=CARTESIAN_POINT('',(123.5,-1.50000000000001,0.));
#20025=CARTESIAN_POINT('Origin',(123.5,-2.,0.));
#20026=CARTESIAN_POINT('',(123.5,-1.50000000000001,0.));
#20027=CARTESIAN_POINT('Origin',(110.5,-1.5,0.));
#20028=CARTESIAN_POINT('',(110.5,-1.5,0.));
#20029=CARTESIAN_POINT('',(110.5,-1.5,0.));
#20030=CARTESIAN_POINT('',(110.5,-1.5,0.));
#20031=CARTESIAN_POINT('Origin',(110.5,-2.,0.));
#20032=CARTESIAN_POINT('',(110.,-2.,0.));
#20033=CARTESIAN_POINT('Origin',(110.5,-2.,0.));
#20034=CARTESIAN_POINT('',(110.,-2.,0.));
#20035=CARTESIAN_POINT('Origin',(110.,-15.,0.));
#20036=CARTESIAN_POINT('',(110.,-2.,0.));
#20037=CARTESIAN_POINT('Origin',(13.25,-66.,0.));
#20038=CARTESIAN_POINT('',(13.25,-66.,0.));
#20039=CARTESIAN_POINT('',(13.25,-53.,0.));
#20040=CARTESIAN_POINT('',(13.25,-53.,0.));
#20041=CARTESIAN_POINT('',(13.25,-53.,0.));
#20042=CARTESIAN_POINT('',(13.25,-66.,0.));
#20043=CARTESIAN_POINT('Origin',(13.75,-66.,0.));
#20044=CARTESIAN_POINT('',(13.75,-66.5,0.));
#20045=CARTESIAN_POINT('Origin',(13.75,-66.,0.));
#20046=CARTESIAN_POINT('',(13.75,-66.5,0.));
#20047=CARTESIAN_POINT('Origin',(26.75,-66.5,0.));
#20048=CARTESIAN_POINT('',(26.75,-66.5,0.));
#20049=CARTESIAN_POINT('',(13.75,-66.5,0.));
#20050=CARTESIAN_POINT('',(26.75,-66.5,0.));
#20051=CARTESIAN_POINT('Origin',(26.75,-66.,0.));
#20052=CARTESIAN_POINT('',(27.25,-66.,0.));
#20053=CARTESIAN_POINT('Origin',(26.75,-66.,0.));
#20054=CARTESIAN_POINT('',(27.25,-66.,0.));
#20055=CARTESIAN_POINT('Origin',(27.25,-53.,0.));
#20056=CARTESIAN_POINT('',(27.25,-53.,0.));
#20057=CARTESIAN_POINT('',(27.25,-53.,0.));
#20058=CARTESIAN_POINT('',(27.25,-53.,0.));
#20059=CARTESIAN_POINT('Origin',(26.75,-53.,0.));
#20060=CARTESIAN_POINT('',(26.75,-52.5,0.));
#20061=CARTESIAN_POINT('Origin',(26.75,-53.,0.));
#20062=CARTESIAN_POINT('',(26.75,-52.5,0.));
#20063=CARTESIAN_POINT('Origin',(13.75,-52.5,0.));
#20064=CARTESIAN_POINT('',(13.75,-52.5,0.));
#20065=CARTESIAN_POINT('',(13.75,-52.5,0.));
#20066=CARTESIAN_POINT('',(13.75,-52.5,0.));
#20067=CARTESIAN_POINT('Origin',(13.75,-53.,0.));
#20068=CARTESIAN_POINT('Origin',(13.75,-53.,0.));
#20069=CARTESIAN_POINT('Origin',(87.5,-49.,0.));
#20070=CARTESIAN_POINT('',(87.5,-49.,0.));
#20071=CARTESIAN_POINT('',(87.5,-36.,0.));
#20072=CARTESIAN_POINT('',(87.5,-36.,0.));
#20073=CARTESIAN_POINT('',(87.5,-36.,0.));
#20074=CARTESIAN_POINT('',(87.5,-49.,0.));
#20075=CARTESIAN_POINT('Origin',(88.,-49.,0.));
#20076=CARTESIAN_POINT('',(88.,-49.5,0.));
#20077=CARTESIAN_POINT('Origin',(88.,-49.,0.));
#20078=CARTESIAN_POINT('',(88.,-49.5,0.));
#20079=CARTESIAN_POINT('Origin',(101.,-49.5,0.));
#20080=CARTESIAN_POINT('',(101.,-49.5,0.));
#20081=CARTESIAN_POINT('',(88.,-49.5,0.));
#20082=CARTESIAN_POINT('',(101.,-49.5,0.));
#20083=CARTESIAN_POINT('Origin',(101.,-49.,0.));
#20084=CARTESIAN_POINT('',(101.5,-49.,0.));
#20085=CARTESIAN_POINT('Origin',(101.,-49.,0.));
#20086=CARTESIAN_POINT('',(101.5,-49.,0.));
#20087=CARTESIAN_POINT('Origin',(101.5,-36.,0.));
#20088=CARTESIAN_POINT('',(101.5,-36.,0.));
#20089=CARTESIAN_POINT('',(101.5,-36.,0.));
#20090=CARTESIAN_POINT('',(101.5,-36.,0.));
#20091=CARTESIAN_POINT('Origin',(101.,-36.,0.));
#20092=CARTESIAN_POINT('',(101.,-35.5,0.));
#20093=CARTESIAN_POINT('Origin',(101.,-36.,0.));
#20094=CARTESIAN_POINT('',(101.,-35.5,0.));
#20095=CARTESIAN_POINT('Origin',(88.,-35.5,0.));
#20096=CARTESIAN_POINT('',(88.,-35.5,0.));
#20097=CARTESIAN_POINT('',(88.,-35.5,0.));
#20098=CARTESIAN_POINT('',(88.,-35.5,0.));
#20099=CARTESIAN_POINT('Origin',(88.,-36.,0.));
#20100=CARTESIAN_POINT('Origin',(88.,-36.,0.));
#20101=CARTESIAN_POINT('Origin',(65.,-32.,0.));
#20102=CARTESIAN_POINT('',(65.,-32.,0.));
#20103=CARTESIAN_POINT('',(65.,-19.,0.));
#20104=CARTESIAN_POINT('',(65.,-19.,0.));
#20105=CARTESIAN_POINT('',(65.,-19.,0.));
#20106=CARTESIAN_POINT('',(65.,-32.,0.));
#20107=CARTESIAN_POINT('Origin',(65.5,-32.,0.));
#20108=CARTESIAN_POINT('',(65.5,-32.5,0.));
#20109=CARTESIAN_POINT('Origin',(65.5,-32.,0.));
#20110=CARTESIAN_POINT('',(65.5,-32.5,0.));
#20111=CARTESIAN_POINT('Origin',(78.5,-32.5,0.));
#20112=CARTESIAN_POINT('',(78.5,-32.5,0.));
#20113=CARTESIAN_POINT('',(65.5,-32.5,0.));
#20114=CARTESIAN_POINT('',(78.5,-32.5,0.));
#20115=CARTESIAN_POINT('Origin',(78.5,-32.,0.));
#20116=CARTESIAN_POINT('',(79.,-32.,0.));
#20117=CARTESIAN_POINT('Origin',(78.5,-32.,0.));
#20118=CARTESIAN_POINT('',(79.,-32.,0.));
#20119=CARTESIAN_POINT('Origin',(79.,-19.,0.));
#20120=CARTESIAN_POINT('',(79.,-19.,0.));
#20121=CARTESIAN_POINT('',(79.,-19.,0.));
#20122=CARTESIAN_POINT('',(79.,-19.,0.));
#20123=CARTESIAN_POINT('Origin',(78.5,-19.,0.));
#20124=CARTESIAN_POINT('',(78.5,-18.5,0.));
#20125=CARTESIAN_POINT('Origin',(78.5,-19.,0.));
#20126=CARTESIAN_POINT('',(78.5,-18.5,0.));
#20127=CARTESIAN_POINT('Origin',(65.5,-18.5,0.));
#20128=CARTESIAN_POINT('',(65.5,-18.5,0.));
#20129=CARTESIAN_POINT('',(65.5,-18.5,0.));
#20130=CARTESIAN_POINT('',(65.5,-18.5,0.));
#20131=CARTESIAN_POINT('Origin',(65.5,-19.,0.));
#20132=CARTESIAN_POINT('Origin',(65.5,-19.,0.));
#20133=CARTESIAN_POINT('Origin',(47.,-32.,0.));
#20134=CARTESIAN_POINT('',(47.,-32.,0.));
#20135=CARTESIAN_POINT('',(47.,-19.,0.));
#20136=CARTESIAN_POINT('',(47.,-19.,0.));
#20137=CARTESIAN_POINT('',(47.,-19.,0.));
#20138=CARTESIAN_POINT('',(47.,-32.,0.));
#20139=CARTESIAN_POINT('Origin',(47.5,-32.,0.));
#20140=CARTESIAN_POINT('',(47.5,-32.5,0.));
#20141=CARTESIAN_POINT('Origin',(47.5,-32.,0.));
#20142=CARTESIAN_POINT('',(47.5,-32.5,0.));
#20143=CARTESIAN_POINT('Origin',(60.5,-32.5,0.));
#20144=CARTESIAN_POINT('',(60.5,-32.5,0.));
#20145=CARTESIAN_POINT('',(47.5,-32.5,0.));
#20146=CARTESIAN_POINT('',(60.5,-32.5,0.));
#20147=CARTESIAN_POINT('Origin',(60.5,-32.,0.));
#20148=CARTESIAN_POINT('',(61.,-32.,0.));
#20149=CARTESIAN_POINT('Origin',(60.5,-32.,0.));
#20150=CARTESIAN_POINT('',(61.,-32.,0.));
#20151=CARTESIAN_POINT('Origin',(61.,-19.,0.));
#20152=CARTESIAN_POINT('',(61.,-19.,0.));
#20153=CARTESIAN_POINT('',(61.,-19.,0.));
#20154=CARTESIAN_POINT('',(61.,-19.,0.));
#20155=CARTESIAN_POINT('Origin',(60.5,-19.,0.));
#20156=CARTESIAN_POINT('',(60.5,-18.5,0.));
#20157=CARTESIAN_POINT('Origin',(60.5,-19.,0.));
#20158=CARTESIAN_POINT('',(60.5,-18.5,0.));
#20159=CARTESIAN_POINT('Origin',(47.5,-18.5,0.));
#20160=CARTESIAN_POINT('',(47.5,-18.5,0.));
#20161=CARTESIAN_POINT('',(47.5,-18.5,0.));
#20162=CARTESIAN_POINT('',(47.5,-18.5,0.));
#20163=CARTESIAN_POINT('Origin',(47.5,-19.,0.));
#20164=CARTESIAN_POINT('Origin',(47.5,-19.,0.));
#20165=CARTESIAN_POINT('Origin',(92.5,-15.,0.));
#20166=CARTESIAN_POINT('',(92.5,-15.5,0.));
#20167=CARTESIAN_POINT('',(92.,-15.,0.));
#20168=CARTESIAN_POINT('Origin',(92.5,-15.,0.));
#20169=CARTESIAN_POINT('',(92.,-15.,0.));
#20170=CARTESIAN_POINT('',(92.5,-15.5,0.));
#20171=CARTESIAN_POINT('Origin',(105.5,-15.5,0.));
#20172=CARTESIAN_POINT('',(105.5,-15.5,0.));
#20173=CARTESIAN_POINT('',(92.5,-15.5,0.));
#20174=CARTESIAN_POINT('',(105.5,-15.5,0.));
#20175=CARTESIAN_POINT('Origin',(105.5,-15.,0.));
#20176=CARTESIAN_POINT('',(106.,-15.,0.));
#20177=CARTESIAN_POINT('Origin',(105.5,-15.,0.));
#20178=CARTESIAN_POINT('',(106.,-15.,0.));
#20179=CARTESIAN_POINT('Origin',(106.,-2.,0.));
#20180=CARTESIAN_POINT('',(106.,-2.,0.));
#20181=CARTESIAN_POINT('',(106.,-2.,0.));
#20182=CARTESIAN_POINT('',(106.,-2.,0.));
#20183=CARTESIAN_POINT('Origin',(105.5,-2.,0.));
#20184=CARTESIAN_POINT('',(105.5,-1.49999999999999,0.));
#20185=CARTESIAN_POINT('Origin',(105.5,-2.,0.));
#20186=CARTESIAN_POINT('',(105.5,-1.49999999999999,0.));
#20187=CARTESIAN_POINT('Origin',(92.5,-1.5,0.));
#20188=CARTESIAN_POINT('',(92.5,-1.5,0.));
#20189=CARTESIAN_POINT('',(92.5,-1.5,0.));
#20190=CARTESIAN_POINT('',(92.5,-1.5,0.));
#20191=CARTESIAN_POINT('Origin',(92.5,-2.,0.));
#20192=CARTESIAN_POINT('',(92.,-2.,0.));
#20193=CARTESIAN_POINT('Origin',(92.5,-2.,0.));
#20194=CARTESIAN_POINT('',(92.,-2.,0.));
#20195=CARTESIAN_POINT('Origin',(92.,-15.,0.));
#20196=CARTESIAN_POINT('',(92.,-2.,0.));
#20197=CARTESIAN_POINT('Origin',(2.5,-15.,0.));
#20198=CARTESIAN_POINT('',(2.5,-15.5,0.));
#20199=CARTESIAN_POINT('',(2.,-15.,0.));
#20200=CARTESIAN_POINT('Origin',(2.5,-15.,0.));
#20201=CARTESIAN_POINT('',(2.,-15.,0.));
#20202=CARTESIAN_POINT('',(2.5,-15.5,0.));
#20203=CARTESIAN_POINT('Origin',(15.5,-15.5,0.));
#20204=CARTESIAN_POINT('',(15.5,-15.5,0.));
#20205=CARTESIAN_POINT('',(2.5,-15.5,0.));
#20206=CARTESIAN_POINT('',(15.5,-15.5,0.));
#20207=CARTESIAN_POINT('Origin',(15.5,-15.,0.));
#20208=CARTESIAN_POINT('',(16.,-15.,0.));
#20209=CARTESIAN_POINT('Origin',(15.5,-15.,0.));
#20210=CARTESIAN_POINT('',(16.,-15.,0.));
#20211=CARTESIAN_POINT('Origin',(16.,-2.,0.));
#20212=CARTESIAN_POINT('',(16.,-2.,0.));
#20213=CARTESIAN_POINT('',(16.,-2.,0.));
#20214=CARTESIAN_POINT('',(16.,-2.,0.));
#20215=CARTESIAN_POINT('Origin',(15.5,-2.,0.));
#20216=CARTESIAN_POINT('',(15.5,-1.5,0.));
#20217=CARTESIAN_POINT('Origin',(15.5,-2.,0.));
#20218=CARTESIAN_POINT('',(15.5,-1.5,0.));
#20219=CARTESIAN_POINT('Origin',(2.5,-1.5,0.));
#20220=CARTESIAN_POINT('',(2.5,-1.5,0.));
#20221=CARTESIAN_POINT('',(2.5,-1.5,0.));
#20222=CARTESIAN_POINT('',(2.5,-1.5,0.));
#20223=CARTESIAN_POINT('Origin',(2.5,-2.,0.));
#20224=CARTESIAN_POINT('',(2.,-2.,0.));
#20225=CARTESIAN_POINT('Origin',(2.5,-2.,0.));
#20226=CARTESIAN_POINT('',(2.,-2.,0.));
#20227=CARTESIAN_POINT('Origin',(2.,-15.,0.));
#20228=CARTESIAN_POINT('',(2.,-2.,0.));
#20229=CARTESIAN_POINT('Origin',(229.75,-66.,0.));
#20230=CARTESIAN_POINT('',(229.75,-66.5,0.));
#20231=CARTESIAN_POINT('',(229.25,-66.,0.));
#20232=CARTESIAN_POINT('Origin',(229.75,-66.,0.));
#20233=CARTESIAN_POINT('',(229.25,-66.,0.));
#20234=CARTESIAN_POINT('',(229.75,-66.5,0.));
#20235=CARTESIAN_POINT('Origin',(242.75,-66.5,0.));
#20236=CARTESIAN_POINT('',(242.75,-66.5,0.));
#20237=CARTESIAN_POINT('',(229.75,-66.5,0.));
#20238=CARTESIAN_POINT('',(242.75,-66.5,0.));
#20239=CARTESIAN_POINT('Origin',(242.75,-66.,0.));
#20240=CARTESIAN_POINT('',(243.25,-66.,0.));
#20241=CARTESIAN_POINT('Origin',(242.75,-66.,0.));
#20242=CARTESIAN_POINT('',(243.25,-66.,0.));
#20243=CARTESIAN_POINT('Origin',(243.25,-53.,0.));
#20244=CARTESIAN_POINT('',(243.25,-53.,0.));
#20245=CARTESIAN_POINT('',(243.25,-53.,0.));
#20246=CARTESIAN_POINT('',(243.25,-53.,0.));
#20247=CARTESIAN_POINT('Origin',(242.75,-53.,0.));
#20248=CARTESIAN_POINT('',(242.75,-52.5,0.));
#20249=CARTESIAN_POINT('Origin',(242.75,-53.,0.));
#20250=CARTESIAN_POINT('',(242.75,-52.5,0.));
#20251=CARTESIAN_POINT('Origin',(229.75,-52.5,0.));
#20252=CARTESIAN_POINT('',(229.75,-52.5,0.));
#20253=CARTESIAN_POINT('',(229.75,-52.5,0.));
#20254=CARTESIAN_POINT('',(229.75,-52.5,0.));
#20255=CARTESIAN_POINT('Origin',(229.75,-53.,0.));
#20256=CARTESIAN_POINT('',(229.25,-53.,0.));
#20257=CARTESIAN_POINT('Origin',(229.75,-53.,0.));
#20258=CARTESIAN_POINT('',(229.25,-53.,0.));
#20259=CARTESIAN_POINT('Origin',(229.25,-66.,0.));
#20260=CARTESIAN_POINT('',(229.25,-53.,0.));
#20261=CARTESIAN_POINT('Origin',(173.,-32.,0.));
#20262=CARTESIAN_POINT('',(173.,-32.,0.));
#20263=CARTESIAN_POINT('',(173.,-19.,0.));
#20264=CARTESIAN_POINT('',(173.,-19.,0.));
#20265=CARTESIAN_POINT('',(173.,-19.,0.));
#20266=CARTESIAN_POINT('',(173.,-32.,0.));
#20267=CARTESIAN_POINT('Origin',(173.5,-32.,0.));
#20268=CARTESIAN_POINT('',(173.5,-32.5,0.));
#20269=CARTESIAN_POINT('Origin',(173.5,-32.,0.));
#20270=CARTESIAN_POINT('',(173.5,-32.5,0.));
#20271=CARTESIAN_POINT('Origin',(186.5,-32.5,0.));
#20272=CARTESIAN_POINT('',(186.5,-32.5,0.));
#20273=CARTESIAN_POINT('',(173.5,-32.5,0.));
#20274=CARTESIAN_POINT('',(186.5,-32.5,0.));
#20275=CARTESIAN_POINT('Origin',(186.5,-32.,0.));
#20276=CARTESIAN_POINT('',(187.,-32.,0.));
#20277=CARTESIAN_POINT('Origin',(186.5,-32.,0.));
#20278=CARTESIAN_POINT('',(187.,-32.,0.));
#20279=CARTESIAN_POINT('Origin',(187.,-19.,0.));
#20280=CARTESIAN_POINT('',(187.,-19.,0.));
#20281=CARTESIAN_POINT('',(187.,-19.,0.));
#20282=CARTESIAN_POINT('',(187.,-19.,0.));
#20283=CARTESIAN_POINT('Origin',(186.5,-19.,0.));
#20284=CARTESIAN_POINT('',(186.5,-18.5,0.));
#20285=CARTESIAN_POINT('Origin',(186.5,-19.,0.));
#20286=CARTESIAN_POINT('',(186.5,-18.5,0.));
#20287=CARTESIAN_POINT('Origin',(173.5,-18.5,0.));
#20288=CARTESIAN_POINT('',(173.5,-18.5,0.));
#20289=CARTESIAN_POINT('',(173.5,-18.5,0.));
#20290=CARTESIAN_POINT('',(173.5,-18.5,0.));
#20291=CARTESIAN_POINT('Origin',(173.5,-19.,0.));
#20292=CARTESIAN_POINT('Origin',(173.5,-19.,0.));
#20293=CARTESIAN_POINT('Origin',(116.75,-83.,0.));
#20294=CARTESIAN_POINT('',(116.75,-83.,0.));
#20295=CARTESIAN_POINT('',(116.75,-70.,0.));
#20296=CARTESIAN_POINT('',(116.75,-70.,0.));
#20297=CARTESIAN_POINT('',(116.75,-70.,0.));
#20298=CARTESIAN_POINT('',(116.75,-83.,0.));
#20299=CARTESIAN_POINT('Origin',(117.25,-83.,0.));
#20300=CARTESIAN_POINT('',(117.25,-83.5,0.));
#20301=CARTESIAN_POINT('Origin',(117.25,-83.,0.));
#20302=CARTESIAN_POINT('',(117.25,-83.5,0.));
#20303=CARTESIAN_POINT('Origin',(130.25,-83.5,0.));
#20304=CARTESIAN_POINT('',(130.25,-83.5,0.));
#20305=CARTESIAN_POINT('',(117.25,-83.5,0.));
#20306=CARTESIAN_POINT('',(130.25,-83.5,0.));
#20307=CARTESIAN_POINT('Origin',(130.25,-83.,0.));
#20308=CARTESIAN_POINT('',(130.75,-83.,0.));
#20309=CARTESIAN_POINT('Origin',(130.25,-83.,0.));
#20310=CARTESIAN_POINT('',(130.75,-83.,0.));
#20311=CARTESIAN_POINT('Origin',(130.75,-70.,0.));
#20312=CARTESIAN_POINT('',(130.75,-70.,0.));
#20313=CARTESIAN_POINT('',(130.75,-70.,0.));
#20314=CARTESIAN_POINT('',(130.75,-70.,0.));
#20315=CARTESIAN_POINT('Origin',(130.25,-70.,0.));
#20316=CARTESIAN_POINT('',(130.25,-69.5,0.));
#20317=CARTESIAN_POINT('Origin',(130.25,-70.,0.));
#20318=CARTESIAN_POINT('',(130.25,-69.5,0.));
#20319=CARTESIAN_POINT('Origin',(117.25,-69.5,0.));
#20320=CARTESIAN_POINT('',(117.25,-69.5,0.));
#20321=CARTESIAN_POINT('',(117.25,-69.5,0.));
#20322=CARTESIAN_POINT('',(117.25,-69.5,0.));
#20323=CARTESIAN_POINT('Origin',(117.25,-70.,0.));
#20324=CARTESIAN_POINT('Origin',(117.25,-70.,0.));
#20325=CARTESIAN_POINT('Origin',(195.5,-49.,0.));
#20326=CARTESIAN_POINT('',(195.5,-49.,0.));
#20327=CARTESIAN_POINT('',(195.5,-36.,0.));
#20328=CARTESIAN_POINT('',(195.5,-36.,0.));
#20329=CARTESIAN_POINT('',(195.5,-36.,0.));
#20330=CARTESIAN_POINT('',(195.5,-49.,0.));
#20331=CARTESIAN_POINT('Origin',(196.,-49.,0.));
#20332=CARTESIAN_POINT('',(196.,-49.5,0.));
#20333=CARTESIAN_POINT('Origin',(196.,-49.,0.));
#20334=CARTESIAN_POINT('',(196.,-49.5,0.));
#20335=CARTESIAN_POINT('Origin',(209.,-49.5,0.));
#20336=CARTESIAN_POINT('',(209.,-49.5,0.));
#20337=CARTESIAN_POINT('',(196.,-49.5,0.));
#20338=CARTESIAN_POINT('',(209.,-49.5,0.));
#20339=CARTESIAN_POINT('Origin',(209.,-49.,0.));
#20340=CARTESIAN_POINT('',(209.5,-49.,0.));
#20341=CARTESIAN_POINT('Origin',(209.,-49.,0.));
#20342=CARTESIAN_POINT('',(209.5,-49.,0.));
#20343=CARTESIAN_POINT('Origin',(209.5,-36.,0.));
#20344=CARTESIAN_POINT('',(209.5,-36.,0.));
#20345=CARTESIAN_POINT('',(209.5,-36.,0.));
#20346=CARTESIAN_POINT('',(209.5,-36.,0.));
#20347=CARTESIAN_POINT('Origin',(209.,-36.,0.));
#20348=CARTESIAN_POINT('',(209.,-35.5,0.));
#20349=CARTESIAN_POINT('Origin',(209.,-36.,0.));
#20350=CARTESIAN_POINT('',(209.,-35.5,0.));
#20351=CARTESIAN_POINT('Origin',(196.,-35.5,0.));
#20352=CARTESIAN_POINT('',(196.,-35.5,0.));
#20353=CARTESIAN_POINT('',(196.,-35.5,0.));
#20354=CARTESIAN_POINT('',(196.,-35.5,0.));
#20355=CARTESIAN_POINT('Origin',(196.,-36.,0.));
#20356=CARTESIAN_POINT('Origin',(196.,-36.,0.));
#20357=CARTESIAN_POINT('Origin',(227.,-32.,0.));
#20358=CARTESIAN_POINT('',(227.,-32.,0.));
#20359=CARTESIAN_POINT('',(227.,-19.,0.));
#20360=CARTESIAN_POINT('',(227.,-19.,0.));
#20361=CARTESIAN_POINT('',(227.,-19.,0.));
#20362=CARTESIAN_POINT('',(227.,-32.,0.));
#20363=CARTESIAN_POINT('Origin',(227.5,-32.,0.));
#20364=CARTESIAN_POINT('',(227.5,-32.5,0.));
#20365=CARTESIAN_POINT('Origin',(227.5,-32.,0.));
#20366=CARTESIAN_POINT('',(227.5,-32.5,0.));
#20367=CARTESIAN_POINT('Origin',(240.5,-32.5,0.));
#20368=CARTESIAN_POINT('',(240.5,-32.5,0.));
#20369=CARTESIAN_POINT('',(227.5,-32.5,0.));
#20370=CARTESIAN_POINT('',(240.5,-32.5,0.));
#20371=CARTESIAN_POINT('Origin',(240.5,-32.,0.));
#20372=CARTESIAN_POINT('',(241.,-32.,0.));
#20373=CARTESIAN_POINT('Origin',(240.5,-32.,0.));
#20374=CARTESIAN_POINT('',(241.,-32.,0.));
#20375=CARTESIAN_POINT('Origin',(241.,-19.,0.));
#20376=CARTESIAN_POINT('',(241.,-19.,0.));
#20377=CARTESIAN_POINT('',(241.,-19.,0.));
#20378=CARTESIAN_POINT('',(241.,-19.,0.));
#20379=CARTESIAN_POINT('Origin',(240.5,-19.,0.));
#20380=CARTESIAN_POINT('',(240.5,-18.5,0.));
#20381=CARTESIAN_POINT('Origin',(240.5,-19.,0.));
#20382=CARTESIAN_POINT('',(240.5,-18.5,0.));
#20383=CARTESIAN_POINT('Origin',(227.5,-18.5,0.));
#20384=CARTESIAN_POINT('',(227.5,-18.5,0.));
#20385=CARTESIAN_POINT('',(227.5,-18.5,0.));
#20386=CARTESIAN_POINT('',(227.5,-18.5,0.));
#20387=CARTESIAN_POINT('Origin',(227.5,-19.,0.));
#20388=CARTESIAN_POINT('Origin',(227.5,-19.,0.));
#20389=CARTESIAN_POINT('Origin',(8.75,-49.,0.));
#20390=CARTESIAN_POINT('',(8.75,-49.,0.));
#20391=CARTESIAN_POINT('',(8.75,-36.,0.));
#20392=CARTESIAN_POINT('',(8.75,-36.,0.));
#20393=CARTESIAN_POINT('',(8.75,-36.,0.));
#20394=CARTESIAN_POINT('',(8.75,-49.,0.));
#20395=CARTESIAN_POINT('Origin',(9.25,-49.,0.));
#20396=CARTESIAN_POINT('',(9.25,-49.5,0.));
#20397=CARTESIAN_POINT('Origin',(9.25,-49.,0.));
#20398=CARTESIAN_POINT('',(9.25,-49.5,0.));
#20399=CARTESIAN_POINT('Origin',(22.25,-49.5,0.));
#20400=CARTESIAN_POINT('',(22.25,-49.5,0.));
#20401=CARTESIAN_POINT('',(9.25,-49.5,0.));
#20402=CARTESIAN_POINT('',(22.25,-49.5,0.));
#20403=CARTESIAN_POINT('Origin',(22.25,-49.,0.));
#20404=CARTESIAN_POINT('',(22.75,-49.,0.));
#20405=CARTESIAN_POINT('Origin',(22.25,-49.,0.));
#20406=CARTESIAN_POINT('',(22.75,-49.,0.));
#20407=CARTESIAN_POINT('Origin',(22.75,-36.,0.));
#20408=CARTESIAN_POINT('',(22.75,-36.,0.));
#20409=CARTESIAN_POINT('',(22.75,-36.,0.));
#20410=CARTESIAN_POINT('',(22.75,-36.,0.));
#20411=CARTESIAN_POINT('Origin',(22.25,-36.,0.));
#20412=CARTESIAN_POINT('',(22.25,-35.5,0.));
#20413=CARTESIAN_POINT('Origin',(22.25,-36.,0.));
#20414=CARTESIAN_POINT('',(22.25,-35.5,0.));
#20415=CARTESIAN_POINT('Origin',(9.25,-35.5,0.));
#20416=CARTESIAN_POINT('',(9.25,-35.5,0.));
#20417=CARTESIAN_POINT('',(9.25,-35.5,0.));
#20418=CARTESIAN_POINT('',(9.25,-35.5,0.));
#20419=CARTESIAN_POINT('Origin',(9.25,-36.,0.));
#20420=CARTESIAN_POINT('Origin',(9.25,-36.,0.));
#20421=CARTESIAN_POINT('Origin',(78.5,-66.,0.));
#20422=CARTESIAN_POINT('',(78.5,-66.,0.));
#20423=CARTESIAN_POINT('',(78.5,-53.,0.));
#20424=CARTESIAN_POINT('',(78.5,-53.,0.));
#20425=CARTESIAN_POINT('',(78.5,-53.,0.));
#20426=CARTESIAN_POINT('',(78.5,-66.,0.));
#20427=CARTESIAN_POINT('Origin',(79.,-66.,0.));
#20428=CARTESIAN_POINT('',(79.,-66.5,0.));
#20429=CARTESIAN_POINT('Origin',(79.,-66.,0.));
#20430=CARTESIAN_POINT('',(79.,-66.5,0.));
#20431=CARTESIAN_POINT('Origin',(92.,-66.5,0.));
#20432=CARTESIAN_POINT('',(92.,-66.5,0.));
#20433=CARTESIAN_POINT('',(79.,-66.5,0.));
#20434=CARTESIAN_POINT('',(92.,-66.5,0.));
#20435=CARTESIAN_POINT('Origin',(92.,-66.,0.));
#20436=CARTESIAN_POINT('',(92.5,-66.,0.));
#20437=CARTESIAN_POINT('Origin',(92.,-66.,0.));
#20438=CARTESIAN_POINT('',(92.5,-66.,0.));
#20439=CARTESIAN_POINT('Origin',(92.5,-53.,0.));
#20440=CARTESIAN_POINT('',(92.5,-53.,0.));
#20441=CARTESIAN_POINT('',(92.5,-53.,0.));
#20442=CARTESIAN_POINT('',(92.5,-53.,0.));
#20443=CARTESIAN_POINT('Origin',(92.,-53.,0.));
#20444=CARTESIAN_POINT('',(92.,-52.5,0.));
#20445=CARTESIAN_POINT('Origin',(92.,-53.,0.));
#20446=CARTESIAN_POINT('',(92.,-52.5,0.));
#20447=CARTESIAN_POINT('Origin',(79.,-52.5,0.));
#20448=CARTESIAN_POINT('',(79.,-52.5,0.));
#20449=CARTESIAN_POINT('',(79.,-52.5,0.));
#20450=CARTESIAN_POINT('',(79.,-52.5,0.));
#20451=CARTESIAN_POINT('Origin',(79.,-53.,0.));
#20452=CARTESIAN_POINT('Origin',(79.,-53.,0.));
#20453=CARTESIAN_POINT('Origin',(164.5,-15.,0.));
#20454=CARTESIAN_POINT('',(164.5,-15.5,0.));
#20455=CARTESIAN_POINT('',(164.,-15.,0.));
#20456=CARTESIAN_POINT('Origin',(164.5,-15.,0.));
#20457=CARTESIAN_POINT('',(164.,-15.,0.));
#20458=CARTESIAN_POINT('',(164.5,-15.5,0.));
#20459=CARTESIAN_POINT('Origin',(177.5,-15.5,0.));
#20460=CARTESIAN_POINT('',(177.5,-15.5,0.));
#20461=CARTESIAN_POINT('',(164.5,-15.5,0.));
#20462=CARTESIAN_POINT('',(177.5,-15.5,0.));
#20463=CARTESIAN_POINT('Origin',(177.5,-15.,0.));
#20464=CARTESIAN_POINT('',(178.,-15.,0.));
#20465=CARTESIAN_POINT('Origin',(177.5,-15.,0.));
#20466=CARTESIAN_POINT('',(178.,-15.,0.));
#20467=CARTESIAN_POINT('Origin',(178.,-2.,0.));
#20468=CARTESIAN_POINT('',(178.,-2.,0.));
#20469=CARTESIAN_POINT('',(178.,-2.,0.));
#20470=CARTESIAN_POINT('',(178.,-2.,0.));
#20471=CARTESIAN_POINT('Origin',(177.5,-2.,0.));
#20472=CARTESIAN_POINT('',(177.5,-1.49999999999999,0.));
#20473=CARTESIAN_POINT('Origin',(177.5,-2.,0.));
#20474=CARTESIAN_POINT('',(177.5,-1.49999999999999,0.));
#20475=CARTESIAN_POINT('Origin',(164.5,-1.5,0.));
#20476=CARTESIAN_POINT('',(164.5,-1.5,0.));
#20477=CARTESIAN_POINT('',(164.5,-1.5,0.));
#20478=CARTESIAN_POINT('',(164.5,-1.5,0.));
#20479=CARTESIAN_POINT('Origin',(164.5,-2.,0.));
#20480=CARTESIAN_POINT('',(164.,-2.,0.));
#20481=CARTESIAN_POINT('Origin',(164.5,-2.,0.));
#20482=CARTESIAN_POINT('',(164.,-2.,0.));
#20483=CARTESIAN_POINT('Origin',(164.,-15.,0.));
#20484=CARTESIAN_POINT('',(164.,-2.,0.));
#20485=CARTESIAN_POINT('Origin',(263.55,-38.65,0.));
#20486=CARTESIAN_POINT('',(263.55,-38.65,0.));
#20487=CARTESIAN_POINT('Origin',(259.95,-38.65,0.));
#20488=CARTESIAN_POINT('',(259.95,-38.65,0.));
#20489=CARTESIAN_POINT('Origin',(239.55,-38.65,0.));
#20490=CARTESIAN_POINT('',(240.9,-38.65,0.));
#20491=CARTESIAN_POINT('Origin',(213.5,-49.,0.));
#20492=CARTESIAN_POINT('',(213.5,-49.,0.));
#20493=CARTESIAN_POINT('',(213.5,-36.,0.));
#20494=CARTESIAN_POINT('',(213.5,-36.,0.));
#20495=CARTESIAN_POINT('',(213.5,-36.,0.));
#20496=CARTESIAN_POINT('',(213.5,-49.,0.));
#20497=CARTESIAN_POINT('Origin',(214.,-49.,0.));
#20498=CARTESIAN_POINT('',(214.,-49.5,0.));
#20499=CARTESIAN_POINT('Origin',(214.,-49.,0.));
#20500=CARTESIAN_POINT('',(214.,-49.5,0.));
#20501=CARTESIAN_POINT('Origin',(227.,-49.5,0.));
#20502=CARTESIAN_POINT('',(227.,-49.5,0.));
#20503=CARTESIAN_POINT('',(214.,-49.5,0.));
#20504=CARTESIAN_POINT('',(227.,-49.5,0.));
#20505=CARTESIAN_POINT('Origin',(227.,-49.,0.));
#20506=CARTESIAN_POINT('',(227.5,-49.,0.));
#20507=CARTESIAN_POINT('Origin',(227.,-49.,0.));
#20508=CARTESIAN_POINT('',(227.5,-49.,0.));
#20509=CARTESIAN_POINT('Origin',(227.5,-36.,0.));
#20510=CARTESIAN_POINT('',(227.5,-36.,0.));
#20511=CARTESIAN_POINT('',(227.5,-36.,0.));
#20512=CARTESIAN_POINT('',(227.5,-36.,0.));
#20513=CARTESIAN_POINT('Origin',(227.,-36.,0.));
#20514=CARTESIAN_POINT('',(227.,-35.5,0.));
#20515=CARTESIAN_POINT('Origin',(227.,-36.,0.));
#20516=CARTESIAN_POINT('',(227.,-35.5,0.));
#20517=CARTESIAN_POINT('Origin',(214.,-35.5,0.));
#20518=CARTESIAN_POINT('',(214.,-35.5,0.));
#20519=CARTESIAN_POINT('',(214.,-35.5,0.));
#20520=CARTESIAN_POINT('',(214.,-35.5,0.));
#20521=CARTESIAN_POINT('Origin',(214.,-36.,0.));
#20522=CARTESIAN_POINT('Origin',(214.,-36.,0.));
#20523=CARTESIAN_POINT('Origin',(114.5,-66.,0.));
#20524=CARTESIAN_POINT('',(114.5,-66.,0.));
#20525=CARTESIAN_POINT('',(114.5,-53.,0.));
#20526=CARTESIAN_POINT('',(114.5,-53.,0.));
#20527=CARTESIAN_POINT('',(114.5,-53.,0.));
#20528=CARTESIAN_POINT('',(114.5,-66.,0.));
#20529=CARTESIAN_POINT('Origin',(115.,-66.,0.));
#20530=CARTESIAN_POINT('',(115.,-66.5,0.));
#20531=CARTESIAN_POINT('Origin',(115.,-66.,0.));
#20532=CARTESIAN_POINT('',(115.,-66.5,0.));
#20533=CARTESIAN_POINT('Origin',(128.,-66.5,0.));
#20534=CARTESIAN_POINT('',(128.,-66.5,0.));
#20535=CARTESIAN_POINT('',(115.,-66.5,0.));
#20536=CARTESIAN_POINT('',(128.,-66.5,0.));
#20537=CARTESIAN_POINT('Origin',(128.,-66.,0.));
#20538=CARTESIAN_POINT('',(128.5,-66.,0.));
#20539=CARTESIAN_POINT('Origin',(128.,-66.,0.));
#20540=CARTESIAN_POINT('',(128.5,-66.,0.));
#20541=CARTESIAN_POINT('Origin',(128.5,-53.,0.));
#20542=CARTESIAN_POINT('',(128.5,-53.,0.));
#20543=CARTESIAN_POINT('',(128.5,-53.,0.));
#20544=CARTESIAN_POINT('',(128.5,-53.,0.));
#20545=CARTESIAN_POINT('Origin',(128.,-53.,0.));
#20546=CARTESIAN_POINT('',(128.,-52.5,0.));
#20547=CARTESIAN_POINT('Origin',(128.,-53.,0.));
#20548=CARTESIAN_POINT('',(128.,-52.5,0.));
#20549=CARTESIAN_POINT('Origin',(115.,-52.5,0.));
#20550=CARTESIAN_POINT('',(115.,-52.5,0.));
#20551=CARTESIAN_POINT('',(115.,-52.5,0.));
#20552=CARTESIAN_POINT('',(115.,-52.5,0.));
#20553=CARTESIAN_POINT('Origin',(115.,-53.,0.));
#20554=CARTESIAN_POINT('Origin',(115.,-53.,0.));
#20555=CARTESIAN_POINT('Origin',(204.5,-66.,0.));
#20556=CARTESIAN_POINT('',(204.5,-66.,0.));
#20557=CARTESIAN_POINT('',(204.5,-53.,0.));
#20558=CARTESIAN_POINT('',(204.5,-53.,0.));
#20559=CARTESIAN_POINT('',(204.5,-53.,0.));
#20560=CARTESIAN_POINT('',(204.5,-66.,0.));
#20561=CARTESIAN_POINT('Origin',(205.,-66.,0.));
#20562=CARTESIAN_POINT('',(205.,-66.5,0.));
#20563=CARTESIAN_POINT('Origin',(205.,-66.,0.));
#20564=CARTESIAN_POINT('',(205.,-66.5,0.));
#20565=CARTESIAN_POINT('Origin',(218.,-66.5,0.));
#20566=CARTESIAN_POINT('',(218.,-66.5,0.));
#20567=CARTESIAN_POINT('',(205.,-66.5,0.));
#20568=CARTESIAN_POINT('',(218.,-66.5,0.));
#20569=CARTESIAN_POINT('Origin',(218.,-66.,0.));
#20570=CARTESIAN_POINT('',(218.5,-66.,0.));
#20571=CARTESIAN_POINT('Origin',(218.,-66.,0.));
#20572=CARTESIAN_POINT('',(218.5,-66.,0.));
#20573=CARTESIAN_POINT('Origin',(218.5,-53.,0.));
#20574=CARTESIAN_POINT('',(218.5,-53.,0.));
#20575=CARTESIAN_POINT('',(218.5,-53.,0.));
#20576=CARTESIAN_POINT('',(218.5,-53.,0.));
#20577=CARTESIAN_POINT('Origin',(218.,-53.,0.));
#20578=CARTESIAN_POINT('',(218.,-52.5,0.));
#20579=CARTESIAN_POINT('Origin',(218.,-53.,0.));
#20580=CARTESIAN_POINT('',(218.,-52.5,0.));
#20581=CARTESIAN_POINT('Origin',(205.,-52.5,0.));
#20582=CARTESIAN_POINT('',(205.,-52.5,0.));
#20583=CARTESIAN_POINT('',(205.,-52.5,0.));
#20584=CARTESIAN_POINT('',(205.,-52.5,0.));
#20585=CARTESIAN_POINT('Origin',(205.,-53.,0.));
#20586=CARTESIAN_POINT('Origin',(205.,-53.,0.));
#20587=CARTESIAN_POINT('Origin',(74.5,-15.,0.));
#20588=CARTESIAN_POINT('',(74.5,-15.5,0.));
#20589=CARTESIAN_POINT('',(74.,-15.,0.));
#20590=CARTESIAN_POINT('Origin',(74.5,-15.,0.));
#20591=CARTESIAN_POINT('',(74.,-15.,0.));
#20592=CARTESIAN_POINT('',(74.5,-15.5,0.));
#20593=CARTESIAN_POINT('Origin',(87.5,-15.5,0.));
#20594=CARTESIAN_POINT('',(87.5,-15.5,0.));
#20595=CARTESIAN_POINT('',(74.5,-15.5,0.));
#20596=CARTESIAN_POINT('',(87.5,-15.5,0.));
#20597=CARTESIAN_POINT('Origin',(87.5,-15.,0.));
#20598=CARTESIAN_POINT('',(88.,-15.,0.));
#20599=CARTESIAN_POINT('Origin',(87.5,-15.,0.));
#20600=CARTESIAN_POINT('',(88.,-15.,0.));
#20601=CARTESIAN_POINT('Origin',(88.,-2.,0.));
#20602=CARTESIAN_POINT('',(88.,-2.,0.));
#20603=CARTESIAN_POINT('',(88.,-2.,0.));
#20604=CARTESIAN_POINT('',(88.,-2.,0.));
#20605=CARTESIAN_POINT('Origin',(87.5,-2.,0.));
#20606=CARTESIAN_POINT('',(87.5,-1.49999999999999,0.));
#20607=CARTESIAN_POINT('Origin',(87.5,-2.,0.));
#20608=CARTESIAN_POINT('',(87.5,-1.49999999999999,0.));
#20609=CARTESIAN_POINT('Origin',(74.5,-1.5,0.));
#20610=CARTESIAN_POINT('',(74.5,-1.5,0.));
#20611=CARTESIAN_POINT('',(74.5,-1.5,0.));
#20612=CARTESIAN_POINT('',(74.5,-1.5,0.));
#20613=CARTESIAN_POINT('Origin',(74.5,-2.,0.));
#20614=CARTESIAN_POINT('',(74.,-2.,0.));
#20615=CARTESIAN_POINT('Origin',(74.5,-2.,0.));
#20616=CARTESIAN_POINT('',(74.,-2.,0.));
#20617=CARTESIAN_POINT('Origin',(74.,-15.,0.));
#20618=CARTESIAN_POINT('',(74.,-2.,0.));
#20619=CARTESIAN_POINT('Origin',(186.5,-66.,0.));
#20620=CARTESIAN_POINT('',(186.5,-66.,0.));
#20621=CARTESIAN_POINT('',(186.5,-53.,0.));
#20622=CARTESIAN_POINT('',(186.5,-53.,0.));
#20623=CARTESIAN_POINT('',(186.5,-53.,0.));
#20624=CARTESIAN_POINT('',(186.5,-66.,0.));
#20625=CARTESIAN_POINT('Origin',(187.,-66.,0.));
#20626=CARTESIAN_POINT('',(187.,-66.5,0.));
#20627=CARTESIAN_POINT('Origin',(187.,-66.,0.));
#20628=CARTESIAN_POINT('',(187.,-66.5,0.));
#20629=CARTESIAN_POINT('Origin',(200.,-66.5,0.));
#20630=CARTESIAN_POINT('',(200.,-66.5,0.));
#20631=CARTESIAN_POINT('',(187.,-66.5,0.));
#20632=CARTESIAN_POINT('',(200.,-66.5,0.));
#20633=CARTESIAN_POINT('Origin',(200.,-66.,0.));
#20634=CARTESIAN_POINT('',(200.5,-66.,0.));
#20635=CARTESIAN_POINT('Origin',(200.,-66.,0.));
#20636=CARTESIAN_POINT('',(200.5,-66.,0.));
#20637=CARTESIAN_POINT('Origin',(200.5,-53.,0.));
#20638=CARTESIAN_POINT('',(200.5,-53.,0.));
#20639=CARTESIAN_POINT('',(200.5,-53.,0.));
#20640=CARTESIAN_POINT('',(200.5,-53.,0.));
#20641=CARTESIAN_POINT('Origin',(200.,-53.,0.));
#20642=CARTESIAN_POINT('',(200.,-52.5,0.));
#20643=CARTESIAN_POINT('Origin',(200.,-53.,0.));
#20644=CARTESIAN_POINT('',(200.,-52.5,0.));
#20645=CARTESIAN_POINT('Origin',(187.,-52.5,0.));
#20646=CARTESIAN_POINT('',(187.,-52.5,0.));
#20647=CARTESIAN_POINT('',(187.,-52.5,0.));
#20648=CARTESIAN_POINT('',(187.,-52.5,0.));
#20649=CARTESIAN_POINT('Origin',(187.,-53.,0.));
#20650=CARTESIAN_POINT('Origin',(187.,-53.,0.));
#20651=CARTESIAN_POINT('Origin',(168.5,-66.,0.));
#20652=CARTESIAN_POINT('',(168.5,-66.,0.));
#20653=CARTESIAN_POINT('',(168.5,-53.,0.));
#20654=CARTESIAN_POINT('',(168.5,-53.,0.));
#20655=CARTESIAN_POINT('',(168.5,-53.,0.));
#20656=CARTESIAN_POINT('',(168.5,-66.,0.));
#20657=CARTESIAN_POINT('Origin',(169.,-66.,0.));
#20658=CARTESIAN_POINT('',(169.,-66.5,0.));
#20659=CARTESIAN_POINT('Origin',(169.,-66.,0.));
#20660=CARTESIAN_POINT('',(169.,-66.5,0.));
#20661=CARTESIAN_POINT('Origin',(182.,-66.5,0.));
#20662=CARTESIAN_POINT('',(182.,-66.5,0.));
#20663=CARTESIAN_POINT('',(169.,-66.5,0.));
#20664=CARTESIAN_POINT('',(182.,-66.5,0.));
#20665=CARTESIAN_POINT('Origin',(182.,-66.,0.));
#20666=CARTESIAN_POINT('',(182.5,-66.,0.));
#20667=CARTESIAN_POINT('Origin',(182.,-66.,0.));
#20668=CARTESIAN_POINT('',(182.5,-66.,0.));
#20669=CARTESIAN_POINT('Origin',(182.5,-53.,0.));
#20670=CARTESIAN_POINT('',(182.5,-53.,0.));
#20671=CARTESIAN_POINT('',(182.5,-53.,0.));
#20672=CARTESIAN_POINT('',(182.5,-53.,0.));
#20673=CARTESIAN_POINT('Origin',(182.,-53.,0.));
#20674=CARTESIAN_POINT('',(182.,-52.5,0.));
#20675=CARTESIAN_POINT('Origin',(182.,-53.,0.));
#20676=CARTESIAN_POINT('',(182.,-52.5,0.));
#20677=CARTESIAN_POINT('Origin',(169.,-52.5,0.));
#20678=CARTESIAN_POINT('',(169.,-52.5,0.));
#20679=CARTESIAN_POINT('',(169.,-52.5,0.));
#20680=CARTESIAN_POINT('',(169.,-52.5,0.));
#20681=CARTESIAN_POINT('Origin',(169.,-53.,0.));
#20682=CARTESIAN_POINT('Origin',(169.,-53.,0.));
#20683=CARTESIAN_POINT('Origin',(184.25,-83.,0.));
#20684=CARTESIAN_POINT('',(184.25,-83.,0.));
#20685=CARTESIAN_POINT('',(184.25,-70.,0.));
#20686=CARTESIAN_POINT('',(184.25,-70.,0.));
#20687=CARTESIAN_POINT('',(184.25,-70.,0.));
#20688=CARTESIAN_POINT('',(184.25,-83.,0.));
#20689=CARTESIAN_POINT('Origin',(184.75,-83.,0.));
#20690=CARTESIAN_POINT('',(184.75,-83.5,0.));
#20691=CARTESIAN_POINT('Origin',(184.75,-83.,0.));
#20692=CARTESIAN_POINT('',(184.75,-83.5,0.));
#20693=CARTESIAN_POINT('Origin',(197.75,-83.5,0.));
#20694=CARTESIAN_POINT('',(197.75,-83.5,0.));
#20695=CARTESIAN_POINT('',(184.75,-83.5,0.));
#20696=CARTESIAN_POINT('',(197.75,-83.5,0.));
#20697=CARTESIAN_POINT('Origin',(197.75,-83.,0.));
#20698=CARTESIAN_POINT('',(198.25,-83.,0.));
#20699=CARTESIAN_POINT('Origin',(197.75,-83.,0.));
#20700=CARTESIAN_POINT('',(198.25,-83.,0.));
#20701=CARTESIAN_POINT('Origin',(198.25,-70.,0.));
#20702=CARTESIAN_POINT('',(198.25,-70.,0.));
#20703=CARTESIAN_POINT('',(198.25,-70.,0.));
#20704=CARTESIAN_POINT('',(198.25,-70.,0.));
#20705=CARTESIAN_POINT('Origin',(197.75,-70.,0.));
#20706=CARTESIAN_POINT('',(197.75,-69.5,0.));
#20707=CARTESIAN_POINT('Origin',(197.75,-70.,0.));
#20708=CARTESIAN_POINT('',(197.75,-69.5,0.));
#20709=CARTESIAN_POINT('Origin',(184.75,-69.5,0.));
#20710=CARTESIAN_POINT('',(184.75,-69.5,0.));
#20711=CARTESIAN_POINT('',(184.75,-69.5,0.));
#20712=CARTESIAN_POINT('',(184.75,-69.5,0.));
#20713=CARTESIAN_POINT('Origin',(184.75,-70.,0.));
#20714=CARTESIAN_POINT('Origin',(184.75,-70.,0.));
#20715=CARTESIAN_POINT('Origin',(236.5,-15.,0.));
#20716=CARTESIAN_POINT('',(236.5,-15.5,0.));
#20717=CARTESIAN_POINT('',(236.,-15.,0.));
#20718=CARTESIAN_POINT('Origin',(236.5,-15.,0.));
#20719=CARTESIAN_POINT('',(236.,-15.,0.));
#20720=CARTESIAN_POINT('',(236.5,-15.5,0.));
#20721=CARTESIAN_POINT('Origin',(249.5,-15.5,0.));
#20722=CARTESIAN_POINT('',(249.5,-15.5,0.));
#20723=CARTESIAN_POINT('',(236.5,-15.5,0.));
#20724=CARTESIAN_POINT('',(249.5,-15.5,0.));
#20725=CARTESIAN_POINT('Origin',(249.5,-15.,0.));
#20726=CARTESIAN_POINT('',(250.,-15.,0.));
#20727=CARTESIAN_POINT('Origin',(249.5,-15.,0.));
#20728=CARTESIAN_POINT('',(250.,-15.,0.));
#20729=CARTESIAN_POINT('Origin',(250.,-2.,0.));
#20730=CARTESIAN_POINT('',(250.,-2.,0.));
#20731=CARTESIAN_POINT('',(250.,-2.,0.));
#20732=CARTESIAN_POINT('',(250.,-2.,0.));
#20733=CARTESIAN_POINT('Origin',(249.5,-2.,0.));
#20734=CARTESIAN_POINT('',(249.5,-1.50000000000003,0.));
#20735=CARTESIAN_POINT('Origin',(249.5,-2.,0.));
#20736=CARTESIAN_POINT('',(249.5,-1.50000000000003,0.));
#20737=CARTESIAN_POINT('Origin',(236.5,-1.5,0.));
#20738=CARTESIAN_POINT('',(236.5,-1.5,0.));
#20739=CARTESIAN_POINT('',(236.5,-1.5,0.));
#20740=CARTESIAN_POINT('',(236.5,-1.5,0.));
#20741=CARTESIAN_POINT('Origin',(236.5,-2.,0.));
#20742=CARTESIAN_POINT('',(236.,-2.,0.));
#20743=CARTESIAN_POINT('Origin',(236.5,-2.,0.));
#20744=CARTESIAN_POINT('',(236.,-2.,0.));
#20745=CARTESIAN_POINT('Origin',(236.,-15.,0.));
#20746=CARTESIAN_POINT('',(236.,-2.,0.));
#20747=CARTESIAN_POINT('Origin',(6.5,-32.,0.));
#20748=CARTESIAN_POINT('',(6.5,-32.,0.));
#20749=CARTESIAN_POINT('',(6.5,-19.,0.));
#20750=CARTESIAN_POINT('',(6.5,-19.,0.));
#20751=CARTESIAN_POINT('',(6.5,-19.,0.));
#20752=CARTESIAN_POINT('',(6.5,-32.,0.));
#20753=CARTESIAN_POINT('Origin',(7.,-32.,0.));
#20754=CARTESIAN_POINT('',(7.,-32.5,0.));
#20755=CARTESIAN_POINT('Origin',(7.,-32.,0.));
#20756=CARTESIAN_POINT('',(7.,-32.5,0.));
#20757=CARTESIAN_POINT('Origin',(20.,-32.5,0.));
#20758=CARTESIAN_POINT('',(20.,-32.5,0.));
#20759=CARTESIAN_POINT('',(7.,-32.5,0.));
#20760=CARTESIAN_POINT('',(20.,-32.5,0.));
#20761=CARTESIAN_POINT('Origin',(20.,-32.,0.));
#20762=CARTESIAN_POINT('',(20.5,-32.,0.));
#20763=CARTESIAN_POINT('Origin',(20.,-32.,0.));
#20764=CARTESIAN_POINT('',(20.5,-32.,0.));
#20765=CARTESIAN_POINT('Origin',(20.5,-19.,0.));
#20766=CARTESIAN_POINT('',(20.5,-19.,0.));
#20767=CARTESIAN_POINT('',(20.5,-19.,0.));
#20768=CARTESIAN_POINT('',(20.5,-19.,0.));
#20769=CARTESIAN_POINT('Origin',(20.,-19.,0.));
#20770=CARTESIAN_POINT('',(20.,-18.5,0.));
#20771=CARTESIAN_POINT('Origin',(20.,-19.,0.));
#20772=CARTESIAN_POINT('',(20.,-18.5,0.));
#20773=CARTESIAN_POINT('Origin',(7.,-18.5,0.));
#20774=CARTESIAN_POINT('',(7.,-18.5,0.));
#20775=CARTESIAN_POINT('',(7.,-18.5,0.));
#20776=CARTESIAN_POINT('',(7.,-18.5,0.));
#20777=CARTESIAN_POINT('Origin',(7.,-19.,0.));
#20778=CARTESIAN_POINT('Origin',(7.,-19.,0.));
#20779=CARTESIAN_POINT('Origin',(141.5,-49.,0.));
#20780=CARTESIAN_POINT('',(141.5,-49.,0.));
#20781=CARTESIAN_POINT('',(141.5,-36.,0.));
#20782=CARTESIAN_POINT('',(141.5,-36.,0.));
#20783=CARTESIAN_POINT('',(141.5,-36.,0.));
#20784=CARTESIAN_POINT('',(141.5,-49.,0.));
#20785=CARTESIAN_POINT('Origin',(142.,-49.,0.));
#20786=CARTESIAN_POINT('',(142.,-49.5,0.));
#20787=CARTESIAN_POINT('Origin',(142.,-49.,0.));
#20788=CARTESIAN_POINT('',(142.,-49.5,0.));
#20789=CARTESIAN_POINT('Origin',(155.,-49.5,0.));
#20790=CARTESIAN_POINT('',(155.,-49.5,0.));
#20791=CARTESIAN_POINT('',(142.,-49.5,0.));
#20792=CARTESIAN_POINT('',(155.,-49.5,0.));
#20793=CARTESIAN_POINT('Origin',(155.,-49.,0.));
#20794=CARTESIAN_POINT('',(155.5,-49.,0.));
#20795=CARTESIAN_POINT('Origin',(155.,-49.,0.));
#20796=CARTESIAN_POINT('',(155.5,-49.,0.));
#20797=CARTESIAN_POINT('Origin',(155.5,-36.,0.));
#20798=CARTESIAN_POINT('',(155.5,-36.,0.));
#20799=CARTESIAN_POINT('',(155.5,-36.,0.));
#20800=CARTESIAN_POINT('',(155.5,-36.,0.));
#20801=CARTESIAN_POINT('Origin',(155.,-36.,0.));
#20802=CARTESIAN_POINT('',(155.,-35.5,0.));
#20803=CARTESIAN_POINT('Origin',(155.,-36.,0.));
#20804=CARTESIAN_POINT('',(155.,-35.5,0.));
#20805=CARTESIAN_POINT('Origin',(142.,-35.5,0.));
#20806=CARTESIAN_POINT('',(142.,-35.5,0.));
#20807=CARTESIAN_POINT('',(142.,-35.5,0.));
#20808=CARTESIAN_POINT('',(142.,-35.5,0.));
#20809=CARTESIAN_POINT('Origin',(142.,-36.,0.));
#20810=CARTESIAN_POINT('Origin',(142.,-36.,0.));
#20811=CARTESIAN_POINT('Origin',(119.,-32.,0.));
#20812=CARTESIAN_POINT('',(119.,-32.,0.));
#20813=CARTESIAN_POINT('',(119.,-19.,0.));
#20814=CARTESIAN_POINT('',(119.,-19.,0.));
#20815=CARTESIAN_POINT('',(119.,-19.,0.));
#20816=CARTESIAN_POINT('',(119.,-32.,0.));
#20817=CARTESIAN_POINT('Origin',(119.5,-32.,0.));
#20818=CARTESIAN_POINT('',(119.5,-32.5,0.));
#20819=CARTESIAN_POINT('Origin',(119.5,-32.,0.));
#20820=CARTESIAN_POINT('',(119.5,-32.5,0.));
#20821=CARTESIAN_POINT('Origin',(132.5,-32.5,0.));
#20822=CARTESIAN_POINT('',(132.5,-32.5,0.));
#20823=CARTESIAN_POINT('',(119.5,-32.5,0.));
#20824=CARTESIAN_POINT('',(132.5,-32.5,0.));
#20825=CARTESIAN_POINT('Origin',(132.5,-32.,0.));
#20826=CARTESIAN_POINT('',(133.,-32.,0.));
#20827=CARTESIAN_POINT('Origin',(132.5,-32.,0.));
#20828=CARTESIAN_POINT('',(133.,-32.,0.));
#20829=CARTESIAN_POINT('Origin',(133.,-19.,0.));
#20830=CARTESIAN_POINT('',(133.,-19.,0.));
#20831=CARTESIAN_POINT('',(133.,-19.,0.));
#20832=CARTESIAN_POINT('',(133.,-19.,0.));
#20833=CARTESIAN_POINT('Origin',(132.5,-19.,0.));
#20834=CARTESIAN_POINT('',(132.5,-18.5,0.));
#20835=CARTESIAN_POINT('Origin',(132.5,-19.,0.));
#20836=CARTESIAN_POINT('',(132.5,-18.5,0.));
#20837=CARTESIAN_POINT('Origin',(119.5,-18.5,0.));
#20838=CARTESIAN_POINT('',(119.5,-18.5,0.));
#20839=CARTESIAN_POINT('',(119.5,-18.5,0.));
#20840=CARTESIAN_POINT('',(119.5,-18.5,0.));
#20841=CARTESIAN_POINT('Origin',(119.5,-19.,0.));
#20842=CARTESIAN_POINT('Origin',(119.5,-19.,0.));
#20843=CARTESIAN_POINT('Origin',(51.5,-49.,0.));
#20844=CARTESIAN_POINT('',(51.5,-49.,0.));
#20845=CARTESIAN_POINT('',(51.5,-36.,0.));
#20846=CARTESIAN_POINT('',(51.5,-36.,0.));
#20847=CARTESIAN_POINT('',(51.5,-36.,0.));
#20848=CARTESIAN_POINT('',(51.5,-49.,0.));
#20849=CARTESIAN_POINT('Origin',(52.,-49.,0.));
#20850=CARTESIAN_POINT('',(52.,-49.5,0.));
#20851=CARTESIAN_POINT('Origin',(52.,-49.,0.));
#20852=CARTESIAN_POINT('',(52.,-49.5,0.));
#20853=CARTESIAN_POINT('Origin',(65.,-49.5,0.));
#20854=CARTESIAN_POINT('',(65.,-49.5,0.));
#20855=CARTESIAN_POINT('',(52.,-49.5,0.));
#20856=CARTESIAN_POINT('',(65.,-49.5,0.));
#20857=CARTESIAN_POINT('Origin',(65.,-49.,0.));
#20858=CARTESIAN_POINT('',(65.5,-49.,0.));
#20859=CARTESIAN_POINT('Origin',(65.,-49.,0.));
#20860=CARTESIAN_POINT('',(65.5,-49.,0.));
#20861=CARTESIAN_POINT('Origin',(65.5,-36.,0.));
#20862=CARTESIAN_POINT('',(65.5,-36.,0.));
#20863=CARTESIAN_POINT('',(65.5,-36.,0.));
#20864=CARTESIAN_POINT('',(65.5,-36.,0.));
#20865=CARTESIAN_POINT('Origin',(65.,-36.,0.));
#20866=CARTESIAN_POINT('',(65.,-35.5,0.));
#20867=CARTESIAN_POINT('Origin',(65.,-36.,0.));
#20868=CARTESIAN_POINT('',(65.,-35.5,0.));
#20869=CARTESIAN_POINT('Origin',(52.,-35.5,0.));
#20870=CARTESIAN_POINT('',(52.,-35.5,0.));
#20871=CARTESIAN_POINT('',(52.,-35.5,0.));
#20872=CARTESIAN_POINT('',(52.,-35.5,0.));
#20873=CARTESIAN_POINT('Origin',(52.,-36.,0.));
#20874=CARTESIAN_POINT('Origin',(52.,-36.,0.));
#20875=CARTESIAN_POINT('Origin',(243.25,-49.,0.));
#20876=CARTESIAN_POINT('',(243.25,-49.5,0.));
#20877=CARTESIAN_POINT('',(242.75,-49.,0.));
#20878=CARTESIAN_POINT('Origin',(243.25,-49.,0.));
#20879=CARTESIAN_POINT('',(242.75,-49.,0.));
#20880=CARTESIAN_POINT('',(243.25,-49.5,0.));
#20881=CARTESIAN_POINT('Origin',(256.25,-49.5,0.));
#20882=CARTESIAN_POINT('',(256.25,-49.5,0.));
#20883=CARTESIAN_POINT('',(243.25,-49.5,0.));
#20884=CARTESIAN_POINT('',(256.25,-49.5,0.));
#20885=CARTESIAN_POINT('Origin',(256.25,-49.,0.));
#20886=CARTESIAN_POINT('',(256.75,-49.,0.));
#20887=CARTESIAN_POINT('Origin',(256.25,-49.,0.));
#20888=CARTESIAN_POINT('',(256.75,-49.,0.));
#20889=CARTESIAN_POINT('Origin',(256.75,-36.,0.));
#20890=CARTESIAN_POINT('',(256.75,-36.,0.));
#20891=CARTESIAN_POINT('',(256.75,-36.,0.));
#20892=CARTESIAN_POINT('',(256.75,-36.,0.));
#20893=CARTESIAN_POINT('Origin',(256.25,-36.,0.));
#20894=CARTESIAN_POINT('',(256.25,-35.5,0.));
#20895=CARTESIAN_POINT('Origin',(256.25,-36.,0.));
#20896=CARTESIAN_POINT('',(256.25,-35.5,0.));
#20897=CARTESIAN_POINT('Origin',(243.25,-35.5,0.));
#20898=CARTESIAN_POINT('',(243.25,-35.5,0.));
#20899=CARTESIAN_POINT('',(243.25,-35.5,0.));
#20900=CARTESIAN_POINT('',(243.25,-35.5,0.));
#20901=CARTESIAN_POINT('Origin',(243.25,-36.,0.));
#20902=CARTESIAN_POINT('',(242.75,-36.,0.));
#20903=CARTESIAN_POINT('Origin',(243.25,-36.,0.));
#20904=CARTESIAN_POINT('',(242.75,-36.,0.));
#20905=CARTESIAN_POINT('Origin',(242.75,-49.,0.));
#20906=CARTESIAN_POINT('',(242.75,-36.,0.));
#20907=CARTESIAN_POINT('Origin',(182.5,-15.,0.));
#20908=CARTESIAN_POINT('',(182.5,-15.5,0.));
#20909=CARTESIAN_POINT('',(182.,-15.,0.));
#20910=CARTESIAN_POINT('Origin',(182.5,-15.,0.));
#20911=CARTESIAN_POINT('',(182.,-15.,0.));
#20912=CARTESIAN_POINT('',(182.5,-15.5,0.));
#20913=CARTESIAN_POINT('Origin',(195.5,-15.5,0.));
#20914=CARTESIAN_POINT('',(195.5,-15.5,0.));
#20915=CARTESIAN_POINT('',(182.5,-15.5,0.));
#20916=CARTESIAN_POINT('',(195.5,-15.5,0.));
#20917=CARTESIAN_POINT('Origin',(195.5,-15.,0.));
#20918=CARTESIAN_POINT('',(196.,-15.,0.));
#20919=CARTESIAN_POINT('Origin',(195.5,-15.,0.));
#20920=CARTESIAN_POINT('',(196.,-15.,0.));
#20921=CARTESIAN_POINT('Origin',(196.,-2.,0.));
#20922=CARTESIAN_POINT('',(196.,-2.,0.));
#20923=CARTESIAN_POINT('',(196.,-2.,0.));
#20924=CARTESIAN_POINT('',(196.,-2.,0.));
#20925=CARTESIAN_POINT('Origin',(195.5,-2.,0.));
#20926=CARTESIAN_POINT('',(195.5,-1.49999999999999,0.));
#20927=CARTESIAN_POINT('Origin',(195.5,-2.,0.));
#20928=CARTESIAN_POINT('',(195.5,-1.49999999999999,0.));
#20929=CARTESIAN_POINT('Origin',(182.5,-1.5,0.));
#20930=CARTESIAN_POINT('',(182.5,-1.5,0.));
#20931=CARTESIAN_POINT('',(182.5,-1.5,0.));
#20932=CARTESIAN_POINT('',(182.5,-1.5,0.));
#20933=CARTESIAN_POINT('Origin',(182.5,-2.,0.));
#20934=CARTESIAN_POINT('',(182.,-2.,0.));
#20935=CARTESIAN_POINT('Origin',(182.5,-2.,0.));
#20936=CARTESIAN_POINT('',(182.,-2.,0.));
#20937=CARTESIAN_POINT('Origin',(182.,-15.,0.));
#20938=CARTESIAN_POINT('',(182.,-2.,0.));
#20939=CARTESIAN_POINT('Origin',(60.5,-66.,0.));
#20940=CARTESIAN_POINT('',(60.5,-66.,0.));
#20941=CARTESIAN_POINT('',(60.5,-53.,0.));
#20942=CARTESIAN_POINT('',(60.5,-53.,0.));
#20943=CARTESIAN_POINT('',(60.5,-53.,0.));
#20944=CARTESIAN_POINT('',(60.5,-66.,0.));
#20945=CARTESIAN_POINT('Origin',(61.,-66.,0.));
#20946=CARTESIAN_POINT('',(61.,-66.5,0.));
#20947=CARTESIAN_POINT('Origin',(61.,-66.,0.));
#20948=CARTESIAN_POINT('',(61.,-66.5,0.));
#20949=CARTESIAN_POINT('Origin',(74.,-66.5,0.));
#20950=CARTESIAN_POINT('',(74.,-66.5,0.));
#20951=CARTESIAN_POINT('',(61.,-66.5,0.));
#20952=CARTESIAN_POINT('',(74.,-66.5,0.));
#20953=CARTESIAN_POINT('Origin',(74.,-66.,0.));
#20954=CARTESIAN_POINT('',(74.5,-66.,0.));
#20955=CARTESIAN_POINT('Origin',(74.,-66.,0.));
#20956=CARTESIAN_POINT('',(74.5,-66.,0.));
#20957=CARTESIAN_POINT('Origin',(74.5,-53.,0.));
#20958=CARTESIAN_POINT('',(74.5,-53.,0.));
#20959=CARTESIAN_POINT('',(74.5,-53.,0.));
#20960=CARTESIAN_POINT('',(74.5,-53.,0.));
#20961=CARTESIAN_POINT('Origin',(74.,-53.,0.));
#20962=CARTESIAN_POINT('',(74.,-52.5,0.));
#20963=CARTESIAN_POINT('Origin',(74.,-53.,0.));
#20964=CARTESIAN_POINT('',(74.,-52.5,0.));
#20965=CARTESIAN_POINT('Origin',(61.,-52.5,0.));
#20966=CARTESIAN_POINT('',(61.,-52.5,0.));
#20967=CARTESIAN_POINT('',(61.,-52.5,0.));
#20968=CARTESIAN_POINT('',(61.,-52.5,0.));
#20969=CARTESIAN_POINT('Origin',(61.,-53.,0.));
#20970=CARTESIAN_POINT('Origin',(61.,-53.,0.));
#20971=CARTESIAN_POINT('Origin',(69.5,-49.,0.));
#20972=CARTESIAN_POINT('',(69.5,-49.,0.));
#20973=CARTESIAN_POINT('',(69.5,-36.,0.));
#20974=CARTESIAN_POINT('',(69.5,-36.,0.));
#20975=CARTESIAN_POINT('',(69.5,-36.,0.));
#20976=CARTESIAN_POINT('',(69.5,-49.,0.));
#20977=CARTESIAN_POINT('Origin',(70.,-49.,0.));
#20978=CARTESIAN_POINT('',(70.,-49.5,0.));
#20979=CARTESIAN_POINT('Origin',(70.,-49.,0.));
#20980=CARTESIAN_POINT('',(70.,-49.5,0.));
#20981=CARTESIAN_POINT('Origin',(83.,-49.5,0.));
#20982=CARTESIAN_POINT('',(83.,-49.5,0.));
#20983=CARTESIAN_POINT('',(70.,-49.5,0.));
#20984=CARTESIAN_POINT('',(83.,-49.5,0.));
#20985=CARTESIAN_POINT('Origin',(83.,-49.,0.));
#20986=CARTESIAN_POINT('',(83.5,-49.,0.));
#20987=CARTESIAN_POINT('Origin',(83.,-49.,0.));
#20988=CARTESIAN_POINT('',(83.5,-49.,0.));
#20989=CARTESIAN_POINT('Origin',(83.5,-36.,0.));
#20990=CARTESIAN_POINT('',(83.5,-36.,0.));
#20991=CARTESIAN_POINT('',(83.5,-36.,0.));
#20992=CARTESIAN_POINT('',(83.5,-36.,0.));
#20993=CARTESIAN_POINT('Origin',(83.,-36.,0.));
#20994=CARTESIAN_POINT('',(83.,-35.5,0.));
#20995=CARTESIAN_POINT('Origin',(83.,-36.,0.));
#20996=CARTESIAN_POINT('',(83.,-35.5,0.));
#20997=CARTESIAN_POINT('Origin',(70.,-35.5,0.));
#20998=CARTESIAN_POINT('',(70.,-35.5,0.));
#20999=CARTESIAN_POINT('',(70.,-35.5,0.));
#21000=CARTESIAN_POINT('',(70.,-35.5,0.));
#21001=CARTESIAN_POINT('Origin',(70.,-36.,0.));
#21002=CARTESIAN_POINT('Origin',(70.,-36.,0.));
#21003=CARTESIAN_POINT('Origin',(175.55,-72.65,0.));
#21004=CARTESIAN_POINT('',(175.55,-72.65,0.));
#21005=CARTESIAN_POINT('Origin',(171.95,-72.65,0.));
#21006=CARTESIAN_POINT('',(171.95,-72.65,0.));
#21007=CARTESIAN_POINT('Origin',(75.5500000000001,-72.65,0.));
#21008=CARTESIAN_POINT('',(76.9000000000001,-72.65,0.));
#21009=CARTESIAN_POINT('Origin',(71.9500000000001,-72.65,0.));
#21010=CARTESIAN_POINT('',(71.9500000000001,-68.,0.));
#21011=CARTESIAN_POINT('Origin',(49.25,-83.,0.));
#21012=CARTESIAN_POINT('',(49.25,-83.,0.));
#21013=CARTESIAN_POINT('',(49.25,-70.,0.));
#21014=CARTESIAN_POINT('',(49.25,-70.,0.));
#21015=CARTESIAN_POINT('',(49.25,-70.,0.));
#21016=CARTESIAN_POINT('',(49.25,-83.,0.));
#21017=CARTESIAN_POINT('Origin',(49.75,-83.,0.));
#21018=CARTESIAN_POINT('',(49.75,-83.5,0.));
#21019=CARTESIAN_POINT('Origin',(49.75,-83.,0.));
#21020=CARTESIAN_POINT('',(49.75,-83.5,0.));
#21021=CARTESIAN_POINT('Origin',(62.75,-83.5,0.));
#21022=CARTESIAN_POINT('',(62.75,-83.5,0.));
#21023=CARTESIAN_POINT('',(49.75,-83.5,0.));
#21024=CARTESIAN_POINT('',(62.75,-83.5,0.));
#21025=CARTESIAN_POINT('Origin',(62.75,-83.,0.));
#21026=CARTESIAN_POINT('',(63.25,-83.,0.));
#21027=CARTESIAN_POINT('Origin',(62.75,-83.,0.));
#21028=CARTESIAN_POINT('',(63.25,-83.,0.));
#21029=CARTESIAN_POINT('Origin',(63.25,-70.,0.));
#21030=CARTESIAN_POINT('',(63.25,-70.,0.));
#21031=CARTESIAN_POINT('',(63.25,-70.,0.));
#21032=CARTESIAN_POINT('',(63.25,-70.,0.));
#21033=CARTESIAN_POINT('Origin',(62.75,-70.,0.));
#21034=CARTESIAN_POINT('',(62.75,-69.5,0.));
#21035=CARTESIAN_POINT('Origin',(62.75,-70.,0.));
#21036=CARTESIAN_POINT('',(62.75,-69.5,0.));
#21037=CARTESIAN_POINT('Origin',(49.75,-69.5,0.));
#21038=CARTESIAN_POINT('',(49.75,-69.5,0.));
#21039=CARTESIAN_POINT('',(49.75,-69.5,0.));
#21040=CARTESIAN_POINT('',(49.75,-69.5,0.));
#21041=CARTESIAN_POINT('Origin',(49.75,-70.,0.));
#21042=CARTESIAN_POINT('Origin',(49.75,-70.,0.));
#21043=CARTESIAN_POINT('Origin',(101.,-32.,0.));
#21044=CARTESIAN_POINT('',(101.,-32.,0.));
#21045=CARTESIAN_POINT('',(101.,-19.,0.));
#21046=CARTESIAN_POINT('',(101.,-19.,0.));
#21047=CARTESIAN_POINT('',(101.,-19.,0.));
#21048=CARTESIAN_POINT('',(101.,-32.,0.));
#21049=CARTESIAN_POINT('Origin',(101.5,-32.,0.));
#21050=CARTESIAN_POINT('',(101.5,-32.5,0.));
#21051=CARTESIAN_POINT('Origin',(101.5,-32.,0.));
#21052=CARTESIAN_POINT('',(101.5,-32.5,0.));
#21053=CARTESIAN_POINT('Origin',(114.5,-32.5,0.));
#21054=CARTESIAN_POINT('',(114.5,-32.5,0.));
#21055=CARTESIAN_POINT('',(101.5,-32.5,0.));
#21056=CARTESIAN_POINT('',(114.5,-32.5,0.));
#21057=CARTESIAN_POINT('Origin',(114.5,-32.,0.));
#21058=CARTESIAN_POINT('',(115.,-32.,0.));
#21059=CARTESIAN_POINT('Origin',(114.5,-32.,0.));
#21060=CARTESIAN_POINT('',(115.,-32.,0.));
#21061=CARTESIAN_POINT('Origin',(115.,-19.,0.));
#21062=CARTESIAN_POINT('',(115.,-19.,0.));
#21063=CARTESIAN_POINT('',(115.,-19.,0.));
#21064=CARTESIAN_POINT('',(115.,-19.,0.));
#21065=CARTESIAN_POINT('Origin',(114.5,-19.,0.));
#21066=CARTESIAN_POINT('',(114.5,-18.5,0.));
#21067=CARTESIAN_POINT('Origin',(114.5,-19.,0.));
#21068=CARTESIAN_POINT('',(114.5,-18.5,0.));
#21069=CARTESIAN_POINT('Origin',(101.5,-18.5,0.));
#21070=CARTESIAN_POINT('',(101.5,-18.5,0.));
#21071=CARTESIAN_POINT('',(101.5,-18.5,0.));
#21072=CARTESIAN_POINT('',(101.5,-18.5,0.));
#21073=CARTESIAN_POINT('Origin',(101.5,-19.,0.));
#21074=CARTESIAN_POINT('Origin',(101.5,-19.,0.));
#21075=CARTESIAN_POINT('Origin',(206.75,-83.,0.));
#21076=CARTESIAN_POINT('',(206.75,-83.,0.));
#21077=CARTESIAN_POINT('',(206.75,-70.,0.));
#21078=CARTESIAN_POINT('',(206.75,-70.,0.));
#21079=CARTESIAN_POINT('',(206.75,-70.,0.));
#21080=CARTESIAN_POINT('',(206.75,-83.,0.));
#21081=CARTESIAN_POINT('Origin',(207.25,-83.,0.));
#21082=CARTESIAN_POINT('',(207.25,-83.5,0.));
#21083=CARTESIAN_POINT('Origin',(207.25,-83.,0.));
#21084=CARTESIAN_POINT('',(207.25,-83.5,0.));
#21085=CARTESIAN_POINT('Origin',(220.25,-83.5,0.));
#21086=CARTESIAN_POINT('',(220.25,-83.5,0.));
#21087=CARTESIAN_POINT('',(207.25,-83.5,0.));
#21088=CARTESIAN_POINT('',(220.25,-83.5,0.));
#21089=CARTESIAN_POINT('Origin',(220.25,-83.,0.));
#21090=CARTESIAN_POINT('',(220.75,-83.,0.));
#21091=CARTESIAN_POINT('Origin',(220.25,-83.,0.));
#21092=CARTESIAN_POINT('',(220.75,-83.,0.));
#21093=CARTESIAN_POINT('Origin',(220.75,-70.,0.));
#21094=CARTESIAN_POINT('',(220.75,-70.,0.));
#21095=CARTESIAN_POINT('',(220.75,-70.,0.));
#21096=CARTESIAN_POINT('',(220.75,-70.,0.));
#21097=CARTESIAN_POINT('Origin',(220.25,-70.,0.));
#21098=CARTESIAN_POINT('',(220.25,-69.5,0.));
#21099=CARTESIAN_POINT('Origin',(220.25,-70.,0.));
#21100=CARTESIAN_POINT('',(220.25,-69.5,0.));
#21101=CARTESIAN_POINT('Origin',(207.25,-69.5,0.));
#21102=CARTESIAN_POINT('',(207.25,-69.5,0.));
#21103=CARTESIAN_POINT('',(207.25,-69.5,0.));
#21104=CARTESIAN_POINT('',(207.25,-69.5,0.));
#21105=CARTESIAN_POINT('Origin',(207.25,-70.,0.));
#21106=CARTESIAN_POINT('Origin',(207.25,-70.,0.));
#21107=CARTESIAN_POINT('Origin',(83.,-32.,0.));
#21108=CARTESIAN_POINT('',(83.,-32.,0.));
#21109=CARTESIAN_POINT('',(83.,-19.,0.));
#21110=CARTESIAN_POINT('',(83.,-19.,0.));
#21111=CARTESIAN_POINT('',(83.,-19.,0.));
#21112=CARTESIAN_POINT('',(83.,-32.,0.));
#21113=CARTESIAN_POINT('Origin',(83.5,-32.,0.));
#21114=CARTESIAN_POINT('',(83.5,-32.5,0.));
#21115=CARTESIAN_POINT('Origin',(83.5,-32.,0.));
#21116=CARTESIAN_POINT('',(83.5,-32.5,0.));
#21117=CARTESIAN_POINT('Origin',(96.5,-32.5,0.));
#21118=CARTESIAN_POINT('',(96.5,-32.5,0.));
#21119=CARTESIAN_POINT('',(83.5,-32.5,0.));
#21120=CARTESIAN_POINT('',(96.5,-32.5,0.));
#21121=CARTESIAN_POINT('Origin',(96.5,-32.,0.));
#21122=CARTESIAN_POINT('',(97.,-32.,0.));
#21123=CARTESIAN_POINT('Origin',(96.5,-32.,0.));
#21124=CARTESIAN_POINT('',(97.,-32.,0.));
#21125=CARTESIAN_POINT('Origin',(97.,-19.,0.));
#21126=CARTESIAN_POINT('',(97.,-19.,0.));
#21127=CARTESIAN_POINT('',(97.,-19.,0.));
#21128=CARTESIAN_POINT('',(97.,-19.,0.));
#21129=CARTESIAN_POINT('Origin',(96.5,-19.,0.));
#21130=CARTESIAN_POINT('',(96.5,-18.5,0.));
#21131=CARTESIAN_POINT('Origin',(96.5,-19.,0.));
#21132=CARTESIAN_POINT('',(96.5,-18.5,0.));
#21133=CARTESIAN_POINT('Origin',(83.5,-18.5,0.));
#21134=CARTESIAN_POINT('',(83.5,-18.5,0.));
#21135=CARTESIAN_POINT('',(83.5,-18.5,0.));
#21136=CARTESIAN_POINT('',(83.5,-18.5,0.));
#21137=CARTESIAN_POINT('Origin',(83.5,-19.,0.));
#21138=CARTESIAN_POINT('Origin',(83.5,-19.,0.));
#21139=CARTESIAN_POINT('Origin',(250.,-32.,0.));
#21140=CARTESIAN_POINT('',(250.,-32.5,0.));
#21141=CARTESIAN_POINT('',(249.5,-32.,0.));
#21142=CARTESIAN_POINT('Origin',(250.,-32.,0.));
#21143=CARTESIAN_POINT('',(249.5,-32.,0.));
#21144=CARTESIAN_POINT('',(250.,-32.5,0.));
#21145=CARTESIAN_POINT('Origin',(263.,-32.5,0.));
#21146=CARTESIAN_POINT('',(263.,-32.5,0.));
#21147=CARTESIAN_POINT('',(250.,-32.5,0.));
#21148=CARTESIAN_POINT('',(263.,-32.5,0.));
#21149=CARTESIAN_POINT('Origin',(263.,-32.,0.));
#21150=CARTESIAN_POINT('',(263.5,-32.,0.));
#21151=CARTESIAN_POINT('Origin',(263.,-32.,0.));
#21152=CARTESIAN_POINT('',(263.5,-32.,0.));
#21153=CARTESIAN_POINT('Origin',(263.5,-19.,0.));
#21154=CARTESIAN_POINT('',(263.5,-19.,0.));
#21155=CARTESIAN_POINT('',(263.5,-19.,0.));
#21156=CARTESIAN_POINT('',(263.5,-19.,0.));
#21157=CARTESIAN_POINT('Origin',(263.,-19.,0.));
#21158=CARTESIAN_POINT('',(263.,-18.5,0.));
#21159=CARTESIAN_POINT('Origin',(263.,-19.,0.));
#21160=CARTESIAN_POINT('',(263.,-18.5,0.));
#21161=CARTESIAN_POINT('Origin',(250.,-18.5,0.));
#21162=CARTESIAN_POINT('',(250.,-18.5,0.));
#21163=CARTESIAN_POINT('',(250.,-18.5,0.));
#21164=CARTESIAN_POINT('',(250.,-18.5,0.));
#21165=CARTESIAN_POINT('Origin',(250.,-19.,0.));
#21166=CARTESIAN_POINT('',(249.5,-19.,0.));
#21167=CARTESIAN_POINT('Origin',(250.,-19.,0.));
#21168=CARTESIAN_POINT('',(249.5,-19.,0.));
#21169=CARTESIAN_POINT('Origin',(249.5,-32.,0.));
#21170=CARTESIAN_POINT('',(249.5,-19.,0.));
#21171=CARTESIAN_POINT('Origin',(20.5,-15.,0.));
#21172=CARTESIAN_POINT('',(20.5,-15.5,0.));
#21173=CARTESIAN_POINT('',(20.,-15.,0.));
#21174=CARTESIAN_POINT('Origin',(20.5,-15.,0.));
#21175=CARTESIAN_POINT('',(20.,-15.,0.));
#21176=CARTESIAN_POINT('',(20.5,-15.5,0.));
#21177=CARTESIAN_POINT('Origin',(33.5,-15.5,0.));
#21178=CARTESIAN_POINT('',(33.5,-15.5,0.));
#21179=CARTESIAN_POINT('',(20.5,-15.5,0.));
#21180=CARTESIAN_POINT('',(33.5,-15.5,0.));
#21181=CARTESIAN_POINT('Origin',(33.5,-15.,0.));
#21182=CARTESIAN_POINT('',(34.,-15.,0.));
#21183=CARTESIAN_POINT('Origin',(33.5,-15.,0.));
#21184=CARTESIAN_POINT('',(34.,-15.,0.));
#21185=CARTESIAN_POINT('Origin',(34.,-2.,0.));
#21186=CARTESIAN_POINT('',(34.,-2.,0.));
#21187=CARTESIAN_POINT('',(34.,-2.,0.));
#21188=CARTESIAN_POINT('',(34.,-2.,0.));
#21189=CARTESIAN_POINT('Origin',(33.5,-2.,0.));
#21190=CARTESIAN_POINT('',(33.5,-1.5,0.));
#21191=CARTESIAN_POINT('Origin',(33.5,-2.,0.));
#21192=CARTESIAN_POINT('',(33.5,-1.5,0.));
#21193=CARTESIAN_POINT('Origin',(20.5,-1.5,0.));
#21194=CARTESIAN_POINT('',(20.5,-1.5,0.));
#21195=CARTESIAN_POINT('',(20.5,-1.5,0.));
#21196=CARTESIAN_POINT('',(20.5,-1.5,0.));
#21197=CARTESIAN_POINT('Origin',(20.5,-2.,0.));
#21198=CARTESIAN_POINT('',(20.,-2.,0.));
#21199=CARTESIAN_POINT('Origin',(20.5,-2.,0.));
#21200=CARTESIAN_POINT('',(20.,-2.,0.));
#21201=CARTESIAN_POINT('Origin',(20.,-15.,0.));
#21202=CARTESIAN_POINT('',(20.,-2.,0.));
#21203=CARTESIAN_POINT('Origin',(96.5,-66.,0.));
#21204=CARTESIAN_POINT('',(96.5,-66.,0.));
#21205=CARTESIAN_POINT('',(96.5,-53.,0.));
#21206=CARTESIAN_POINT('',(96.5,-53.,0.));
#21207=CARTESIAN_POINT('',(96.5,-53.,0.));
#21208=CARTESIAN_POINT('',(96.5,-66.,0.));
#21209=CARTESIAN_POINT('Origin',(97.,-66.,0.));
#21210=CARTESIAN_POINT('',(97.,-66.5,0.));
#21211=CARTESIAN_POINT('Origin',(97.,-66.,0.));
#21212=CARTESIAN_POINT('',(97.,-66.5,0.));
#21213=CARTESIAN_POINT('Origin',(110.,-66.5,0.));
#21214=CARTESIAN_POINT('',(110.,-66.5,0.));
#21215=CARTESIAN_POINT('',(97.,-66.5,0.));
#21216=CARTESIAN_POINT('',(110.,-66.5,0.));
#21217=CARTESIAN_POINT('Origin',(110.,-66.,0.));
#21218=CARTESIAN_POINT('',(110.5,-66.,0.));
#21219=CARTESIAN_POINT('Origin',(110.,-66.,0.));
#21220=CARTESIAN_POINT('',(110.5,-66.,0.));
#21221=CARTESIAN_POINT('Origin',(110.5,-53.,0.));
#21222=CARTESIAN_POINT('',(110.5,-53.,0.));
#21223=CARTESIAN_POINT('',(110.5,-53.,0.));
#21224=CARTESIAN_POINT('',(110.5,-53.,0.));
#21225=CARTESIAN_POINT('Origin',(110.,-53.,0.));
#21226=CARTESIAN_POINT('',(110.,-52.5,0.));
#21227=CARTESIAN_POINT('Origin',(110.,-53.,0.));
#21228=CARTESIAN_POINT('',(110.,-52.5,0.));
#21229=CARTESIAN_POINT('Origin',(97.,-52.5,0.));
#21230=CARTESIAN_POINT('',(97.,-52.5,0.));
#21231=CARTESIAN_POINT('',(97.,-52.5,0.));
#21232=CARTESIAN_POINT('',(97.,-52.5,0.));
#21233=CARTESIAN_POINT('Origin',(97.,-53.,0.));
#21234=CARTESIAN_POINT('Origin',(97.,-53.,0.));
#21235=CARTESIAN_POINT('Origin',(200.5,-15.,0.));
#21236=CARTESIAN_POINT('',(200.5,-15.5,0.));
#21237=CARTESIAN_POINT('',(200.,-15.,0.));
#21238=CARTESIAN_POINT('Origin',(200.5,-15.,0.));
#21239=CARTESIAN_POINT('',(200.,-15.,0.));
#21240=CARTESIAN_POINT('',(200.5,-15.5,0.));
#21241=CARTESIAN_POINT('Origin',(213.5,-15.5,0.));
#21242=CARTESIAN_POINT('',(213.5,-15.5,0.));
#21243=CARTESIAN_POINT('',(200.5,-15.5,0.));
#21244=CARTESIAN_POINT('',(213.5,-15.5,0.));
#21245=CARTESIAN_POINT('Origin',(213.5,-15.,0.));
#21246=CARTESIAN_POINT('',(214.,-15.,0.));
#21247=CARTESIAN_POINT('Origin',(213.5,-15.,0.));
#21248=CARTESIAN_POINT('',(214.,-15.,0.));
#21249=CARTESIAN_POINT('Origin',(214.,-2.,0.));
#21250=CARTESIAN_POINT('',(214.,-2.,0.));
#21251=CARTESIAN_POINT('',(214.,-2.,0.));
#21252=CARTESIAN_POINT('',(214.,-2.,0.));
#21253=CARTESIAN_POINT('Origin',(213.5,-2.,0.));
#21254=CARTESIAN_POINT('',(213.5,-1.49999999999999,0.));
#21255=CARTESIAN_POINT('Origin',(213.5,-2.,0.));
#21256=CARTESIAN_POINT('',(213.5,-1.49999999999999,0.));
#21257=CARTESIAN_POINT('Origin',(200.5,-1.5,0.));
#21258=CARTESIAN_POINT('',(200.5,-1.5,0.));
#21259=CARTESIAN_POINT('',(200.5,-1.5,0.));
#21260=CARTESIAN_POINT('',(200.5,-1.5,0.));
#21261=CARTESIAN_POINT('Origin',(200.5,-2.,0.));
#21262=CARTESIAN_POINT('',(200.,-2.,0.));
#21263=CARTESIAN_POINT('Origin',(200.5,-2.,0.));
#21264=CARTESIAN_POINT('',(200.,-2.,0.));
#21265=CARTESIAN_POINT('Origin',(200.,-15.,0.));
#21266=CARTESIAN_POINT('',(200.,-2.,0.));
#21267=CARTESIAN_POINT('Origin',(137.,-32.,0.));
#21268=CARTESIAN_POINT('',(137.,-32.,0.));
#21269=CARTESIAN_POINT('',(137.,-19.,0.));
#21270=CARTESIAN_POINT('',(137.,-19.,0.));
#21271=CARTESIAN_POINT('',(137.,-19.,0.));
#21272=CARTESIAN_POINT('',(137.,-32.,0.));
#21273=CARTESIAN_POINT('Origin',(137.5,-32.,0.));
#21274=CARTESIAN_POINT('',(137.5,-32.5,0.));
#21275=CARTESIAN_POINT('Origin',(137.5,-32.,0.));
#21276=CARTESIAN_POINT('',(137.5,-32.5,0.));
#21277=CARTESIAN_POINT('Origin',(150.5,-32.5,0.));
#21278=CARTESIAN_POINT('',(150.5,-32.5,0.));
#21279=CARTESIAN_POINT('',(137.5,-32.5,0.));
#21280=CARTESIAN_POINT('',(150.5,-32.5,0.));
#21281=CARTESIAN_POINT('Origin',(150.5,-32.,0.));
#21282=CARTESIAN_POINT('',(151.,-32.,0.));
#21283=CARTESIAN_POINT('Origin',(150.5,-32.,0.));
#21284=CARTESIAN_POINT('',(151.,-32.,0.));
#21285=CARTESIAN_POINT('Origin',(151.,-19.,0.));
#21286=CARTESIAN_POINT('',(151.,-19.,0.));
#21287=CARTESIAN_POINT('',(151.,-19.,0.));
#21288=CARTESIAN_POINT('',(151.,-19.,0.));
#21289=CARTESIAN_POINT('Origin',(150.5,-19.,0.));
#21290=CARTESIAN_POINT('',(150.5,-18.5,0.));
#21291=CARTESIAN_POINT('Origin',(150.5,-19.,0.));
#21292=CARTESIAN_POINT('',(150.5,-18.5,0.));
#21293=CARTESIAN_POINT('Origin',(137.5,-18.5,0.));
#21294=CARTESIAN_POINT('',(137.5,-18.5,0.));
#21295=CARTESIAN_POINT('',(137.5,-18.5,0.));
#21296=CARTESIAN_POINT('',(137.5,-18.5,0.));
#21297=CARTESIAN_POINT('Origin',(137.5,-19.,0.));
#21298=CARTESIAN_POINT('Origin',(137.5,-19.,0.));
#21299=CARTESIAN_POINT('Origin',(132.5,-66.,0.));
#21300=CARTESIAN_POINT('',(132.5,-66.,0.));
#21301=CARTESIAN_POINT('',(132.5,-53.,0.));
#21302=CARTESIAN_POINT('',(132.5,-53.,0.));
#21303=CARTESIAN_POINT('',(132.5,-53.,0.));
#21304=CARTESIAN_POINT('',(132.5,-66.,0.));
#21305=CARTESIAN_POINT('Origin',(133.,-66.,0.));
#21306=CARTESIAN_POINT('',(133.,-66.5,0.));
#21307=CARTESIAN_POINT('Origin',(133.,-66.,0.));
#21308=CARTESIAN_POINT('',(133.,-66.5,0.));
#21309=CARTESIAN_POINT('Origin',(146.,-66.5,0.));
#21310=CARTESIAN_POINT('',(146.,-66.5,0.));
#21311=CARTESIAN_POINT('',(133.,-66.5,0.));
#21312=CARTESIAN_POINT('',(146.,-66.5,0.));
#21313=CARTESIAN_POINT('Origin',(146.,-66.,0.));
#21314=CARTESIAN_POINT('',(146.5,-66.,0.));
#21315=CARTESIAN_POINT('Origin',(146.,-66.,0.));
#21316=CARTESIAN_POINT('',(146.5,-66.,0.));
#21317=CARTESIAN_POINT('Origin',(146.5,-53.,0.));
#21318=CARTESIAN_POINT('',(146.5,-53.,0.));
#21319=CARTESIAN_POINT('',(146.5,-53.,0.));
#21320=CARTESIAN_POINT('',(146.5,-53.,0.));
#21321=CARTESIAN_POINT('Origin',(146.,-53.,0.));
#21322=CARTESIAN_POINT('',(146.,-52.5,0.));
#21323=CARTESIAN_POINT('Origin',(146.,-53.,0.));
#21324=CARTESIAN_POINT('',(146.,-52.5,0.));
#21325=CARTESIAN_POINT('Origin',(133.,-52.5,0.));
#21326=CARTESIAN_POINT('',(133.,-52.5,0.));
#21327=CARTESIAN_POINT('',(133.,-52.5,0.));
#21328=CARTESIAN_POINT('',(133.,-52.5,0.));
#21329=CARTESIAN_POINT('Origin',(133.,-53.,0.));
#21330=CARTESIAN_POINT('Origin',(133.,-53.,0.));
#21331=CARTESIAN_POINT('Origin',(191.,-32.,0.));
#21332=CARTESIAN_POINT('',(191.,-32.,0.));
#21333=CARTESIAN_POINT('',(191.,-19.,0.));
#21334=CARTESIAN_POINT('',(191.,-19.,0.));
#21335=CARTESIAN_POINT('',(191.,-19.,0.));
#21336=CARTESIAN_POINT('',(191.,-32.,0.));
#21337=CARTESIAN_POINT('Origin',(191.5,-32.,0.));
#21338=CARTESIAN_POINT('',(191.5,-32.5,0.));
#21339=CARTESIAN_POINT('Origin',(191.5,-32.,0.));
#21340=CARTESIAN_POINT('',(191.5,-32.5,0.));
#21341=CARTESIAN_POINT('Origin',(204.5,-32.5,0.));
#21342=CARTESIAN_POINT('',(204.5,-32.5,0.));
#21343=CARTESIAN_POINT('',(191.5,-32.5,0.));
#21344=CARTESIAN_POINT('',(204.5,-32.5,0.));
#21345=CARTESIAN_POINT('Origin',(204.5,-32.,0.));
#21346=CARTESIAN_POINT('',(205.,-32.,0.));
#21347=CARTESIAN_POINT('Origin',(204.5,-32.,0.));
#21348=CARTESIAN_POINT('',(205.,-32.,0.));
#21349=CARTESIAN_POINT('Origin',(205.,-19.,0.));
#21350=CARTESIAN_POINT('',(205.,-19.,0.));
#21351=CARTESIAN_POINT('',(205.,-19.,0.));
#21352=CARTESIAN_POINT('',(205.,-19.,0.));
#21353=CARTESIAN_POINT('Origin',(204.5,-19.,0.));
#21354=CARTESIAN_POINT('',(204.5,-18.5,0.));
#21355=CARTESIAN_POINT('Origin',(204.5,-19.,0.));
#21356=CARTESIAN_POINT('',(204.5,-18.5,0.));
#21357=CARTESIAN_POINT('Origin',(191.5,-18.5,0.));
#21358=CARTESIAN_POINT('',(191.5,-18.5,0.));
#21359=CARTESIAN_POINT('',(191.5,-18.5,0.));
#21360=CARTESIAN_POINT('',(191.5,-18.5,0.));
#21361=CARTESIAN_POINT('Origin',(191.5,-19.,0.));
#21362=CARTESIAN_POINT('Origin',(191.5,-19.,0.));
#21363=CARTESIAN_POINT('Origin',(146.5,-15.,0.));
#21364=CARTESIAN_POINT('',(146.5,-15.5,0.));
#21365=CARTESIAN_POINT('',(146.,-15.,0.));
#21366=CARTESIAN_POINT('Origin',(146.5,-15.,0.));
#21367=CARTESIAN_POINT('',(146.,-15.,0.));
#21368=CARTESIAN_POINT('',(146.5,-15.5,0.));
#21369=CARTESIAN_POINT('Origin',(159.5,-15.5,0.));
#21370=CARTESIAN_POINT('',(159.5,-15.5,0.));
#21371=CARTESIAN_POINT('',(146.5,-15.5,0.));
#21372=CARTESIAN_POINT('',(159.5,-15.5,0.));
#21373=CARTESIAN_POINT('Origin',(159.5,-15.,0.));
#21374=CARTESIAN_POINT('',(160.,-15.,0.));
#21375=CARTESIAN_POINT('Origin',(159.5,-15.,0.));
#21376=CARTESIAN_POINT('',(160.,-15.,0.));
#21377=CARTESIAN_POINT('Origin',(160.,-2.,0.));
#21378=CARTESIAN_POINT('',(160.,-2.,0.));
#21379=CARTESIAN_POINT('',(160.,-2.,0.));
#21380=CARTESIAN_POINT('',(160.,-2.,0.));
#21381=CARTESIAN_POINT('Origin',(159.5,-2.,0.));
#21382=CARTESIAN_POINT('',(159.5,-1.50000000000001,0.));
#21383=CARTESIAN_POINT('Origin',(159.5,-2.,0.));
#21384=CARTESIAN_POINT('',(159.5,-1.50000000000001,0.));
#21385=CARTESIAN_POINT('Origin',(146.5,-1.5,0.));
#21386=CARTESIAN_POINT('',(146.5,-1.5,0.));
#21387=CARTESIAN_POINT('',(146.5,-1.5,0.));
#21388=CARTESIAN_POINT('',(146.5,-1.5,0.));
#21389=CARTESIAN_POINT('Origin',(146.5,-2.,0.));
#21390=CARTESIAN_POINT('',(146.,-2.,0.));
#21391=CARTESIAN_POINT('Origin',(146.5,-2.,0.));
#21392=CARTESIAN_POINT('',(146.,-2.,0.));
#21393=CARTESIAN_POINT('Origin',(146.,-15.,0.));
#21394=CARTESIAN_POINT('',(146.,-2.,0.));
#21395=CARTESIAN_POINT('Origin',(159.5,-49.,0.));
#21396=CARTESIAN_POINT('',(159.5,-49.,0.));
#21397=CARTESIAN_POINT('',(159.5,-36.,0.));
#21398=CARTESIAN_POINT('',(159.5,-36.,0.));
#21399=CARTESIAN_POINT('',(159.5,-36.,0.));
#21400=CARTESIAN_POINT('',(159.5,-49.,0.));
#21401=CARTESIAN_POINT('Origin',(160.,-49.,0.));
#21402=CARTESIAN_POINT('',(160.,-49.5,0.));
#21403=CARTESIAN_POINT('Origin',(160.,-49.,0.));
#21404=CARTESIAN_POINT('',(160.,-49.5,0.));
#21405=CARTESIAN_POINT('Origin',(173.,-49.5,0.));
#21406=CARTESIAN_POINT('',(173.,-49.5,0.));
#21407=CARTESIAN_POINT('',(160.,-49.5,0.));
#21408=CARTESIAN_POINT('',(173.,-49.5,0.));
#21409=CARTESIAN_POINT('Origin',(173.,-49.,0.));
#21410=CARTESIAN_POINT('',(173.5,-49.,0.));
#21411=CARTESIAN_POINT('Origin',(173.,-49.,0.));
#21412=CARTESIAN_POINT('',(173.5,-49.,0.));
#21413=CARTESIAN_POINT('Origin',(173.5,-36.,0.));
#21414=CARTESIAN_POINT('',(173.5,-36.,0.));
#21415=CARTESIAN_POINT('',(173.5,-36.,0.));
#21416=CARTESIAN_POINT('',(173.5,-36.,0.));
#21417=CARTESIAN_POINT('Origin',(173.,-36.,0.));
#21418=CARTESIAN_POINT('',(173.,-35.5,0.));
#21419=CARTESIAN_POINT('Origin',(173.,-36.,0.));
#21420=CARTESIAN_POINT('',(173.,-35.5,0.));
#21421=CARTESIAN_POINT('Origin',(160.,-35.5,0.));
#21422=CARTESIAN_POINT('',(160.,-35.5,0.));
#21423=CARTESIAN_POINT('',(160.,-35.5,0.));
#21424=CARTESIAN_POINT('',(160.,-35.5,0.));
#21425=CARTESIAN_POINT('Origin',(160.,-36.,0.));
#21426=CARTESIAN_POINT('Origin',(160.,-36.,0.));
#21427=CARTESIAN_POINT('Origin',(150.5,-66.,0.));
#21428=CARTESIAN_POINT('',(150.5,-66.,0.));
#21429=CARTESIAN_POINT('',(150.5,-53.,0.));
#21430=CARTESIAN_POINT('',(150.5,-53.,0.));
#21431=CARTESIAN_POINT('',(150.5,-53.,0.));
#21432=CARTESIAN_POINT('',(150.5,-66.,0.));
#21433=CARTESIAN_POINT('Origin',(151.,-66.,0.));
#21434=CARTESIAN_POINT('',(151.,-66.5,0.));
#21435=CARTESIAN_POINT('Origin',(151.,-66.,0.));
#21436=CARTESIAN_POINT('',(151.,-66.5,0.));
#21437=CARTESIAN_POINT('Origin',(164.,-66.5,0.));
#21438=CARTESIAN_POINT('',(164.,-66.5,0.));
#21439=CARTESIAN_POINT('',(151.,-66.5,0.));
#21440=CARTESIAN_POINT('',(164.,-66.5,0.));
#21441=CARTESIAN_POINT('Origin',(164.,-66.,0.));
#21442=CARTESIAN_POINT('',(164.5,-66.,0.));
#21443=CARTESIAN_POINT('Origin',(164.,-66.,0.));
#21444=CARTESIAN_POINT('',(164.5,-66.,0.));
#21445=CARTESIAN_POINT('Origin',(164.5,-53.,0.));
#21446=CARTESIAN_POINT('',(164.5,-53.,0.));
#21447=CARTESIAN_POINT('',(164.5,-53.,0.));
#21448=CARTESIAN_POINT('',(164.5,-53.,0.));
#21449=CARTESIAN_POINT('Origin',(164.,-53.,0.));
#21450=CARTESIAN_POINT('',(164.,-52.5,0.));
#21451=CARTESIAN_POINT('Origin',(164.,-53.,0.));
#21452=CARTESIAN_POINT('',(164.,-52.5,0.));
#21453=CARTESIAN_POINT('Origin',(151.,-52.5,0.));
#21454=CARTESIAN_POINT('',(151.,-52.5,0.));
#21455=CARTESIAN_POINT('',(151.,-52.5,0.));
#21456=CARTESIAN_POINT('',(151.,-52.5,0.));
#21457=CARTESIAN_POINT('Origin',(151.,-53.,0.));
#21458=CARTESIAN_POINT('Origin',(151.,-53.,0.));
#21459=CARTESIAN_POINT('Origin',(209.,-32.,0.));
#21460=CARTESIAN_POINT('',(209.,-32.,0.));
#21461=CARTESIAN_POINT('',(209.,-19.,0.));
#21462=CARTESIAN_POINT('',(209.,-19.,0.));
#21463=CARTESIAN_POINT('',(209.,-19.,0.));
#21464=CARTESIAN_POINT('',(209.,-32.,0.));
#21465=CARTESIAN_POINT('Origin',(209.5,-32.,0.));
#21466=CARTESIAN_POINT('',(209.5,-32.5,0.));
#21467=CARTESIAN_POINT('Origin',(209.5,-32.,0.));
#21468=CARTESIAN_POINT('',(209.5,-32.5,0.));
#21469=CARTESIAN_POINT('Origin',(222.5,-32.5,0.));
#21470=CARTESIAN_POINT('',(222.5,-32.5,0.));
#21471=CARTESIAN_POINT('',(209.5,-32.5,0.));
#21472=CARTESIAN_POINT('',(222.5,-32.5,0.));
#21473=CARTESIAN_POINT('Origin',(222.5,-32.,0.));
#21474=CARTESIAN_POINT('',(223.,-32.,0.));
#21475=CARTESIAN_POINT('Origin',(222.5,-32.,0.));
#21476=CARTESIAN_POINT('',(223.,-32.,0.));
#21477=CARTESIAN_POINT('Origin',(223.,-19.,0.));
#21478=CARTESIAN_POINT('',(223.,-19.,0.));
#21479=CARTESIAN_POINT('',(223.,-19.,0.));
#21480=CARTESIAN_POINT('',(223.,-19.,0.));
#21481=CARTESIAN_POINT('Origin',(222.5,-19.,0.));
#21482=CARTESIAN_POINT('',(222.5,-18.5,0.));
#21483=CARTESIAN_POINT('Origin',(222.5,-19.,0.));
#21484=CARTESIAN_POINT('',(222.5,-18.5,0.));
#21485=CARTESIAN_POINT('Origin',(209.5,-18.5,0.));
#21486=CARTESIAN_POINT('',(209.5,-18.5,0.));
#21487=CARTESIAN_POINT('',(209.5,-18.5,0.));
#21488=CARTESIAN_POINT('',(209.5,-18.5,0.));
#21489=CARTESIAN_POINT('Origin',(209.5,-19.,0.));
#21490=CARTESIAN_POINT('Origin',(209.5,-19.,0.));
#21491=CARTESIAN_POINT('Origin',(123.5,-49.,0.));
#21492=CARTESIAN_POINT('',(123.5,-49.,0.));
#21493=CARTESIAN_POINT('',(123.5,-36.,0.));
#21494=CARTESIAN_POINT('',(123.5,-36.,0.));
#21495=CARTESIAN_POINT('',(123.5,-36.,0.));
#21496=CARTESIAN_POINT('',(123.5,-49.,0.));
#21497=CARTESIAN_POINT('Origin',(124.,-49.,0.));
#21498=CARTESIAN_POINT('',(124.,-49.5,0.));
#21499=CARTESIAN_POINT('Origin',(124.,-49.,0.));
#21500=CARTESIAN_POINT('',(124.,-49.5,0.));
#21501=CARTESIAN_POINT('Origin',(137.,-49.5,0.));
#21502=CARTESIAN_POINT('',(137.,-49.5,0.));
#21503=CARTESIAN_POINT('',(124.,-49.5,0.));
#21504=CARTESIAN_POINT('',(137.,-49.5,0.));
#21505=CARTESIAN_POINT('Origin',(137.,-49.,0.));
#21506=CARTESIAN_POINT('',(137.5,-49.,0.));
#21507=CARTESIAN_POINT('Origin',(137.,-49.,0.));
#21508=CARTESIAN_POINT('',(137.5,-49.,0.));
#21509=CARTESIAN_POINT('Origin',(137.5,-36.,0.));
#21510=CARTESIAN_POINT('',(137.5,-36.,0.));
#21511=CARTESIAN_POINT('',(137.5,-36.,0.));
#21512=CARTESIAN_POINT('',(137.5,-36.,0.));
#21513=CARTESIAN_POINT('Origin',(137.,-36.,0.));
#21514=CARTESIAN_POINT('',(137.,-35.5,0.));
#21515=CARTESIAN_POINT('Origin',(137.,-36.,0.));
#21516=CARTESIAN_POINT('',(137.,-35.5,0.));
#21517=CARTESIAN_POINT('Origin',(124.,-35.5,0.));
#21518=CARTESIAN_POINT('',(124.,-35.5,0.));
#21519=CARTESIAN_POINT('',(124.,-35.5,0.));
#21520=CARTESIAN_POINT('',(124.,-35.5,0.));
#21521=CARTESIAN_POINT('Origin',(124.,-36.,0.));
#21522=CARTESIAN_POINT('Origin',(124.,-36.,0.));
#21523=CARTESIAN_POINT('Origin',(33.5,-49.,0.));
#21524=CARTESIAN_POINT('',(33.5,-49.,0.));
#21525=CARTESIAN_POINT('',(33.5,-36.,0.));
#21526=CARTESIAN_POINT('',(33.5,-36.,0.));
#21527=CARTESIAN_POINT('',(33.5,-36.,0.));
#21528=CARTESIAN_POINT('',(33.5,-49.,0.));
#21529=CARTESIAN_POINT('Origin',(34.,-49.,0.));
#21530=CARTESIAN_POINT('',(34.,-49.5,0.));
#21531=CARTESIAN_POINT('Origin',(34.,-49.,0.));
#21532=CARTESIAN_POINT('',(34.,-49.5,0.));
#21533=CARTESIAN_POINT('Origin',(47.,-49.5,0.));
#21534=CARTESIAN_POINT('',(47.,-49.5,0.));
#21535=CARTESIAN_POINT('',(34.,-49.5,0.));
#21536=CARTESIAN_POINT('',(47.,-49.5,0.));
#21537=CARTESIAN_POINT('Origin',(47.,-49.,0.));
#21538=CARTESIAN_POINT('',(47.5,-49.,0.));
#21539=CARTESIAN_POINT('Origin',(47.,-49.,0.));
#21540=CARTESIAN_POINT('',(47.5,-49.,0.));
#21541=CARTESIAN_POINT('Origin',(47.5,-36.,0.));
#21542=CARTESIAN_POINT('',(47.5,-36.,0.));
#21543=CARTESIAN_POINT('',(47.5,-36.,0.));
#21544=CARTESIAN_POINT('',(47.5,-36.,0.));
#21545=CARTESIAN_POINT('Origin',(47.,-36.,0.));
#21546=CARTESIAN_POINT('',(47.,-35.5,0.));
#21547=CARTESIAN_POINT('Origin',(47.,-36.,0.));
#21548=CARTESIAN_POINT('',(47.,-35.5,0.));
#21549=CARTESIAN_POINT('Origin',(34.,-35.5,0.));
#21550=CARTESIAN_POINT('',(34.,-35.5,0.));
#21551=CARTESIAN_POINT('',(34.,-35.5,0.));
#21552=CARTESIAN_POINT('',(34.,-35.5,0.));
#21553=CARTESIAN_POINT('Origin',(34.,-36.,0.));
#21554=CARTESIAN_POINT('Origin',(34.,-36.,0.));
#21555=CARTESIAN_POINT('Origin',(56.5,-15.,0.));
#21556=CARTESIAN_POINT('',(56.5,-15.5,0.));
#21557=CARTESIAN_POINT('',(56.,-15.,0.));
#21558=CARTESIAN_POINT('Origin',(56.5,-15.,0.));
#21559=CARTESIAN_POINT('',(56.,-15.,0.));
#21560=CARTESIAN_POINT('',(56.5,-15.5,0.));
#21561=CARTESIAN_POINT('Origin',(69.5,-15.5,0.));
#21562=CARTESIAN_POINT('',(69.5,-15.5,0.));
#21563=CARTESIAN_POINT('',(56.5,-15.5,0.));
#21564=CARTESIAN_POINT('',(69.5,-15.5,0.));
#21565=CARTESIAN_POINT('Origin',(69.5,-15.,0.));
#21566=CARTESIAN_POINT('',(70.,-15.,0.));
#21567=CARTESIAN_POINT('Origin',(69.5,-15.,0.));
#21568=CARTESIAN_POINT('',(70.,-15.,0.));
#21569=CARTESIAN_POINT('Origin',(70.,-2.,0.));
#21570=CARTESIAN_POINT('',(70.,-2.,0.));
#21571=CARTESIAN_POINT('',(70.,-2.,0.));
#21572=CARTESIAN_POINT('',(70.,-2.,0.));
#21573=CARTESIAN_POINT('Origin',(69.5,-2.,0.));
#21574=CARTESIAN_POINT('',(69.5,-1.5,0.));
#21575=CARTESIAN_POINT('Origin',(69.5,-2.,0.));
#21576=CARTESIAN_POINT('',(69.5,-1.5,0.));
#21577=CARTESIAN_POINT('Origin',(56.5,-1.5,0.));
#21578=CARTESIAN_POINT('',(56.5,-1.5,0.));
#21579=CARTESIAN_POINT('',(56.5,-1.5,0.));
#21580=CARTESIAN_POINT('',(56.5,-1.5,0.));
#21581=CARTESIAN_POINT('Origin',(56.5,-2.,0.));
#21582=CARTESIAN_POINT('',(56.,-2.,0.));
#21583=CARTESIAN_POINT('Origin',(56.5,-2.,0.));
#21584=CARTESIAN_POINT('',(56.,-2.,0.));
#21585=CARTESIAN_POINT('Origin',(56.,-15.,0.));
#21586=CARTESIAN_POINT('',(56.,-2.,0.));
#21587=CARTESIAN_POINT('Origin',(155.,-32.,0.));
#21588=CARTESIAN_POINT('',(155.,-32.,0.));
#21589=CARTESIAN_POINT('',(155.,-19.,0.));
#21590=CARTESIAN_POINT('',(155.,-19.,0.));
#21591=CARTESIAN_POINT('',(155.,-19.,0.));
#21592=CARTESIAN_POINT('',(155.,-32.,0.));
#21593=CARTESIAN_POINT('Origin',(155.5,-32.,0.));
#21594=CARTESIAN_POINT('',(155.5,-32.5,0.));
#21595=CARTESIAN_POINT('Origin',(155.5,-32.,0.));
#21596=CARTESIAN_POINT('',(155.5,-32.5,0.));
#21597=CARTESIAN_POINT('Origin',(168.5,-32.5,0.));
#21598=CARTESIAN_POINT('',(168.5,-32.5,0.));
#21599=CARTESIAN_POINT('',(155.5,-32.5,0.));
#21600=CARTESIAN_POINT('',(168.5,-32.5,0.));
#21601=CARTESIAN_POINT('Origin',(168.5,-32.,0.));
#21602=CARTESIAN_POINT('',(169.,-32.,0.));
#21603=CARTESIAN_POINT('Origin',(168.5,-32.,0.));
#21604=CARTESIAN_POINT('',(169.,-32.,0.));
#21605=CARTESIAN_POINT('Origin',(169.,-19.,0.));
#21606=CARTESIAN_POINT('',(169.,-19.,0.));
#21607=CARTESIAN_POINT('',(169.,-19.,0.));
#21608=CARTESIAN_POINT('',(169.,-19.,0.));
#21609=CARTESIAN_POINT('Origin',(168.5,-19.,0.));
#21610=CARTESIAN_POINT('',(168.5,-18.5,0.));
#21611=CARTESIAN_POINT('Origin',(168.5,-19.,0.));
#21612=CARTESIAN_POINT('',(168.5,-18.5,0.));
#21613=CARTESIAN_POINT('Origin',(155.5,-18.5,0.));
#21614=CARTESIAN_POINT('',(155.5,-18.5,0.));
#21615=CARTESIAN_POINT('',(155.5,-18.5,0.));
#21616=CARTESIAN_POINT('',(155.5,-18.5,0.));
#21617=CARTESIAN_POINT('Origin',(155.5,-19.,0.));
#21618=CARTESIAN_POINT('Origin',(155.5,-19.,0.));
#21619=CARTESIAN_POINT('Origin',(128.5,-15.,0.));
#21620=CARTESIAN_POINT('',(128.5,-15.5,0.));
#21621=CARTESIAN_POINT('',(128.,-15.,0.));
#21622=CARTESIAN_POINT('Origin',(128.5,-15.,0.));
#21623=CARTESIAN_POINT('',(128.,-15.,0.));
#21624=CARTESIAN_POINT('',(128.5,-15.5,0.));
#21625=CARTESIAN_POINT('Origin',(141.5,-15.5,0.));
#21626=CARTESIAN_POINT('',(141.5,-15.5,0.));
#21627=CARTESIAN_POINT('',(128.5,-15.5,0.));
#21628=CARTESIAN_POINT('',(141.5,-15.5,0.));
#21629=CARTESIAN_POINT('Origin',(141.5,-15.,0.));
#21630=CARTESIAN_POINT('',(142.,-15.,0.));
#21631=CARTESIAN_POINT('Origin',(141.5,-15.,0.));
#21632=CARTESIAN_POINT('',(142.,-15.,0.));
#21633=CARTESIAN_POINT('Origin',(142.,-2.,0.));
#21634=CARTESIAN_POINT('',(142.,-2.,0.));
#21635=CARTESIAN_POINT('',(142.,-2.,0.));
#21636=CARTESIAN_POINT('',(142.,-2.,0.));
#21637=CARTESIAN_POINT('Origin',(141.5,-2.,0.));
#21638=CARTESIAN_POINT('',(141.5,-1.49999999999999,0.));
#21639=CARTESIAN_POINT('Origin',(141.5,-2.,0.));
#21640=CARTESIAN_POINT('',(141.5,-1.49999999999999,0.));
#21641=CARTESIAN_POINT('Origin',(128.5,-1.5,0.));
#21642=CARTESIAN_POINT('',(128.5,-1.5,0.));
#21643=CARTESIAN_POINT('',(128.5,-1.5,0.));
#21644=CARTESIAN_POINT('',(128.5,-1.5,0.));
#21645=CARTESIAN_POINT('Origin',(128.5,-2.,0.));
#21646=CARTESIAN_POINT('',(128.,-2.,0.));
#21647=CARTESIAN_POINT('Origin',(128.5,-2.,0.));
#21648=CARTESIAN_POINT('',(128.,-2.,0.));
#21649=CARTESIAN_POINT('Origin',(128.,-15.,0.));
#21650=CARTESIAN_POINT('',(128.,-2.,0.));
#21651=CARTESIAN_POINT('Origin',(42.5,-66.,0.));
#21652=CARTESIAN_POINT('',(42.5,-66.,0.));
#21653=CARTESIAN_POINT('',(42.5,-53.,0.));
#21654=CARTESIAN_POINT('',(42.5,-53.,0.));
#21655=CARTESIAN_POINT('',(42.5,-53.,0.));
#21656=CARTESIAN_POINT('',(42.5,-66.,0.));
#21657=CARTESIAN_POINT('Origin',(43.,-66.,0.));
#21658=CARTESIAN_POINT('',(43.,-66.5,0.));
#21659=CARTESIAN_POINT('Origin',(43.,-66.,0.));
#21660=CARTESIAN_POINT('',(43.,-66.5,0.));
#21661=CARTESIAN_POINT('Origin',(56.,-66.5,0.));
#21662=CARTESIAN_POINT('',(56.,-66.5,0.));
#21663=CARTESIAN_POINT('',(43.,-66.5,0.));
#21664=CARTESIAN_POINT('',(56.,-66.5,0.));
#21665=CARTESIAN_POINT('Origin',(56.,-66.,0.));
#21666=CARTESIAN_POINT('',(56.5,-66.,0.));
#21667=CARTESIAN_POINT('Origin',(56.,-66.,0.));
#21668=CARTESIAN_POINT('',(56.5,-66.,0.));
#21669=CARTESIAN_POINT('Origin',(56.5,-53.,0.));
#21670=CARTESIAN_POINT('',(56.5,-53.,0.));
#21671=CARTESIAN_POINT('',(56.5,-53.,0.));
#21672=CARTESIAN_POINT('',(56.5,-53.,0.));
#21673=CARTESIAN_POINT('Origin',(56.,-53.,0.));
#21674=CARTESIAN_POINT('',(56.,-52.5,0.));
#21675=CARTESIAN_POINT('Origin',(56.,-53.,0.));
#21676=CARTESIAN_POINT('',(56.,-52.5,0.));
#21677=CARTESIAN_POINT('Origin',(43.,-52.5,0.));
#21678=CARTESIAN_POINT('',(43.,-52.5,0.));
#21679=CARTESIAN_POINT('',(43.,-52.5,0.));
#21680=CARTESIAN_POINT('',(43.,-52.5,0.));
#21681=CARTESIAN_POINT('Origin',(43.,-53.,0.));
#21682=CARTESIAN_POINT('Origin',(43.,-53.,0.));
#21683=CARTESIAN_POINT('Origin',(254.5,-66.,0.));
#21684=CARTESIAN_POINT('',(254.5,-66.5,0.));
#21685=CARTESIAN_POINT('',(254.,-66.,0.));
#21686=CARTESIAN_POINT('Origin',(254.5,-66.,0.));
#21687=CARTESIAN_POINT('',(254.,-66.,0.));
#21688=CARTESIAN_POINT('',(254.5,-66.5,0.));
#21689=CARTESIAN_POINT('Origin',(267.5,-66.5,0.));
#21690=CARTESIAN_POINT('',(267.5,-66.5,0.));
#21691=CARTESIAN_POINT('',(254.5,-66.5,0.));
#21692=CARTESIAN_POINT('',(267.5,-66.5,0.));
#21693=CARTESIAN_POINT('Origin',(267.5,-66.,0.));
#21694=CARTESIAN_POINT('',(268.,-66.,0.));
#21695=CARTESIAN_POINT('Origin',(267.5,-66.,0.));
#21696=CARTESIAN_POINT('',(268.,-66.,0.));
#21697=CARTESIAN_POINT('Origin',(268.,-53.,0.));
#21698=CARTESIAN_POINT('',(268.,-53.,0.));
#21699=CARTESIAN_POINT('',(268.,-53.,0.));
#21700=CARTESIAN_POINT('',(268.,-53.,0.));
#21701=CARTESIAN_POINT('Origin',(267.5,-53.,0.));
#21702=CARTESIAN_POINT('',(267.5,-52.5,0.));
#21703=CARTESIAN_POINT('Origin',(267.5,-53.,0.));
#21704=CARTESIAN_POINT('',(267.5,-52.5,0.));
#21705=CARTESIAN_POINT('Origin',(254.5,-52.5,0.));
#21706=CARTESIAN_POINT('',(254.5,-52.5,0.));
#21707=CARTESIAN_POINT('',(254.5,-52.5,0.));
#21708=CARTESIAN_POINT('',(254.5,-52.5,0.));
#21709=CARTESIAN_POINT('Origin',(254.5,-53.,0.));
#21710=CARTESIAN_POINT('',(254.,-53.,0.));
#21711=CARTESIAN_POINT('Origin',(254.5,-53.,0.));
#21712=CARTESIAN_POINT('',(254.,-53.,0.));
#21713=CARTESIAN_POINT('Origin',(254.,-66.,0.));
#21714=CARTESIAN_POINT('',(254.,-53.,0.));
#21715=CARTESIAN_POINT('Origin',(38.5,-15.,0.));
#21716=CARTESIAN_POINT('',(38.5,-15.5,0.));
#21717=CARTESIAN_POINT('',(38.,-15.,0.));
#21718=CARTESIAN_POINT('Origin',(38.5,-15.,0.));
#21719=CARTESIAN_POINT('',(38.,-15.,0.));
#21720=CARTESIAN_POINT('',(38.5,-15.5,0.));
#21721=CARTESIAN_POINT('Origin',(51.5,-15.5,0.));
#21722=CARTESIAN_POINT('',(51.5,-15.5,0.));
#21723=CARTESIAN_POINT('',(38.5,-15.5,0.));
#21724=CARTESIAN_POINT('',(51.5,-15.5,0.));
#21725=CARTESIAN_POINT('Origin',(51.5,-15.,0.));
#21726=CARTESIAN_POINT('',(52.,-15.,0.));
#21727=CARTESIAN_POINT('Origin',(51.5,-15.,0.));
#21728=CARTESIAN_POINT('',(52.,-15.,0.));
#21729=CARTESIAN_POINT('Origin',(52.,-2.,0.));
#21730=CARTESIAN_POINT('',(52.,-2.,0.));
#21731=CARTESIAN_POINT('',(52.,-2.,0.));
#21732=CARTESIAN_POINT('',(52.,-2.,0.));
#21733=CARTESIAN_POINT('Origin',(51.5,-2.,0.));
#21734=CARTESIAN_POINT('',(51.5,-1.5,0.));
#21735=CARTESIAN_POINT('Origin',(51.5,-2.,0.));
#21736=CARTESIAN_POINT('',(51.5,-1.5,0.));
#21737=CARTESIAN_POINT('Origin',(38.5,-1.5,0.));
#21738=CARTESIAN_POINT('',(38.5,-1.5,0.));
#21739=CARTESIAN_POINT('',(38.5,-1.5,0.));
#21740=CARTESIAN_POINT('',(38.5,-1.5,0.));
#21741=CARTESIAN_POINT('Origin',(38.5,-2.,0.));
#21742=CARTESIAN_POINT('',(38.,-2.,0.));
#21743=CARTESIAN_POINT('Origin',(38.5,-2.,0.));
#21744=CARTESIAN_POINT('',(38.,-2.,0.));
#21745=CARTESIAN_POINT('Origin',(38.,-15.,0.));
#21746=CARTESIAN_POINT('',(38.,-2.,0.));
#21747=CARTESIAN_POINT('Origin',(254.5,-15.,0.));
#21748=CARTESIAN_POINT('',(254.5,-15.5,0.));
#21749=CARTESIAN_POINT('',(254.,-15.,0.));
#21750=CARTESIAN_POINT('Origin',(254.5,-15.,0.));
#21751=CARTESIAN_POINT('',(254.,-15.,0.));
#21752=CARTESIAN_POINT('',(254.5,-15.5,0.));
#21753=CARTESIAN_POINT('Origin',(267.5,-15.5,0.));
#21754=CARTESIAN_POINT('',(267.5,-15.5,0.));
#21755=CARTESIAN_POINT('',(254.5,-15.5,0.));
#21756=CARTESIAN_POINT('',(267.5,-15.5,0.));
#21757=CARTESIAN_POINT('Origin',(267.5,-15.,0.));
#21758=CARTESIAN_POINT('',(268.,-15.,0.));
#21759=CARTESIAN_POINT('Origin',(267.5,-15.,0.));
#21760=CARTESIAN_POINT('',(268.,-15.,0.));
#21761=CARTESIAN_POINT('Origin',(268.,-2.,0.));
#21762=CARTESIAN_POINT('',(268.,-2.,0.));
#21763=CARTESIAN_POINT('',(268.,-2.,0.));
#21764=CARTESIAN_POINT('',(268.,-2.,0.));
#21765=CARTESIAN_POINT('Origin',(267.5,-2.,0.));
#21766=CARTESIAN_POINT('',(267.5,-1.49999999999999,0.));
#21767=CARTESIAN_POINT('Origin',(267.5,-2.,0.));
#21768=CARTESIAN_POINT('',(267.5,-1.49999999999999,0.));
#21769=CARTESIAN_POINT('Origin',(254.5,-1.5,0.));
#21770=CARTESIAN_POINT('',(254.5,-1.5,0.));
#21771=CARTESIAN_POINT('',(254.5,-1.5,0.));
#21772=CARTESIAN_POINT('',(254.5,-1.5,0.));
#21773=CARTESIAN_POINT('Origin',(254.5,-2.,0.));
#21774=CARTESIAN_POINT('',(254.,-2.,0.));
#21775=CARTESIAN_POINT('Origin',(254.5,-2.,0.));
#21776=CARTESIAN_POINT('',(254.,-2.,0.));
#21777=CARTESIAN_POINT('Origin',(254.,-15.,0.));
#21778=CARTESIAN_POINT('',(254.,-2.,0.));
#21779=CARTESIAN_POINT('Origin',(218.5,-15.,0.));
#21780=CARTESIAN_POINT('',(218.5,-15.5,0.));
#21781=CARTESIAN_POINT('',(218.,-15.,0.));
#21782=CARTESIAN_POINT('Origin',(218.5,-15.,0.));
#21783=CARTESIAN_POINT('',(218.,-15.,0.));
#21784=CARTESIAN_POINT('',(218.5,-15.5,0.));
#21785=CARTESIAN_POINT('Origin',(231.5,-15.5,0.));
#21786=CARTESIAN_POINT('',(231.5,-15.5,0.));
#21787=CARTESIAN_POINT('',(218.5,-15.5,0.));
#21788=CARTESIAN_POINT('',(231.5,-15.5,0.));
#21789=CARTESIAN_POINT('Origin',(231.5,-15.,0.));
#21790=CARTESIAN_POINT('',(232.,-15.,0.));
#21791=CARTESIAN_POINT('Origin',(231.5,-15.,0.));
#21792=CARTESIAN_POINT('',(232.,-15.,0.));
#21793=CARTESIAN_POINT('Origin',(232.,-2.,0.));
#21794=CARTESIAN_POINT('',(232.,-2.,0.));
#21795=CARTESIAN_POINT('',(232.,-2.,0.));
#21796=CARTESIAN_POINT('',(232.,-2.,0.));
#21797=CARTESIAN_POINT('Origin',(231.5,-2.,0.));
#21798=CARTESIAN_POINT('',(231.5,-1.49999999999999,0.));
#21799=CARTESIAN_POINT('Origin',(231.5,-2.,0.));
#21800=CARTESIAN_POINT('',(231.5,-1.49999999999999,0.));
#21801=CARTESIAN_POINT('Origin',(218.5,-1.5,0.));
#21802=CARTESIAN_POINT('',(218.5,-1.5,0.));
#21803=CARTESIAN_POINT('',(218.5,-1.5,0.));
#21804=CARTESIAN_POINT('',(218.5,-1.5,0.));
#21805=CARTESIAN_POINT('Origin',(218.5,-2.,0.));
#21806=CARTESIAN_POINT('',(218.,-2.,0.));
#21807=CARTESIAN_POINT('Origin',(218.5,-2.,0.));
#21808=CARTESIAN_POINT('',(218.,-2.,0.));
#21809=CARTESIAN_POINT('Origin',(218.,-15.,0.));
#21810=CARTESIAN_POINT('',(218.,-2.,0.));
#21811=CARTESIAN_POINT('Origin',(26.75,-83.,0.));
#21812=CARTESIAN_POINT('',(26.75,-83.,0.));
#21813=CARTESIAN_POINT('',(26.75,-70.,0.));
#21814=CARTESIAN_POINT('',(26.75,-70.,0.));
#21815=CARTESIAN_POINT('',(26.75,-70.,0.));
#21816=CARTESIAN_POINT('',(26.75,-83.,0.));
#21817=CARTESIAN_POINT('Origin',(27.25,-83.,0.));
#21818=CARTESIAN_POINT('',(27.25,-83.5,0.));
#21819=CARTESIAN_POINT('Origin',(27.25,-83.,0.));
#21820=CARTESIAN_POINT('',(27.25,-83.5,0.));
#21821=CARTESIAN_POINT('Origin',(40.25,-83.5,0.));
#21822=CARTESIAN_POINT('',(40.25,-83.5,0.));
#21823=CARTESIAN_POINT('',(27.25,-83.5,0.));
#21824=CARTESIAN_POINT('',(40.25,-83.5,0.));
#21825=CARTESIAN_POINT('Origin',(40.25,-83.,0.));
#21826=CARTESIAN_POINT('',(40.75,-83.,0.));
#21827=CARTESIAN_POINT('Origin',(40.25,-83.,0.));
#21828=CARTESIAN_POINT('',(40.75,-83.,0.));
#21829=CARTESIAN_POINT('Origin',(40.75,-70.,0.));
#21830=CARTESIAN_POINT('',(40.75,-70.,0.));
#21831=CARTESIAN_POINT('',(40.75,-70.,0.));
#21832=CARTESIAN_POINT('',(40.75,-70.,0.));
#21833=CARTESIAN_POINT('Origin',(40.25,-70.,0.));
#21834=CARTESIAN_POINT('',(40.25,-69.5,0.));
#21835=CARTESIAN_POINT('Origin',(40.25,-70.,0.));
#21836=CARTESIAN_POINT('',(40.25,-69.5,0.));
#21837=CARTESIAN_POINT('Origin',(27.25,-69.5,0.));
#21838=CARTESIAN_POINT('',(27.25,-69.5,0.));
#21839=CARTESIAN_POINT('',(27.25,-69.5,0.));
#21840=CARTESIAN_POINT('',(27.25,-69.5,0.));
#21841=CARTESIAN_POINT('Origin',(27.25,-70.,0.));
#21842=CARTESIAN_POINT('Origin',(27.25,-70.,0.));
#21843=CARTESIAN_POINT('Origin',(6.45000000000001,-55.65,0.));
#21844=CARTESIAN_POINT('',(6.45000000000001,-51.,0.));
#21845=CARTESIAN_POINT('Origin',(10.05,-55.65,0.));
#21846=CARTESIAN_POINT('',(11.4,-55.65,0.));
#21847=CARTESIAN_POINT('Origin',(34.05,-55.65,0.));
#21848=CARTESIAN_POINT('',(35.4,-55.65,0.));
#21849=CARTESIAN_POINT('Origin',(30.45,-55.65,0.));
#21850=CARTESIAN_POINT('',(30.45,-51.,0.));
#21851=CARTESIAN_POINT('Origin',(177.5,-49.,0.));
#21852=CARTESIAN_POINT('',(177.5,-49.,0.));
#21853=CARTESIAN_POINT('',(177.5,-36.,0.));
#21854=CARTESIAN_POINT('',(177.5,-36.,0.));
#21855=CARTESIAN_POINT('',(177.5,-36.,0.));
#21856=CARTESIAN_POINT('',(177.5,-49.,0.));
#21857=CARTESIAN_POINT('Origin',(178.,-49.,0.));
#21858=CARTESIAN_POINT('',(178.,-49.5,0.));
#21859=CARTESIAN_POINT('Origin',(178.,-49.,0.));
#21860=CARTESIAN_POINT('',(178.,-49.5,0.));
#21861=CARTESIAN_POINT('Origin',(191.,-49.5,0.));
#21862=CARTESIAN_POINT('',(191.,-49.5,0.));
#21863=CARTESIAN_POINT('',(178.,-49.5,0.));
#21864=CARTESIAN_POINT('',(191.,-49.5,0.));
#21865=CARTESIAN_POINT('Origin',(191.,-49.,0.));
#21866=CARTESIAN_POINT('',(191.5,-49.,0.));
#21867=CARTESIAN_POINT('Origin',(191.,-49.,0.));
#21868=CARTESIAN_POINT('',(191.5,-49.,0.));
#21869=CARTESIAN_POINT('Origin',(191.5,-36.,0.));
#21870=CARTESIAN_POINT('',(191.5,-36.,0.));
#21871=CARTESIAN_POINT('',(191.5,-36.,0.));
#21872=CARTESIAN_POINT('',(191.5,-36.,0.));
#21873=CARTESIAN_POINT('Origin',(191.,-36.,0.));
#21874=CARTESIAN_POINT('',(191.,-35.5,0.));
#21875=CARTESIAN_POINT('Origin',(191.,-36.,0.));
#21876=CARTESIAN_POINT('',(191.,-35.5,0.));
#21877=CARTESIAN_POINT('Origin',(178.,-35.5,0.));
#21878=CARTESIAN_POINT('',(178.,-35.5,0.));
#21879=CARTESIAN_POINT('',(178.,-35.5,0.));
#21880=CARTESIAN_POINT('',(178.,-35.5,0.));
#21881=CARTESIAN_POINT('Origin',(178.,-36.,0.));
#21882=CARTESIAN_POINT('Origin',(178.,-36.,0.));
#21883=CARTESIAN_POINT('Origin',(278.,-67.3,0.));
#21884=CARTESIAN_POINT('',(276.8,-67.3,0.));
#21885=CARTESIAN_POINT('',(276.8,-67.3,0.));
#21886=CARTESIAN_POINT('Origin',(278.,-67.3,0.));
#21887=CARTESIAN_POINT('Origin',(67.5,-93.,0.));
#21888=CARTESIAN_POINT('',(66.3,-93.,0.));
#21889=CARTESIAN_POINT('',(66.3,-93.,0.));
#21890=CARTESIAN_POINT('Origin',(67.5,-93.,0.));
#21891=CARTESIAN_POINT('Origin',(-8.,-67.3,0.));
#21892=CARTESIAN_POINT('',(-9.2,-67.3,0.));
#21893=CARTESIAN_POINT('',(-9.2,-67.3,0.));
#21894=CARTESIAN_POINT('Origin',(-8.,-67.3,0.));
#21895=CARTESIAN_POINT('Origin',(72.,8.,0.));
#21896=CARTESIAN_POINT('',(70.8,8.,0.));
#21897=CARTESIAN_POINT('',(70.8,8.,0.));
#21898=CARTESIAN_POINT('Origin',(72.,8.,0.));
#21899=CARTESIAN_POINT('Origin',(198.,8.,0.));
#21900=CARTESIAN_POINT('',(196.8,8.,0.));
#21901=CARTESIAN_POINT('',(196.8,8.,0.));
#21902=CARTESIAN_POINT('Origin',(198.,8.,0.));
#21903=CARTESIAN_POINT('Origin',(69.3,8.,0.));
#21904=CARTESIAN_POINT('',(69.3,8.,0.));
#21905=CARTESIAN_POINT('',(69.3,8.,0.));
#21906=CARTESIAN_POINT('',(69.3,8.,0.));
#21907=CARTESIAN_POINT('Origin',(72.,8.,0.));
#21908=CARTESIAN_POINT('Origin',(72.,8.,0.));
#21909=CARTESIAN_POINT('Origin',(195.3,8.,0.));
#21910=CARTESIAN_POINT('',(195.3,8.,0.));
#21911=CARTESIAN_POINT('',(195.3,8.,0.));
#21912=CARTESIAN_POINT('',(195.3,8.,0.));
#21913=CARTESIAN_POINT('Origin',(198.,8.,0.));
#21914=CARTESIAN_POINT('Origin',(198.,8.,0.));
#21915=CARTESIAN_POINT('Origin',(272.,2.,0.));
#21916=CARTESIAN_POINT('',(272.,2.,0.));
#21917=CARTESIAN_POINT('',(272.,2.,0.));
#21918=CARTESIAN_POINT('',(-2.,2.,0.));
#21919=CARTESIAN_POINT('Origin',(278.000004142523,2.00000002980232,0.));
#21920=CARTESIAN_POINT('',(278.000004142523,2.00000002980232,0.));
#21921=CARTESIAN_POINT('',(278.000004142523,2.00000002980232,0.));
#21922=CARTESIAN_POINT('',(278.000004142523,2.00000002980232,0.));
#21923=CARTESIAN_POINT('Origin',(278.,-0.7,0.));
#21924=CARTESIAN_POINT('Origin',(278.,-0.7,0.));
#21925=CARTESIAN_POINT('Origin',(278.,-64.6,0.));
#21926=CARTESIAN_POINT('',(278.,-64.6,0.));
#21927=CARTESIAN_POINT('',(278.,-64.6,0.));
#21928=CARTESIAN_POINT('',(278.,-64.6,0.));
#21929=CARTESIAN_POINT('Origin',(278.,-67.3,0.));
#21930=CARTESIAN_POINT('',(278.000004142523,-70.0000010430813,0.));
#21931=CARTESIAN_POINT('Origin',(278.,-67.3,0.));
#21932=CARTESIAN_POINT('',(278.000004142523,-70.0000010430813,0.));
#21933=CARTESIAN_POINT('Origin',(272.,-70.,0.));
#21934=CARTESIAN_POINT('',(278.000004142523,-70.0000010430813,0.));
#21935=CARTESIAN_POINT('Origin',(227.,-87.,0.));
#21936=CARTESIAN_POINT('',(227.,-70.,0.));
#21937=CARTESIAN_POINT('Origin',(205.2,-93.,0.));
#21938=CARTESIAN_POINT('',(205.2,-93.,0.));
#21939=CARTESIAN_POINT('',(205.2,-93.,0.));
#21940=CARTESIAN_POINT('',(205.2,-93.,0.));
#21941=CARTESIAN_POINT('Origin',(202.5,-93.,0.));
#21942=CARTESIAN_POINT('Origin',(202.5,-93.,0.));
#21943=CARTESIAN_POINT('Origin',(70.2,-93.,0.));
#21944=CARTESIAN_POINT('',(70.2,-93.,0.));
#21945=CARTESIAN_POINT('',(70.2,-93.,0.));
#21946=CARTESIAN_POINT('',(70.2,-93.,0.));
#21947=CARTESIAN_POINT('Origin',(67.5,-93.,0.));
#21948=CARTESIAN_POINT('Origin',(67.5,-93.,0.));
#21949=CARTESIAN_POINT('Origin',(20.5,-87.,0.));
#21950=CARTESIAN_POINT('',(227.,-87.,0.));
#21951=CARTESIAN_POINT('Origin',(-2.00000000000001,-70.,0.));
#21952=CARTESIAN_POINT('',(-2.00000000000001,-70.,0.));
#21953=CARTESIAN_POINT('',(-2.00000000000001,-70.,0.));
#21954=CARTESIAN_POINT('',(20.5,-70.,0.));
#21955=CARTESIAN_POINT('Origin',(-8.00000011920929,-70.0000010430813,0.));
#21956=CARTESIAN_POINT('',(-8.00000011920929,-70.0000010430813,0.));
#21957=CARTESIAN_POINT('',(-8.00000011920929,-70.0000010430813,0.));
#21958=CARTESIAN_POINT('',(-8.00000011920929,-70.0000010430813,0.));
#21959=CARTESIAN_POINT('Origin',(-8.,-67.3,0.));
#21960=CARTESIAN_POINT('Origin',(-8.,-67.3,0.));
#21961=CARTESIAN_POINT('Origin',(-8.,-3.4,0.));
#21962=CARTESIAN_POINT('',(-8.,-3.4,0.));
#21963=CARTESIAN_POINT('',(-8.,-3.4,0.));
#21964=CARTESIAN_POINT('',(-8.,-3.4,0.));
#21965=CARTESIAN_POINT('Origin',(-8.,-0.7,0.));
#21966=CARTESIAN_POINT('',(-8.00000011920929,2.00000002980232,0.));
#21967=CARTESIAN_POINT('Origin',(-8.,-0.7,0.));
#21968=CARTESIAN_POINT('',(-8.00000011920929,2.00000002980232,0.));
#21969=CARTESIAN_POINT('Origin',(-2.,2.,0.));
#21970=CARTESIAN_POINT('',(-8.00000011920929,2.00000002980232,0.));
#21971=CARTESIAN_POINT('Origin',(278.,-0.7,0.));
#21972=UNCERTAINTY_MEASURE_WITH_UNIT(LENGTH_MEASURE(0.01),#21976,
'DISTANCE_ACCURACY_VALUE',
'Maximum model space distance between geometric entities at asserted c
onnectivities');
#21973=UNCERTAINTY_MEASURE_WITH_UNIT(LENGTH_MEASURE(0.01),#21976,
'DISTANCE_ACCURACY_VALUE',
'Maximum model space distance between geometric entities at asserted c
onnectivities');
#21974=(
GEOMETRIC_REPRESENTATION_CONTEXT(3)
GLOBAL_UNCERTAINTY_ASSIGNED_CONTEXT((#21972))
GLOBAL_UNIT_ASSIGNED_CONTEXT((#21976,#21978,#21979))
REPRESENTATION_CONTEXT('','3D')
);
#21975=(
GEOMETRIC_REPRESENTATION_CONTEXT(3)
GLOBAL_UNCERTAINTY_ASSIGNED_CONTEXT((#21973))
GLOBAL_UNIT_ASSIGNED_CONTEXT((#21976,#21978,#21979))
REPRESENTATION_CONTEXT('','3D')
);
#21976=(
LENGTH_UNIT()
NAMED_UNIT(*)
SI_UNIT(.MILLI.,.METRE.)
);
#21977=(
LENGTH_UNIT()
NAMED_UNIT(*)
SI_UNIT($,.METRE.)
);
#21978=(
NAMED_UNIT(*)
PLANE_ANGLE_UNIT()
SI_UNIT($,.RADIAN.)
);
#21979=(
NAMED_UNIT(*)
SI_UNIT($,.STERADIAN.)
SOLID_ANGLE_UNIT()
);
#21980=SHAPE_DEFINITION_REPRESENTATION(#21981,#21982);
#21981=PRODUCT_DEFINITION_SHAPE('',$,#21984);
#21982=SHAPE_REPRESENTATION('',(#13048),#21974);
#21983=PRODUCT_DEFINITION_CONTEXT('part definition',#21988,'design');
#21984=PRODUCT_DEFINITION('plate','plate',#21985,#21983);
#21985=PRODUCT_DEFINITION_FORMATION('',$,#21990);
#21986=PRODUCT_RELATED_PRODUCT_CATEGORY('plate','plate',(#21990));
#21987=APPLICATION_PROTOCOL_DEFINITION('international standard',
'automotive_design',2009,#21988);
#21988=APPLICATION_CONTEXT(
'Core Data for Automotive Mechanical Design Process');
#21989=PRODUCT_CONTEXT('part definition',#21988,'mechanical');
#21990=PRODUCT('plate','plate',$,(#21989));
#21991=PRESENTATION_STYLE_ASSIGNMENT((#21992));
#21992=SURFACE_STYLE_USAGE(.BOTH.,#21993);
#21993=SURFACE_SIDE_STYLE('',(#21994));
#21994=SURFACE_STYLE_FILL_AREA(#21995);
#21995=FILL_AREA_STYLE('Steel - Satin',(#21996));
#21996=FILL_AREA_STYLE_COLOUR('Steel - Satin',#21997);
#21997=COLOUR_RGB('Steel - Satin',0.627450980392157,0.627450980392157,0.627450980392157);
ENDSEC;
END-ISO-10303-21;
