ISO-10303-21;
HEADER;
/* Generated by software containing ST-Developer
 * from STEP Tools, Inc. (www.steptools.com) 
 */

FILE_DESCRIPTION(
/* description */ (''),
/* implementation_level */ '2;1');

FILE_NAME(
/* name */ 'lid-revB.step',
/* time_stamp */ '2025-04-03T20:18:15-07:00',
/* author */ (''),
/* organization */ (''),
/* preprocessor_version */ 'ST-DEVELOPER v20.1',
/* originating_system */ 'Autodesk Translation Framework v14.4.0.0',
/* authorisation */ '');

FILE_SCHEMA (('AUTOMOTIVE_DESIGN { 1 0 10303 214 3 1 1 }'));
ENDSEC;

DATA;
#10=MECHANICAL_DESIGN_GEOMETRIC_PRESENTATION_REPRESENTATION('',(#17),#8708);
#11=ITEM_DEFINED_TRANSFORMATION($,$,#4869,#5315);
#12=(
REPRESENTATION_RELATIONSHIP($,$,#8719,#8718)
REPRESENTATION_RELATIONSHIP_WITH_TRANSFORMATION(#11)
SHAPE_REPRESENTATION_RELATIONSHIP()
);
#13=CONTEXT_DEPENDENT_SHAPE_REPRESENTATION(#12,#8717);
#14=NEXT_ASSEMBLY_USAGE_OCCURRENCE('lid:1','lid:1','lid:1',#8721,#8722,
'lid:1');
#15=SHAPE_REPRESENTATION_RELATIONSHIP('SRR','None',#8719,#16);
#16=ADVANCED_BREP_SHAPE_REPRESENTATION('',(#18),#8707);
#17=STYLED_ITEM('',(#8732),#18);
#18=MANIFOLD_SOLID_BREP('Body1',#4855);
#19=(
BOUNDED_SURFACE()
B_SPLINE_SURFACE(1,2,((#7941,#7942,#7943),(#7944,#7945,#7946)),
 .UNSPECIFIED.,.F.,.F.,.F.)
B_SPLINE_SURFACE_WITH_KNOTS((2,2),(3,3),(0.,0.319570597743436),(-1.48861057479672,
-1.32734266256343),.UNSPECIFIED.)
GEOMETRIC_REPRESENTATION_ITEM()
RATIONAL_B_SPLINE_SURFACE(((1.,0.996750843589487,1.),(1.,0.996750843589487,
1.)))
REPRESENTATION_ITEM('')
SURFACE()
);
#20=(
BOUNDED_SURFACE()
B_SPLINE_SURFACE(1,2,((#7996,#7997,#7998),(#7999,#8000,#8001)),
 .UNSPECIFIED.,.F.,.F.,.F.)
B_SPLINE_SURFACE_WITH_KNOTS((2,2),(3,3),(0.,0.110134046169168),(-2.74394160162343,
-2.5456498020685),.UNSPECIFIED.)
GEOMETRIC_REPRESENTATION_ITEM()
RATIONAL_B_SPLINE_SURFACE(((1.,0.995089070089659,1.),(1.,0.995089070089659,
1.)))
REPRESENTATION_ITEM('')
SURFACE()
);
#21=(
BOUNDED_SURFACE()
B_SPLINE_SURFACE(1,2,((#8028,#8029,#8030),(#8031,#8032,#8033)),
 .UNSPECIFIED.,.F.,.F.,.F.)
B_SPLINE_SURFACE_WITH_KNOTS((2,2),(3,3),(0.,0.143591399317799),(-2.17392001841338,
-1.81378301551906),.UNSPECIFIED.)
GEOMETRIC_REPRESENTATION_ITEM()
RATIONAL_B_SPLINE_SURFACE(((1.,0.98383142669495,1.),(1.,0.98383142669495,
1.)))
REPRESENTATION_ITEM('')
SURFACE()
);
#22=(
BOUNDED_SURFACE()
B_SPLINE_SURFACE(1,2,((#8102,#8103,#8104),(#8105,#8106,#8107)),
 .UNSPECIFIED.,.F.,.F.,.F.)
B_SPLINE_SURFACE_WITH_KNOTS((2,2),(3,3),(0.,0.131743059951807),(1.04807406209878,
2.08793044360822),.UNSPECIFIED.)
GEOMETRIC_REPRESENTATION_ITEM()
RATIONAL_B_SPLINE_SURFACE(((1.,0.867854858027829,1.),(1.,0.867854858027829,
1.)))
REPRESENTATION_ITEM('')
SURFACE()
);
#23=(
BOUNDED_SURFACE()
B_SPLINE_SURFACE(5,1,((#8507,#8508),(#8509,#8510),(#8511,#8512),(#8513,
#8514),(#8515,#8516),(#8517,#8518),(#8519,#8520),(#8521,#8522),(#8523,#8524),
(#8525,#8526)),.UNSPECIFIED.,.F.,.F.,.F.)
B_SPLINE_SURFACE_WITH_KNOTS((6,1,1,1,1,6),(2,2),(-1.,-0.8,-0.6,-0.4,-0.2,
0.),(-15.8315,15.8315),.UNSPECIFIED.)
GEOMETRIC_REPRESENTATION_ITEM()
RATIONAL_B_SPLINE_SURFACE(((1.,1.),(1.,1.),(1.,1.),(1.,1.),(1.,1.),(1.,
1.),(1.,1.),(1.,1.),(1.,1.),(1.,1.)))
REPRESENTATION_ITEM('')
SURFACE()
);
#24=(
BOUNDED_SURFACE()
B_SPLINE_SURFACE(5,1,((#8596,#8597),(#8598,#8599),(#8600,#8601),(#8602,
#8603),(#8604,#8605),(#8606,#8607),(#8608,#8609),(#8610,#8611),(#8612,#8613),
(#8614,#8615)),.UNSPECIFIED.,.F.,.F.,.F.)
B_SPLINE_SURFACE_WITH_KNOTS((6,1,1,1,1,6),(2,2),(-1.,-0.8,-0.6,-0.4,-0.2,
0.),(-15.8315,15.8315),.UNSPECIFIED.)
GEOMETRIC_REPRESENTATION_ITEM()
RATIONAL_B_SPLINE_SURFACE(((1.,1.),(1.,1.),(1.,1.),(1.,1.),(1.,1.),(1.,
1.),(1.,1.),(1.,1.),(1.,1.),(1.,1.)))
REPRESENTATION_ITEM('')
SURFACE()
);
#25=B_SPLINE_SURFACE_WITH_KNOTS('',3,1,((#7739,#7740),(#7741,#7742),(#7743,
#7744),(#7745,#7746),(#7747,#7748),(#7749,#7750),(#7751,#7752)),
 .UNSPECIFIED.,.F.,.F.,.F.,(4,3,4),(2,2),(-7.97160654554402,-7.,-6.98823906950794),
(0.,0.01),.UNSPECIFIED.);
#26=B_SPLINE_SURFACE_WITH_KNOTS('',3,1,((#7764,#7765),(#7766,#7767),(#7768,
#7769),(#7770,#7771),(#7772,#7773),(#7774,#7775),(#7776,#7777)),
 .UNSPECIFIED.,.F.,.F.,.F.,(4,3,4),(2,2),(-9.97282098747362,-9.,-8.01867510158471),
(0.,0.01),.UNSPECIFIED.);
#27=B_SPLINE_SURFACE_WITH_KNOTS('',3,1,((#7787,#7788),(#7789,#7790),(#7791,
#7792),(#7793,#7794)),.UNSPECIFIED.,.F.,.F.,.F.,(4,4),(2,2),(-10.8701501271161,
-10.1218957872886),(0.,0.01),.UNSPECIFIED.);
#28=B_SPLINE_SURFACE_WITH_KNOTS('',3,1,((#7801,#7802),(#7803,#7804),(#7805,
#7806),(#7807,#7808),(#7809,#7810),(#7811,#7812),(#7813,#7814)),
 .UNSPECIFIED.,.F.,.F.,.F.,(4,3,4),(2,2),(-12.0058347553038,-12.,-11.0306169761914),
(0.,0.01),.UNSPECIFIED.);
#29=B_SPLINE_SURFACE_WITH_KNOTS('',3,1,((#7834,#7835),(#7836,#7837),(#7838,
#7839),(#7840,#7841)),.UNSPECIFIED.,.F.,.F.,.F.,(4,4),(2,2),(0.93905087787391,
1.99550580945737),(0.,0.01),.UNSPECIFIED.);
#30=B_SPLINE_SURFACE_WITH_KNOTS('',3,1,((#7852,#7853),(#7854,#7855),(#7856,
#7857),(#7858,#7859)),.UNSPECIFIED.,.F.,.F.,.F.,(4,4),(2,2),(-5.84501805697149,
-5.37910210132832),(0.,0.01),.UNSPECIFIED.);
#31=B_SPLINE_SURFACE_WITH_KNOTS('',3,1,((#7866,#7867),(#7868,#7869),(#7870,
#7871),(#7872,#7873),(#7874,#7875),(#7876,#7877),(#7878,#7879)),
 .UNSPECIFIED.,.F.,.F.,.F.,(4,3,4),(2,2),(-7.03215293567458,-7.,-6.09216587572083),
(0.,0.01),.UNSPECIFIED.);
#32=B_SPLINE_SURFACE_WITH_KNOTS('',3,1,((#7895,#7896),(#7897,#7898),(#7899,
#7900),(#7901,#7902),(#7903,#7904),(#7905,#7906),(#7907,#7908)),
 .UNSPECIFIED.,.F.,.F.,.F.,(4,3,4),(2,2),(-5.06660154476347,-5.,-4.),(0.,
0.01),.UNSPECIFIED.);
#33=B_SPLINE_SURFACE_WITH_KNOTS('',3,1,((#7918,#7919),(#7920,#7921),(#7922,
#7923),(#7924,#7925),(#7926,#7927),(#7928,#7929),(#7930,#7931)),
 .UNSPECIFIED.,.F.,.F.,.F.,(4,3,4),(2,2),(-5.81618622520474,-5.,-4.8973695394043),
(0.,0.01),.UNSPECIFIED.);
#34=B_SPLINE_SURFACE_WITH_KNOTS('',3,1,((#7950,#7951),(#7952,#7953),(#7954,
#7955),(#7956,#7957)),.UNSPECIFIED.,.F.,.F.,.F.,(4,4),(2,2),(-7.91666740518633,
-7.12927450330792),(0.,0.01),.UNSPECIFIED.);
#35=B_SPLINE_SURFACE_WITH_KNOTS('',3,1,((#7964,#7965),(#7966,#7967),(#7968,
#7969),(#7970,#7971)),.UNSPECIFIED.,.F.,.F.,.F.,(4,4),(2,2),(-8.92413302129135,
-8.07207124874051),(0.,0.01),.UNSPECIFIED.);
#36=B_SPLINE_SURFACE_WITH_KNOTS('',3,1,((#7978,#7979),(#7980,#7981),(#7982,
#7983),(#7984,#7985)),.UNSPECIFIED.,.F.,.F.,.F.,(4,4),(2,2),(-10.,-9.13094875126793),
(0.,0.01),.UNSPECIFIED.);
#37=B_SPLINE_SURFACE_WITH_KNOTS('',3,1,((#8005,#8006),(#8007,#8008),(#8009,
#8010),(#8011,#8012),(#8013,#8014),(#8015,#8016),(#8017,#8018)),
 .UNSPECIFIED.,.F.,.F.,.F.,(4,3,4),(2,2),(-12.0030600028367,-12.,-11.0751241104214),
(0.,0.01),.UNSPECIFIED.);
#38=B_SPLINE_SURFACE_WITH_KNOTS('',3,1,((#8049,#8050),(#8051,#8052),(#8053,
#8054),(#8055,#8056)),.UNSPECIFIED.,.F.,.F.,.F.,(4,4),(2,2),(-2.09389345662754,
-1.0478723112574),(0.,0.01),.UNSPECIFIED.);
#39=B_SPLINE_SURFACE_WITH_KNOTS('',3,1,((#8075,#8076),(#8077,#8078),(#8079,
#8080),(#8081,#8082),(#8083,#8084),(#8085,#8086),(#8087,#8088)),
 .UNSPECIFIED.,.F.,.F.,.F.,(4,3,4),(2,2),(-21.,-20.,-19.0000319243052),
(0.,0.01),.UNSPECIFIED.);
#40=B_SPLINE_SURFACE_WITH_KNOTS('',3,1,((#8115,#8116),(#8117,#8118),(#8119,
#8120),(#8121,#8122),(#8123,#8124),(#8125,#8126),(#8127,#8128)),
 .UNSPECIFIED.,.F.,.F.,.F.,(4,3,4),(2,2),(-27.,-26.,-25.),(0.,0.01),
 .UNSPECIFIED.);
#41=B_SPLINE_SURFACE_WITH_KNOTS('',3,1,((#8142,#8143),(#8144,#8145),(#8146,
#8147),(#8148,#8149)),.UNSPECIFIED.,.F.,.F.,.F.,(4,4),(2,2),(-2.2775787551179,
-1.22301826724913),(0.,0.01),.UNSPECIFIED.);
#42=FACE_BOUND('',#534,.T.);
#43=FACE_BOUND('',#539,.T.);
#44=FACE_BOUND('',#540,.T.);
#45=FACE_BOUND('',#551,.T.);
#46=FACE_BOUND('',#552,.T.);
#47=FACE_BOUND('',#611,.T.);
#48=FACE_BOUND('',#612,.T.);
#49=FACE_BOUND('',#688,.T.);
#50=FACE_BOUND('',#689,.T.);
#51=FACE_BOUND('',#690,.T.);
#52=FACE_BOUND('',#699,.T.);
#53=FACE_BOUND('',#708,.T.);
#54=FACE_BOUND('',#728,.T.);
#55=FACE_BOUND('',#734,.T.);
#56=FACE_BOUND('',#745,.T.);
#57=FACE_BOUND('',#746,.T.);
#58=FACE_BOUND('',#758,.T.);
#59=FACE_BOUND('',#762,.T.);
#60=FACE_BOUND('',#766,.T.);
#61=FACE_BOUND('',#770,.T.);
#62=FACE_BOUND('',#774,.T.);
#63=FACE_BOUND('',#776,.T.);
#64=FACE_BOUND('',#780,.T.);
#65=FACE_BOUND('',#782,.T.);
#66=ELLIPSE('',#4903,0.696420541028914,0.594679540738201);
#67=ELLIPSE('',#4904,0.90798443785855,0.777241397654231);
#68=ELLIPSE('',#4906,0.312919901599596,0.232876377604232);
#69=ELLIPSE('',#4908,0.75905326653701,0.750468184070962);
#70=ELLIPSE('',#5150,0.312919901599596,0.232876377604232);
#71=ELLIPSE('',#5153,0.90798443785855,0.777241397654231);
#72=ELLIPSE('',#5154,0.696420541028914,0.594679540738201);
#73=ELLIPSE('',#5164,0.75905326653701,0.750468184070962);
#74=B_SPLINE_CURVE_WITH_KNOTS('',3,(#6733,#6734,#6735,#6736,#6737,#6738,
#6739,#6740,#6741,#6742,#6743,#6744,#6745,#6746),.UNSPECIFIED.,.F.,.F.,
(4,2,2,2,2,2,4),(0.,0.0996886215141836,0.197603432031264,0.384025431447277,
0.499791243533157,0.557665977629219,0.618522969861048),.UNSPECIFIED.);
#75=B_SPLINE_CURVE_WITH_KNOTS('',3,(#6762,#6763,#6764,#6765),
 .UNSPECIFIED.,.F.,.F.,(4,4),(-2.09389345662754,-1.0478723112574),
 .UNSPECIFIED.);
#76=B_SPLINE_CURVE_WITH_KNOTS('',3,(#6775,#6776,#6777,#6778,#6779,#6780,
#6781),.UNSPECIFIED.,.F.,.F.,(4,3,4),(-12.0030600028367,-12.,-11.0751241104214),
 .UNSPECIFIED.);
#77=B_SPLINE_CURVE_WITH_KNOTS('',3,(#6787,#6788,#6789,#6790),
 .UNSPECIFIED.,.F.,.F.,(4,4),(-10.,-9.13094875126793),.UNSPECIFIED.);
#78=B_SPLINE_CURVE_WITH_KNOTS('',3,(#6792,#6793,#6794,#6795),
 .UNSPECIFIED.,.F.,.F.,(4,4),(-8.92413302129135,-8.07207124874051),
 .UNSPECIFIED.);
#79=B_SPLINE_CURVE_WITH_KNOTS('',3,(#6797,#6798,#6799,#6800),
 .UNSPECIFIED.,.F.,.F.,(4,4),(-7.91666740518633,-7.12927450330792),
 .UNSPECIFIED.);
#80=B_SPLINE_CURVE_WITH_KNOTS('',3,(#6804,#6805,#6806,#6807,#6808,#6809,
#6810),.UNSPECIFIED.,.F.,.F.,(4,3,4),(-5.81618622520474,-5.,-4.8973695394043),
 .UNSPECIFIED.);
#81=B_SPLINE_CURVE_WITH_KNOTS('',3,(#6812,#6813,#6814,#6815,#6816,#6817,
#6818),.UNSPECIFIED.,.F.,.F.,(4,3,4),(-5.06660154476347,-5.,-4.),
 .UNSPECIFIED.);
#82=B_SPLINE_CURVE_WITH_KNOTS('',3,(#6826,#6827,#6828,#6829),
 .UNSPECIFIED.,.F.,.F.,(4,4),(-2.2775787551179,-1.22301826724913),
 .UNSPECIFIED.);
#83=B_SPLINE_CURVE_WITH_KNOTS('',3,(#6833,#6834,#6835,#6836,#6837,#6838,
#6839),.UNSPECIFIED.,.F.,.F.,(4,3,4),(-27.,-26.,-25.),.UNSPECIFIED.);
#84=B_SPLINE_CURVE_WITH_KNOTS('',3,(#6847,#6848,#6849,#6850,#6851,#6852,
#6853),.UNSPECIFIED.,.F.,.F.,(4,3,4),(-21.,-20.,-19.0000319243052),
 .UNSPECIFIED.);
#85=B_SPLINE_CURVE_WITH_KNOTS('',3,(#7540,#7541,#7542,#7543,#7544,#7545,
#7546),.UNSPECIFIED.,.F.,.F.,(4,3,4),(-12.0058347553038,-12.,-11.0306169761914),
 .UNSPECIFIED.);
#86=B_SPLINE_CURVE_WITH_KNOTS('',3,(#7548,#7549,#7550,#7551),
 .UNSPECIFIED.,.F.,.F.,(4,4),(-10.8701501271161,-10.1218957872886),
 .UNSPECIFIED.);
#87=B_SPLINE_CURVE_WITH_KNOTS('',3,(#7553,#7554,#7555,#7556,#7557,#7558,
#7559),.UNSPECIFIED.,.F.,.F.,(4,3,4),(-9.97282098747362,-9.,-8.01867510158471),
 .UNSPECIFIED.);
#88=B_SPLINE_CURVE_WITH_KNOTS('',3,(#7561,#7562,#7563,#7564,#7565,#7566,
#7567),.UNSPECIFIED.,.F.,.F.,(4,3,4),(-7.97160654554402,-7.,-6.98823906950794),
 .UNSPECIFIED.);
#89=B_SPLINE_CURVE_WITH_KNOTS('',3,(#7569,#7570,#7571,#7572,#7573,#7574,
#7575),.UNSPECIFIED.,.F.,.F.,(4,3,4),(-7.03215293567458,-7.,-6.09216587572083),
 .UNSPECIFIED.);
#90=B_SPLINE_CURVE_WITH_KNOTS('',3,(#7577,#7578,#7579,#7580),
 .UNSPECIFIED.,.F.,.F.,(4,4),(-5.84501805697149,-5.37910210132832),
 .UNSPECIFIED.);
#91=B_SPLINE_CURVE_WITH_KNOTS('',3,(#7584,#7585,#7586,#7587),
 .UNSPECIFIED.,.F.,.F.,(4,4),(0.93905087787391,1.99550580945737),
 .UNSPECIFIED.);
#92=B_SPLINE_CURVE_WITH_KNOTS('',3,(#7756,#7757,#7758,#7759,#7760,#7761,
#7762),.UNSPECIFIED.,.F.,.F.,(4,3,4),(-7.97160654554402,-7.,-6.98823906950794),
 .UNSPECIFIED.);
#93=B_SPLINE_CURVE_WITH_KNOTS('',3,(#7780,#7781,#7782,#7783,#7784,#7785,
#7786),.UNSPECIFIED.,.F.,.F.,(4,3,4),(-9.97282098747362,-9.,-8.01867510158471),
 .UNSPECIFIED.);
#94=B_SPLINE_CURVE_WITH_KNOTS('',3,(#7797,#7798,#7799,#7800),
 .UNSPECIFIED.,.F.,.F.,(4,4),(-10.8701501271161,-10.1218957872886),
 .UNSPECIFIED.);
#95=B_SPLINE_CURVE_WITH_KNOTS('',3,(#7817,#7818,#7819,#7820,#7821,#7822,
#7823),.UNSPECIFIED.,.F.,.F.,(4,3,4),(-12.0058347553038,-12.,-11.0306169761914),
 .UNSPECIFIED.);
#96=B_SPLINE_CURVE_WITH_KNOTS('',3,(#7844,#7845,#7846,#7847),
 .UNSPECIFIED.,.F.,.F.,(4,4),(0.93905087787391,1.99550580945737),
 .UNSPECIFIED.);
#97=B_SPLINE_CURVE_WITH_KNOTS('',3,(#7862,#7863,#7864,#7865),
 .UNSPECIFIED.,.F.,.F.,(4,4),(-5.84501805697149,-5.37910210132832),
 .UNSPECIFIED.);
#98=B_SPLINE_CURVE_WITH_KNOTS('',3,(#7880,#7881,#7882,#7883,#7884,#7885,
#7886),.UNSPECIFIED.,.F.,.F.,(4,3,4),(-7.03215293567458,-7.,-6.09216587572083),
 .UNSPECIFIED.);
#99=B_SPLINE_CURVE_WITH_KNOTS('',3,(#7911,#7912,#7913,#7914,#7915,#7916,
#7917),.UNSPECIFIED.,.F.,.F.,(4,3,4),(-5.06660154476347,-5.,-4.),
 .UNSPECIFIED.);
#100=B_SPLINE_CURVE_WITH_KNOTS('',3,(#7934,#7935,#7936,#7937,#7938,#7939,
#7940),.UNSPECIFIED.,.F.,.F.,(4,3,4),(-5.81618622520474,-5.,-4.8973695394043),
 .UNSPECIFIED.);
#101=B_SPLINE_CURVE_WITH_KNOTS('',3,(#7960,#7961,#7962,#7963),
 .UNSPECIFIED.,.F.,.F.,(4,4),(-7.91666740518633,-7.12927450330792),
 .UNSPECIFIED.);
#102=B_SPLINE_CURVE_WITH_KNOTS('',3,(#7974,#7975,#7976,#7977),
 .UNSPECIFIED.,.F.,.F.,(4,4),(-8.92413302129135,-8.07207124874051),
 .UNSPECIFIED.);
#103=B_SPLINE_CURVE_WITH_KNOTS('',3,(#7988,#7989,#7990,#7991),
 .UNSPECIFIED.,.F.,.F.,(4,4),(-10.,-9.13094875126793),.UNSPECIFIED.);
#104=B_SPLINE_CURVE_WITH_KNOTS('',3,(#8021,#8022,#8023,#8024,#8025,#8026,
#8027),.UNSPECIFIED.,.F.,.F.,(4,3,4),(-12.0030600028367,-12.,-11.0751241104214),
 .UNSPECIFIED.);
#105=B_SPLINE_CURVE_WITH_KNOTS('',3,(#8059,#8060,#8061,#8062),
 .UNSPECIFIED.,.F.,.F.,(4,4),(-2.09389345662754,-1.0478723112574),
 .UNSPECIFIED.);
#106=B_SPLINE_CURVE_WITH_KNOTS('',3,(#8091,#8092,#8093,#8094,#8095,#8096,
#8097),.UNSPECIFIED.,.F.,.F.,(4,3,4),(-21.,-20.,-19.0000319243052),
 .UNSPECIFIED.);
#107=B_SPLINE_CURVE_WITH_KNOTS('',3,(#8131,#8132,#8133,#8134,#8135,#8136,
#8137),.UNSPECIFIED.,.F.,.F.,(4,3,4),(-27.,-26.,-25.),.UNSPECIFIED.);
#108=B_SPLINE_CURVE_WITH_KNOTS('',3,(#8150,#8151,#8152,#8153),
 .UNSPECIFIED.,.F.,.F.,(4,4),(-2.2775787551179,-1.22301826724913),
 .UNSPECIFIED.);
#109=B_SPLINE_CURVE_WITH_KNOTS('',3,(#8271,#8272,#8273,#8274,#8275,#8276,
#8277,#8278,#8279,#8280,#8281,#8282,#8283,#8284,#8285,#8286,#8287,#8288,
#8289,#8290,#8291,#8292,#8293,#8294,#8295,#8296,#8297,#8298,#8299,#8300,
#8301,#8302,#8303,#8304,#8305,#8306,#8307,#8308,#8309,#8310,#8311,#8312,
#8313,#8314,#8315,#8316,#8317,#8318,#8319,#8320,#8321,#8322,#8323,#8324,
#8325,#8326,#8327,#8328,#8329,#8330,#8331,#8332,#8333,#8334,#8335,#8336,
#8337),.UNSPECIFIED.,.F.,.F.,(4,3,3,3,3,3,3,3,3,3,3,3,3,3,3,3,3,3,3,3,3,
3,4),(0.,0.0212779897130537,0.0432093995957106,0.0659345412797804,0.089660477302629,
0.11471964198341,0.141360013014358,0.169285250853491,0.200054528181912,
0.23409586392973,0.273995294919775,0.338029433333861,0.375151242326027,
0.407483479439753,0.437218769211898,0.465274993170213,0.492085092026996,
0.517448804960926,0.541447886883099,0.56403690520673,0.585999992040955,
0.607188722435682,0.618522969861048),.UNSPECIFIED.);
#110=B_SPLINE_CURVE_WITH_KNOTS('',3,(#8528,#8529,#8530,#8531,#8532,#8533,
#8534,#8535,#8536,#8537,#8538,#8539,#8540,#8541,#8542,#8543,#8544,#8545,
#8546,#8547,#8548,#8549,#8550,#8551,#8552,#8553,#8554,#8555,#8556,#8557,
#8558,#8559,#8560,#8561,#8562,#8563,#8564,#8565,#8566,#8567,#8568,#8569,
#8570,#8571,#8572,#8573,#8574,#8575,#8576,#8577,#8578,#8579,#8580,#8581,
#8582,#8583,#8584,#8585,#8586,#8587,#8588,#8589,#8590,#8591,#8592,#8593,
#8594),.UNSPECIFIED.,.F.,.F.,(4,3,3,3,3,3,3,3,3,3,3,3,3,3,3,3,3,3,3,3,3,
3,4),(0.,0.021277989713052,0.0432093995957074,0.0659345412797766,0.0896604773026215,
0.114719641983402,0.141360013014228,0.169285250853344,0.200054528181742,
0.234095863929642,0.273995294919807,0.338029433333125,0.375151242325341,
0.407483479439109,0.437218769211281,0.465274993169615,0.492085092026471,
0.51744880496051,0.541447886882687,0.564036905206312,0.585999992040533,
0.607188722435247,0.618522969860814),.UNSPECIFIED.);
#111=B_SPLINE_CURVE_WITH_KNOTS('',3,(#8618,#8619,#8620,#8621,#8622,#8623,
#8624,#8625,#8626,#8627,#8628,#8629,#8630,#8631,#8632,#8633,#8634,#8635,
#8636,#8637,#8638,#8639,#8640,#8641,#8642,#8643,#8644,#8645,#8646,#8647,
#8648,#8649,#8650,#8651,#8652,#8653,#8654,#8655,#8656,#8657,#8658,#8659,
#8660,#8661,#8662,#8663,#8664,#8665,#8666,#8667,#8668,#8669,#8670,#8671,
#8672,#8673,#8674,#8675,#8676,#8677,#8678,#8679,#8680,#8681,#8682,#8683,
#8684),.UNSPECIFIED.,.F.,.F.,(4,3,3,3,3,3,3,3,3,3,3,3,3,3,3,3,3,3,3,3,3,
3,4),(0.,0.021277989713052,0.0432093995957074,0.0659345412797766,0.0896604773026215,
0.114719641983402,0.141360013014228,0.169285250853344,0.200054528181742,
0.234095863929642,0.273995294919807,0.338029433333125,0.375151242325341,
0.407483479439109,0.437218769211281,0.465274993169615,0.492085092026471,
0.51744880496051,0.541447886882687,0.564036905206312,0.585999992040533,
0.607188722435247,0.618522969860814),.UNSPECIFIED.);
#112=PLANE('',#4896);
#113=PLANE('',#4899);
#114=PLANE('',#4900);
#115=PLANE('',#4912);
#116=PLANE('',#4916);
#117=PLANE('',#4922);
#118=PLANE('',#4926);
#119=PLANE('',#4930);
#120=PLANE('',#4934);
#121=PLANE('',#4941);
#122=PLANE('',#4948);
#123=PLANE('',#4951);
#124=PLANE('',#4955);
#125=PLANE('',#4959);
#126=PLANE('',#4963);
#127=PLANE('',#4967);
#128=PLANE('',#4971);
#129=PLANE('',#4975);
#130=PLANE('',#4979);
#131=PLANE('',#5001);
#132=PLANE('',#5004);
#133=PLANE('',#5008);
#134=PLANE('',#5010);
#135=PLANE('',#5014);
#136=PLANE('',#5017);
#137=PLANE('',#5021);
#138=PLANE('',#5024);
#139=PLANE('',#5027);
#140=PLANE('',#5031);
#141=PLANE('',#5038);
#142=PLANE('',#5044);
#143=PLANE('',#5047);
#144=PLANE('',#5054);
#145=PLANE('',#5061);
#146=PLANE('',#5064);
#147=PLANE('',#5067);
#148=PLANE('',#5070);
#149=PLANE('',#5080);
#150=PLANE('',#5083);
#151=PLANE('',#5085);
#152=PLANE('',#5089);
#153=PLANE('',#5090);
#154=PLANE('',#5097);
#155=PLANE('',#5102);
#156=PLANE('',#5106);
#157=PLANE('',#5107);
#158=PLANE('',#5113);
#159=PLANE('',#5116);
#160=PLANE('',#5119);
#161=PLANE('',#5123);
#162=PLANE('',#5124);
#163=PLANE('',#5130);
#164=PLANE('',#5137);
#165=PLANE('',#5140);
#166=PLANE('',#5141);
#167=PLANE('',#5142);
#168=PLANE('',#5143);
#169=PLANE('',#5144);
#170=PLANE('',#5145);
#171=PLANE('',#5146);
#172=PLANE('',#5147);
#173=PLANE('',#5148);
#174=PLANE('',#5149);
#175=PLANE('',#5155);
#176=PLANE('',#5158);
#177=PLANE('',#5159);
#178=PLANE('',#5162);
#179=PLANE('',#5163);
#180=PLANE('',#5165);
#181=PLANE('',#5166);
#182=PLANE('',#5167);
#183=PLANE('',#5170);
#184=PLANE('',#5171);
#185=PLANE('',#5175);
#186=PLANE('',#5176);
#187=PLANE('',#5179);
#188=PLANE('',#5182);
#189=PLANE('',#5183);
#190=PLANE('',#5187);
#191=PLANE('',#5188);
#192=PLANE('',#5191);
#193=PLANE('',#5192);
#194=PLANE('',#5193);
#195=PLANE('',#5195);
#196=PLANE('',#5197);
#197=PLANE('',#5198);
#198=PLANE('',#5199);
#199=PLANE('',#5200);
#200=PLANE('',#5201);
#201=PLANE('',#5202);
#202=PLANE('',#5203);
#203=PLANE('',#5204);
#204=PLANE('',#5208);
#205=PLANE('',#5211);
#206=PLANE('',#5212);
#207=PLANE('',#5213);
#208=PLANE('',#5218);
#209=PLANE('',#5221);
#210=PLANE('',#5222);
#211=PLANE('',#5224);
#212=PLANE('',#5227);
#213=PLANE('',#5228);
#214=PLANE('',#5235);
#215=PLANE('',#5240);
#216=PLANE('',#5241);
#217=PLANE('',#5242);
#218=PLANE('',#5243);
#219=PLANE('',#5245);
#220=PLANE('',#5247);
#221=PLANE('',#5249);
#222=PLANE('',#5251);
#223=PLANE('',#5253);
#224=PLANE('',#5259);
#225=PLANE('',#5264);
#226=PLANE('',#5269);
#227=PLANE('',#5274);
#228=PLANE('',#5280);
#229=PLANE('',#5281);
#230=PLANE('',#5287);
#231=PLANE('',#5288);
#232=PLANE('',#5289);
#233=PLANE('',#5290);
#234=PLANE('',#5291);
#235=PLANE('',#5292);
#236=PLANE('',#5293);
#237=PLANE('',#5294);
#238=PLANE('',#5295);
#239=PLANE('',#5296);
#240=PLANE('',#5297);
#241=PLANE('',#5298);
#242=PLANE('',#5299);
#243=PLANE('',#5300);
#244=PLANE('',#5301);
#245=PLANE('',#5302);
#246=PLANE('',#5303);
#247=PLANE('',#5304);
#248=PLANE('',#5305);
#249=PLANE('',#5307);
#250=PLANE('',#5308);
#251=PLANE('',#5311);
#252=PLANE('',#5314);
#253=TOROIDAL_SURFACE('',#4873,5.20000000000005,0.8);
#254=TOROIDAL_SURFACE('',#4879,5.20000000000001,0.8);
#255=TOROIDAL_SURFACE('',#4885,5.20000000000001,0.8);
#256=TOROIDAL_SURFACE('',#4891,5.20000000000005,0.8);
#257=FACE_OUTER_BOUND('',#521,.T.);
#258=FACE_OUTER_BOUND('',#522,.T.);
#259=FACE_OUTER_BOUND('',#523,.T.);
#260=FACE_OUTER_BOUND('',#524,.T.);
#261=FACE_OUTER_BOUND('',#525,.T.);
#262=FACE_OUTER_BOUND('',#526,.T.);
#263=FACE_OUTER_BOUND('',#527,.T.);
#264=FACE_OUTER_BOUND('',#528,.T.);
#265=FACE_OUTER_BOUND('',#529,.T.);
#266=FACE_OUTER_BOUND('',#530,.T.);
#267=FACE_OUTER_BOUND('',#531,.T.);
#268=FACE_OUTER_BOUND('',#532,.T.);
#269=FACE_OUTER_BOUND('',#533,.T.);
#270=FACE_OUTER_BOUND('',#535,.T.);
#271=FACE_OUTER_BOUND('',#536,.T.);
#272=FACE_OUTER_BOUND('',#537,.T.);
#273=FACE_OUTER_BOUND('',#538,.T.);
#274=FACE_OUTER_BOUND('',#541,.T.);
#275=FACE_OUTER_BOUND('',#542,.T.);
#276=FACE_OUTER_BOUND('',#543,.T.);
#277=FACE_OUTER_BOUND('',#544,.T.);
#278=FACE_OUTER_BOUND('',#545,.T.);
#279=FACE_OUTER_BOUND('',#546,.T.);
#280=FACE_OUTER_BOUND('',#547,.T.);
#281=FACE_OUTER_BOUND('',#548,.T.);
#282=FACE_OUTER_BOUND('',#549,.T.);
#283=FACE_OUTER_BOUND('',#550,.T.);
#284=FACE_OUTER_BOUND('',#553,.T.);
#285=FACE_OUTER_BOUND('',#554,.T.);
#286=FACE_OUTER_BOUND('',#555,.T.);
#287=FACE_OUTER_BOUND('',#556,.T.);
#288=FACE_OUTER_BOUND('',#557,.T.);
#289=FACE_OUTER_BOUND('',#558,.T.);
#290=FACE_OUTER_BOUND('',#559,.T.);
#291=FACE_OUTER_BOUND('',#560,.T.);
#292=FACE_OUTER_BOUND('',#561,.T.);
#293=FACE_OUTER_BOUND('',#562,.T.);
#294=FACE_OUTER_BOUND('',#563,.T.);
#295=FACE_OUTER_BOUND('',#564,.T.);
#296=FACE_OUTER_BOUND('',#565,.T.);
#297=FACE_OUTER_BOUND('',#566,.T.);
#298=FACE_OUTER_BOUND('',#567,.T.);
#299=FACE_OUTER_BOUND('',#568,.T.);
#300=FACE_OUTER_BOUND('',#569,.T.);
#301=FACE_OUTER_BOUND('',#570,.T.);
#302=FACE_OUTER_BOUND('',#571,.T.);
#303=FACE_OUTER_BOUND('',#572,.T.);
#304=FACE_OUTER_BOUND('',#573,.T.);
#305=FACE_OUTER_BOUND('',#574,.T.);
#306=FACE_OUTER_BOUND('',#575,.T.);
#307=FACE_OUTER_BOUND('',#576,.T.);
#308=FACE_OUTER_BOUND('',#577,.T.);
#309=FACE_OUTER_BOUND('',#578,.T.);
#310=FACE_OUTER_BOUND('',#579,.T.);
#311=FACE_OUTER_BOUND('',#580,.T.);
#312=FACE_OUTER_BOUND('',#581,.T.);
#313=FACE_OUTER_BOUND('',#582,.T.);
#314=FACE_OUTER_BOUND('',#583,.T.);
#315=FACE_OUTER_BOUND('',#584,.T.);
#316=FACE_OUTER_BOUND('',#585,.T.);
#317=FACE_OUTER_BOUND('',#586,.T.);
#318=FACE_OUTER_BOUND('',#587,.T.);
#319=FACE_OUTER_BOUND('',#588,.T.);
#320=FACE_OUTER_BOUND('',#589,.T.);
#321=FACE_OUTER_BOUND('',#590,.T.);
#322=FACE_OUTER_BOUND('',#591,.T.);
#323=FACE_OUTER_BOUND('',#592,.T.);
#324=FACE_OUTER_BOUND('',#593,.T.);
#325=FACE_OUTER_BOUND('',#594,.T.);
#326=FACE_OUTER_BOUND('',#595,.T.);
#327=FACE_OUTER_BOUND('',#596,.T.);
#328=FACE_OUTER_BOUND('',#597,.T.);
#329=FACE_OUTER_BOUND('',#598,.T.);
#330=FACE_OUTER_BOUND('',#599,.T.);
#331=FACE_OUTER_BOUND('',#600,.T.);
#332=FACE_OUTER_BOUND('',#601,.T.);
#333=FACE_OUTER_BOUND('',#602,.T.);
#334=FACE_OUTER_BOUND('',#603,.T.);
#335=FACE_OUTER_BOUND('',#604,.T.);
#336=FACE_OUTER_BOUND('',#605,.T.);
#337=FACE_OUTER_BOUND('',#606,.T.);
#338=FACE_OUTER_BOUND('',#607,.T.);
#339=FACE_OUTER_BOUND('',#608,.T.);
#340=FACE_OUTER_BOUND('',#609,.T.);
#341=FACE_OUTER_BOUND('',#610,.T.);
#342=FACE_OUTER_BOUND('',#613,.T.);
#343=FACE_OUTER_BOUND('',#614,.T.);
#344=FACE_OUTER_BOUND('',#615,.T.);
#345=FACE_OUTER_BOUND('',#616,.T.);
#346=FACE_OUTER_BOUND('',#617,.T.);
#347=FACE_OUTER_BOUND('',#618,.T.);
#348=FACE_OUTER_BOUND('',#619,.T.);
#349=FACE_OUTER_BOUND('',#620,.T.);
#350=FACE_OUTER_BOUND('',#621,.T.);
#351=FACE_OUTER_BOUND('',#622,.T.);
#352=FACE_OUTER_BOUND('',#623,.T.);
#353=FACE_OUTER_BOUND('',#624,.T.);
#354=FACE_OUTER_BOUND('',#625,.T.);
#355=FACE_OUTER_BOUND('',#626,.T.);
#356=FACE_OUTER_BOUND('',#627,.T.);
#357=FACE_OUTER_BOUND('',#628,.T.);
#358=FACE_OUTER_BOUND('',#629,.T.);
#359=FACE_OUTER_BOUND('',#630,.T.);
#360=FACE_OUTER_BOUND('',#631,.T.);
#361=FACE_OUTER_BOUND('',#632,.T.);
#362=FACE_OUTER_BOUND('',#633,.T.);
#363=FACE_OUTER_BOUND('',#634,.T.);
#364=FACE_OUTER_BOUND('',#635,.T.);
#365=FACE_OUTER_BOUND('',#636,.T.);
#366=FACE_OUTER_BOUND('',#637,.T.);
#367=FACE_OUTER_BOUND('',#638,.T.);
#368=FACE_OUTER_BOUND('',#639,.T.);
#369=FACE_OUTER_BOUND('',#640,.T.);
#370=FACE_OUTER_BOUND('',#641,.T.);
#371=FACE_OUTER_BOUND('',#642,.T.);
#372=FACE_OUTER_BOUND('',#643,.T.);
#373=FACE_OUTER_BOUND('',#644,.T.);
#374=FACE_OUTER_BOUND('',#645,.T.);
#375=FACE_OUTER_BOUND('',#646,.T.);
#376=FACE_OUTER_BOUND('',#647,.T.);
#377=FACE_OUTER_BOUND('',#648,.T.);
#378=FACE_OUTER_BOUND('',#649,.T.);
#379=FACE_OUTER_BOUND('',#650,.T.);
#380=FACE_OUTER_BOUND('',#651,.T.);
#381=FACE_OUTER_BOUND('',#652,.T.);
#382=FACE_OUTER_BOUND('',#653,.T.);
#383=FACE_OUTER_BOUND('',#654,.T.);
#384=FACE_OUTER_BOUND('',#655,.T.);
#385=FACE_OUTER_BOUND('',#656,.T.);
#386=FACE_OUTER_BOUND('',#657,.T.);
#387=FACE_OUTER_BOUND('',#658,.T.);
#388=FACE_OUTER_BOUND('',#659,.T.);
#389=FACE_OUTER_BOUND('',#660,.T.);
#390=FACE_OUTER_BOUND('',#661,.T.);
#391=FACE_OUTER_BOUND('',#662,.T.);
#392=FACE_OUTER_BOUND('',#663,.T.);
#393=FACE_OUTER_BOUND('',#664,.T.);
#394=FACE_OUTER_BOUND('',#665,.T.);
#395=FACE_OUTER_BOUND('',#666,.T.);
#396=FACE_OUTER_BOUND('',#667,.T.);
#397=FACE_OUTER_BOUND('',#668,.T.);
#398=FACE_OUTER_BOUND('',#669,.T.);
#399=FACE_OUTER_BOUND('',#670,.T.);
#400=FACE_OUTER_BOUND('',#671,.T.);
#401=FACE_OUTER_BOUND('',#672,.T.);
#402=FACE_OUTER_BOUND('',#673,.T.);
#403=FACE_OUTER_BOUND('',#674,.T.);
#404=FACE_OUTER_BOUND('',#675,.T.);
#405=FACE_OUTER_BOUND('',#676,.T.);
#406=FACE_OUTER_BOUND('',#677,.T.);
#407=FACE_OUTER_BOUND('',#678,.T.);
#408=FACE_OUTER_BOUND('',#679,.T.);
#409=FACE_OUTER_BOUND('',#680,.T.);
#410=FACE_OUTER_BOUND('',#681,.T.);
#411=FACE_OUTER_BOUND('',#682,.T.);
#412=FACE_OUTER_BOUND('',#683,.T.);
#413=FACE_OUTER_BOUND('',#684,.T.);
#414=FACE_OUTER_BOUND('',#685,.T.);
#415=FACE_OUTER_BOUND('',#686,.T.);
#416=FACE_OUTER_BOUND('',#687,.T.);
#417=FACE_OUTER_BOUND('',#691,.T.);
#418=FACE_OUTER_BOUND('',#692,.T.);
#419=FACE_OUTER_BOUND('',#693,.T.);
#420=FACE_OUTER_BOUND('',#694,.T.);
#421=FACE_OUTER_BOUND('',#695,.T.);
#422=FACE_OUTER_BOUND('',#696,.T.);
#423=FACE_OUTER_BOUND('',#697,.T.);
#424=FACE_OUTER_BOUND('',#698,.T.);
#425=FACE_OUTER_BOUND('',#700,.T.);
#426=FACE_OUTER_BOUND('',#701,.T.);
#427=FACE_OUTER_BOUND('',#702,.T.);
#428=FACE_OUTER_BOUND('',#703,.T.);
#429=FACE_OUTER_BOUND('',#704,.T.);
#430=FACE_OUTER_BOUND('',#705,.T.);
#431=FACE_OUTER_BOUND('',#706,.T.);
#432=FACE_OUTER_BOUND('',#707,.T.);
#433=FACE_OUTER_BOUND('',#709,.T.);
#434=FACE_OUTER_BOUND('',#710,.T.);
#435=FACE_OUTER_BOUND('',#711,.T.);
#436=FACE_OUTER_BOUND('',#712,.T.);
#437=FACE_OUTER_BOUND('',#713,.T.);
#438=FACE_OUTER_BOUND('',#714,.T.);
#439=FACE_OUTER_BOUND('',#715,.T.);
#440=FACE_OUTER_BOUND('',#716,.T.);
#441=FACE_OUTER_BOUND('',#717,.T.);
#442=FACE_OUTER_BOUND('',#718,.T.);
#443=FACE_OUTER_BOUND('',#719,.T.);
#444=FACE_OUTER_BOUND('',#720,.T.);
#445=FACE_OUTER_BOUND('',#721,.T.);
#446=FACE_OUTER_BOUND('',#722,.T.);
#447=FACE_OUTER_BOUND('',#723,.T.);
#448=FACE_OUTER_BOUND('',#724,.T.);
#449=FACE_OUTER_BOUND('',#725,.T.);
#450=FACE_OUTER_BOUND('',#726,.T.);
#451=FACE_OUTER_BOUND('',#727,.T.);
#452=FACE_OUTER_BOUND('',#729,.T.);
#453=FACE_OUTER_BOUND('',#730,.T.);
#454=FACE_OUTER_BOUND('',#731,.T.);
#455=FACE_OUTER_BOUND('',#732,.T.);
#456=FACE_OUTER_BOUND('',#733,.T.);
#457=FACE_OUTER_BOUND('',#735,.T.);
#458=FACE_OUTER_BOUND('',#736,.T.);
#459=FACE_OUTER_BOUND('',#737,.T.);
#460=FACE_OUTER_BOUND('',#738,.T.);
#461=FACE_OUTER_BOUND('',#739,.T.);
#462=FACE_OUTER_BOUND('',#740,.T.);
#463=FACE_OUTER_BOUND('',#741,.T.);
#464=FACE_OUTER_BOUND('',#742,.T.);
#465=FACE_OUTER_BOUND('',#743,.T.);
#466=FACE_OUTER_BOUND('',#744,.T.);
#467=FACE_OUTER_BOUND('',#747,.T.);
#468=FACE_OUTER_BOUND('',#748,.T.);
#469=FACE_OUTER_BOUND('',#749,.T.);
#470=FACE_OUTER_BOUND('',#750,.T.);
#471=FACE_OUTER_BOUND('',#751,.T.);
#472=FACE_OUTER_BOUND('',#752,.T.);
#473=FACE_OUTER_BOUND('',#753,.T.);
#474=FACE_OUTER_BOUND('',#754,.T.);
#475=FACE_OUTER_BOUND('',#755,.T.);
#476=FACE_OUTER_BOUND('',#756,.T.);
#477=FACE_OUTER_BOUND('',#757,.T.);
#478=FACE_OUTER_BOUND('',#759,.T.);
#479=FACE_OUTER_BOUND('',#760,.T.);
#480=FACE_OUTER_BOUND('',#761,.T.);
#481=FACE_OUTER_BOUND('',#763,.T.);
#482=FACE_OUTER_BOUND('',#764,.T.);
#483=FACE_OUTER_BOUND('',#765,.T.);
#484=FACE_OUTER_BOUND('',#767,.T.);
#485=FACE_OUTER_BOUND('',#768,.T.);
#486=FACE_OUTER_BOUND('',#769,.T.);
#487=FACE_OUTER_BOUND('',#771,.T.);
#488=FACE_OUTER_BOUND('',#772,.T.);
#489=FACE_OUTER_BOUND('',#773,.T.);
#490=FACE_OUTER_BOUND('',#775,.T.);
#491=FACE_OUTER_BOUND('',#777,.T.);
#492=FACE_OUTER_BOUND('',#778,.T.);
#493=FACE_OUTER_BOUND('',#779,.T.);
#494=FACE_OUTER_BOUND('',#781,.T.);
#495=FACE_OUTER_BOUND('',#783,.T.);
#496=FACE_OUTER_BOUND('',#784,.T.);
#497=FACE_OUTER_BOUND('',#785,.T.);
#498=FACE_OUTER_BOUND('',#786,.T.);
#499=FACE_OUTER_BOUND('',#787,.T.);
#500=FACE_OUTER_BOUND('',#788,.T.);
#501=FACE_OUTER_BOUND('',#789,.T.);
#502=FACE_OUTER_BOUND('',#790,.T.);
#503=FACE_OUTER_BOUND('',#791,.T.);
#504=FACE_OUTER_BOUND('',#792,.T.);
#505=FACE_OUTER_BOUND('',#793,.T.);
#506=FACE_OUTER_BOUND('',#794,.T.);
#507=FACE_OUTER_BOUND('',#795,.T.);
#508=FACE_OUTER_BOUND('',#796,.T.);
#509=FACE_OUTER_BOUND('',#797,.T.);
#510=FACE_OUTER_BOUND('',#798,.T.);
#511=FACE_OUTER_BOUND('',#799,.T.);
#512=FACE_OUTER_BOUND('',#800,.T.);
#513=FACE_OUTER_BOUND('',#801,.T.);
#514=FACE_OUTER_BOUND('',#802,.T.);
#515=FACE_OUTER_BOUND('',#803,.T.);
#516=FACE_OUTER_BOUND('',#804,.T.);
#517=FACE_OUTER_BOUND('',#805,.T.);
#518=FACE_OUTER_BOUND('',#806,.T.);
#519=FACE_OUTER_BOUND('',#807,.T.);
#520=FACE_OUTER_BOUND('',#808,.T.);
#521=EDGE_LOOP('',(#3091,#3092,#3093,#3094));
#522=EDGE_LOOP('',(#3095,#3096,#3097,#3098));
#523=EDGE_LOOP('',(#3099,#3100,#3101,#3102));
#524=EDGE_LOOP('',(#3103,#3104,#3105,#3106));
#525=EDGE_LOOP('',(#3107,#3108,#3109,#3110));
#526=EDGE_LOOP('',(#3111,#3112,#3113,#3114));
#527=EDGE_LOOP('',(#3115,#3116,#3117,#3118));
#528=EDGE_LOOP('',(#3119,#3120,#3121,#3122));
#529=EDGE_LOOP('',(#3123,#3124,#3125,#3126));
#530=EDGE_LOOP('',(#3127,#3128,#3129,#3130,#3131));
#531=EDGE_LOOP('',(#3132,#3133,#3134,#3135));
#532=EDGE_LOOP('',(#3136,#3137,#3138,#3139));
#533=EDGE_LOOP('',(#3140,#3141,#3142,#3143,#3144,#3145,#3146,#3147));
#534=EDGE_LOOP('',(#3148,#3149,#3150,#3151,#3152,#3153,#3154,#3155,#3156,
#3157,#3158,#3159,#3160,#3161,#3162,#3163,#3164,#3165,#3166,#3167,#3168,
#3169,#3170,#3171,#3172,#3173,#3174));
#535=EDGE_LOOP('',(#3175,#3176,#3177,#3178));
#536=EDGE_LOOP('',(#3179,#3180,#3181,#3182,#3183,#3184));
#537=EDGE_LOOP('',(#3185,#3186,#3187,#3188));
#538=EDGE_LOOP('',(#3189,#3190,#3191,#3192,#3193,#3194,#3195,#3196,#3197,
#3198,#3199,#3200,#3201));
#539=EDGE_LOOP('',(#3202));
#540=EDGE_LOOP('',(#3203));
#541=EDGE_LOOP('',(#3204,#3205,#3206,#3207,#3208,#3209,#3210,#3211));
#542=EDGE_LOOP('',(#3212,#3213,#3214,#3215));
#543=EDGE_LOOP('',(#3216,#3217,#3218,#3219));
#544=EDGE_LOOP('',(#3220,#3221,#3222,#3223));
#545=EDGE_LOOP('',(#3224,#3225,#3226,#3227));
#546=EDGE_LOOP('',(#3228,#3229,#3230,#3231));
#547=EDGE_LOOP('',(#3232,#3233,#3234,#3235));
#548=EDGE_LOOP('',(#3236,#3237,#3238,#3239));
#549=EDGE_LOOP('',(#3240,#3241,#3242,#3243));
#550=EDGE_LOOP('',(#3244,#3245,#3246,#3247,#3248,#3249,#3250,#3251,#3252,
#3253,#3254,#3255,#3256));
#551=EDGE_LOOP('',(#3257));
#552=EDGE_LOOP('',(#3258));
#553=EDGE_LOOP('',(#3259,#3260,#3261,#3262));
#554=EDGE_LOOP('',(#3263,#3264,#3265,#3266));
#555=EDGE_LOOP('',(#3267,#3268,#3269,#3270));
#556=EDGE_LOOP('',(#3271,#3272,#3273,#3274,#3275,#3276));
#557=EDGE_LOOP('',(#3277,#3278,#3279,#3280));
#558=EDGE_LOOP('',(#3281,#3282,#3283,#3284));
#559=EDGE_LOOP('',(#3285,#3286,#3287,#3288));
#560=EDGE_LOOP('',(#3289,#3290,#3291,#3292));
#561=EDGE_LOOP('',(#3293,#3294,#3295,#3296));
#562=EDGE_LOOP('',(#3297,#3298,#3299,#3300));
#563=EDGE_LOOP('',(#3301,#3302,#3303,#3304));
#564=EDGE_LOOP('',(#3305,#3306,#3307,#3308));
#565=EDGE_LOOP('',(#3309,#3310,#3311,#3312));
#566=EDGE_LOOP('',(#3313,#3314,#3315,#3316));
#567=EDGE_LOOP('',(#3317,#3318,#3319,#3320));
#568=EDGE_LOOP('',(#3321,#3322,#3323,#3324));
#569=EDGE_LOOP('',(#3325,#3326,#3327,#3328));
#570=EDGE_LOOP('',(#3329,#3330,#3331,#3332,#3333,#3334,#3335,#3336,#3337,
#3338,#3339,#3340,#3341,#3342,#3343,#3344,#3345,#3346,#3347,#3348,#3349,
#3350,#3351,#3352,#3353,#3354,#3355,#3356,#3357,#3358,#3359,#3360,#3361,
#3362,#3363,#3364,#3365,#3366,#3367,#3368,#3369,#3370,#3371,#3372,#3373,
#3374,#3375,#3376,#3377,#3378,#3379,#3380,#3381,#3382,#3383,#3384,#3385,
#3386,#3387,#3388,#3389,#3390,#3391,#3392,#3393,#3394,#3395,#3396,#3397,
#3398,#3399,#3400,#3401,#3402,#3403,#3404,#3405,#3406,#3407,#3408,#3409,
#3410,#3411,#3412,#3413,#3414,#3415,#3416,#3417));
#571=EDGE_LOOP('',(#3418,#3419,#3420,#3421));
#572=EDGE_LOOP('',(#3422,#3423,#3424,#3425));
#573=EDGE_LOOP('',(#3426,#3427,#3428,#3429));
#574=EDGE_LOOP('',(#3430,#3431,#3432,#3433));
#575=EDGE_LOOP('',(#3434,#3435,#3436,#3437));
#576=EDGE_LOOP('',(#3438,#3439,#3440,#3441));
#577=EDGE_LOOP('',(#3442,#3443,#3444,#3445));
#578=EDGE_LOOP('',(#3446,#3447,#3448,#3449));
#579=EDGE_LOOP('',(#3450,#3451,#3452,#3453));
#580=EDGE_LOOP('',(#3454,#3455,#3456,#3457,#3458,#3459,#3460,#3461));
#581=EDGE_LOOP('',(#3462,#3463,#3464,#3465));
#582=EDGE_LOOP('',(#3466,#3467,#3468,#3469));
#583=EDGE_LOOP('',(#3470,#3471,#3472,#3473));
#584=EDGE_LOOP('',(#3474,#3475,#3476,#3477));
#585=EDGE_LOOP('',(#3478,#3479,#3480,#3481));
#586=EDGE_LOOP('',(#3482,#3483,#3484,#3485,#3486,#3487));
#587=EDGE_LOOP('',(#3488,#3489,#3490,#3491));
#588=EDGE_LOOP('',(#3492,#3493,#3494,#3495));
#589=EDGE_LOOP('',(#3496,#3497,#3498,#3499));
#590=EDGE_LOOP('',(#3500,#3501,#3502,#3503));
#591=EDGE_LOOP('',(#3504,#3505,#3506,#3507));
#592=EDGE_LOOP('',(#3508,#3509,#3510,#3511));
#593=EDGE_LOOP('',(#3512,#3513,#3514,#3515));
#594=EDGE_LOOP('',(#3516,#3517,#3518,#3519));
#595=EDGE_LOOP('',(#3520,#3521,#3522,#3523));
#596=EDGE_LOOP('',(#3524,#3525,#3526,#3527));
#597=EDGE_LOOP('',(#3528,#3529,#3530,#3531));
#598=EDGE_LOOP('',(#3532,#3533,#3534,#3535));
#599=EDGE_LOOP('',(#3536,#3537,#3538,#3539));
#600=EDGE_LOOP('',(#3540,#3541,#3542,#3543));
#601=EDGE_LOOP('',(#3544,#3545,#3546,#3547));
#602=EDGE_LOOP('',(#3548,#3549,#3550,#3551));
#603=EDGE_LOOP('',(#3552,#3553,#3554,#3555));
#604=EDGE_LOOP('',(#3556,#3557,#3558,#3559));
#605=EDGE_LOOP('',(#3560,#3561,#3562,#3563));
#606=EDGE_LOOP('',(#3564,#3565,#3566,#3567));
#607=EDGE_LOOP('',(#3568,#3569,#3570,#3571));
#608=EDGE_LOOP('',(#3572,#3573,#3574,#3575));
#609=EDGE_LOOP('',(#3576,#3577,#3578,#3579));
#610=EDGE_LOOP('',(#3580,#3581,#3582,#3583,#3584,#3585,#3586,#3587,#3588,
#3589,#3590,#3591,#3592,#3593,#3594,#3595,#3596,#3597,#3598,#3599,#3600,
#3601,#3602,#3603,#3604,#3605,#3606,#3607,#3608));
#611=EDGE_LOOP('',(#3609,#3610,#3611,#3612,#3613,#3614,#3615,#3616,#3617,
#3618,#3619,#3620));
#612=EDGE_LOOP('',(#3621,#3622,#3623,#3624,#3625,#3626,#3627,#3628,#3629,
#3630,#3631,#3632));
#613=EDGE_LOOP('',(#3633,#3634,#3635,#3636));
#614=EDGE_LOOP('',(#3637,#3638,#3639,#3640));
#615=EDGE_LOOP('',(#3641,#3642,#3643,#3644));
#616=EDGE_LOOP('',(#3645,#3646,#3647,#3648));
#617=EDGE_LOOP('',(#3649,#3650,#3651,#3652));
#618=EDGE_LOOP('',(#3653,#3654,#3655,#3656));
#619=EDGE_LOOP('',(#3657,#3658,#3659,#3660));
#620=EDGE_LOOP('',(#3661,#3662,#3663,#3664));
#621=EDGE_LOOP('',(#3665,#3666,#3667,#3668,#3669,#3670,#3671,#3672,#3673,
#3674,#3675,#3676,#3677,#3678,#3679,#3680,#3681,#3682,#3683,#3684));
#622=EDGE_LOOP('',(#3685,#3686,#3687,#3688));
#623=EDGE_LOOP('',(#3689,#3690,#3691,#3692));
#624=EDGE_LOOP('',(#3693,#3694,#3695,#3696));
#625=EDGE_LOOP('',(#3697,#3698,#3699,#3700));
#626=EDGE_LOOP('',(#3701,#3702,#3703,#3704));
#627=EDGE_LOOP('',(#3705,#3706,#3707,#3708));
#628=EDGE_LOOP('',(#3709,#3710,#3711,#3712));
#629=EDGE_LOOP('',(#3713,#3714,#3715,#3716,#3717,#3718,#3719,#3720,#3721,
#3722));
#630=EDGE_LOOP('',(#3723,#3724,#3725,#3726));
#631=EDGE_LOOP('',(#3727,#3728,#3729,#3730));
#632=EDGE_LOOP('',(#3731,#3732,#3733,#3734));
#633=EDGE_LOOP('',(#3735,#3736,#3737,#3738));
#634=EDGE_LOOP('',(#3739,#3740,#3741,#3742));
#635=EDGE_LOOP('',(#3743,#3744,#3745,#3746));
#636=EDGE_LOOP('',(#3747,#3748,#3749,#3750));
#637=EDGE_LOOP('',(#3751,#3752,#3753,#3754));
#638=EDGE_LOOP('',(#3755,#3756,#3757,#3758,#3759,#3760,#3761,#3762));
#639=EDGE_LOOP('',(#3763,#3764,#3765,#3766));
#640=EDGE_LOOP('',(#3767,#3768,#3769,#3770));
#641=EDGE_LOOP('',(#3771,#3772,#3773,#3774));
#642=EDGE_LOOP('',(#3775,#3776,#3777,#3778));
#643=EDGE_LOOP('',(#3779,#3780,#3781,#3782));
#644=EDGE_LOOP('',(#3783,#3784,#3785,#3786));
#645=EDGE_LOOP('',(#3787,#3788,#3789,#3790));
#646=EDGE_LOOP('',(#3791,#3792,#3793,#3794));
#647=EDGE_LOOP('',(#3795,#3796,#3797,#3798));
#648=EDGE_LOOP('',(#3799,#3800,#3801,#3802));
#649=EDGE_LOOP('',(#3803,#3804,#3805,#3806));
#650=EDGE_LOOP('',(#3807,#3808,#3809,#3810));
#651=EDGE_LOOP('',(#3811,#3812,#3813,#3814));
#652=EDGE_LOOP('',(#3815,#3816,#3817,#3818));
#653=EDGE_LOOP('',(#3819,#3820,#3821,#3822));
#654=EDGE_LOOP('',(#3823,#3824,#3825,#3826));
#655=EDGE_LOOP('',(#3827,#3828,#3829,#3830));
#656=EDGE_LOOP('',(#3831,#3832,#3833,#3834));
#657=EDGE_LOOP('',(#3835,#3836,#3837,#3838));
#658=EDGE_LOOP('',(#3839,#3840,#3841,#3842));
#659=EDGE_LOOP('',(#3843,#3844,#3845,#3846));
#660=EDGE_LOOP('',(#3847,#3848,#3849,#3850));
#661=EDGE_LOOP('',(#3851,#3852,#3853,#3854));
#662=EDGE_LOOP('',(#3855,#3856,#3857,#3858));
#663=EDGE_LOOP('',(#3859,#3860,#3861,#3862));
#664=EDGE_LOOP('',(#3863,#3864,#3865,#3866));
#665=EDGE_LOOP('',(#3867,#3868,#3869,#3870));
#666=EDGE_LOOP('',(#3871,#3872,#3873,#3874));
#667=EDGE_LOOP('',(#3875,#3876,#3877,#3878));
#668=EDGE_LOOP('',(#3879,#3880,#3881,#3882));
#669=EDGE_LOOP('',(#3883,#3884,#3885,#3886));
#670=EDGE_LOOP('',(#3887,#3888,#3889,#3890));
#671=EDGE_LOOP('',(#3891,#3892,#3893,#3894));
#672=EDGE_LOOP('',(#3895,#3896,#3897,#3898));
#673=EDGE_LOOP('',(#3899,#3900,#3901,#3902));
#674=EDGE_LOOP('',(#3903,#3904,#3905,#3906));
#675=EDGE_LOOP('',(#3907,#3908,#3909,#3910));
#676=EDGE_LOOP('',(#3911,#3912,#3913,#3914));
#677=EDGE_LOOP('',(#3915,#3916,#3917,#3918));
#678=EDGE_LOOP('',(#3919,#3920,#3921,#3922));
#679=EDGE_LOOP('',(#3923,#3924,#3925,#3926));
#680=EDGE_LOOP('',(#3927,#3928,#3929,#3930));
#681=EDGE_LOOP('',(#3931,#3932,#3933,#3934));
#682=EDGE_LOOP('',(#3935,#3936,#3937,#3938));
#683=EDGE_LOOP('',(#3939,#3940,#3941,#3942));
#684=EDGE_LOOP('',(#3943,#3944,#3945,#3946));
#685=EDGE_LOOP('',(#3947,#3948,#3949,#3950));
#686=EDGE_LOOP('',(#3951,#3952,#3953,#3954));
#687=EDGE_LOOP('',(#3955,#3956,#3957,#3958,#3959,#3960,#3961,#3962,#3963,
#3964,#3965,#3966,#3967,#3968,#3969,#3970,#3971,#3972,#3973,#3974,#3975,
#3976,#3977,#3978,#3979,#3980,#3981));
#688=EDGE_LOOP('',(#3982,#3983,#3984,#3985,#3986,#3987,#3988,#3989));
#689=EDGE_LOOP('',(#3990,#3991,#3992,#3993,#3994,#3995,#3996,#3997,#3998,
#3999,#4000,#4001,#4002,#4003,#4004,#4005,#4006,#4007,#4008,#4009));
#690=EDGE_LOOP('',(#4010,#4011,#4012,#4013,#4014,#4015,#4016,#4017,#4018,
#4019));
#691=EDGE_LOOP('',(#4020,#4021,#4022,#4023));
#692=EDGE_LOOP('',(#4024,#4025,#4026,#4027));
#693=EDGE_LOOP('',(#4028,#4029,#4030,#4031));
#694=EDGE_LOOP('',(#4032,#4033,#4034,#4035));
#695=EDGE_LOOP('',(#4036,#4037,#4038,#4039));
#696=EDGE_LOOP('',(#4040,#4041,#4042,#4043));
#697=EDGE_LOOP('',(#4044,#4045,#4046,#4047));
#698=EDGE_LOOP('',(#4048,#4049,#4050,#4051,#4052,#4053,#4054,#4055,#4056,
#4057,#4058,#4059));
#699=EDGE_LOOP('',(#4060));
#700=EDGE_LOOP('',(#4061,#4062,#4063,#4064));
#701=EDGE_LOOP('',(#4065,#4066,#4067,#4068));
#702=EDGE_LOOP('',(#4069,#4070,#4071,#4072));
#703=EDGE_LOOP('',(#4073,#4074,#4075,#4076));
#704=EDGE_LOOP('',(#4077,#4078,#4079,#4080));
#705=EDGE_LOOP('',(#4081,#4082,#4083,#4084));
#706=EDGE_LOOP('',(#4085,#4086,#4087,#4088));
#707=EDGE_LOOP('',(#4089,#4090,#4091,#4092,#4093,#4094,#4095,#4096,#4097,
#4098,#4099,#4100));
#708=EDGE_LOOP('',(#4101));
#709=EDGE_LOOP('',(#4102,#4103,#4104,#4105));
#710=EDGE_LOOP('',(#4106,#4107,#4108,#4109));
#711=EDGE_LOOP('',(#4110,#4111,#4112,#4113));
#712=EDGE_LOOP('',(#4114,#4115,#4116,#4117));
#713=EDGE_LOOP('',(#4118,#4119,#4120,#4121));
#714=EDGE_LOOP('',(#4122,#4123,#4124,#4125));
#715=EDGE_LOOP('',(#4126,#4127,#4128,#4129));
#716=EDGE_LOOP('',(#4130,#4131,#4132,#4133,#4134,#4135));
#717=EDGE_LOOP('',(#4136,#4137,#4138,#4139));
#718=EDGE_LOOP('',(#4140,#4141,#4142,#4143));
#719=EDGE_LOOP('',(#4144,#4145,#4146,#4147));
#720=EDGE_LOOP('',(#4148));
#721=EDGE_LOOP('',(#4149));
#722=EDGE_LOOP('',(#4150,#4151,#4152,#4153));
#723=EDGE_LOOP('',(#4154,#4155,#4156,#4157));
#724=EDGE_LOOP('',(#4158,#4159,#4160,#4161));
#725=EDGE_LOOP('',(#4162,#4163,#4164,#4165));
#726=EDGE_LOOP('',(#4166,#4167,#4168,#4169));
#727=EDGE_LOOP('',(#4170,#4171,#4172,#4173,#4174,#4175,#4176,#4177,#4178,
#4179,#4180,#4181,#4182,#4183,#4184,#4185,#4186,#4187,#4188,#4189));
#728=EDGE_LOOP('',(#4190));
#729=EDGE_LOOP('',(#4191,#4192,#4193,#4194));
#730=EDGE_LOOP('',(#4195,#4196,#4197,#4198));
#731=EDGE_LOOP('',(#4199,#4200,#4201,#4202));
#732=EDGE_LOOP('',(#4203,#4204,#4205,#4206));
#733=EDGE_LOOP('',(#4207,#4208,#4209,#4210,#4211,#4212,#4213,#4214,#4215,
#4216,#4217,#4218,#4219,#4220,#4221,#4222,#4223,#4224,#4225,#4226));
#734=EDGE_LOOP('',(#4227));
#735=EDGE_LOOP('',(#4228,#4229,#4230,#4231,#4232,#4233));
#736=EDGE_LOOP('',(#4234,#4235,#4236,#4237));
#737=EDGE_LOOP('',(#4238));
#738=EDGE_LOOP('',(#4239,#4240,#4241,#4242,#4243,#4244));
#739=EDGE_LOOP('',(#4245,#4246,#4247,#4248));
#740=EDGE_LOOP('',(#4249,#4250,#4251,#4252));
#741=EDGE_LOOP('',(#4253,#4254,#4255,#4256));
#742=EDGE_LOOP('',(#4257,#4258,#4259,#4260));
#743=EDGE_LOOP('',(#4261,#4262,#4263,#4264));
#744=EDGE_LOOP('',(#4265,#4266,#4267,#4268,#4269,#4270,#4271,#4272,#4273,
#4274,#4275,#4276));
#745=EDGE_LOOP('',(#4277));
#746=EDGE_LOOP('',(#4278));
#747=EDGE_LOOP('',(#4279));
#748=EDGE_LOOP('',(#4280));
#749=EDGE_LOOP('',(#4281));
#750=EDGE_LOOP('',(#4282));
#751=EDGE_LOOP('',(#4283));
#752=EDGE_LOOP('',(#4284));
#753=EDGE_LOOP('',(#4285));
#754=EDGE_LOOP('',(#4286));
#755=EDGE_LOOP('',(#4287,#4288,#4289,#4290));
#756=EDGE_LOOP('',(#4291,#4292,#4293,#4294));
#757=EDGE_LOOP('',(#4295));
#758=EDGE_LOOP('',(#4296));
#759=EDGE_LOOP('',(#4297,#4298,#4299,#4300));
#760=EDGE_LOOP('',(#4301,#4302,#4303,#4304));
#761=EDGE_LOOP('',(#4305));
#762=EDGE_LOOP('',(#4306));
#763=EDGE_LOOP('',(#4307,#4308,#4309,#4310));
#764=EDGE_LOOP('',(#4311,#4312,#4313,#4314));
#765=EDGE_LOOP('',(#4315));
#766=EDGE_LOOP('',(#4316));
#767=EDGE_LOOP('',(#4317,#4318,#4319,#4320));
#768=EDGE_LOOP('',(#4321,#4322,#4323,#4324));
#769=EDGE_LOOP('',(#4325));
#770=EDGE_LOOP('',(#4326));
#771=EDGE_LOOP('',(#4327,#4328,#4329,#4330));
#772=EDGE_LOOP('',(#4331,#4332,#4333,#4334));
#773=EDGE_LOOP('',(#4335));
#774=EDGE_LOOP('',(#4336));
#775=EDGE_LOOP('',(#4337,#4338,#4339,#4340,#4341));
#776=EDGE_LOOP('',(#4342));
#777=EDGE_LOOP('',(#4343,#4344,#4345,#4346));
#778=EDGE_LOOP('',(#4347,#4348,#4349,#4350));
#779=EDGE_LOOP('',(#4351));
#780=EDGE_LOOP('',(#4352));
#781=EDGE_LOOP('',(#4353,#4354,#4355,#4356,#4357));
#782=EDGE_LOOP('',(#4358));
#783=EDGE_LOOP('',(#4359,#4360,#4361,#4362));
#784=EDGE_LOOP('',(#4363,#4364,#4365,#4366));
#785=EDGE_LOOP('',(#4367,#4368,#4369,#4370));
#786=EDGE_LOOP('',(#4371,#4372,#4373,#4374));
#787=EDGE_LOOP('',(#4375,#4376,#4377,#4378));
#788=EDGE_LOOP('',(#4379,#4380,#4381,#4382,#4383,#4384));
#789=EDGE_LOOP('',(#4385,#4386,#4387,#4388));
#790=EDGE_LOOP('',(#4389));
#791=EDGE_LOOP('',(#4390,#4391,#4392,#4393));
#792=EDGE_LOOP('',(#4394,#4395,#4396,#4397,#4398));
#793=EDGE_LOOP('',(#4399,#4400,#4401,#4402));
#794=EDGE_LOOP('',(#4403,#4404,#4405,#4406,#4407,#4408));
#795=EDGE_LOOP('',(#4409,#4410,#4411,#4412,#4413));
#796=EDGE_LOOP('',(#4414,#4415,#4416,#4417));
#797=EDGE_LOOP('',(#4418,#4419,#4420,#4421,#4422,#4423));
#798=EDGE_LOOP('',(#4424,#4425,#4426,#4427));
#799=EDGE_LOOP('',(#4428,#4429,#4430,#4431,#4432,#4433,#4434,#4435,#4436,
#4437,#4438,#4439,#4440,#4441,#4442,#4443));
#800=EDGE_LOOP('',(#4444,#4445,#4446,#4447));
#801=EDGE_LOOP('',(#4448,#4449,#4450,#4451));
#802=EDGE_LOOP('',(#4452,#4453,#4454,#4455));
#803=EDGE_LOOP('',(#4456,#4457,#4458,#4459,#4460));
#804=EDGE_LOOP('',(#4461,#4462,#4463,#4464,#4465,#4466,#4467,#4468,#4469,
#4470,#4471,#4472));
#805=EDGE_LOOP('',(#4473,#4474,#4475,#4476,#4477,#4478));
#806=EDGE_LOOP('',(#4479,#4480,#4481,#4482));
#807=EDGE_LOOP('',(#4483,#4484,#4485,#4486));
#808=EDGE_LOOP('',(#4487,#4488,#4489,#4490,#4491,#4492,#4493,#4494));
#809=LINE('',#6679,#1269);
#810=LINE('',#6682,#1270);
#811=LINE('',#6693,#1271);
#812=LINE('',#6694,#1272);
#813=LINE('',#6705,#1273);
#814=LINE('',#6706,#1274);
#815=LINE('',#6717,#1275);
#816=LINE('',#6718,#1276);
#817=LINE('',#6724,#1277);
#818=LINE('',#6727,#1278);
#819=LINE('',#6730,#1279);
#820=LINE('',#6732,#1280);
#821=LINE('',#6749,#1281);
#822=LINE('',#6753,#1282);
#823=LINE('',#6754,#1283);
#824=LINE('',#6760,#1284);
#825=LINE('',#6767,#1285);
#826=LINE('',#6771,#1286);
#827=LINE('',#6820,#1287);
#828=LINE('',#6824,#1288);
#829=LINE('',#6831,#1289);
#830=LINE('',#6841,#1290);
#831=LINE('',#6845,#1291);
#832=LINE('',#6854,#1292);
#833=LINE('',#6860,#1293);
#834=LINE('',#6863,#1294);
#835=LINE('',#6866,#1295);
#836=LINE('',#6868,#1296);
#837=LINE('',#6870,#1297);
#838=LINE('',#6872,#1298);
#839=LINE('',#6873,#1299);
#840=LINE('',#6879,#1300);
#841=LINE('',#6882,#1301);
#842=LINE('',#6886,#1302);
#843=LINE('',#6888,#1303);
#844=LINE('',#6890,#1304);
#845=LINE('',#6894,#1305);
#846=LINE('',#6896,#1306);
#847=LINE('',#6899,#1307);
#848=LINE('',#6906,#1308);
#849=LINE('',#6908,#1309);
#850=LINE('',#6910,#1310);
#851=LINE('',#6912,#1311);
#852=LINE('',#6914,#1312);
#853=LINE('',#6915,#1313);
#854=LINE('',#6921,#1314);
#855=LINE('',#6924,#1315);
#856=LINE('',#6927,#1316);
#857=LINE('',#6929,#1317);
#858=LINE('',#6930,#1318);
#859=LINE('',#6936,#1319);
#860=LINE('',#6939,#1320);
#861=LINE('',#6942,#1321);
#862=LINE('',#6944,#1322);
#863=LINE('',#6945,#1323);
#864=LINE('',#6950,#1324);
#865=LINE('',#6954,#1325);
#866=LINE('',#6956,#1326);
#867=LINE('',#6957,#1327);
#868=LINE('',#6963,#1328);
#869=LINE('',#6968,#1329);
#870=LINE('',#6971,#1330);
#871=LINE('',#6975,#1331);
#872=LINE('',#6977,#1332);
#873=LINE('',#6981,#1333);
#874=LINE('',#6983,#1334);
#875=LINE('',#6984,#1335);
#876=LINE('',#6992,#1336);
#877=LINE('',#6995,#1337);
#878=LINE('',#6996,#1338);
#879=LINE('',#7001,#1339);
#880=LINE('',#7002,#1340);
#881=LINE('',#7005,#1341);
#882=LINE('',#7007,#1342);
#883=LINE('',#7009,#1343);
#884=LINE('',#7010,#1344);
#885=LINE('',#7016,#1345);
#886=LINE('',#7019,#1346);
#887=LINE('',#7022,#1347);
#888=LINE('',#7024,#1348);
#889=LINE('',#7025,#1349);
#890=LINE('',#7031,#1350);
#891=LINE('',#7034,#1351);
#892=LINE('',#7037,#1352);
#893=LINE('',#7039,#1353);
#894=LINE('',#7040,#1354);
#895=LINE('',#7046,#1355);
#896=LINE('',#7049,#1356);
#897=LINE('',#7052,#1357);
#898=LINE('',#7054,#1358);
#899=LINE('',#7055,#1359);
#900=LINE('',#7061,#1360);
#901=LINE('',#7064,#1361);
#902=LINE('',#7067,#1362);
#903=LINE('',#7069,#1363);
#904=LINE('',#7070,#1364);
#905=LINE('',#7076,#1365);
#906=LINE('',#7079,#1366);
#907=LINE('',#7082,#1367);
#908=LINE('',#7084,#1368);
#909=LINE('',#7085,#1369);
#910=LINE('',#7091,#1370);
#911=LINE('',#7094,#1371);
#912=LINE('',#7097,#1372);
#913=LINE('',#7099,#1373);
#914=LINE('',#7100,#1374);
#915=LINE('',#7106,#1375);
#916=LINE('',#7109,#1376);
#917=LINE('',#7112,#1377);
#918=LINE('',#7116,#1378);
#919=LINE('',#7118,#1379);
#920=LINE('',#7122,#1380);
#921=LINE('',#7124,#1381);
#922=LINE('',#7126,#1382);
#923=LINE('',#7128,#1383);
#924=LINE('',#7132,#1384);
#925=LINE('',#7133,#1385);
#926=LINE('',#7135,#1386);
#927=LINE('',#7136,#1387);
#928=LINE('',#7137,#1388);
#929=LINE('',#7139,#1389);
#930=LINE('',#7142,#1390);
#931=LINE('',#7144,#1391);
#932=LINE('',#7148,#1392);
#933=LINE('',#7152,#1393);
#934=LINE('',#7154,#1394);
#935=LINE('',#7156,#1395);
#936=LINE('',#7160,#1396);
#937=LINE('',#7164,#1397);
#938=LINE('',#7168,#1398);
#939=LINE('',#7172,#1399);
#940=LINE('',#7176,#1400);
#941=LINE('',#7180,#1401);
#942=LINE('',#7184,#1402);
#943=LINE('',#7188,#1403);
#944=LINE('',#7192,#1404);
#945=LINE('',#7194,#1405);
#946=LINE('',#7198,#1406);
#947=LINE('',#7201,#1407);
#948=LINE('',#7203,#1408);
#949=LINE('',#7205,#1409);
#950=LINE('',#7207,#1410);
#951=LINE('',#7209,#1411);
#952=LINE('',#7212,#1412);
#953=LINE('',#7214,#1413);
#954=LINE('',#7216,#1414);
#955=LINE('',#7217,#1415);
#956=LINE('',#7218,#1416);
#957=LINE('',#7220,#1417);
#958=LINE('',#7223,#1418);
#959=LINE('',#7226,#1419);
#960=LINE('',#7229,#1420);
#961=LINE('',#7232,#1421);
#962=LINE('',#7235,#1422);
#963=LINE('',#7236,#1423);
#964=LINE('',#7240,#1424);
#965=LINE('',#7242,#1425);
#966=LINE('',#7243,#1426);
#967=LINE('',#7246,#1427);
#968=LINE('',#7247,#1428);
#969=LINE('',#7249,#1429);
#970=LINE('',#7255,#1430);
#971=LINE('',#7258,#1431);
#972=LINE('',#7261,#1432);
#973=LINE('',#7263,#1433);
#974=LINE('',#7265,#1434);
#975=LINE('',#7267,#1435);
#976=LINE('',#7269,#1436);
#977=LINE('',#7271,#1437);
#978=LINE('',#7272,#1438);
#979=LINE('',#7275,#1439);
#980=LINE('',#7278,#1440);
#981=LINE('',#7281,#1441);
#982=LINE('',#7282,#1442);
#983=LINE('',#7287,#1443);
#984=LINE('',#7291,#1444);
#985=LINE('',#7293,#1445);
#986=LINE('',#7294,#1446);
#987=LINE('',#7298,#1447);
#988=LINE('',#7301,#1448);
#989=LINE('',#7303,#1449);
#990=LINE('',#7305,#1450);
#991=LINE('',#7306,#1451);
#992=LINE('',#7309,#1452);
#993=LINE('',#7312,#1453);
#994=LINE('',#7315,#1454);
#995=LINE('',#7316,#1455);
#996=LINE('',#7322,#1456);
#997=LINE('',#7325,#1457);
#998=LINE('',#7328,#1458);
#999=LINE('',#7330,#1459);
#1000=LINE('',#7331,#1460);
#1001=LINE('',#7337,#1461);
#1002=LINE('',#7340,#1462);
#1003=LINE('',#7346,#1463);
#1004=LINE('',#7349,#1464);
#1005=LINE('',#7352,#1465);
#1006=LINE('',#7354,#1466);
#1007=LINE('',#7355,#1467);
#1008=LINE('',#7361,#1468);
#1009=LINE('',#7364,#1469);
#1010=LINE('',#7367,#1470);
#1011=LINE('',#7370,#1471);
#1012=LINE('',#7373,#1472);
#1013=LINE('',#7374,#1473);
#1014=LINE('',#7378,#1474);
#1015=LINE('',#7381,#1475);
#1016=LINE('',#7382,#1476);
#1017=LINE('',#7388,#1477);
#1018=LINE('',#7391,#1478);
#1019=LINE('',#7397,#1479);
#1020=LINE('',#7400,#1480);
#1021=LINE('',#7403,#1481);
#1022=LINE('',#7405,#1482);
#1023=LINE('',#7406,#1483);
#1024=LINE('',#7412,#1484);
#1025=LINE('',#7415,#1485);
#1026=LINE('',#7421,#1486);
#1027=LINE('',#7424,#1487);
#1028=LINE('',#7427,#1488);
#1029=LINE('',#7429,#1489);
#1030=LINE('',#7430,#1490);
#1031=LINE('',#7433,#1491);
#1032=LINE('',#7436,#1492);
#1033=LINE('',#7438,#1493);
#1034=LINE('',#7441,#1494);
#1035=LINE('',#7444,#1495);
#1036=LINE('',#7446,#1496);
#1037=LINE('',#7451,#1497);
#1038=LINE('',#7452,#1498);
#1039=LINE('',#7455,#1499);
#1040=LINE('',#7457,#1500);
#1041=LINE('',#7459,#1501);
#1042=LINE('',#7460,#1502);
#1043=LINE('',#7462,#1503);
#1044=LINE('',#7466,#1504);
#1045=LINE('',#7470,#1505);
#1046=LINE('',#7474,#1506);
#1047=LINE('',#7477,#1507);
#1048=LINE('',#7480,#1508);
#1049=LINE('',#7481,#1509);
#1050=LINE('',#7482,#1510);
#1051=LINE('',#7485,#1511);
#1052=LINE('',#7486,#1512);
#1053=LINE('',#7489,#1513);
#1054=LINE('',#7490,#1514);
#1055=LINE('',#7492,#1515);
#1056=LINE('',#7493,#1516);
#1057=LINE('',#7496,#1517);
#1058=LINE('',#7497,#1518);
#1059=LINE('',#7500,#1519);
#1060=LINE('',#7502,#1520);
#1061=LINE('',#7504,#1521);
#1062=LINE('',#7505,#1522);
#1063=LINE('',#7507,#1523);
#1064=LINE('',#7509,#1524);
#1065=LINE('',#7516,#1525);
#1066=LINE('',#7519,#1526);
#1067=LINE('',#7522,#1527);
#1068=LINE('',#7524,#1528);
#1069=LINE('',#7525,#1529);
#1070=LINE('',#7528,#1530);
#1071=LINE('',#7532,#1531);
#1072=LINE('',#7536,#1532);
#1073=LINE('',#7538,#1533);
#1074=LINE('',#7582,#1534);
#1075=LINE('',#7589,#1535);
#1076=LINE('',#7593,#1536);
#1077=LINE('',#7597,#1537);
#1078=LINE('',#7600,#1538);
#1079=LINE('',#7603,#1539);
#1080=LINE('',#7604,#1540);
#1081=LINE('',#7608,#1541);
#1082=LINE('',#7611,#1542);
#1083=LINE('',#7614,#1543);
#1084=LINE('',#7617,#1544);
#1085=LINE('',#7618,#1545);
#1086=LINE('',#7624,#1546);
#1087=LINE('',#7627,#1547);
#1088=LINE('',#7630,#1548);
#1089=LINE('',#7632,#1549);
#1090=LINE('',#7633,#1550);
#1091=LINE('',#7636,#1551);
#1092=LINE('',#7640,#1552);
#1093=LINE('',#7642,#1553);
#1094=LINE('',#7646,#1554);
#1095=LINE('',#7649,#1555);
#1096=LINE('',#7652,#1556);
#1097=LINE('',#7655,#1557);
#1098=LINE('',#7658,#1558);
#1099=LINE('',#7659,#1559);
#1100=LINE('',#7662,#1560);
#1101=LINE('',#7666,#1561);
#1102=LINE('',#7667,#1562);
#1103=LINE('',#7670,#1563);
#1104=LINE('',#7673,#1564);
#1105=LINE('',#7675,#1565);
#1106=LINE('',#7681,#1566);
#1107=LINE('',#7684,#1567);
#1108=LINE('',#7687,#1568);
#1109=LINE('',#7689,#1569);
#1110=LINE('',#7690,#1570);
#1111=LINE('',#7693,#1571);
#1112=LINE('',#7697,#1572);
#1113=LINE('',#7701,#1573);
#1114=LINE('',#7705,#1574);
#1115=LINE('',#7708,#1575);
#1116=LINE('',#7711,#1576);
#1117=LINE('',#7712,#1577);
#1118=LINE('',#7716,#1578);
#1119=LINE('',#7719,#1579);
#1120=LINE('',#7723,#1580);
#1121=LINE('',#7726,#1581);
#1122=LINE('',#7729,#1582);
#1123=LINE('',#7730,#1583);
#1124=LINE('',#7733,#1584);
#1125=LINE('',#7736,#1585);
#1126=LINE('',#7738,#1586);
#1127=LINE('',#7754,#1587);
#1128=LINE('',#7763,#1588);
#1129=LINE('',#7779,#1589);
#1130=LINE('',#7796,#1590);
#1131=LINE('',#7816,#1591);
#1132=LINE('',#7826,#1592);
#1133=LINE('',#7827,#1593);
#1134=LINE('',#7829,#1594);
#1135=LINE('',#7831,#1595);
#1136=LINE('',#7833,#1596);
#1137=LINE('',#7843,#1597);
#1138=LINE('',#7850,#1598);
#1139=LINE('',#7851,#1599);
#1140=LINE('',#7861,#1600);
#1141=LINE('',#7888,#1601);
#1142=LINE('',#7890,#1602);
#1143=LINE('',#7893,#1603);
#1144=LINE('',#7894,#1604);
#1145=LINE('',#7910,#1605);
#1146=LINE('',#7933,#1606);
#1147=LINE('',#7948,#1607);
#1148=LINE('',#7959,#1608);
#1149=LINE('',#7973,#1609);
#1150=LINE('',#7987,#1610);
#1151=LINE('',#7994,#1611);
#1152=LINE('',#8003,#1612);
#1153=LINE('',#8020,#1613);
#1154=LINE('',#8035,#1614);
#1155=LINE('',#8039,#1615);
#1156=LINE('',#8040,#1616);
#1157=LINE('',#8043,#1617);
#1158=LINE('',#8047,#1618);
#1159=LINE('',#8048,#1619);
#1160=LINE('',#8058,#1620);
#1161=LINE('',#8065,#1621);
#1162=LINE('',#8066,#1622);
#1163=LINE('',#8069,#1623);
#1164=LINE('',#8073,#1624);
#1165=LINE('',#8074,#1625);
#1166=LINE('',#8090,#1626);
#1167=LINE('',#8100,#1627);
#1168=LINE('',#8101,#1628);
#1169=LINE('',#8109,#1629);
#1170=LINE('',#8113,#1630);
#1171=LINE('',#8114,#1631);
#1172=LINE('',#8130,#1632);
#1173=LINE('',#8140,#1633);
#1174=LINE('',#8141,#1634);
#1175=LINE('',#8159,#1635);
#1176=LINE('',#8160,#1636);
#1177=LINE('',#8162,#1637);
#1178=LINE('',#8167,#1638);
#1179=LINE('',#8171,#1639);
#1180=LINE('',#8172,#1640);
#1181=LINE('',#8174,#1641);
#1182=LINE('',#8182,#1642);
#1183=LINE('',#8183,#1643);
#1184=LINE('',#8185,#1644);
#1185=LINE('',#8190,#1645);
#1186=LINE('',#8194,#1646);
#1187=LINE('',#8195,#1647);
#1188=LINE('',#8197,#1648);
#1189=LINE('',#8202,#1649);
#1190=LINE('',#8205,#1650);
#1191=LINE('',#8208,#1651);
#1192=LINE('',#8211,#1652);
#1193=LINE('',#8214,#1653);
#1194=LINE('',#8215,#1654);
#1195=LINE('',#8218,#1655);
#1196=LINE('',#8219,#1656);
#1197=LINE('',#8221,#1657);
#1198=LINE('',#8223,#1658);
#1199=LINE('',#8230,#1659);
#1200=LINE('',#8234,#1660);
#1201=LINE('',#8235,#1661);
#1202=LINE('',#8240,#1662);
#1203=LINE('',#8241,#1663);
#1204=LINE('',#8243,#1664);
#1205=LINE('',#8246,#1665);
#1206=LINE('',#8252,#1666);
#1207=LINE('',#8256,#1667);
#1208=LINE('',#8257,#1668);
#1209=LINE('',#8261,#1669);
#1210=LINE('',#8265,#1670);
#1211=LINE('',#8268,#1671);
#1212=LINE('',#8270,#1672);
#1213=LINE('',#8343,#1673);
#1214=LINE('',#8344,#1674);
#1215=LINE('',#8349,#1675);
#1216=LINE('',#8355,#1676);
#1217=LINE('',#8359,#1677);
#1218=LINE('',#8360,#1678);
#1219=LINE('',#8389,#1679);
#1220=LINE('',#8393,#1680);
#1221=LINE('',#8398,#1681);
#1222=LINE('',#8402,#1682);
#1223=LINE('',#8407,#1683);
#1224=LINE('',#8411,#1684);
#1225=LINE('',#8416,#1685);
#1226=LINE('',#8420,#1686);
#1227=LINE('',#8425,#1687);
#1228=LINE('',#8430,#1688);
#1229=LINE('',#8436,#1689);
#1230=LINE('',#8438,#1690);
#1231=LINE('',#8439,#1691);
#1232=LINE('',#8440,#1692);
#1233=LINE('',#8444,#1693);
#1234=LINE('',#8449,#1694);
#1235=LINE('',#8455,#1695);
#1236=LINE('',#8457,#1696);
#1237=LINE('',#8459,#1697);
#1238=LINE('',#8461,#1698);
#1239=LINE('',#8462,#1699);
#1240=LINE('',#8464,#1700);
#1241=LINE('',#8466,#1701);
#1242=LINE('',#8470,#1702);
#1243=LINE('',#8472,#1703);
#1244=LINE('',#8473,#1704);
#1245=LINE('',#8475,#1705);
#1246=LINE('',#8476,#1706);
#1247=LINE('',#8478,#1707);
#1248=LINE('',#8480,#1708);
#1249=LINE('',#8485,#1709);
#1250=LINE('',#8486,#1710);
#1251=LINE('',#8489,#1711);
#1252=LINE('',#8490,#1712);
#1253=LINE('',#8492,#1713);
#1254=LINE('',#8494,#1714);
#1255=LINE('',#8497,#1715);
#1256=LINE('',#8498,#1716);
#1257=LINE('',#8500,#1717);
#1258=LINE('',#8503,#1718);
#1259=LINE('',#8504,#1719);
#1260=LINE('',#8506,#1720);
#1261=LINE('',#8595,#1721);
#1262=LINE('',#8617,#1722);
#1263=LINE('',#8686,#1723);
#1264=LINE('',#8687,#1724);
#1265=LINE('',#8690,#1725);
#1266=LINE('',#8691,#1726);
#1267=LINE('',#8695,#1727);
#1268=LINE('',#8698,#1728);
#1269=VECTOR('',#5324,10.);
#1270=VECTOR('',#5327,10.);
#1271=VECTOR('',#5340,10.);
#1272=VECTOR('',#5341,10.);
#1273=VECTOR('',#5354,10.);
#1274=VECTOR('',#5355,10.);
#1275=VECTOR('',#5368,10.);
#1276=VECTOR('',#5369,10.);
#1277=VECTOR('',#5378,10.);
#1278=VECTOR('',#5381,10.);
#1279=VECTOR('',#5384,10.);
#1280=VECTOR('',#5385,10.);
#1281=VECTOR('',#5388,10.);
#1282=VECTOR('',#5393,10.);
#1283=VECTOR('',#5394,10.);
#1284=VECTOR('',#5399,10.);
#1285=VECTOR('',#5400,10.);
#1286=VECTOR('',#5403,10.);
#1287=VECTOR('',#5412,10.);
#1288=VECTOR('',#5415,10.);
#1289=VECTOR('',#5416,10.);
#1290=VECTOR('',#5417,10.);
#1291=VECTOR('',#5420,10.);
#1292=VECTOR('',#5421,10.);
#1293=VECTOR('',#5426,10.);
#1294=VECTOR('',#5429,10.);
#1295=VECTOR('',#5432,10.);
#1296=VECTOR('',#5433,10.);
#1297=VECTOR('',#5434,10.);
#1298=VECTOR('',#5435,10.);
#1299=VECTOR('',#5436,10.);
#1300=VECTOR('',#5443,10.);
#1301=VECTOR('',#5446,10.);
#1302=VECTOR('',#5449,10.);
#1303=VECTOR('',#5450,10.);
#1304=VECTOR('',#5451,10.);
#1305=VECTOR('',#5454,10.);
#1306=VECTOR('',#5455,10.);
#1307=VECTOR('',#5458,10.);
#1308=VECTOR('',#5465,10.);
#1309=VECTOR('',#5466,10.);
#1310=VECTOR('',#5467,10.);
#1311=VECTOR('',#5468,10.);
#1312=VECTOR('',#5469,10.);
#1313=VECTOR('',#5470,10.);
#1314=VECTOR('',#5475,10.);
#1315=VECTOR('',#5478,10.);
#1316=VECTOR('',#5481,10.);
#1317=VECTOR('',#5482,10.);
#1318=VECTOR('',#5483,10.);
#1319=VECTOR('',#5488,10.);
#1320=VECTOR('',#5491,10.);
#1321=VECTOR('',#5494,10.);
#1322=VECTOR('',#5495,10.);
#1323=VECTOR('',#5496,10.);
#1324=VECTOR('',#5501,10.);
#1325=VECTOR('',#5506,10.);
#1326=VECTOR('',#5507,10.);
#1327=VECTOR('',#5508,10.);
#1328=VECTOR('',#5515,10.);
#1329=VECTOR('',#5520,10.);
#1330=VECTOR('',#5525,10.);
#1331=VECTOR('',#5528,10.);
#1332=VECTOR('',#5529,10.);
#1333=VECTOR('',#5532,10.);
#1334=VECTOR('',#5533,10.);
#1335=VECTOR('',#5534,10.);
#1336=VECTOR('',#5543,10.);
#1337=VECTOR('',#5546,10.);
#1338=VECTOR('',#5547,10.);
#1339=VECTOR('',#5552,10.);
#1340=VECTOR('',#5553,10.);
#1341=VECTOR('',#5556,10.);
#1342=VECTOR('',#5557,10.);
#1343=VECTOR('',#5558,10.);
#1344=VECTOR('',#5559,10.);
#1345=VECTOR('',#5564,10.);
#1346=VECTOR('',#5567,10.);
#1347=VECTOR('',#5570,10.);
#1348=VECTOR('',#5571,10.);
#1349=VECTOR('',#5572,10.);
#1350=VECTOR('',#5577,10.);
#1351=VECTOR('',#5580,10.);
#1352=VECTOR('',#5583,10.);
#1353=VECTOR('',#5584,10.);
#1354=VECTOR('',#5585,10.);
#1355=VECTOR('',#5590,10.);
#1356=VECTOR('',#5593,10.);
#1357=VECTOR('',#5596,10.);
#1358=VECTOR('',#5597,10.);
#1359=VECTOR('',#5598,10.);
#1360=VECTOR('',#5603,10.);
#1361=VECTOR('',#5606,10.);
#1362=VECTOR('',#5609,10.);
#1363=VECTOR('',#5610,10.);
#1364=VECTOR('',#5611,10.);
#1365=VECTOR('',#5616,10.);
#1366=VECTOR('',#5619,10.);
#1367=VECTOR('',#5622,10.);
#1368=VECTOR('',#5623,10.);
#1369=VECTOR('',#5624,10.);
#1370=VECTOR('',#5629,10.);
#1371=VECTOR('',#5632,10.);
#1372=VECTOR('',#5635,10.);
#1373=VECTOR('',#5636,10.);
#1374=VECTOR('',#5637,10.);
#1375=VECTOR('',#5642,10.);
#1376=VECTOR('',#5645,10.);
#1377=VECTOR('',#5648,10.);
#1378=VECTOR('',#5651,10.);
#1379=VECTOR('',#5652,10.);
#1380=VECTOR('',#5655,10.);
#1381=VECTOR('',#5656,10.);
#1382=VECTOR('',#5657,10.);
#1383=VECTOR('',#5658,10.);
#1384=VECTOR('',#5661,10.);
#1385=VECTOR('',#5662,10.);
#1386=VECTOR('',#5663,10.);
#1387=VECTOR('',#5664,10.);
#1388=VECTOR('',#5665,10.);
#1389=VECTOR('',#5666,10.);
#1390=VECTOR('',#5669,10.);
#1391=VECTOR('',#5670,10.);
#1392=VECTOR('',#5673,10.);
#1393=VECTOR('',#5676,10.);
#1394=VECTOR('',#5677,10.);
#1395=VECTOR('',#5678,10.);
#1396=VECTOR('',#5681,10.);
#1397=VECTOR('',#5684,10.);
#1398=VECTOR('',#5687,10.);
#1399=VECTOR('',#5690,10.);
#1400=VECTOR('',#5693,10.);
#1401=VECTOR('',#5696,10.);
#1402=VECTOR('',#5699,10.);
#1403=VECTOR('',#5702,10.);
#1404=VECTOR('',#5705,10.);
#1405=VECTOR('',#5706,10.);
#1406=VECTOR('',#5709,10.);
#1407=VECTOR('',#5712,10.);
#1408=VECTOR('',#5713,10.);
#1409=VECTOR('',#5716,10.);
#1410=VECTOR('',#5717,10.);
#1411=VECTOR('',#5718,10.);
#1412=VECTOR('',#5721,10.);
#1413=VECTOR('',#5722,10.);
#1414=VECTOR('',#5723,10.);
#1415=VECTOR('',#5724,10.);
#1416=VECTOR('',#5725,10.);
#1417=VECTOR('',#5726,10.);
#1418=VECTOR('',#5729,10.);
#1419=VECTOR('',#5734,10.);
#1420=VECTOR('',#5737,10.);
#1421=VECTOR('',#5740,10.);
#1422=VECTOR('',#5743,10.);
#1423=VECTOR('',#5744,10.);
#1424=VECTOR('',#5749,10.);
#1425=VECTOR('',#5752,10.);
#1426=VECTOR('',#5753,10.);
#1427=VECTOR('',#5758,10.);
#1428=VECTOR('',#5759,10.);
#1429=VECTOR('',#5762,10.);
#1430=VECTOR('',#5767,10.);
#1431=VECTOR('',#5770,10.);
#1432=VECTOR('',#5773,10.);
#1433=VECTOR('',#5774,10.);
#1434=VECTOR('',#5775,10.);
#1435=VECTOR('',#5776,10.);
#1436=VECTOR('',#5777,10.);
#1437=VECTOR('',#5778,10.);
#1438=VECTOR('',#5779,10.);
#1439=VECTOR('',#5782,10.);
#1440=VECTOR('',#5785,10.);
#1441=VECTOR('',#5788,10.);
#1442=VECTOR('',#5789,10.);
#1443=VECTOR('',#5794,10.);
#1444=VECTOR('',#5799,10.);
#1445=VECTOR('',#5800,10.);
#1446=VECTOR('',#5801,10.);
#1447=VECTOR('',#5806,10.);
#1448=VECTOR('',#5809,10.);
#1449=VECTOR('',#5810,10.);
#1450=VECTOR('',#5811,10.);
#1451=VECTOR('',#5812,10.);
#1452=VECTOR('',#5815,10.);
#1453=VECTOR('',#5818,10.);
#1454=VECTOR('',#5821,10.);
#1455=VECTOR('',#5822,10.);
#1456=VECTOR('',#5827,0.5);
#1457=VECTOR('',#5830,10.);
#1458=VECTOR('',#5833,10.);
#1459=VECTOR('',#5834,10.);
#1460=VECTOR('',#5835,10.);
#1461=VECTOR('',#5840,0.5);
#1462=VECTOR('',#5843,10.);
#1463=VECTOR('',#5848,0.5);
#1464=VECTOR('',#5851,10.);
#1465=VECTOR('',#5854,10.);
#1466=VECTOR('',#5855,10.);
#1467=VECTOR('',#5856,10.);
#1468=VECTOR('',#5861,0.5);
#1469=VECTOR('',#5864,10.);
#1470=VECTOR('',#5867,10.);
#1471=VECTOR('',#5870,10.);
#1472=VECTOR('',#5873,10.);
#1473=VECTOR('',#5874,10.);
#1474=VECTOR('',#5879,10.);
#1475=VECTOR('',#5882,10.);
#1476=VECTOR('',#5883,10.);
#1477=VECTOR('',#5888,0.5);
#1478=VECTOR('',#5891,10.);
#1479=VECTOR('',#5896,0.5);
#1480=VECTOR('',#5899,10.);
#1481=VECTOR('',#5902,10.);
#1482=VECTOR('',#5903,10.);
#1483=VECTOR('',#5904,10.);
#1484=VECTOR('',#5909,0.5);
#1485=VECTOR('',#5912,10.);
#1486=VECTOR('',#5917,0.5);
#1487=VECTOR('',#5920,10.);
#1488=VECTOR('',#5923,10.);
#1489=VECTOR('',#5924,10.);
#1490=VECTOR('',#5925,10.);
#1491=VECTOR('',#5928,10.);
#1492=VECTOR('',#5931,10.);
#1493=VECTOR('',#5934,10.);
#1494=VECTOR('',#5937,10.);
#1495=VECTOR('',#5940,10.);
#1496=VECTOR('',#5943,10.);
#1497=VECTOR('',#5948,10.);
#1498=VECTOR('',#5949,10.);
#1499=VECTOR('',#5952,10.);
#1500=VECTOR('',#5953,10.);
#1501=VECTOR('',#5954,10.);
#1502=VECTOR('',#5955,10.);
#1503=VECTOR('',#5956,10.);
#1504=VECTOR('',#5959,10.);
#1505=VECTOR('',#5962,10.);
#1506=VECTOR('',#5965,10.);
#1507=VECTOR('',#5968,10.);
#1508=VECTOR('',#5971,10.);
#1509=VECTOR('',#5972,10.);
#1510=VECTOR('',#5973,10.);
#1511=VECTOR('',#5976,10.);
#1512=VECTOR('',#5977,10.);
#1513=VECTOR('',#5980,10.);
#1514=VECTOR('',#5981,10.);
#1515=VECTOR('',#5982,10.);
#1516=VECTOR('',#5983,10.);
#1517=VECTOR('',#5986,10.);
#1518=VECTOR('',#5987,10.);
#1519=VECTOR('',#5992,10.);
#1520=VECTOR('',#5995,10.);
#1521=VECTOR('',#5998,10.);
#1522=VECTOR('',#5999,10.);
#1523=VECTOR('',#6002,10.);
#1524=VECTOR('',#6005,10.);
#1525=VECTOR('',#6012,10.);
#1526=VECTOR('',#6015,10.);
#1527=VECTOR('',#6018,10.);
#1528=VECTOR('',#6019,10.);
#1529=VECTOR('',#6020,10.);
#1530=VECTOR('',#6023,10.);
#1531=VECTOR('',#6026,10.);
#1532=VECTOR('',#6029,10.);
#1533=VECTOR('',#6030,10.);
#1534=VECTOR('',#6031,10.);
#1535=VECTOR('',#6032,10.);
#1536=VECTOR('',#6035,10.);
#1537=VECTOR('',#6040,10.);
#1538=VECTOR('',#6043,10.);
#1539=VECTOR('',#6046,10.);
#1540=VECTOR('',#6047,10.);
#1541=VECTOR('',#6052,10.);
#1542=VECTOR('',#6055,10.);
#1543=VECTOR('',#6058,10.);
#1544=VECTOR('',#6061,10.);
#1545=VECTOR('',#6062,10.);
#1546=VECTOR('',#6067,10.);
#1547=VECTOR('',#6070,10.);
#1548=VECTOR('',#6073,10.);
#1549=VECTOR('',#6074,10.);
#1550=VECTOR('',#6075,10.);
#1551=VECTOR('',#6078,10.);
#1552=VECTOR('',#6081,10.);
#1553=VECTOR('',#6082,10.);
#1554=VECTOR('',#6085,10.);
#1555=VECTOR('',#6088,10.);
#1556=VECTOR('',#6091,10.);
#1557=VECTOR('',#6094,10.);
#1558=VECTOR('',#6097,10.);
#1559=VECTOR('',#6098,10.);
#1560=VECTOR('',#6101,10.);
#1561=VECTOR('',#6106,10.);
#1562=VECTOR('',#6107,10.);
#1563=VECTOR('',#6110,10.);
#1564=VECTOR('',#6113,10.);
#1565=VECTOR('',#6116,10.);
#1566=VECTOR('',#6121,10.);
#1567=VECTOR('',#6124,10.);
#1568=VECTOR('',#6127,10.);
#1569=VECTOR('',#6128,10.);
#1570=VECTOR('',#6129,10.);
#1571=VECTOR('',#6132,10.);
#1572=VECTOR('',#6135,10.);
#1573=VECTOR('',#6138,10.);
#1574=VECTOR('',#6143,10.);
#1575=VECTOR('',#6146,10.);
#1576=VECTOR('',#6149,10.);
#1577=VECTOR('',#6150,10.);
#1578=VECTOR('',#6155,10.);
#1579=VECTOR('',#6158,10.);
#1580=VECTOR('',#6163,10.);
#1581=VECTOR('',#6166,10.);
#1582=VECTOR('',#6169,10.);
#1583=VECTOR('',#6170,10.);
#1584=VECTOR('',#6173,10.);
#1585=VECTOR('',#6178,10.);
#1586=VECTOR('',#6181,10.);
#1587=VECTOR('',#6182,10.);
#1588=VECTOR('',#6183,10.);
#1589=VECTOR('',#6184,10.);
#1590=VECTOR('',#6185,10.);
#1591=VECTOR('',#6186,10.);
#1592=VECTOR('',#6189,10.);
#1593=VECTOR('',#6190,10.);
#1594=VECTOR('',#6193,10.);
#1595=VECTOR('',#6196,10.);
#1596=VECTOR('',#6199,10.);
#1597=VECTOR('',#6200,10.);
#1598=VECTOR('',#6203,10.);
#1599=VECTOR('',#6204,10.);
#1600=VECTOR('',#6205,10.);
#1601=VECTOR('',#6208,10.);
#1602=VECTOR('',#6211,10.);
#1603=VECTOR('',#6214,10.);
#1604=VECTOR('',#6215,10.);
#1605=VECTOR('',#6216,10.);
#1606=VECTOR('',#6217,10.);
#1607=VECTOR('',#6218,10.);
#1608=VECTOR('',#6221,10.);
#1609=VECTOR('',#6222,10.);
#1610=VECTOR('',#6223,10.);
#1611=VECTOR('',#6226,10.);
#1612=VECTOR('',#6229,10.);
#1613=VECTOR('',#6232,10.);
#1614=VECTOR('',#6233,10.);
#1615=VECTOR('',#6238,10.);
#1616=VECTOR('',#6239,10.);
#1617=VECTOR('',#6242,10.);
#1618=VECTOR('',#6247,10.);
#1619=VECTOR('',#6248,10.);
#1620=VECTOR('',#6249,10.);
#1621=VECTOR('',#6252,10.);
#1622=VECTOR('',#6253,10.);
#1623=VECTOR('',#6256,10.);
#1624=VECTOR('',#6261,10.);
#1625=VECTOR('',#6262,10.);
#1626=VECTOR('',#6263,10.);
#1627=VECTOR('',#6266,10.);
#1628=VECTOR('',#6267,10.);
#1629=VECTOR('',#6268,10.);
#1630=VECTOR('',#6273,10.);
#1631=VECTOR('',#6274,10.);
#1632=VECTOR('',#6275,10.);
#1633=VECTOR('',#6278,10.);
#1634=VECTOR('',#6279,10.);
#1635=VECTOR('',#6288,10.);
#1636=VECTOR('',#6289,10.);
#1637=VECTOR('',#6292,10.);
#1638=VECTOR('',#6297,0.750000000000002);
#1639=VECTOR('',#6302,10.);
#1640=VECTOR('',#6303,10.);
#1641=VECTOR('',#6306,10.);
#1642=VECTOR('',#6319,10.);
#1643=VECTOR('',#6320,10.);
#1644=VECTOR('',#6323,10.);
#1645=VECTOR('',#6328,0.749999999999993);
#1646=VECTOR('',#6333,10.);
#1647=VECTOR('',#6334,10.);
#1648=VECTOR('',#6337,10.);
#1649=VECTOR('',#6346,10.);
#1650=VECTOR('',#6351,10.);
#1651=VECTOR('',#6356,10.);
#1652=VECTOR('',#6361,10.);
#1653=VECTOR('',#6364,10.);
#1654=VECTOR('',#6365,10.);
#1655=VECTOR('',#6368,10.);
#1656=VECTOR('',#6369,10.);
#1657=VECTOR('',#6372,10.);
#1658=VECTOR('',#6375,10.);
#1659=VECTOR('',#6384,0.800000000000001);
#1660=VECTOR('',#6389,10.);
#1661=VECTOR('',#6390,10.);
#1662=VECTOR('',#6397,10.);
#1663=VECTOR('',#6398,10.);
#1664=VECTOR('',#6401,10.);
#1665=VECTOR('',#6404,10.);
#1666=VECTOR('',#6411,0.800000000000001);
#1667=VECTOR('',#6416,10.);
#1668=VECTOR('',#6417,10.);
#1669=VECTOR('',#6424,10.);
#1670=VECTOR('',#6429,10.);
#1671=VECTOR('',#6432,10.);
#1672=VECTOR('',#6433,10.);
#1673=VECTOR('',#6442,10.);
#1674=VECTOR('',#6443,10.);
#1675=VECTOR('',#6448,0.749999999999993);
#1676=VECTOR('',#6455,0.749999999999993);
#1677=VECTOR('',#6460,10.);
#1678=VECTOR('',#6461,10.);
#1679=VECTOR('',#6504,0.800000000000001);
#1680=VECTOR('',#6509,2.3);
#1681=VECTOR('',#6516,0.800000000000001);
#1682=VECTOR('',#6521,2.3);
#1683=VECTOR('',#6528,0.800000000000001);
#1684=VECTOR('',#6533,2.3);
#1685=VECTOR('',#6540,0.800000000000001);
#1686=VECTOR('',#6545,2.3);
#1687=VECTOR('',#6552,0.800000000000001);
#1688=VECTOR('',#6557,1.45);
#1689=VECTOR('',#6564,10.);
#1690=VECTOR('',#6565,10.);
#1691=VECTOR('',#6566,10.);
#1692=VECTOR('',#6567,10.);
#1693=VECTOR('',#6572,0.800000000000001);
#1694=VECTOR('',#6577,1.45);
#1695=VECTOR('',#6584,10.);
#1696=VECTOR('',#6585,10.);
#1697=VECTOR('',#6586,10.);
#1698=VECTOR('',#6587,10.);
#1699=VECTOR('',#6588,10.);
#1700=VECTOR('',#6591,10.);
#1701=VECTOR('',#6594,10.);
#1702=VECTOR('',#6599,10.);
#1703=VECTOR('',#6600,10.);
#1704=VECTOR('',#6601,10.);
#1705=VECTOR('',#6604,10.);
#1706=VECTOR('',#6605,10.);
#1707=VECTOR('',#6608,10.);
#1708=VECTOR('',#6611,10.);
#1709=VECTOR('',#6618,10.);
#1710=VECTOR('',#6619,10.);
#1711=VECTOR('',#6622,10.);
#1712=VECTOR('',#6623,10.);
#1713=VECTOR('',#6626,10.);
#1714=VECTOR('',#6629,10.);
#1715=VECTOR('',#6632,10.);
#1716=VECTOR('',#6633,10.);
#1717=VECTOR('',#6636,10.);
#1718=VECTOR('',#6639,10.);
#1719=VECTOR('',#6640,10.);
#1720=VECTOR('',#6643,10.);
#1721=VECTOR('',#6644,10.);
#1722=VECTOR('',#6645,10.);
#1723=VECTOR('',#6648,10.);
#1724=VECTOR('',#6649,10.);
#1725=VECTOR('',#6652,10.);
#1726=VECTOR('',#6653,10.);
#1727=VECTOR('',#6658,10.);
#1728=VECTOR('',#6663,10.);
#1729=CIRCLE('',#4871,0.8);
#1730=CIRCLE('',#4872,0.799999999999983);
#1731=CIRCLE('',#4874,0.800000000000001);
#1732=CIRCLE('',#4875,5.20000000000005);
#1733=CIRCLE('',#4876,6.00000000000005);
#1734=CIRCLE('',#4878,0.800000000000001);
#1735=CIRCLE('',#4880,0.8);
#1736=CIRCLE('',#4881,5.20000000000001);
#1737=CIRCLE('',#4882,6.00000000000001);
#1738=CIRCLE('',#4884,0.800000000000001);
#1739=CIRCLE('',#4886,0.800000000000001);
#1740=CIRCLE('',#4887,5.20000000000001);
#1741=CIRCLE('',#4888,6.00000000000002);
#1742=CIRCLE('',#4890,0.800000000000001);
#1743=CIRCLE('',#4892,5.20000000000005);
#1744=CIRCLE('',#4893,6.00000000000005);
#1745=CIRCLE('',#4895,6.00000000000001);
#1746=CIRCLE('',#4898,6.00000000000005);
#1747=CIRCLE('',#4901,0.199999999999999);
#1748=CIRCLE('',#4902,0.200000000000458);
#1749=CIRCLE('',#4905,0.199999999999997);
#1750=CIRCLE('',#4907,0.3);
#1751=CIRCLE('',#4910,1.);
#1752=CIRCLE('',#4911,1.);
#1753=CIRCLE('',#4914,1.);
#1754=CIRCLE('',#4915,1.);
#1755=CIRCLE('',#4917,1.);
#1756=CIRCLE('',#4918,1.);
#1757=CIRCLE('',#4919,1.);
#1758=CIRCLE('',#4920,2.3);
#1759=CIRCLE('',#4921,2.3);
#1760=CIRCLE('',#4924,1.);
#1761=CIRCLE('',#4925,1.);
#1762=CIRCLE('',#4928,1.);
#1763=CIRCLE('',#4929,1.);
#1764=CIRCLE('',#4932,1.);
#1765=CIRCLE('',#4933,1.);
#1766=CIRCLE('',#4936,1.);
#1767=CIRCLE('',#4937,1.);
#1768=CIRCLE('',#4939,1.);
#1769=CIRCLE('',#4940,1.);
#1770=CIRCLE('',#4942,1.);
#1771=CIRCLE('',#4943,1.);
#1772=CIRCLE('',#4944,2.3);
#1773=CIRCLE('',#4945,2.3);
#1774=CIRCLE('',#4947,1.);
#1775=CIRCLE('',#4950,1.);
#1776=CIRCLE('',#4953,1.);
#1777=CIRCLE('',#4954,1.);
#1778=CIRCLE('',#4957,1.);
#1779=CIRCLE('',#4958,1.);
#1780=CIRCLE('',#4961,1.);
#1781=CIRCLE('',#4962,1.);
#1782=CIRCLE('',#4965,1.);
#1783=CIRCLE('',#4966,1.);
#1784=CIRCLE('',#4969,1.);
#1785=CIRCLE('',#4970,1.);
#1786=CIRCLE('',#4973,1.);
#1787=CIRCLE('',#4974,1.);
#1788=CIRCLE('',#4977,1.);
#1789=CIRCLE('',#4978,1.);
#1790=CIRCLE('',#4980,1.);
#1791=CIRCLE('',#4981,1.);
#1792=CIRCLE('',#4982,1.);
#1793=CIRCLE('',#4983,1.99999999999999);
#1794=CIRCLE('',#4984,0.5);
#1795=CIRCLE('',#4985,0.5);
#1796=CIRCLE('',#4986,0.5);
#1797=CIRCLE('',#4987,1.84999999999999);
#1798=CIRCLE('',#4988,0.5);
#1799=CIRCLE('',#4989,0.5);
#1800=CIRCLE('',#4990,0.5);
#1801=CIRCLE('',#4991,0.5);
#1802=CIRCLE('',#4992,1.84999999999999);
#1803=CIRCLE('',#4993,0.5);
#1804=CIRCLE('',#4994,0.5);
#1805=CIRCLE('',#4995,0.5);
#1806=CIRCLE('',#4996,0.5);
#1807=CIRCLE('',#4997,1.99999999999999);
#1808=CIRCLE('',#4998,6.00000000000001);
#1809=CIRCLE('',#4999,1.6);
#1810=CIRCLE('',#5000,1.6);
#1811=CIRCLE('',#5003,1.);
#1812=CIRCLE('',#5006,1.);
#1813=CIRCLE('',#5012,0.5);
#1814=CIRCLE('',#5013,0.5);
#1815=CIRCLE('',#5016,0.5);
#1816=CIRCLE('',#5019,0.5);
#1817=CIRCLE('',#5020,0.5);
#1818=CIRCLE('',#5023,0.5);
#1819=CIRCLE('',#5026,0.5);
#1820=CIRCLE('',#5029,0.499999999999999);
#1821=CIRCLE('',#5030,0.499999999999999);
#1822=CIRCLE('',#5033,0.499999999999999);
#1823=CIRCLE('',#5034,0.499999999999999);
#1824=CIRCLE('',#5036,0.499999999999999);
#1825=CIRCLE('',#5037,0.499999999999999);
#1826=CIRCLE('',#5040,0.499999999999999);
#1827=CIRCLE('',#5041,0.499999999999999);
#1828=CIRCLE('',#5043,0.5);
#1829=CIRCLE('',#5046,0.5);
#1830=CIRCLE('',#5049,0.499999999999998);
#1831=CIRCLE('',#5050,0.499999999999998);
#1832=CIRCLE('',#5052,0.499999999999998);
#1833=CIRCLE('',#5053,0.499999999999998);
#1834=CIRCLE('',#5056,0.499999999999999);
#1835=CIRCLE('',#5057,0.499999999999999);
#1836=CIRCLE('',#5059,0.499999999999999);
#1837=CIRCLE('',#5060,0.499999999999999);
#1838=CIRCLE('',#5063,0.5);
#1839=CIRCLE('',#5066,0.5);
#1840=CIRCLE('',#5069,0.5);
#1841=CIRCLE('',#5071,0.5);
#1842=CIRCLE('',#5072,1.84999999999999);
#1843=CIRCLE('',#5073,0.5);
#1844=CIRCLE('',#5074,0.5);
#1845=CIRCLE('',#5075,1.84999999999999);
#1846=CIRCLE('',#5076,2.14999999999999);
#1847=CIRCLE('',#5077,2.14999999999999);
#1848=CIRCLE('',#5078,2.14999999999999);
#1849=CIRCLE('',#5079,2.14999999999999);
#1850=CIRCLE('',#5087,0.3);
#1851=CIRCLE('',#5088,0.3);
#1852=CIRCLE('',#5091,0.3);
#1853=CIRCLE('',#5092,0.3);
#1854=CIRCLE('',#5093,0.3);
#1855=CIRCLE('',#5094,0.3);
#1856=CIRCLE('',#5096,0.3);
#1857=CIRCLE('',#5099,0.3);
#1858=CIRCLE('',#5101,0.3);
#1859=CIRCLE('',#5104,0.3);
#1860=CIRCLE('',#5105,0.3);
#1861=CIRCLE('',#5108,0.3);
#1862=CIRCLE('',#5109,0.3);
#1863=CIRCLE('',#5110,0.3);
#1864=CIRCLE('',#5112,0.3);
#1865=CIRCLE('',#5115,0.3);
#1866=CIRCLE('',#5118,0.3);
#1867=CIRCLE('',#5121,0.3);
#1868=CIRCLE('',#5122,0.3);
#1869=CIRCLE('',#5125,0.3);
#1870=CIRCLE('',#5126,0.3);
#1871=CIRCLE('',#5127,0.3);
#1872=CIRCLE('',#5129,0.3);
#1873=CIRCLE('',#5132,0.3);
#1874=CIRCLE('',#5134,0.3);
#1875=CIRCLE('',#5136,0.3);
#1876=CIRCLE('',#5139,0.3);
#1877=CIRCLE('',#5152,0.199999999999997);
#1878=CIRCLE('',#5157,0.200000000000458);
#1879=CIRCLE('',#5161,0.199999999999999);
#1880=CIRCLE('',#5169,2.14999999999999);
#1881=CIRCLE('',#5173,0.750000000000002);
#1882=CIRCLE('',#5174,0.750000000000002);
#1883=CIRCLE('',#5178,2.14999999999999);
#1884=CIRCLE('',#5181,2.14999999999999);
#1885=CIRCLE('',#5185,0.749999999999993);
#1886=CIRCLE('',#5186,0.749999999999993);
#1887=CIRCLE('',#5190,2.14999999999999);
#1888=CIRCLE('',#5206,0.800000000000001);
#1889=CIRCLE('',#5207,0.800000000000001);
#1890=CIRCLE('',#5210,1.99999999999999);
#1891=CIRCLE('',#5214,5.20000000000005);
#1892=CIRCLE('',#5216,0.800000000000001);
#1893=CIRCLE('',#5217,0.800000000000001);
#1894=CIRCLE('',#5220,1.99999999999999);
#1895=CIRCLE('',#5223,5.20000000000003);
#1896=CIRCLE('',#5226,5.20000000000003);
#1897=CIRCLE('',#5230,0.749999999999993);
#1898=CIRCLE('',#5231,0.749999999999993);
#1899=CIRCLE('',#5233,0.749999999999993);
#1900=CIRCLE('',#5234,0.749999999999993);
#1901=CIRCLE('',#5237,1.6);
#1902=CIRCLE('',#5239,1.6);
#1903=CIRCLE('',#5244,0.800000000000001);
#1904=CIRCLE('',#5246,0.800000000000001);
#1905=CIRCLE('',#5248,0.800000000000001);
#1906=CIRCLE('',#5250,0.800000000000001);
#1907=CIRCLE('',#5252,0.800000000000001);
#1908=CIRCLE('',#5254,0.800000000000001);
#1909=CIRCLE('',#5256,0.800000000000001);
#1910=CIRCLE('',#5258,2.3);
#1911=CIRCLE('',#5261,0.800000000000001);
#1912=CIRCLE('',#5263,2.3);
#1913=CIRCLE('',#5266,0.800000000000001);
#1914=CIRCLE('',#5268,2.3);
#1915=CIRCLE('',#5271,0.800000000000001);
#1916=CIRCLE('',#5273,2.3);
#1917=CIRCLE('',#5276,0.800000000000001);
#1918=CIRCLE('',#5278,1.45);
#1919=CIRCLE('',#5279,1.45);
#1920=CIRCLE('',#5283,0.800000000000001);
#1921=CIRCLE('',#5285,1.45);
#1922=CIRCLE('',#5286,1.45);
#1923=CIRCLE('',#5309,5.20000000000005);
#1924=CIRCLE('',#5310,6.00000000000005);
#1925=VERTEX_POINT('',#6675);
#1926=VERTEX_POINT('',#6676);
#1927=VERTEX_POINT('',#6678);
#1928=VERTEX_POINT('',#6680);
#1929=VERTEX_POINT('',#6684);
#1930=VERTEX_POINT('',#6685);
#1931=VERTEX_POINT('',#6690);
#1932=VERTEX_POINT('',#6691);
#1933=VERTEX_POINT('',#6696);
#1934=VERTEX_POINT('',#6697);
#1935=VERTEX_POINT('',#6702);
#1936=VERTEX_POINT('',#6703);
#1937=VERTEX_POINT('',#6708);
#1938=VERTEX_POINT('',#6709);
#1939=VERTEX_POINT('',#6714);
#1940=VERTEX_POINT('',#6715);
#1941=VERTEX_POINT('',#6723);
#1942=VERTEX_POINT('',#6725);
#1943=VERTEX_POINT('',#6729);
#1944=VERTEX_POINT('',#6731);
#1945=VERTEX_POINT('',#6748);
#1946=VERTEX_POINT('',#6752);
#1947=VERTEX_POINT('',#6756);
#1948=VERTEX_POINT('',#6757);
#1949=VERTEX_POINT('',#6759);
#1950=VERTEX_POINT('',#6761);
#1951=VERTEX_POINT('',#6766);
#1952=VERTEX_POINT('',#6768);
#1953=VERTEX_POINT('',#6770);
#1954=VERTEX_POINT('',#6772);
#1955=VERTEX_POINT('',#6774);
#1956=VERTEX_POINT('',#6782);
#1957=VERTEX_POINT('',#6784);
#1958=VERTEX_POINT('',#6786);
#1959=VERTEX_POINT('',#6791);
#1960=VERTEX_POINT('',#6796);
#1961=VERTEX_POINT('',#6801);
#1962=VERTEX_POINT('',#6803);
#1963=VERTEX_POINT('',#6811);
#1964=VERTEX_POINT('',#6819);
#1965=VERTEX_POINT('',#6821);
#1966=VERTEX_POINT('',#6823);
#1967=VERTEX_POINT('',#6825);
#1968=VERTEX_POINT('',#6830);
#1969=VERTEX_POINT('',#6832);
#1970=VERTEX_POINT('',#6840);
#1971=VERTEX_POINT('',#6842);
#1972=VERTEX_POINT('',#6844);
#1973=VERTEX_POINT('',#6846);
#1974=VERTEX_POINT('',#6856);
#1975=VERTEX_POINT('',#6857);
#1976=VERTEX_POINT('',#6859);
#1977=VERTEX_POINT('',#6861);
#1978=VERTEX_POINT('',#6865);
#1979=VERTEX_POINT('',#6867);
#1980=VERTEX_POINT('',#6869);
#1981=VERTEX_POINT('',#6871);
#1982=VERTEX_POINT('',#6875);
#1983=VERTEX_POINT('',#6877);
#1984=VERTEX_POINT('',#6881);
#1985=VERTEX_POINT('',#6883);
#1986=VERTEX_POINT('',#6885);
#1987=VERTEX_POINT('',#6887);
#1988=VERTEX_POINT('',#6889);
#1989=VERTEX_POINT('',#6891);
#1990=VERTEX_POINT('',#6893);
#1991=VERTEX_POINT('',#6895);
#1992=VERTEX_POINT('',#6897);
#1993=VERTEX_POINT('',#6900);
#1994=VERTEX_POINT('',#6902);
#1995=VERTEX_POINT('',#6905);
#1996=VERTEX_POINT('',#6907);
#1997=VERTEX_POINT('',#6909);
#1998=VERTEX_POINT('',#6911);
#1999=VERTEX_POINT('',#6913);
#2000=VERTEX_POINT('',#6917);
#2001=VERTEX_POINT('',#6918);
#2002=VERTEX_POINT('',#6920);
#2003=VERTEX_POINT('',#6922);
#2004=VERTEX_POINT('',#6926);
#2005=VERTEX_POINT('',#6928);
#2006=VERTEX_POINT('',#6932);
#2007=VERTEX_POINT('',#6933);
#2008=VERTEX_POINT('',#6935);
#2009=VERTEX_POINT('',#6937);
#2010=VERTEX_POINT('',#6941);
#2011=VERTEX_POINT('',#6943);
#2012=VERTEX_POINT('',#6947);
#2013=VERTEX_POINT('',#6949);
#2014=VERTEX_POINT('',#6953);
#2015=VERTEX_POINT('',#6955);
#2016=VERTEX_POINT('',#6959);
#2017=VERTEX_POINT('',#6961);
#2018=VERTEX_POINT('',#6965);
#2019=VERTEX_POINT('',#6967);
#2020=VERTEX_POINT('',#6972);
#2021=VERTEX_POINT('',#6974);
#2022=VERTEX_POINT('',#6976);
#2023=VERTEX_POINT('',#6978);
#2024=VERTEX_POINT('',#6980);
#2025=VERTEX_POINT('',#6982);
#2026=VERTEX_POINT('',#6985);
#2027=VERTEX_POINT('',#6987);
#2028=VERTEX_POINT('',#6990);
#2029=VERTEX_POINT('',#6994);
#2030=VERTEX_POINT('',#6998);
#2031=VERTEX_POINT('',#6999);
#2032=VERTEX_POINT('',#7004);
#2033=VERTEX_POINT('',#7006);
#2034=VERTEX_POINT('',#7008);
#2035=VERTEX_POINT('',#7012);
#2036=VERTEX_POINT('',#7013);
#2037=VERTEX_POINT('',#7015);
#2038=VERTEX_POINT('',#7017);
#2039=VERTEX_POINT('',#7021);
#2040=VERTEX_POINT('',#7023);
#2041=VERTEX_POINT('',#7027);
#2042=VERTEX_POINT('',#7028);
#2043=VERTEX_POINT('',#7030);
#2044=VERTEX_POINT('',#7032);
#2045=VERTEX_POINT('',#7036);
#2046=VERTEX_POINT('',#7038);
#2047=VERTEX_POINT('',#7042);
#2048=VERTEX_POINT('',#7043);
#2049=VERTEX_POINT('',#7045);
#2050=VERTEX_POINT('',#7047);
#2051=VERTEX_POINT('',#7051);
#2052=VERTEX_POINT('',#7053);
#2053=VERTEX_POINT('',#7057);
#2054=VERTEX_POINT('',#7058);
#2055=VERTEX_POINT('',#7060);
#2056=VERTEX_POINT('',#7062);
#2057=VERTEX_POINT('',#7066);
#2058=VERTEX_POINT('',#7068);
#2059=VERTEX_POINT('',#7072);
#2060=VERTEX_POINT('',#7073);
#2061=VERTEX_POINT('',#7075);
#2062=VERTEX_POINT('',#7077);
#2063=VERTEX_POINT('',#7081);
#2064=VERTEX_POINT('',#7083);
#2065=VERTEX_POINT('',#7087);
#2066=VERTEX_POINT('',#7088);
#2067=VERTEX_POINT('',#7090);
#2068=VERTEX_POINT('',#7092);
#2069=VERTEX_POINT('',#7096);
#2070=VERTEX_POINT('',#7098);
#2071=VERTEX_POINT('',#7102);
#2072=VERTEX_POINT('',#7103);
#2073=VERTEX_POINT('',#7105);
#2074=VERTEX_POINT('',#7107);
#2075=VERTEX_POINT('',#7111);
#2076=VERTEX_POINT('',#7113);
#2077=VERTEX_POINT('',#7115);
#2078=VERTEX_POINT('',#7117);
#2079=VERTEX_POINT('',#7119);
#2080=VERTEX_POINT('',#7121);
#2081=VERTEX_POINT('',#7123);
#2082=VERTEX_POINT('',#7125);
#2083=VERTEX_POINT('',#7127);
#2084=VERTEX_POINT('',#7129);
#2085=VERTEX_POINT('',#7131);
#2086=VERTEX_POINT('',#7134);
#2087=VERTEX_POINT('',#7138);
#2088=VERTEX_POINT('',#7141);
#2089=VERTEX_POINT('',#7143);
#2090=VERTEX_POINT('',#7145);
#2091=VERTEX_POINT('',#7147);
#2092=VERTEX_POINT('',#7149);
#2093=VERTEX_POINT('',#7151);
#2094=VERTEX_POINT('',#7153);
#2095=VERTEX_POINT('',#7155);
#2096=VERTEX_POINT('',#7157);
#2097=VERTEX_POINT('',#7159);
#2098=VERTEX_POINT('',#7161);
#2099=VERTEX_POINT('',#7163);
#2100=VERTEX_POINT('',#7165);
#2101=VERTEX_POINT('',#7167);
#2102=VERTEX_POINT('',#7169);
#2103=VERTEX_POINT('',#7171);
#2104=VERTEX_POINT('',#7173);
#2105=VERTEX_POINT('',#7175);
#2106=VERTEX_POINT('',#7177);
#2107=VERTEX_POINT('',#7179);
#2108=VERTEX_POINT('',#7181);
#2109=VERTEX_POINT('',#7183);
#2110=VERTEX_POINT('',#7185);
#2111=VERTEX_POINT('',#7187);
#2112=VERTEX_POINT('',#7189);
#2113=VERTEX_POINT('',#7191);
#2114=VERTEX_POINT('',#7193);
#2115=VERTEX_POINT('',#7195);
#2116=VERTEX_POINT('',#7197);
#2117=VERTEX_POINT('',#7199);
#2118=VERTEX_POINT('',#7202);
#2119=VERTEX_POINT('',#7206);
#2120=VERTEX_POINT('',#7208);
#2121=VERTEX_POINT('',#7210);
#2122=VERTEX_POINT('',#7213);
#2123=VERTEX_POINT('',#7215);
#2124=VERTEX_POINT('',#7219);
#2125=VERTEX_POINT('',#7222);
#2126=VERTEX_POINT('',#7228);
#2127=VERTEX_POINT('',#7230);
#2128=VERTEX_POINT('',#7234);
#2129=VERTEX_POINT('',#7238);
#2130=VERTEX_POINT('',#7251);
#2131=VERTEX_POINT('',#7252);
#2132=VERTEX_POINT('',#7254);
#2133=VERTEX_POINT('',#7256);
#2134=VERTEX_POINT('',#7260);
#2135=VERTEX_POINT('',#7262);
#2136=VERTEX_POINT('',#7264);
#2137=VERTEX_POINT('',#7266);
#2138=VERTEX_POINT('',#7268);
#2139=VERTEX_POINT('',#7270);
#2140=VERTEX_POINT('',#7274);
#2141=VERTEX_POINT('',#7276);
#2142=VERTEX_POINT('',#7280);
#2143=VERTEX_POINT('',#7284);
#2144=VERTEX_POINT('',#7286);
#2145=VERTEX_POINT('',#7290);
#2146=VERTEX_POINT('',#7292);
#2147=VERTEX_POINT('',#7296);
#2148=VERTEX_POINT('',#7300);
#2149=VERTEX_POINT('',#7302);
#2150=VERTEX_POINT('',#7304);
#2151=VERTEX_POINT('',#7308);
#2152=VERTEX_POINT('',#7310);
#2153=VERTEX_POINT('',#7314);
#2154=VERTEX_POINT('',#7318);
#2155=VERTEX_POINT('',#7319);
#2156=VERTEX_POINT('',#7321);
#2157=VERTEX_POINT('',#7323);
#2158=VERTEX_POINT('',#7327);
#2159=VERTEX_POINT('',#7329);
#2160=VERTEX_POINT('',#7333);
#2161=VERTEX_POINT('',#7334);
#2162=VERTEX_POINT('',#7336);
#2163=VERTEX_POINT('',#7338);
#2164=VERTEX_POINT('',#7342);
#2165=VERTEX_POINT('',#7343);
#2166=VERTEX_POINT('',#7345);
#2167=VERTEX_POINT('',#7347);
#2168=VERTEX_POINT('',#7351);
#2169=VERTEX_POINT('',#7353);
#2170=VERTEX_POINT('',#7357);
#2171=VERTEX_POINT('',#7358);
#2172=VERTEX_POINT('',#7360);
#2173=VERTEX_POINT('',#7362);
#2174=VERTEX_POINT('',#7366);
#2175=VERTEX_POINT('',#7368);
#2176=VERTEX_POINT('',#7372);
#2177=VERTEX_POINT('',#7376);
#2178=VERTEX_POINT('',#7380);
#2179=VERTEX_POINT('',#7384);
#2180=VERTEX_POINT('',#7385);
#2181=VERTEX_POINT('',#7387);
#2182=VERTEX_POINT('',#7389);
#2183=VERTEX_POINT('',#7393);
#2184=VERTEX_POINT('',#7394);
#2185=VERTEX_POINT('',#7396);
#2186=VERTEX_POINT('',#7398);
#2187=VERTEX_POINT('',#7402);
#2188=VERTEX_POINT('',#7404);
#2189=VERTEX_POINT('',#7408);
#2190=VERTEX_POINT('',#7409);
#2191=VERTEX_POINT('',#7411);
#2192=VERTEX_POINT('',#7413);
#2193=VERTEX_POINT('',#7417);
#2194=VERTEX_POINT('',#7418);
#2195=VERTEX_POINT('',#7420);
#2196=VERTEX_POINT('',#7422);
#2197=VERTEX_POINT('',#7426);
#2198=VERTEX_POINT('',#7428);
#2199=VERTEX_POINT('',#7432);
#2200=VERTEX_POINT('',#7434);
#2201=VERTEX_POINT('',#7440);
#2202=VERTEX_POINT('',#7442);
#2203=VERTEX_POINT('',#7448);
#2204=VERTEX_POINT('',#7449);
#2205=VERTEX_POINT('',#7454);
#2206=VERTEX_POINT('',#7456);
#2207=VERTEX_POINT('',#7458);
#2208=VERTEX_POINT('',#7461);
#2209=VERTEX_POINT('',#7463);
#2210=VERTEX_POINT('',#7465);
#2211=VERTEX_POINT('',#7467);
#2212=VERTEX_POINT('',#7469);
#2213=VERTEX_POINT('',#7471);
#2214=VERTEX_POINT('',#7473);
#2215=VERTEX_POINT('',#7476);
#2216=VERTEX_POINT('',#7479);
#2217=VERTEX_POINT('',#7484);
#2218=VERTEX_POINT('',#7488);
#2219=VERTEX_POINT('',#7491);
#2220=VERTEX_POINT('',#7495);
#2221=VERTEX_POINT('',#7512);
#2222=VERTEX_POINT('',#7513);
#2223=VERTEX_POINT('',#7515);
#2224=VERTEX_POINT('',#7517);
#2225=VERTEX_POINT('',#7521);
#2226=VERTEX_POINT('',#7523);
#2227=VERTEX_POINT('',#7527);
#2228=VERTEX_POINT('',#7529);
#2229=VERTEX_POINT('',#7531);
#2230=VERTEX_POINT('',#7533);
#2231=VERTEX_POINT('',#7535);
#2232=VERTEX_POINT('',#7537);
#2233=VERTEX_POINT('',#7539);
#2234=VERTEX_POINT('',#7547);
#2235=VERTEX_POINT('',#7552);
#2236=VERTEX_POINT('',#7560);
#2237=VERTEX_POINT('',#7568);
#2238=VERTEX_POINT('',#7576);
#2239=VERTEX_POINT('',#7581);
#2240=VERTEX_POINT('',#7583);
#2241=VERTEX_POINT('',#7588);
#2242=VERTEX_POINT('',#7590);
#2243=VERTEX_POINT('',#7592);
#2244=VERTEX_POINT('',#7596);
#2245=VERTEX_POINT('',#7598);
#2246=VERTEX_POINT('',#7602);
#2247=VERTEX_POINT('',#7606);
#2248=VERTEX_POINT('',#7610);
#2249=VERTEX_POINT('',#7612);
#2250=VERTEX_POINT('',#7616);
#2251=VERTEX_POINT('',#7620);
#2252=VERTEX_POINT('',#7621);
#2253=VERTEX_POINT('',#7623);
#2254=VERTEX_POINT('',#7625);
#2255=VERTEX_POINT('',#7629);
#2256=VERTEX_POINT('',#7631);
#2257=VERTEX_POINT('',#7635);
#2258=VERTEX_POINT('',#7637);
#2259=VERTEX_POINT('',#7639);
#2260=VERTEX_POINT('',#7641);
#2261=VERTEX_POINT('',#7643);
#2262=VERTEX_POINT('',#7645);
#2263=VERTEX_POINT('',#7647);
#2264=VERTEX_POINT('',#7651);
#2265=VERTEX_POINT('',#7653);
#2266=VERTEX_POINT('',#7657);
#2267=VERTEX_POINT('',#7661);
#2268=VERTEX_POINT('',#7665);
#2269=VERTEX_POINT('',#7669);
#2270=VERTEX_POINT('',#7671);
#2271=VERTEX_POINT('',#7677);
#2272=VERTEX_POINT('',#7678);
#2273=VERTEX_POINT('',#7680);
#2274=VERTEX_POINT('',#7682);
#2275=VERTEX_POINT('',#7686);
#2276=VERTEX_POINT('',#7688);
#2277=VERTEX_POINT('',#7692);
#2278=VERTEX_POINT('',#7694);
#2279=VERTEX_POINT('',#7696);
#2280=VERTEX_POINT('',#7698);
#2281=VERTEX_POINT('',#7700);
#2282=VERTEX_POINT('',#7704);
#2283=VERTEX_POINT('',#7706);
#2284=VERTEX_POINT('',#7710);
#2285=VERTEX_POINT('',#7714);
#2286=VERTEX_POINT('',#7718);
#2287=VERTEX_POINT('',#7722);
#2288=VERTEX_POINT('',#7724);
#2289=VERTEX_POINT('',#7728);
#2290=VERTEX_POINT('',#7732);
#2291=VERTEX_POINT('',#7753);
#2292=VERTEX_POINT('',#7755);
#2293=VERTEX_POINT('',#7778);
#2294=VERTEX_POINT('',#7795);
#2295=VERTEX_POINT('',#7815);
#2296=VERTEX_POINT('',#7825);
#2297=VERTEX_POINT('',#7842);
#2298=VERTEX_POINT('',#7849);
#2299=VERTEX_POINT('',#7860);
#2300=VERTEX_POINT('',#7892);
#2301=VERTEX_POINT('',#7909);
#2302=VERTEX_POINT('',#7932);
#2303=VERTEX_POINT('',#7947);
#2304=VERTEX_POINT('',#7958);
#2305=VERTEX_POINT('',#7972);
#2306=VERTEX_POINT('',#7986);
#2307=VERTEX_POINT('',#7993);
#2308=VERTEX_POINT('',#8002);
#2309=VERTEX_POINT('',#8019);
#2310=VERTEX_POINT('',#8034);
#2311=VERTEX_POINT('',#8038);
#2312=VERTEX_POINT('',#8042);
#2313=VERTEX_POINT('',#8046);
#2314=VERTEX_POINT('',#8057);
#2315=VERTEX_POINT('',#8064);
#2316=VERTEX_POINT('',#8068);
#2317=VERTEX_POINT('',#8072);
#2318=VERTEX_POINT('',#8089);
#2319=VERTEX_POINT('',#8099);
#2320=VERTEX_POINT('',#8108);
#2321=VERTEX_POINT('',#8112);
#2322=VERTEX_POINT('',#8129);
#2323=VERTEX_POINT('',#8139);
#2324=VERTEX_POINT('',#8158);
#2325=VERTEX_POINT('',#8164);
#2326=VERTEX_POINT('',#8166);
#2327=VERTEX_POINT('',#8170);
#2328=VERTEX_POINT('',#8181);
#2329=VERTEX_POINT('',#8187);
#2330=VERTEX_POINT('',#8189);
#2331=VERTEX_POINT('',#8193);
#2332=VERTEX_POINT('',#8213);
#2333=VERTEX_POINT('',#8217);
#2334=VERTEX_POINT('',#8227);
#2335=VERTEX_POINT('',#8229);
#2336=VERTEX_POINT('',#8233);
#2337=VERTEX_POINT('',#8239);
#2338=VERTEX_POINT('',#8245);
#2339=VERTEX_POINT('',#8249);
#2340=VERTEX_POINT('',#8251);
#2341=VERTEX_POINT('',#8255);
#2342=VERTEX_POINT('',#8263);
#2343=VERTEX_POINT('',#8267);
#2344=VERTEX_POINT('',#8269);
#2345=VERTEX_POINT('',#8342);
#2346=VERTEX_POINT('',#8346);
#2347=VERTEX_POINT('',#8348);
#2348=VERTEX_POINT('',#8352);
#2349=VERTEX_POINT('',#8354);
#2350=VERTEX_POINT('',#8358);
#2351=VERTEX_POINT('',#8369);
#2352=VERTEX_POINT('',#8372);
#2353=VERTEX_POINT('',#8375);
#2354=VERTEX_POINT('',#8378);
#2355=VERTEX_POINT('',#8381);
#2356=VERTEX_POINT('',#8384);
#2357=VERTEX_POINT('',#8387);
#2358=VERTEX_POINT('',#8391);
#2359=VERTEX_POINT('',#8396);
#2360=VERTEX_POINT('',#8400);
#2361=VERTEX_POINT('',#8405);
#2362=VERTEX_POINT('',#8409);
#2363=VERTEX_POINT('',#8414);
#2364=VERTEX_POINT('',#8418);
#2365=VERTEX_POINT('',#8423);
#2366=VERTEX_POINT('',#8427);
#2367=VERTEX_POINT('',#8429);
#2368=VERTEX_POINT('',#8434);
#2369=VERTEX_POINT('',#8435);
#2370=VERTEX_POINT('',#8437);
#2371=VERTEX_POINT('',#8442);
#2372=VERTEX_POINT('',#8446);
#2373=VERTEX_POINT('',#8448);
#2374=VERTEX_POINT('',#8453);
#2375=VERTEX_POINT('',#8454);
#2376=VERTEX_POINT('',#8456);
#2377=VERTEX_POINT('',#8458);
#2378=VERTEX_POINT('',#8460);
#2379=VERTEX_POINT('',#8469);
#2380=VERTEX_POINT('',#8471);
#2381=VERTEX_POINT('',#8484);
#2382=VERTEX_POINT('',#8488);
#2383=VERTEX_POINT('',#8496);
#2384=VERTEX_POINT('',#8502);
#2385=VERTEX_POINT('',#8527);
#2386=VERTEX_POINT('',#8616);
#2387=VERTEX_POINT('',#8689);
#2388=VERTEX_POINT('',#8693);
#2389=EDGE_CURVE('',#1925,#1926,#1729,.T.);
#2390=EDGE_CURVE('',#1926,#1927,#809,.T.);
#2391=EDGE_CURVE('',#1927,#1928,#1730,.T.);
#2392=EDGE_CURVE('',#1928,#1925,#810,.T.);
#2393=EDGE_CURVE('',#1929,#1930,#1731,.T.);
#2394=EDGE_CURVE('',#1930,#1928,#1732,.T.);
#2395=EDGE_CURVE('',#1927,#1929,#1733,.T.);
#2396=EDGE_CURVE('',#1931,#1932,#1734,.T.);
#2397=EDGE_CURVE('',#1932,#1930,#811,.T.);
#2398=EDGE_CURVE('',#1929,#1931,#812,.T.);
#2399=EDGE_CURVE('',#1933,#1934,#1735,.T.);
#2400=EDGE_CURVE('',#1934,#1932,#1736,.T.);
#2401=EDGE_CURVE('',#1931,#1933,#1737,.T.);
#2402=EDGE_CURVE('',#1935,#1936,#1738,.T.);
#2403=EDGE_CURVE('',#1936,#1934,#813,.T.);
#2404=EDGE_CURVE('',#1933,#1935,#814,.T.);
#2405=EDGE_CURVE('',#1937,#1938,#1739,.T.);
#2406=EDGE_CURVE('',#1938,#1936,#1740,.T.);
#2407=EDGE_CURVE('',#1935,#1937,#1741,.T.);
#2408=EDGE_CURVE('',#1939,#1940,#1742,.T.);
#2409=EDGE_CURVE('',#1940,#1938,#815,.T.);
#2410=EDGE_CURVE('',#1937,#1939,#816,.T.);
#2411=EDGE_CURVE('',#1925,#1940,#1743,.T.);
#2412=EDGE_CURVE('',#1939,#1926,#1744,.T.);
#2413=EDGE_CURVE('',#1931,#1941,#817,.T.);
#2414=EDGE_CURVE('',#1941,#1942,#1745,.T.);
#2415=EDGE_CURVE('',#1942,#1933,#818,.T.);
#2416=EDGE_CURVE('',#1929,#1943,#819,.T.);
#2417=EDGE_CURVE('',#1944,#1943,#820,.T.);
#2418=EDGE_CURVE('',#1944,#1941,#74,.T.);
#2419=EDGE_CURVE('',#1927,#1945,#821,.T.);
#2420=EDGE_CURVE('',#1943,#1945,#1746,.T.);
#2421=EDGE_CURVE('',#1926,#1946,#822,.T.);
#2422=EDGE_CURVE('',#1945,#1946,#823,.T.);
#2423=EDGE_CURVE('',#1947,#1948,#1747,.T.);
#2424=EDGE_CURVE('',#1948,#1949,#824,.T.);
#2425=EDGE_CURVE('',#1949,#1950,#75,.T.);
#2426=EDGE_CURVE('',#1950,#1951,#825,.T.);
#2427=EDGE_CURVE('',#1951,#1952,#1748,.T.);
#2428=EDGE_CURVE('',#1952,#1953,#826,.T.);
#2429=EDGE_CURVE('',#1953,#1954,#66,.T.);
#2430=EDGE_CURVE('',#1954,#1955,#76,.T.);
#2431=EDGE_CURVE('',#1955,#1956,#67,.T.);
#2432=EDGE_CURVE('',#1956,#1957,#1749,.T.);
#2433=EDGE_CURVE('',#1957,#1958,#77,.T.);
#2434=EDGE_CURVE('',#1958,#1959,#78,.T.);
#2435=EDGE_CURVE('',#1959,#1960,#79,.T.);
#2436=EDGE_CURVE('',#1960,#1961,#68,.T.);
#2437=EDGE_CURVE('',#1961,#1962,#80,.T.);
#2438=EDGE_CURVE('',#1962,#1963,#81,.T.);
#2439=EDGE_CURVE('',#1963,#1964,#827,.T.);
#2440=EDGE_CURVE('',#1965,#1964,#1750,.T.);
#2441=EDGE_CURVE('',#1965,#1966,#828,.T.);
#2442=EDGE_CURVE('',#1966,#1967,#82,.T.);
#2443=EDGE_CURVE('',#1967,#1968,#829,.T.);
#2444=EDGE_CURVE('',#1968,#1969,#83,.T.);
#2445=EDGE_CURVE('',#1969,#1970,#830,.T.);
#2446=EDGE_CURVE('',#1970,#1971,#69,.T.);
#2447=EDGE_CURVE('',#1971,#1972,#831,.T.);
#2448=EDGE_CURVE('',#1972,#1973,#84,.T.);
#2449=EDGE_CURVE('',#1973,#1947,#832,.T.);
#2450=EDGE_CURVE('',#1974,#1975,#1751,.T.);
#2451=EDGE_CURVE('',#1974,#1976,#833,.T.);
#2452=EDGE_CURVE('',#1976,#1977,#1752,.T.);
#2453=EDGE_CURVE('',#1977,#1975,#834,.T.);
#2454=EDGE_CURVE('',#1976,#1978,#835,.T.);
#2455=EDGE_CURVE('',#1979,#1974,#836,.T.);
#2456=EDGE_CURVE('',#1979,#1980,#837,.T.);
#2457=EDGE_CURVE('',#1981,#1980,#838,.T.);
#2458=EDGE_CURVE('',#1978,#1981,#839,.T.);
#2459=EDGE_CURVE('',#1978,#1982,#1753,.T.);
#2460=EDGE_CURVE('',#1981,#1983,#1754,.T.);
#2461=EDGE_CURVE('',#1983,#1982,#840,.T.);
#2462=EDGE_CURVE('',#1984,#1982,#841,.T.);
#2463=EDGE_CURVE('',#1984,#1985,#1755,.T.);
#2464=EDGE_CURVE('',#1986,#1985,#842,.T.);
#2465=EDGE_CURVE('',#1986,#1987,#843,.T.);
#2466=EDGE_CURVE('',#1988,#1987,#844,.T.);
#2467=EDGE_CURVE('',#1988,#1989,#1756,.F.);
#2468=EDGE_CURVE('',#1989,#1990,#845,.T.);
#2469=EDGE_CURVE('',#1990,#1991,#846,.T.);
#2470=EDGE_CURVE('',#1992,#1991,#1757,.T.);
#2471=EDGE_CURVE('',#1992,#1977,#847,.T.);
#2472=EDGE_CURVE('',#1993,#1993,#1758,.T.);
#2473=EDGE_CURVE('',#1994,#1994,#1759,.T.);
#2474=EDGE_CURVE('',#1983,#1995,#848,.T.);
#2475=EDGE_CURVE('',#1996,#1995,#849,.T.);
#2476=EDGE_CURVE('',#1996,#1997,#850,.T.);
#2477=EDGE_CURVE('',#1998,#1997,#851,.T.);
#2478=EDGE_CURVE('',#1999,#1998,#852,.T.);
#2479=EDGE_CURVE('',#1984,#1999,#853,.T.);
#2480=EDGE_CURVE('',#2000,#2001,#1760,.T.);
#2481=EDGE_CURVE('',#2000,#2002,#854,.T.);
#2482=EDGE_CURVE('',#2002,#2003,#1761,.T.);
#2483=EDGE_CURVE('',#2003,#2001,#855,.T.);
#2484=EDGE_CURVE('',#2004,#2000,#856,.T.);
#2485=EDGE_CURVE('',#2005,#2004,#857,.T.);
#2486=EDGE_CURVE('',#2002,#2005,#858,.T.);
#2487=EDGE_CURVE('',#2006,#2007,#1762,.T.);
#2488=EDGE_CURVE('',#2006,#2008,#859,.T.);
#2489=EDGE_CURVE('',#2008,#2009,#1763,.T.);
#2490=EDGE_CURVE('',#2009,#2007,#860,.T.);
#2491=EDGE_CURVE('',#2010,#2006,#861,.T.);
#2492=EDGE_CURVE('',#2011,#2010,#862,.T.);
#2493=EDGE_CURVE('',#2008,#2011,#863,.T.);
#2494=EDGE_CURVE('',#2012,#2004,#1764,.T.);
#2495=EDGE_CURVE('',#2012,#2013,#864,.T.);
#2496=EDGE_CURVE('',#2013,#2005,#1765,.T.);
#2497=EDGE_CURVE('',#2014,#2012,#865,.T.);
#2498=EDGE_CURVE('',#2014,#2015,#866,.T.);
#2499=EDGE_CURVE('',#2013,#2015,#867,.T.);
#2500=EDGE_CURVE('',#1996,#2016,#1766,.T.);
#2501=EDGE_CURVE('',#1995,#2017,#1767,.T.);
#2502=EDGE_CURVE('',#2017,#2016,#868,.T.);
#2503=EDGE_CURVE('',#2018,#1997,#1768,.T.);
#2504=EDGE_CURVE('',#2018,#2019,#869,.T.);
#2505=EDGE_CURVE('',#2019,#1998,#1769,.T.);
#2506=EDGE_CURVE('',#2016,#2009,#870,.T.);
#2507=EDGE_CURVE('',#2020,#2011,#1770,.T.);
#2508=EDGE_CURVE('',#2020,#2021,#871,.T.);
#2509=EDGE_CURVE('',#2021,#2022,#872,.T.);
#2510=EDGE_CURVE('',#2023,#2022,#1771,.T.);
#2511=EDGE_CURVE('',#2024,#2023,#873,.T.);
#2512=EDGE_CURVE('',#2024,#2025,#874,.T.);
#2513=EDGE_CURVE('',#2018,#2025,#875,.T.);
#2514=EDGE_CURVE('',#2026,#2026,#1772,.T.);
#2515=EDGE_CURVE('',#2027,#2027,#1773,.T.);
#2516=EDGE_CURVE('',#2028,#2010,#1774,.T.);
#2517=EDGE_CURVE('',#2028,#2020,#876,.T.);
#2518=EDGE_CURVE('',#2029,#2028,#877,.T.);
#2519=EDGE_CURVE('',#2029,#2021,#878,.T.);
#2520=EDGE_CURVE('',#2030,#2031,#1775,.T.);
#2521=EDGE_CURVE('',#2030,#2023,#879,.T.);
#2522=EDGE_CURVE('',#2022,#2031,#880,.T.);
#2523=EDGE_CURVE('',#2032,#2030,#881,.T.);
#2524=EDGE_CURVE('',#2032,#2033,#882,.T.);
#2525=EDGE_CURVE('',#2034,#2033,#883,.T.);
#2526=EDGE_CURVE('',#2024,#2034,#884,.T.);
#2527=EDGE_CURVE('',#2035,#2036,#1776,.T.);
#2528=EDGE_CURVE('',#2035,#2037,#885,.T.);
#2529=EDGE_CURVE('',#2037,#2038,#1777,.T.);
#2530=EDGE_CURVE('',#2038,#2036,#886,.T.);
#2531=EDGE_CURVE('',#2039,#2035,#887,.T.);
#2532=EDGE_CURVE('',#2039,#2040,#888,.T.);
#2533=EDGE_CURVE('',#2037,#2040,#889,.T.);
#2534=EDGE_CURVE('',#2041,#2042,#1778,.T.);
#2535=EDGE_CURVE('',#2041,#2043,#890,.T.);
#2536=EDGE_CURVE('',#2043,#2044,#1779,.T.);
#2537=EDGE_CURVE('',#2044,#2042,#891,.T.);
#2538=EDGE_CURVE('',#2045,#2041,#892,.T.);
#2539=EDGE_CURVE('',#2045,#2046,#893,.T.);
#2540=EDGE_CURVE('',#2043,#2046,#894,.T.);
#2541=EDGE_CURVE('',#2047,#2048,#1780,.T.);
#2542=EDGE_CURVE('',#2047,#2049,#895,.T.);
#2543=EDGE_CURVE('',#2049,#2050,#1781,.T.);
#2544=EDGE_CURVE('',#2050,#2048,#896,.T.);
#2545=EDGE_CURVE('',#2051,#2047,#897,.T.);
#2546=EDGE_CURVE('',#2051,#2052,#898,.T.);
#2547=EDGE_CURVE('',#2049,#2052,#899,.T.);
#2548=EDGE_CURVE('',#2053,#2054,#1782,.T.);
#2549=EDGE_CURVE('',#2053,#2055,#900,.T.);
#2550=EDGE_CURVE('',#2055,#2056,#1783,.T.);
#2551=EDGE_CURVE('',#2056,#2054,#901,.T.);
#2552=EDGE_CURVE('',#2057,#2053,#902,.T.);
#2553=EDGE_CURVE('',#2057,#2058,#903,.T.);
#2554=EDGE_CURVE('',#2055,#2058,#904,.T.);
#2555=EDGE_CURVE('',#2059,#2060,#1784,.T.);
#2556=EDGE_CURVE('',#2059,#2061,#905,.T.);
#2557=EDGE_CURVE('',#2061,#2062,#1785,.T.);
#2558=EDGE_CURVE('',#2062,#2060,#906,.T.);
#2559=EDGE_CURVE('',#2063,#2059,#907,.T.);
#2560=EDGE_CURVE('',#2063,#2064,#908,.T.);
#2561=EDGE_CURVE('',#2061,#2064,#909,.T.);
#2562=EDGE_CURVE('',#2065,#2066,#1786,.T.);
#2563=EDGE_CURVE('',#2065,#2067,#910,.T.);
#2564=EDGE_CURVE('',#2067,#2068,#1787,.T.);
#2565=EDGE_CURVE('',#2068,#2066,#911,.T.);
#2566=EDGE_CURVE('',#2069,#2065,#912,.T.);
#2567=EDGE_CURVE('',#2069,#2070,#913,.T.);
#2568=EDGE_CURVE('',#2067,#2070,#914,.T.);
#2569=EDGE_CURVE('',#2071,#2072,#1788,.T.);
#2570=EDGE_CURVE('',#2071,#2073,#915,.T.);
#2571=EDGE_CURVE('',#2073,#2074,#1789,.T.);
#2572=EDGE_CURVE('',#2074,#2072,#916,.T.);
#2573=EDGE_CURVE('',#1975,#2075,#917,.T.);
#2574=EDGE_CURVE('',#2075,#2076,#1790,.T.);
#2575=EDGE_CURVE('',#2076,#2077,#918,.T.);
#2576=EDGE_CURVE('',#2077,#2078,#919,.T.);
#2577=EDGE_CURVE('',#2078,#2079,#1791,.T.);
#2578=EDGE_CURVE('',#2079,#2080,#920,.T.);
#2579=EDGE_CURVE('',#2080,#2081,#921,.T.);
#2580=EDGE_CURVE('',#2081,#2082,#922,.T.);
#2581=EDGE_CURVE('',#2082,#2083,#923,.T.);
#2582=EDGE_CURVE('',#2083,#2084,#1792,.T.);
#2583=EDGE_CURVE('',#2084,#2085,#924,.T.);
#2584=EDGE_CURVE('',#1942,#2085,#925,.T.);
#2585=EDGE_CURVE('',#2086,#1941,#926,.T.);
#2586=EDGE_CURVE('',#2086,#2071,#927,.T.);
#2587=EDGE_CURVE('',#2072,#2069,#928,.T.);
#2588=EDGE_CURVE('',#2066,#2087,#929,.T.);
#2589=EDGE_CURVE('',#2087,#2063,#1793,.T.);
#2590=EDGE_CURVE('',#2060,#2088,#930,.T.);
#2591=EDGE_CURVE('',#2088,#2089,#931,.T.);
#2592=EDGE_CURVE('',#2089,#2090,#1794,.T.);
#2593=EDGE_CURVE('',#2090,#2091,#932,.T.);
#2594=EDGE_CURVE('',#2091,#2092,#1795,.T.);
#2595=EDGE_CURVE('',#2092,#2093,#933,.T.);
#2596=EDGE_CURVE('',#2093,#2094,#934,.T.);
#2597=EDGE_CURVE('',#2094,#2095,#935,.T.);
#2598=EDGE_CURVE('',#2095,#2096,#1796,.T.);
#2599=EDGE_CURVE('',#2096,#2097,#936,.T.);
#2600=EDGE_CURVE('',#2097,#2098,#1797,.T.);
#2601=EDGE_CURVE('',#2098,#2099,#937,.T.);
#2602=EDGE_CURVE('',#2099,#2100,#1798,.T.);
#2603=EDGE_CURVE('',#2100,#2101,#938,.T.);
#2604=EDGE_CURVE('',#2101,#2102,#1799,.T.);
#2605=EDGE_CURVE('',#2102,#2103,#939,.T.);
#2606=EDGE_CURVE('',#2103,#2104,#1800,.T.);
#2607=EDGE_CURVE('',#2104,#2105,#940,.T.);
#2608=EDGE_CURVE('',#2105,#2106,#1801,.T.);
#2609=EDGE_CURVE('',#2106,#2107,#941,.T.);
#2610=EDGE_CURVE('',#2107,#2108,#1802,.T.);
#2611=EDGE_CURVE('',#2108,#2109,#942,.T.);
#2612=EDGE_CURVE('',#2109,#2110,#1803,.T.);
#2613=EDGE_CURVE('',#2110,#2111,#943,.T.);
#2614=EDGE_CURVE('',#2112,#2111,#1804,.F.);
#2615=EDGE_CURVE('',#2112,#2113,#944,.T.);
#2616=EDGE_CURVE('',#2113,#2114,#945,.T.);
#2617=EDGE_CURVE('',#2114,#2115,#1805,.T.);
#2618=EDGE_CURVE('',#2115,#2116,#946,.T.);
#2619=EDGE_CURVE('',#2116,#2117,#1806,.T.);
#2620=EDGE_CURVE('',#2117,#2057,#947,.T.);
#2621=EDGE_CURVE('',#2054,#2118,#948,.T.);
#2622=EDGE_CURVE('',#2118,#2051,#1807,.T.);
#2623=EDGE_CURVE('',#2048,#2045,#949,.T.);
#2624=EDGE_CURVE('',#2042,#2119,#950,.T.);
#2625=EDGE_CURVE('',#2120,#2119,#951,.T.);
#2626=EDGE_CURVE('',#2121,#2120,#1808,.T.);
#2627=EDGE_CURVE('',#2039,#2121,#952,.T.);
#2628=EDGE_CURVE('',#2036,#2122,#953,.T.);
#2629=EDGE_CURVE('',#2122,#2123,#954,.T.);
#2630=EDGE_CURVE('',#2123,#2032,#955,.T.);
#2631=EDGE_CURVE('',#2031,#2029,#956,.T.);
#2632=EDGE_CURVE('',#2007,#2124,#957,.T.);
#2633=EDGE_CURVE('',#2124,#2014,#1809,.T.);
#2634=EDGE_CURVE('',#2001,#2125,#958,.T.);
#2635=EDGE_CURVE('',#2125,#1979,#1810,.T.);
#2636=EDGE_CURVE('',#2070,#2074,#959,.T.);
#2637=EDGE_CURVE('',#2083,#2126,#960,.T.);
#2638=EDGE_CURVE('',#2126,#2127,#1811,.T.);
#2639=EDGE_CURVE('',#2127,#2084,#961,.T.);
#2640=EDGE_CURVE('',#2082,#2128,#962,.T.);
#2641=EDGE_CURVE('',#2126,#2128,#963,.T.);
#2642=EDGE_CURVE('',#1999,#2129,#1812,.T.);
#2643=EDGE_CURVE('',#2129,#1985,#964,.T.);
#2644=EDGE_CURVE('',#2075,#1992,#965,.T.);
#2645=EDGE_CURVE('',#1991,#2076,#966,.T.);
#2646=EDGE_CURVE('',#2078,#1989,#967,.T.);
#2647=EDGE_CURVE('',#1988,#2079,#968,.T.);
#2648=EDGE_CURVE('',#2077,#1990,#969,.T.);
#2649=EDGE_CURVE('',#2130,#2131,#1813,.T.);
#2650=EDGE_CURVE('',#2130,#2132,#970,.T.);
#2651=EDGE_CURVE('',#2132,#2133,#1814,.T.);
#2652=EDGE_CURVE('',#2133,#2131,#971,.T.);
#2653=EDGE_CURVE('',#2134,#2132,#972,.T.);
#2654=EDGE_CURVE('',#2130,#2135,#973,.T.);
#2655=EDGE_CURVE('',#2136,#2135,#974,.T.);
#2656=EDGE_CURVE('',#2136,#2137,#975,.T.);
#2657=EDGE_CURVE('',#2137,#2138,#976,.T.);
#2658=EDGE_CURVE('',#2139,#2138,#977,.T.);
#2659=EDGE_CURVE('',#2134,#2139,#978,.T.);
#2660=EDGE_CURVE('',#2089,#2140,#979,.T.);
#2661=EDGE_CURVE('',#2140,#2141,#1815,.T.);
#2662=EDGE_CURVE('',#2141,#2090,#980,.T.);
#2663=EDGE_CURVE('',#2142,#2141,#981,.T.);
#2664=EDGE_CURVE('',#2091,#2142,#982,.T.);
#2665=EDGE_CURVE('',#2143,#2135,#1816,.T.);
#2666=EDGE_CURVE('',#2143,#2144,#983,.T.);
#2667=EDGE_CURVE('',#2144,#2136,#1817,.T.);
#2668=EDGE_CURVE('',#2143,#2145,#984,.T.);
#2669=EDGE_CURVE('',#2145,#2146,#985,.T.);
#2670=EDGE_CURVE('',#2144,#2146,#986,.T.);
#2671=EDGE_CURVE('',#2142,#2147,#1818,.T.);
#2672=EDGE_CURVE('',#2147,#2092,#987,.T.);
#2673=EDGE_CURVE('',#2148,#2147,#988,.T.);
#2674=EDGE_CURVE('',#2149,#2148,#989,.T.);
#2675=EDGE_CURVE('',#2150,#2149,#990,.T.);
#2676=EDGE_CURVE('',#2093,#2150,#991,.T.);
#2677=EDGE_CURVE('',#2095,#2151,#992,.T.);
#2678=EDGE_CURVE('',#2151,#2152,#1819,.T.);
#2679=EDGE_CURVE('',#2152,#2096,#993,.T.);
#2680=EDGE_CURVE('',#2153,#2152,#994,.T.);
#2681=EDGE_CURVE('',#2097,#2153,#995,.T.);
#2682=EDGE_CURVE('',#2154,#2155,#1820,.T.);
#2683=EDGE_CURVE('',#2154,#2156,#996,.T.);
#2684=EDGE_CURVE('',#2156,#2157,#1821,.T.);
#2685=EDGE_CURVE('',#2155,#2157,#997,.T.);
#2686=EDGE_CURVE('',#2158,#2154,#998,.T.);
#2687=EDGE_CURVE('',#2158,#2159,#999,.T.);
#2688=EDGE_CURVE('',#2156,#2159,#1000,.T.);
#2689=EDGE_CURVE('',#2160,#2161,#1822,.T.);
#2690=EDGE_CURVE('',#2161,#2162,#1001,.T.);
#2691=EDGE_CURVE('',#2163,#2162,#1823,.T.);
#2692=EDGE_CURVE('',#2163,#2160,#1002,.T.);
#2693=EDGE_CURVE('',#2164,#2165,#1824,.T.);
#2694=EDGE_CURVE('',#2164,#2166,#1003,.T.);
#2695=EDGE_CURVE('',#2166,#2167,#1825,.T.);
#2696=EDGE_CURVE('',#2165,#2167,#1004,.T.);
#2697=EDGE_CURVE('',#2168,#2164,#1005,.T.);
#2698=EDGE_CURVE('',#2168,#2169,#1006,.T.);
#2699=EDGE_CURVE('',#2166,#2169,#1007,.T.);
#2700=EDGE_CURVE('',#2170,#2171,#1826,.T.);
#2701=EDGE_CURVE('',#2171,#2172,#1008,.T.);
#2702=EDGE_CURVE('',#2173,#2172,#1827,.T.);
#2703=EDGE_CURVE('',#2173,#2170,#1009,.T.);
#2704=EDGE_CURVE('',#2099,#2174,#1010,.T.);
#2705=EDGE_CURVE('',#2174,#2175,#1828,.T.);
#2706=EDGE_CURVE('',#2175,#2100,#1011,.T.);
#2707=EDGE_CURVE('',#2176,#2175,#1012,.T.);
#2708=EDGE_CURVE('',#2101,#2176,#1013,.T.);
#2709=EDGE_CURVE('',#2176,#2177,#1829,.T.);
#2710=EDGE_CURVE('',#2177,#2102,#1014,.T.);
#2711=EDGE_CURVE('',#2178,#2177,#1015,.T.);
#2712=EDGE_CURVE('',#2103,#2178,#1016,.T.);
#2713=EDGE_CURVE('',#2179,#2180,#1830,.T.);
#2714=EDGE_CURVE('',#2180,#2181,#1017,.T.);
#2715=EDGE_CURVE('',#2182,#2181,#1831,.T.);
#2716=EDGE_CURVE('',#2182,#2179,#1018,.T.);
#2717=EDGE_CURVE('',#2183,#2184,#1832,.T.);
#2718=EDGE_CURVE('',#2183,#2185,#1019,.T.);
#2719=EDGE_CURVE('',#2185,#2186,#1833,.T.);
#2720=EDGE_CURVE('',#2184,#2186,#1020,.T.);
#2721=EDGE_CURVE('',#2187,#2183,#1021,.T.);
#2722=EDGE_CURVE('',#2187,#2188,#1022,.T.);
#2723=EDGE_CURVE('',#2185,#2188,#1023,.T.);
#2724=EDGE_CURVE('',#2189,#2190,#1834,.T.);
#2725=EDGE_CURVE('',#2190,#2191,#1024,.T.);
#2726=EDGE_CURVE('',#2192,#2191,#1835,.T.);
#2727=EDGE_CURVE('',#2192,#2189,#1025,.T.);
#2728=EDGE_CURVE('',#2193,#2194,#1836,.T.);
#2729=EDGE_CURVE('',#2193,#2195,#1026,.T.);
#2730=EDGE_CURVE('',#2195,#2196,#1837,.T.);
#2731=EDGE_CURVE('',#2194,#2196,#1027,.T.);
#2732=EDGE_CURVE('',#2197,#2193,#1028,.T.);
#2733=EDGE_CURVE('',#2197,#2198,#1029,.T.);
#2734=EDGE_CURVE('',#2195,#2198,#1030,.T.);
#2735=EDGE_CURVE('',#2116,#2199,#1031,.T.);
#2736=EDGE_CURVE('',#2199,#2200,#1838,.T.);
#2737=EDGE_CURVE('',#2200,#2117,#1032,.T.);
#2738=EDGE_CURVE('',#2058,#2200,#1033,.T.);
#2739=EDGE_CURVE('',#2114,#2201,#1034,.T.);
#2740=EDGE_CURVE('',#2201,#2202,#1839,.T.);
#2741=EDGE_CURVE('',#2202,#2115,#1035,.T.);
#2742=EDGE_CURVE('',#2199,#2202,#1036,.T.);
#2743=EDGE_CURVE('',#2203,#2204,#1840,.T.);
#2744=EDGE_CURVE('',#2204,#2112,#1037,.T.);
#2745=EDGE_CURVE('',#2111,#2203,#1038,.T.);
#2746=EDGE_CURVE('',#2205,#2131,#1039,.T.);
#2747=EDGE_CURVE('',#2206,#2205,#1040,.T.);
#2748=EDGE_CURVE('',#2206,#2207,#1041,.T.);
#2749=EDGE_CURVE('',#2207,#2204,#1042,.T.);
#2750=EDGE_CURVE('',#2203,#2208,#1043,.T.);
#2751=EDGE_CURVE('',#2209,#2208,#1841,.T.);
#2752=EDGE_CURVE('',#2209,#2210,#1044,.T.);
#2753=EDGE_CURVE('',#2210,#2211,#1842,.T.);
#2754=EDGE_CURVE('',#2211,#2212,#1045,.T.);
#2755=EDGE_CURVE('',#2213,#2212,#1843,.T.);
#2756=EDGE_CURVE('',#2213,#2214,#1046,.T.);
#2757=EDGE_CURVE('',#2178,#2214,#1844,.T.);
#2758=EDGE_CURVE('',#2174,#2215,#1047,.T.);
#2759=EDGE_CURVE('',#2215,#2153,#1845,.T.);
#2760=EDGE_CURVE('',#2151,#2216,#1048,.T.);
#2761=EDGE_CURVE('',#2216,#2150,#1049,.T.);
#2762=EDGE_CURVE('',#2145,#2149,#1050,.T.);
#2763=EDGE_CURVE('',#2155,#2173,#1846,.T.);
#2764=EDGE_CURVE('',#2172,#2217,#1051,.T.);
#2765=EDGE_CURVE('',#2217,#2168,#1052,.T.);
#2766=EDGE_CURVE('',#2165,#2163,#1847,.T.);
#2767=EDGE_CURVE('',#2162,#2218,#1053,.T.);
#2768=EDGE_CURVE('',#2218,#2158,#1054,.T.);
#2769=EDGE_CURVE('',#2181,#2219,#1055,.T.);
#2770=EDGE_CURVE('',#2219,#2187,#1056,.T.);
#2771=EDGE_CURVE('',#2184,#2192,#1848,.T.);
#2772=EDGE_CURVE('',#2191,#2220,#1057,.T.);
#2773=EDGE_CURVE('',#2220,#2197,#1058,.T.);
#2774=EDGE_CURVE('',#2194,#2182,#1849,.T.);
#2775=EDGE_CURVE('',#2208,#2110,#1059,.T.);
#2776=EDGE_CURVE('',#2109,#2209,#1060,.T.);
#2777=EDGE_CURVE('',#2105,#2213,#1061,.T.);
#2778=EDGE_CURVE('',#2212,#2106,#1062,.T.);
#2779=EDGE_CURVE('',#2107,#2211,#1063,.T.);
#2780=EDGE_CURVE('',#2214,#2104,#1064,.T.);
#2781=EDGE_CURVE('',#2221,#2222,#1850,.T.);
#2782=EDGE_CURVE('',#2222,#2223,#1065,.T.);
#2783=EDGE_CURVE('',#2223,#2224,#1851,.F.);
#2784=EDGE_CURVE('',#2224,#2221,#1066,.T.);
#2785=EDGE_CURVE('',#2225,#2222,#1067,.T.);
#2786=EDGE_CURVE('',#2226,#2225,#1068,.T.);
#2787=EDGE_CURVE('',#2226,#2223,#1069,.T.);
#2788=EDGE_CURVE('',#2221,#2227,#1070,.T.);
#2789=EDGE_CURVE('',#2228,#2227,#1852,.T.);
#2790=EDGE_CURVE('',#2228,#2229,#1071,.T.);
#2791=EDGE_CURVE('',#2230,#2229,#1853,.T.);
#2792=EDGE_CURVE('',#2230,#2231,#1072,.T.);
#2793=EDGE_CURVE('',#2231,#2232,#1073,.T.);
#2794=EDGE_CURVE('',#2232,#2233,#85,.T.);
#2795=EDGE_CURVE('',#2233,#2234,#86,.T.);
#2796=EDGE_CURVE('',#2234,#2235,#87,.T.);
#2797=EDGE_CURVE('',#2235,#2236,#88,.T.);
#2798=EDGE_CURVE('',#2236,#2237,#89,.T.);
#2799=EDGE_CURVE('',#2237,#2238,#90,.T.);
#2800=EDGE_CURVE('',#2238,#2239,#1074,.T.);
#2801=EDGE_CURVE('',#2239,#2240,#91,.T.);
#2802=EDGE_CURVE('',#2240,#2241,#1075,.T.);
#2803=EDGE_CURVE('',#2242,#2241,#1854,.T.);
#2804=EDGE_CURVE('',#2242,#2243,#1076,.T.);
#2805=EDGE_CURVE('',#2225,#2243,#1855,.T.);
#2806=EDGE_CURVE('',#2227,#2244,#1077,.T.);
#2807=EDGE_CURVE('',#2244,#2245,#1856,.F.);
#2808=EDGE_CURVE('',#2245,#2228,#1078,.T.);
#2809=EDGE_CURVE('',#2245,#2246,#1079,.T.);
#2810=EDGE_CURVE('',#2229,#2246,#1080,.T.);
#2811=EDGE_CURVE('',#2246,#2247,#1857,.F.);
#2812=EDGE_CURVE('',#2247,#2230,#1081,.T.);
#2813=EDGE_CURVE('',#1964,#2248,#1082,.T.);
#2814=EDGE_CURVE('',#2248,#2249,#1858,.F.);
#2815=EDGE_CURVE('',#2249,#1965,#1083,.T.);
#2816=EDGE_CURVE('',#2249,#2250,#1084,.T.);
#2817=EDGE_CURVE('',#1966,#2250,#1085,.T.);
#2818=EDGE_CURVE('',#2251,#2252,#1859,.T.);
#2819=EDGE_CURVE('',#2252,#2253,#1086,.T.);
#2820=EDGE_CURVE('',#2253,#2254,#1860,.F.);
#2821=EDGE_CURVE('',#2254,#2251,#1087,.T.);
#2822=EDGE_CURVE('',#2255,#2252,#1088,.T.);
#2823=EDGE_CURVE('',#2255,#2256,#1089,.T.);
#2824=EDGE_CURVE('',#2256,#2253,#1090,.T.);
#2825=EDGE_CURVE('',#2251,#2257,#1091,.T.);
#2826=EDGE_CURVE('',#2258,#2257,#1861,.T.);
#2827=EDGE_CURVE('',#2258,#2259,#1092,.T.);
#2828=EDGE_CURVE('',#2259,#2260,#1093,.T.);
#2829=EDGE_CURVE('',#2261,#2260,#1862,.T.);
#2830=EDGE_CURVE('',#2261,#2262,#1094,.T.);
#2831=EDGE_CURVE('',#2263,#2262,#1863,.T.);
#2832=EDGE_CURVE('',#2263,#2255,#1095,.T.);
#2833=EDGE_CURVE('',#2262,#2264,#1096,.T.);
#2834=EDGE_CURVE('',#2264,#2265,#1864,.F.);
#2835=EDGE_CURVE('',#2265,#2263,#1097,.T.);
#2836=EDGE_CURVE('',#2266,#2261,#1098,.T.);
#2837=EDGE_CURVE('',#2266,#2264,#1099,.T.);
#2838=EDGE_CURVE('',#2260,#2267,#1100,.T.);
#2839=EDGE_CURVE('',#2267,#2266,#1865,.F.);
#2840=EDGE_CURVE('',#2259,#2268,#1101,.T.);
#2841=EDGE_CURVE('',#2268,#2267,#1102,.T.);
#2842=EDGE_CURVE('',#2257,#2269,#1103,.T.);
#2843=EDGE_CURVE('',#2269,#2270,#1866,.F.);
#2844=EDGE_CURVE('',#2270,#2258,#1104,.T.);
#2845=EDGE_CURVE('',#2270,#2268,#1105,.T.);
#2846=EDGE_CURVE('',#2271,#2272,#1867,.T.);
#2847=EDGE_CURVE('',#2272,#2273,#1106,.T.);
#2848=EDGE_CURVE('',#2273,#2274,#1868,.F.);
#2849=EDGE_CURVE('',#2274,#2271,#1107,.T.);
#2850=EDGE_CURVE('',#2275,#2272,#1108,.T.);
#2851=EDGE_CURVE('',#2276,#2275,#1109,.T.);
#2852=EDGE_CURVE('',#2276,#2273,#1110,.T.);
#2853=EDGE_CURVE('',#2271,#2277,#1111,.T.);
#2854=EDGE_CURVE('',#2278,#2277,#1869,.T.);
#2855=EDGE_CURVE('',#2278,#2279,#1112,.T.);
#2856=EDGE_CURVE('',#2280,#2279,#1870,.T.);
#2857=EDGE_CURVE('',#2280,#2281,#1113,.T.);
#2858=EDGE_CURVE('',#2275,#2281,#1871,.T.);
#2859=EDGE_CURVE('',#2277,#2282,#1114,.T.);
#2860=EDGE_CURVE('',#2282,#2283,#1872,.F.);
#2861=EDGE_CURVE('',#2283,#2278,#1115,.T.);
#2862=EDGE_CURVE('',#2283,#2284,#1116,.T.);
#2863=EDGE_CURVE('',#2279,#2284,#1117,.T.);
#2864=EDGE_CURVE('',#2284,#2285,#1873,.F.);
#2865=EDGE_CURVE('',#2285,#2280,#1118,.T.);
#2866=EDGE_CURVE('',#2281,#2286,#1119,.T.);
#2867=EDGE_CURVE('',#2286,#2276,#1874,.F.);
#2868=EDGE_CURVE('',#2241,#2287,#1120,.T.);
#2869=EDGE_CURVE('',#2287,#2288,#1875,.F.);
#2870=EDGE_CURVE('',#2288,#2242,#1121,.T.);
#2871=EDGE_CURVE('',#2240,#2289,#1122,.T.);
#2872=EDGE_CURVE('',#2289,#2287,#1123,.T.);
#2873=EDGE_CURVE('',#2243,#2290,#1124,.T.);
#2874=EDGE_CURVE('',#2290,#2226,#1876,.F.);
#2875=EDGE_CURVE('',#2254,#2269,#1125,.T.);
#2876=EDGE_CURVE('',#2265,#2256,#1126,.T.);
#2877=EDGE_CURVE('',#2235,#2291,#1127,.T.);
#2878=EDGE_CURVE('',#2291,#2292,#92,.T.);
#2879=EDGE_CURVE('',#2236,#2292,#1128,.T.);
#2880=EDGE_CURVE('',#2234,#2293,#1129,.T.);
#2881=EDGE_CURVE('',#2293,#2291,#93,.T.);
#2882=EDGE_CURVE('',#2233,#2294,#1130,.T.);
#2883=EDGE_CURVE('',#2294,#2293,#94,.T.);
#2884=EDGE_CURVE('',#2232,#2295,#1131,.T.);
#2885=EDGE_CURVE('',#2295,#2294,#95,.T.);
#2886=EDGE_CURVE('',#2231,#2296,#1132,.T.);
#2887=EDGE_CURVE('',#2296,#2295,#1133,.T.);
#2888=EDGE_CURVE('',#2247,#2296,#1134,.T.);
#2889=EDGE_CURVE('',#2224,#2244,#1135,.T.);
#2890=EDGE_CURVE('',#2288,#2290,#1136,.T.);
#2891=EDGE_CURVE('',#2239,#2297,#1137,.T.);
#2892=EDGE_CURVE('',#2297,#2289,#96,.T.);
#2893=EDGE_CURVE('',#2238,#2298,#1138,.T.);
#2894=EDGE_CURVE('',#2298,#2297,#1139,.T.);
#2895=EDGE_CURVE('',#2237,#2299,#1140,.T.);
#2896=EDGE_CURVE('',#2299,#2298,#97,.T.);
#2897=EDGE_CURVE('',#2292,#2299,#98,.T.);
#2898=EDGE_CURVE('',#2285,#2286,#1141,.T.);
#2899=EDGE_CURVE('',#2274,#2282,#1142,.T.);
#2900=EDGE_CURVE('',#1963,#2300,#1143,.T.);
#2901=EDGE_CURVE('',#2300,#2248,#1144,.T.);
#2902=EDGE_CURVE('',#1962,#2301,#1145,.T.);
#2903=EDGE_CURVE('',#2301,#2300,#99,.T.);
#2904=EDGE_CURVE('',#1961,#2302,#1146,.T.);
#2905=EDGE_CURVE('',#2302,#2301,#100,.T.);
#2906=EDGE_CURVE('',#1960,#2303,#1147,.T.);
#2907=EDGE_CURVE('',#2303,#2302,#70,.T.);
#2908=EDGE_CURVE('',#1959,#2304,#1148,.T.);
#2909=EDGE_CURVE('',#2304,#2303,#101,.T.);
#2910=EDGE_CURVE('',#1958,#2305,#1149,.T.);
#2911=EDGE_CURVE('',#2305,#2304,#102,.T.);
#2912=EDGE_CURVE('',#1957,#2306,#1150,.T.);
#2913=EDGE_CURVE('',#2306,#2305,#103,.T.);
#2914=EDGE_CURVE('',#1956,#2307,#1151,.T.);
#2915=EDGE_CURVE('',#2307,#2306,#1877,.T.);
#2916=EDGE_CURVE('',#1955,#2308,#1152,.T.);
#2917=EDGE_CURVE('',#2308,#2307,#71,.T.);
#2918=EDGE_CURVE('',#1954,#2309,#1153,.T.);
#2919=EDGE_CURVE('',#2309,#2308,#104,.T.);
#2920=EDGE_CURVE('',#1953,#2310,#1154,.T.);
#2921=EDGE_CURVE('',#2310,#2309,#72,.T.);
#2922=EDGE_CURVE('',#1952,#2311,#1155,.T.);
#2923=EDGE_CURVE('',#2311,#2310,#1156,.T.);
#2924=EDGE_CURVE('',#1951,#2312,#1157,.T.);
#2925=EDGE_CURVE('',#2312,#2311,#1878,.T.);
#2926=EDGE_CURVE('',#1950,#2313,#1158,.T.);
#2927=EDGE_CURVE('',#2313,#2312,#1159,.T.);
#2928=EDGE_CURVE('',#1949,#2314,#1160,.T.);
#2929=EDGE_CURVE('',#2314,#2313,#105,.T.);
#2930=EDGE_CURVE('',#1948,#2315,#1161,.T.);
#2931=EDGE_CURVE('',#2315,#2314,#1162,.T.);
#2932=EDGE_CURVE('',#1947,#2316,#1163,.T.);
#2933=EDGE_CURVE('',#2316,#2315,#1879,.T.);
#2934=EDGE_CURVE('',#1973,#2317,#1164,.T.);
#2935=EDGE_CURVE('',#2317,#2316,#1165,.T.);
#2936=EDGE_CURVE('',#1972,#2318,#1166,.T.);
#2937=EDGE_CURVE('',#2318,#2317,#106,.T.);
#2938=EDGE_CURVE('',#1971,#2319,#1167,.T.);
#2939=EDGE_CURVE('',#2319,#2318,#1168,.T.);
#2940=EDGE_CURVE('',#1970,#2320,#1169,.T.);
#2941=EDGE_CURVE('',#2320,#2319,#73,.T.);
#2942=EDGE_CURVE('',#1969,#2321,#1170,.T.);
#2943=EDGE_CURVE('',#2321,#2320,#1171,.T.);
#2944=EDGE_CURVE('',#1968,#2322,#1172,.T.);
#2945=EDGE_CURVE('',#2322,#2321,#107,.T.);
#2946=EDGE_CURVE('',#1967,#2323,#1173,.T.);
#2947=EDGE_CURVE('',#2323,#2322,#1174,.T.);
#2948=EDGE_CURVE('',#2250,#2323,#108,.T.);
#2949=EDGE_CURVE('',#2170,#2157,#1880,.T.);
#2950=EDGE_CURVE('',#2218,#2324,#1175,.T.);
#2951=EDGE_CURVE('',#2159,#2324,#1176,.T.);
#2952=EDGE_CURVE('',#2324,#2161,#1177,.T.);
#2953=EDGE_CURVE('',#2325,#2325,#1881,.T.);
#2954=EDGE_CURVE('',#2325,#2326,#1178,.T.);
#2955=EDGE_CURVE('',#2326,#2326,#1882,.T.);
#2956=EDGE_CURVE('',#2327,#2171,#1179,.T.);
#2957=EDGE_CURVE('',#2217,#2327,#1180,.T.);
#2958=EDGE_CURVE('',#2169,#2327,#1181,.T.);
#2959=EDGE_CURVE('',#2160,#2167,#1883,.T.);
#2960=EDGE_CURVE('',#2189,#2186,#1884,.T.);
#2961=EDGE_CURVE('',#2219,#2328,#1182,.T.);
#2962=EDGE_CURVE('',#2188,#2328,#1183,.T.);
#2963=EDGE_CURVE('',#2328,#2180,#1184,.T.);
#2964=EDGE_CURVE('',#2329,#2329,#1885,.T.);
#2965=EDGE_CURVE('',#2329,#2330,#1185,.T.);
#2966=EDGE_CURVE('',#2330,#2330,#1886,.T.);
#2967=EDGE_CURVE('',#2331,#2190,#1186,.T.);
#2968=EDGE_CURVE('',#2220,#2331,#1187,.T.);
#2969=EDGE_CURVE('',#2198,#2331,#1188,.T.);
#2970=EDGE_CURVE('',#2179,#2196,#1887,.T.);
#2971=EDGE_CURVE('',#2094,#2216,#1189,.T.);
#2972=EDGE_CURVE('',#2098,#2215,#1190,.T.);
#2973=EDGE_CURVE('',#2108,#2210,#1191,.T.);
#2974=EDGE_CURVE('',#2113,#2207,#1192,.T.);
#2975=EDGE_CURVE('',#2206,#2332,#1193,.T.);
#2976=EDGE_CURVE('',#2201,#2332,#1194,.T.);
#2977=EDGE_CURVE('',#2205,#2333,#1195,.T.);
#2978=EDGE_CURVE('',#2332,#2333,#1196,.T.);
#2979=EDGE_CURVE('',#2333,#2133,#1197,.T.);
#2980=EDGE_CURVE('',#2146,#2148,#1198,.T.);
#2981=EDGE_CURVE('',#2334,#2334,#1888,.T.);
#2982=EDGE_CURVE('',#2334,#2335,#1199,.T.);
#2983=EDGE_CURVE('',#2335,#2335,#1889,.T.);
#2984=EDGE_CURVE('',#2336,#2068,#1200,.T.);
#2985=EDGE_CURVE('',#2087,#2336,#1201,.T.);
#2986=EDGE_CURVE('',#2064,#2336,#1890,.T.);
#2987=EDGE_CURVE('',#2337,#2062,#1202,.T.);
#2988=EDGE_CURVE('',#2088,#2337,#1203,.T.);
#2989=EDGE_CURVE('',#2140,#2337,#1204,.T.);
#2990=EDGE_CURVE('',#2338,#2073,#1205,.T.);
#2991=EDGE_CURVE('',#2137,#2338,#1891,.T.);
#2992=EDGE_CURVE('',#2339,#2339,#1892,.T.);
#2993=EDGE_CURVE('',#2339,#2340,#1206,.T.);
#2994=EDGE_CURVE('',#2340,#2340,#1893,.T.);
#2995=EDGE_CURVE('',#2341,#2056,#1207,.T.);
#2996=EDGE_CURVE('',#2118,#2341,#1208,.T.);
#2997=EDGE_CURVE('',#2052,#2341,#1894,.T.);
#2998=EDGE_CURVE('',#2046,#2050,#1209,.T.);
#2999=EDGE_CURVE('',#2342,#2134,#1895,.T.);
#3000=EDGE_CURVE('',#2044,#2342,#1210,.T.);
#3001=EDGE_CURVE('',#2342,#2343,#1211,.T.);
#3002=EDGE_CURVE('',#2344,#2343,#1212,.T.);
#3003=EDGE_CURVE('',#2344,#2119,#109,.T.);
#3004=EDGE_CURVE('',#2343,#2139,#1896,.T.);
#3005=EDGE_CURVE('',#2345,#2017,#1213,.T.);
#3006=EDGE_CURVE('',#2124,#2345,#1214,.T.);
#3007=EDGE_CURVE('',#2346,#2346,#1897,.T.);
#3008=EDGE_CURVE('',#2346,#2347,#1215,.T.);
#3009=EDGE_CURVE('',#2347,#2347,#1898,.T.);
#3010=EDGE_CURVE('',#2348,#2348,#1899,.T.);
#3011=EDGE_CURVE('',#2348,#2349,#1216,.T.);
#3012=EDGE_CURVE('',#2349,#2349,#1900,.T.);
#3013=EDGE_CURVE('',#2350,#2003,#1217,.T.);
#3014=EDGE_CURVE('',#2125,#2350,#1218,.T.);
#3015=EDGE_CURVE('',#1980,#2350,#1901,.T.);
#3016=EDGE_CURVE('',#2015,#2345,#1902,.T.);
#3017=EDGE_CURVE('',#2351,#2351,#1903,.T.);
#3018=EDGE_CURVE('',#2352,#2352,#1904,.T.);
#3019=EDGE_CURVE('',#2353,#2353,#1905,.T.);
#3020=EDGE_CURVE('',#2354,#2354,#1906,.T.);
#3021=EDGE_CURVE('',#2355,#2355,#1907,.T.);
#3022=EDGE_CURVE('',#2356,#2356,#1908,.T.);
#3023=EDGE_CURVE('',#2357,#2357,#1909,.T.);
#3024=EDGE_CURVE('',#2357,#2353,#1219,.T.);
#3025=EDGE_CURVE('',#2358,#2358,#1910,.T.);
#3026=EDGE_CURVE('',#2358,#2026,#1220,.T.);
#3027=EDGE_CURVE('',#2359,#2359,#1911,.T.);
#3028=EDGE_CURVE('',#2359,#2354,#1221,.T.);
#3029=EDGE_CURVE('',#2360,#2360,#1912,.T.);
#3030=EDGE_CURVE('',#2360,#1993,#1222,.T.);
#3031=EDGE_CURVE('',#2361,#2361,#1913,.T.);
#3032=EDGE_CURVE('',#2361,#2356,#1223,.T.);
#3033=EDGE_CURVE('',#2362,#2362,#1914,.T.);
#3034=EDGE_CURVE('',#2362,#2027,#1224,.T.);
#3035=EDGE_CURVE('',#2363,#2363,#1915,.T.);
#3036=EDGE_CURVE('',#2363,#2355,#1225,.T.);
#3037=EDGE_CURVE('',#2364,#2364,#1916,.T.);
#3038=EDGE_CURVE('',#2364,#1994,#1226,.T.);
#3039=EDGE_CURVE('',#2365,#2365,#1917,.T.);
#3040=EDGE_CURVE('',#2365,#2351,#1227,.T.);
#3041=EDGE_CURVE('',#2366,#2366,#1918,.T.);
#3042=EDGE_CURVE('',#2366,#2367,#1228,.T.);
#3043=EDGE_CURVE('',#2367,#2367,#1919,.T.);
#3044=EDGE_CURVE('',#2368,#2369,#1229,.T.);
#3045=EDGE_CURVE('',#2370,#2369,#1230,.T.);
#3046=EDGE_CURVE('',#2370,#2034,#1231,.T.);
#3047=EDGE_CURVE('',#2033,#2368,#1232,.T.);
#3048=EDGE_CURVE('',#2371,#2371,#1920,.T.);
#3049=EDGE_CURVE('',#2371,#2352,#1233,.T.);
#3050=EDGE_CURVE('',#2372,#2372,#1921,.T.);
#3051=EDGE_CURVE('',#2372,#2373,#1234,.T.);
#3052=EDGE_CURVE('',#2373,#2373,#1922,.T.);
#3053=EDGE_CURVE('',#2374,#2375,#1235,.T.);
#3054=EDGE_CURVE('',#2375,#2376,#1236,.T.);
#3055=EDGE_CURVE('',#2376,#2377,#1237,.T.);
#3056=EDGE_CURVE('',#2377,#2378,#1238,.T.);
#3057=EDGE_CURVE('',#2374,#2378,#1239,.T.);
#3058=EDGE_CURVE('',#2025,#2370,#1240,.T.);
#3059=EDGE_CURVE('',#2123,#2368,#1241,.T.);
#3060=EDGE_CURVE('',#2369,#2379,#1242,.T.);
#3061=EDGE_CURVE('',#2380,#2379,#1243,.T.);
#3062=EDGE_CURVE('',#2370,#2380,#1244,.T.);
#3063=EDGE_CURVE('',#1986,#2378,#1245,.T.);
#3064=EDGE_CURVE('',#1987,#2377,#1246,.T.);
#3065=EDGE_CURVE('',#2080,#2376,#1247,.T.);
#3066=EDGE_CURVE('',#2081,#2375,#1248,.T.);
#3067=EDGE_CURVE('',#2381,#2129,#1249,.T.);
#3068=EDGE_CURVE('',#2378,#2381,#1250,.T.);
#3069=EDGE_CURVE('',#2382,#2038,#1251,.T.);
#3070=EDGE_CURVE('',#2122,#2382,#1252,.T.);
#3071=EDGE_CURVE('',#2379,#2382,#1253,.T.);
#3072=EDGE_CURVE('',#2019,#2380,#1254,.T.);
#3073=EDGE_CURVE('',#2383,#2381,#1255,.T.);
#3074=EDGE_CURVE('',#2374,#2383,#1256,.T.);
#3075=EDGE_CURVE('',#2128,#2383,#1257,.T.);
#3076=EDGE_CURVE('',#2384,#2127,#1258,.T.);
#3077=EDGE_CURVE('',#2085,#2384,#1259,.T.);
#3078=EDGE_CURVE('',#2040,#2384,#1260,.T.);
#3079=EDGE_CURVE('',#2120,#2385,#110,.T.);
#3080=EDGE_CURVE('',#2344,#2385,#1261,.T.);
#3081=EDGE_CURVE('',#1944,#2386,#1262,.T.);
#3082=EDGE_CURVE('',#2086,#2386,#111,.T.);
#3083=EDGE_CURVE('',#1935,#2121,#1263,.T.);
#3084=EDGE_CURVE('',#1937,#2120,#1264,.T.);
#3085=EDGE_CURVE('',#2387,#2385,#1265,.T.);
#3086=EDGE_CURVE('',#1939,#2387,#1266,.T.);
#3087=EDGE_CURVE('',#2138,#2388,#1923,.T.);
#3088=EDGE_CURVE('',#2388,#2386,#1267,.T.);
#3089=EDGE_CURVE('',#1946,#2387,#1924,.T.);
#3090=EDGE_CURVE('',#2338,#2388,#1268,.T.);
#3091=ORIENTED_EDGE('',*,*,#2389,.T.);
#3092=ORIENTED_EDGE('',*,*,#2390,.T.);
#3093=ORIENTED_EDGE('',*,*,#2391,.T.);
#3094=ORIENTED_EDGE('',*,*,#2392,.T.);
#3095=ORIENTED_EDGE('',*,*,#2393,.T.);
#3096=ORIENTED_EDGE('',*,*,#2394,.T.);
#3097=ORIENTED_EDGE('',*,*,#2391,.F.);
#3098=ORIENTED_EDGE('',*,*,#2395,.T.);
#3099=ORIENTED_EDGE('',*,*,#2396,.T.);
#3100=ORIENTED_EDGE('',*,*,#2397,.T.);
#3101=ORIENTED_EDGE('',*,*,#2393,.F.);
#3102=ORIENTED_EDGE('',*,*,#2398,.T.);
#3103=ORIENTED_EDGE('',*,*,#2399,.T.);
#3104=ORIENTED_EDGE('',*,*,#2400,.T.);
#3105=ORIENTED_EDGE('',*,*,#2396,.F.);
#3106=ORIENTED_EDGE('',*,*,#2401,.T.);
#3107=ORIENTED_EDGE('',*,*,#2402,.T.);
#3108=ORIENTED_EDGE('',*,*,#2403,.T.);
#3109=ORIENTED_EDGE('',*,*,#2399,.F.);
#3110=ORIENTED_EDGE('',*,*,#2404,.T.);
#3111=ORIENTED_EDGE('',*,*,#2405,.T.);
#3112=ORIENTED_EDGE('',*,*,#2406,.T.);
#3113=ORIENTED_EDGE('',*,*,#2402,.F.);
#3114=ORIENTED_EDGE('',*,*,#2407,.T.);
#3115=ORIENTED_EDGE('',*,*,#2408,.T.);
#3116=ORIENTED_EDGE('',*,*,#2409,.T.);
#3117=ORIENTED_EDGE('',*,*,#2405,.F.);
#3118=ORIENTED_EDGE('',*,*,#2410,.T.);
#3119=ORIENTED_EDGE('',*,*,#2389,.F.);
#3120=ORIENTED_EDGE('',*,*,#2411,.T.);
#3121=ORIENTED_EDGE('',*,*,#2408,.F.);
#3122=ORIENTED_EDGE('',*,*,#2412,.T.);
#3123=ORIENTED_EDGE('',*,*,#2401,.F.);
#3124=ORIENTED_EDGE('',*,*,#2413,.T.);
#3125=ORIENTED_EDGE('',*,*,#2414,.T.);
#3126=ORIENTED_EDGE('',*,*,#2415,.T.);
#3127=ORIENTED_EDGE('',*,*,#2398,.F.);
#3128=ORIENTED_EDGE('',*,*,#2416,.T.);
#3129=ORIENTED_EDGE('',*,*,#2417,.F.);
#3130=ORIENTED_EDGE('',*,*,#2418,.T.);
#3131=ORIENTED_EDGE('',*,*,#2413,.F.);
#3132=ORIENTED_EDGE('',*,*,#2395,.F.);
#3133=ORIENTED_EDGE('',*,*,#2419,.T.);
#3134=ORIENTED_EDGE('',*,*,#2420,.F.);
#3135=ORIENTED_EDGE('',*,*,#2416,.F.);
#3136=ORIENTED_EDGE('',*,*,#2390,.F.);
#3137=ORIENTED_EDGE('',*,*,#2421,.T.);
#3138=ORIENTED_EDGE('',*,*,#2422,.F.);
#3139=ORIENTED_EDGE('',*,*,#2419,.F.);
#3140=ORIENTED_EDGE('',*,*,#2392,.F.);
#3141=ORIENTED_EDGE('',*,*,#2394,.F.);
#3142=ORIENTED_EDGE('',*,*,#2397,.F.);
#3143=ORIENTED_EDGE('',*,*,#2400,.F.);
#3144=ORIENTED_EDGE('',*,*,#2403,.F.);
#3145=ORIENTED_EDGE('',*,*,#2406,.F.);
#3146=ORIENTED_EDGE('',*,*,#2409,.F.);
#3147=ORIENTED_EDGE('',*,*,#2411,.F.);
#3148=ORIENTED_EDGE('',*,*,#2423,.T.);
#3149=ORIENTED_EDGE('',*,*,#2424,.T.);
#3150=ORIENTED_EDGE('',*,*,#2425,.T.);
#3151=ORIENTED_EDGE('',*,*,#2426,.T.);
#3152=ORIENTED_EDGE('',*,*,#2427,.T.);
#3153=ORIENTED_EDGE('',*,*,#2428,.T.);
#3154=ORIENTED_EDGE('',*,*,#2429,.T.);
#3155=ORIENTED_EDGE('',*,*,#2430,.T.);
#3156=ORIENTED_EDGE('',*,*,#2431,.T.);
#3157=ORIENTED_EDGE('',*,*,#2432,.T.);
#3158=ORIENTED_EDGE('',*,*,#2433,.T.);
#3159=ORIENTED_EDGE('',*,*,#2434,.T.);
#3160=ORIENTED_EDGE('',*,*,#2435,.T.);
#3161=ORIENTED_EDGE('',*,*,#2436,.T.);
#3162=ORIENTED_EDGE('',*,*,#2437,.T.);
#3163=ORIENTED_EDGE('',*,*,#2438,.T.);
#3164=ORIENTED_EDGE('',*,*,#2439,.T.);
#3165=ORIENTED_EDGE('',*,*,#2440,.F.);
#3166=ORIENTED_EDGE('',*,*,#2441,.T.);
#3167=ORIENTED_EDGE('',*,*,#2442,.T.);
#3168=ORIENTED_EDGE('',*,*,#2443,.T.);
#3169=ORIENTED_EDGE('',*,*,#2444,.T.);
#3170=ORIENTED_EDGE('',*,*,#2445,.T.);
#3171=ORIENTED_EDGE('',*,*,#2446,.T.);
#3172=ORIENTED_EDGE('',*,*,#2447,.T.);
#3173=ORIENTED_EDGE('',*,*,#2448,.T.);
#3174=ORIENTED_EDGE('',*,*,#2449,.T.);
#3175=ORIENTED_EDGE('',*,*,#2450,.F.);
#3176=ORIENTED_EDGE('',*,*,#2451,.T.);
#3177=ORIENTED_EDGE('',*,*,#2452,.T.);
#3178=ORIENTED_EDGE('',*,*,#2453,.T.);
#3179=ORIENTED_EDGE('',*,*,#2454,.F.);
#3180=ORIENTED_EDGE('',*,*,#2451,.F.);
#3181=ORIENTED_EDGE('',*,*,#2455,.F.);
#3182=ORIENTED_EDGE('',*,*,#2456,.T.);
#3183=ORIENTED_EDGE('',*,*,#2457,.F.);
#3184=ORIENTED_EDGE('',*,*,#2458,.F.);
#3185=ORIENTED_EDGE('',*,*,#2459,.F.);
#3186=ORIENTED_EDGE('',*,*,#2458,.T.);
#3187=ORIENTED_EDGE('',*,*,#2460,.T.);
#3188=ORIENTED_EDGE('',*,*,#2461,.T.);
#3189=ORIENTED_EDGE('',*,*,#2459,.T.);
#3190=ORIENTED_EDGE('',*,*,#2462,.F.);
#3191=ORIENTED_EDGE('',*,*,#2463,.T.);
#3192=ORIENTED_EDGE('',*,*,#2464,.F.);
#3193=ORIENTED_EDGE('',*,*,#2465,.T.);
#3194=ORIENTED_EDGE('',*,*,#2466,.F.);
#3195=ORIENTED_EDGE('',*,*,#2467,.T.);
#3196=ORIENTED_EDGE('',*,*,#2468,.T.);
#3197=ORIENTED_EDGE('',*,*,#2469,.T.);
#3198=ORIENTED_EDGE('',*,*,#2470,.F.);
#3199=ORIENTED_EDGE('',*,*,#2471,.T.);
#3200=ORIENTED_EDGE('',*,*,#2452,.F.);
#3201=ORIENTED_EDGE('',*,*,#2454,.T.);
#3202=ORIENTED_EDGE('',*,*,#2472,.T.);
#3203=ORIENTED_EDGE('',*,*,#2473,.T.);
#3204=ORIENTED_EDGE('',*,*,#2461,.F.);
#3205=ORIENTED_EDGE('',*,*,#2474,.T.);
#3206=ORIENTED_EDGE('',*,*,#2475,.F.);
#3207=ORIENTED_EDGE('',*,*,#2476,.T.);
#3208=ORIENTED_EDGE('',*,*,#2477,.F.);
#3209=ORIENTED_EDGE('',*,*,#2478,.F.);
#3210=ORIENTED_EDGE('',*,*,#2479,.F.);
#3211=ORIENTED_EDGE('',*,*,#2462,.T.);
#3212=ORIENTED_EDGE('',*,*,#2480,.F.);
#3213=ORIENTED_EDGE('',*,*,#2481,.T.);
#3214=ORIENTED_EDGE('',*,*,#2482,.T.);
#3215=ORIENTED_EDGE('',*,*,#2483,.T.);
#3216=ORIENTED_EDGE('',*,*,#2481,.F.);
#3217=ORIENTED_EDGE('',*,*,#2484,.F.);
#3218=ORIENTED_EDGE('',*,*,#2485,.F.);
#3219=ORIENTED_EDGE('',*,*,#2486,.F.);
#3220=ORIENTED_EDGE('',*,*,#2487,.F.);
#3221=ORIENTED_EDGE('',*,*,#2488,.T.);
#3222=ORIENTED_EDGE('',*,*,#2489,.T.);
#3223=ORIENTED_EDGE('',*,*,#2490,.T.);
#3224=ORIENTED_EDGE('',*,*,#2488,.F.);
#3225=ORIENTED_EDGE('',*,*,#2491,.F.);
#3226=ORIENTED_EDGE('',*,*,#2492,.F.);
#3227=ORIENTED_EDGE('',*,*,#2493,.F.);
#3228=ORIENTED_EDGE('',*,*,#2494,.F.);
#3229=ORIENTED_EDGE('',*,*,#2495,.T.);
#3230=ORIENTED_EDGE('',*,*,#2496,.T.);
#3231=ORIENTED_EDGE('',*,*,#2485,.T.);
#3232=ORIENTED_EDGE('',*,*,#2495,.F.);
#3233=ORIENTED_EDGE('',*,*,#2497,.F.);
#3234=ORIENTED_EDGE('',*,*,#2498,.T.);
#3235=ORIENTED_EDGE('',*,*,#2499,.F.);
#3236=ORIENTED_EDGE('',*,*,#2500,.F.);
#3237=ORIENTED_EDGE('',*,*,#2475,.T.);
#3238=ORIENTED_EDGE('',*,*,#2501,.T.);
#3239=ORIENTED_EDGE('',*,*,#2502,.T.);
#3240=ORIENTED_EDGE('',*,*,#2503,.F.);
#3241=ORIENTED_EDGE('',*,*,#2504,.T.);
#3242=ORIENTED_EDGE('',*,*,#2505,.T.);
#3243=ORIENTED_EDGE('',*,*,#2477,.T.);
#3244=ORIENTED_EDGE('',*,*,#2500,.T.);
#3245=ORIENTED_EDGE('',*,*,#2506,.T.);
#3246=ORIENTED_EDGE('',*,*,#2489,.F.);
#3247=ORIENTED_EDGE('',*,*,#2493,.T.);
#3248=ORIENTED_EDGE('',*,*,#2507,.F.);
#3249=ORIENTED_EDGE('',*,*,#2508,.T.);
#3250=ORIENTED_EDGE('',*,*,#2509,.T.);
#3251=ORIENTED_EDGE('',*,*,#2510,.F.);
#3252=ORIENTED_EDGE('',*,*,#2511,.F.);
#3253=ORIENTED_EDGE('',*,*,#2512,.T.);
#3254=ORIENTED_EDGE('',*,*,#2513,.F.);
#3255=ORIENTED_EDGE('',*,*,#2503,.T.);
#3256=ORIENTED_EDGE('',*,*,#2476,.F.);
#3257=ORIENTED_EDGE('',*,*,#2514,.T.);
#3258=ORIENTED_EDGE('',*,*,#2515,.T.);
#3259=ORIENTED_EDGE('',*,*,#2516,.F.);
#3260=ORIENTED_EDGE('',*,*,#2517,.T.);
#3261=ORIENTED_EDGE('',*,*,#2507,.T.);
#3262=ORIENTED_EDGE('',*,*,#2492,.T.);
#3263=ORIENTED_EDGE('',*,*,#2517,.F.);
#3264=ORIENTED_EDGE('',*,*,#2518,.F.);
#3265=ORIENTED_EDGE('',*,*,#2519,.T.);
#3266=ORIENTED_EDGE('',*,*,#2508,.F.);
#3267=ORIENTED_EDGE('',*,*,#2520,.F.);
#3268=ORIENTED_EDGE('',*,*,#2521,.T.);
#3269=ORIENTED_EDGE('',*,*,#2510,.T.);
#3270=ORIENTED_EDGE('',*,*,#2522,.T.);
#3271=ORIENTED_EDGE('',*,*,#2511,.T.);
#3272=ORIENTED_EDGE('',*,*,#2521,.F.);
#3273=ORIENTED_EDGE('',*,*,#2523,.F.);
#3274=ORIENTED_EDGE('',*,*,#2524,.T.);
#3275=ORIENTED_EDGE('',*,*,#2525,.F.);
#3276=ORIENTED_EDGE('',*,*,#2526,.F.);
#3277=ORIENTED_EDGE('',*,*,#2527,.F.);
#3278=ORIENTED_EDGE('',*,*,#2528,.T.);
#3279=ORIENTED_EDGE('',*,*,#2529,.T.);
#3280=ORIENTED_EDGE('',*,*,#2530,.T.);
#3281=ORIENTED_EDGE('',*,*,#2528,.F.);
#3282=ORIENTED_EDGE('',*,*,#2531,.F.);
#3283=ORIENTED_EDGE('',*,*,#2532,.T.);
#3284=ORIENTED_EDGE('',*,*,#2533,.F.);
#3285=ORIENTED_EDGE('',*,*,#2534,.F.);
#3286=ORIENTED_EDGE('',*,*,#2535,.T.);
#3287=ORIENTED_EDGE('',*,*,#2536,.T.);
#3288=ORIENTED_EDGE('',*,*,#2537,.T.);
#3289=ORIENTED_EDGE('',*,*,#2535,.F.);
#3290=ORIENTED_EDGE('',*,*,#2538,.F.);
#3291=ORIENTED_EDGE('',*,*,#2539,.T.);
#3292=ORIENTED_EDGE('',*,*,#2540,.F.);
#3293=ORIENTED_EDGE('',*,*,#2541,.F.);
#3294=ORIENTED_EDGE('',*,*,#2542,.T.);
#3295=ORIENTED_EDGE('',*,*,#2543,.T.);
#3296=ORIENTED_EDGE('',*,*,#2544,.T.);
#3297=ORIENTED_EDGE('',*,*,#2542,.F.);
#3298=ORIENTED_EDGE('',*,*,#2545,.F.);
#3299=ORIENTED_EDGE('',*,*,#2546,.T.);
#3300=ORIENTED_EDGE('',*,*,#2547,.F.);
#3301=ORIENTED_EDGE('',*,*,#2548,.F.);
#3302=ORIENTED_EDGE('',*,*,#2549,.T.);
#3303=ORIENTED_EDGE('',*,*,#2550,.T.);
#3304=ORIENTED_EDGE('',*,*,#2551,.T.);
#3305=ORIENTED_EDGE('',*,*,#2549,.F.);
#3306=ORIENTED_EDGE('',*,*,#2552,.F.);
#3307=ORIENTED_EDGE('',*,*,#2553,.T.);
#3308=ORIENTED_EDGE('',*,*,#2554,.F.);
#3309=ORIENTED_EDGE('',*,*,#2555,.F.);
#3310=ORIENTED_EDGE('',*,*,#2556,.T.);
#3311=ORIENTED_EDGE('',*,*,#2557,.T.);
#3312=ORIENTED_EDGE('',*,*,#2558,.T.);
#3313=ORIENTED_EDGE('',*,*,#2556,.F.);
#3314=ORIENTED_EDGE('',*,*,#2559,.F.);
#3315=ORIENTED_EDGE('',*,*,#2560,.T.);
#3316=ORIENTED_EDGE('',*,*,#2561,.F.);
#3317=ORIENTED_EDGE('',*,*,#2562,.F.);
#3318=ORIENTED_EDGE('',*,*,#2563,.T.);
#3319=ORIENTED_EDGE('',*,*,#2564,.T.);
#3320=ORIENTED_EDGE('',*,*,#2565,.T.);
#3321=ORIENTED_EDGE('',*,*,#2563,.F.);
#3322=ORIENTED_EDGE('',*,*,#2566,.F.);
#3323=ORIENTED_EDGE('',*,*,#2567,.T.);
#3324=ORIENTED_EDGE('',*,*,#2568,.F.);
#3325=ORIENTED_EDGE('',*,*,#2569,.F.);
#3326=ORIENTED_EDGE('',*,*,#2570,.T.);
#3327=ORIENTED_EDGE('',*,*,#2571,.T.);
#3328=ORIENTED_EDGE('',*,*,#2572,.T.);
#3329=ORIENTED_EDGE('',*,*,#2450,.T.);
#3330=ORIENTED_EDGE('',*,*,#2573,.T.);
#3331=ORIENTED_EDGE('',*,*,#2574,.T.);
#3332=ORIENTED_EDGE('',*,*,#2575,.T.);
#3333=ORIENTED_EDGE('',*,*,#2576,.T.);
#3334=ORIENTED_EDGE('',*,*,#2577,.T.);
#3335=ORIENTED_EDGE('',*,*,#2578,.T.);
#3336=ORIENTED_EDGE('',*,*,#2579,.T.);
#3337=ORIENTED_EDGE('',*,*,#2580,.T.);
#3338=ORIENTED_EDGE('',*,*,#2581,.T.);
#3339=ORIENTED_EDGE('',*,*,#2582,.T.);
#3340=ORIENTED_EDGE('',*,*,#2583,.T.);
#3341=ORIENTED_EDGE('',*,*,#2584,.F.);
#3342=ORIENTED_EDGE('',*,*,#2414,.F.);
#3343=ORIENTED_EDGE('',*,*,#2585,.F.);
#3344=ORIENTED_EDGE('',*,*,#2586,.T.);
#3345=ORIENTED_EDGE('',*,*,#2569,.T.);
#3346=ORIENTED_EDGE('',*,*,#2587,.T.);
#3347=ORIENTED_EDGE('',*,*,#2566,.T.);
#3348=ORIENTED_EDGE('',*,*,#2562,.T.);
#3349=ORIENTED_EDGE('',*,*,#2588,.T.);
#3350=ORIENTED_EDGE('',*,*,#2589,.T.);
#3351=ORIENTED_EDGE('',*,*,#2559,.T.);
#3352=ORIENTED_EDGE('',*,*,#2555,.T.);
#3353=ORIENTED_EDGE('',*,*,#2590,.T.);
#3354=ORIENTED_EDGE('',*,*,#2591,.T.);
#3355=ORIENTED_EDGE('',*,*,#2592,.T.);
#3356=ORIENTED_EDGE('',*,*,#2593,.T.);
#3357=ORIENTED_EDGE('',*,*,#2594,.T.);
#3358=ORIENTED_EDGE('',*,*,#2595,.T.);
#3359=ORIENTED_EDGE('',*,*,#2596,.T.);
#3360=ORIENTED_EDGE('',*,*,#2597,.T.);
#3361=ORIENTED_EDGE('',*,*,#2598,.T.);
#3362=ORIENTED_EDGE('',*,*,#2599,.T.);
#3363=ORIENTED_EDGE('',*,*,#2600,.T.);
#3364=ORIENTED_EDGE('',*,*,#2601,.T.);
#3365=ORIENTED_EDGE('',*,*,#2602,.T.);
#3366=ORIENTED_EDGE('',*,*,#2603,.T.);
#3367=ORIENTED_EDGE('',*,*,#2604,.T.);
#3368=ORIENTED_EDGE('',*,*,#2605,.T.);
#3369=ORIENTED_EDGE('',*,*,#2606,.T.);
#3370=ORIENTED_EDGE('',*,*,#2607,.T.);
#3371=ORIENTED_EDGE('',*,*,#2608,.T.);
#3372=ORIENTED_EDGE('',*,*,#2609,.T.);
#3373=ORIENTED_EDGE('',*,*,#2610,.T.);
#3374=ORIENTED_EDGE('',*,*,#2611,.T.);
#3375=ORIENTED_EDGE('',*,*,#2612,.T.);
#3376=ORIENTED_EDGE('',*,*,#2613,.T.);
#3377=ORIENTED_EDGE('',*,*,#2614,.F.);
#3378=ORIENTED_EDGE('',*,*,#2615,.T.);
#3379=ORIENTED_EDGE('',*,*,#2616,.T.);
#3380=ORIENTED_EDGE('',*,*,#2617,.T.);
#3381=ORIENTED_EDGE('',*,*,#2618,.T.);
#3382=ORIENTED_EDGE('',*,*,#2619,.T.);
#3383=ORIENTED_EDGE('',*,*,#2620,.T.);
#3384=ORIENTED_EDGE('',*,*,#2552,.T.);
#3385=ORIENTED_EDGE('',*,*,#2548,.T.);
#3386=ORIENTED_EDGE('',*,*,#2621,.T.);
#3387=ORIENTED_EDGE('',*,*,#2622,.T.);
#3388=ORIENTED_EDGE('',*,*,#2545,.T.);
#3389=ORIENTED_EDGE('',*,*,#2541,.T.);
#3390=ORIENTED_EDGE('',*,*,#2623,.T.);
#3391=ORIENTED_EDGE('',*,*,#2538,.T.);
#3392=ORIENTED_EDGE('',*,*,#2534,.T.);
#3393=ORIENTED_EDGE('',*,*,#2624,.T.);
#3394=ORIENTED_EDGE('',*,*,#2625,.F.);
#3395=ORIENTED_EDGE('',*,*,#2626,.F.);
#3396=ORIENTED_EDGE('',*,*,#2627,.F.);
#3397=ORIENTED_EDGE('',*,*,#2531,.T.);
#3398=ORIENTED_EDGE('',*,*,#2527,.T.);
#3399=ORIENTED_EDGE('',*,*,#2628,.T.);
#3400=ORIENTED_EDGE('',*,*,#2629,.T.);
#3401=ORIENTED_EDGE('',*,*,#2630,.T.);
#3402=ORIENTED_EDGE('',*,*,#2523,.T.);
#3403=ORIENTED_EDGE('',*,*,#2520,.T.);
#3404=ORIENTED_EDGE('',*,*,#2631,.T.);
#3405=ORIENTED_EDGE('',*,*,#2518,.T.);
#3406=ORIENTED_EDGE('',*,*,#2516,.T.);
#3407=ORIENTED_EDGE('',*,*,#2491,.T.);
#3408=ORIENTED_EDGE('',*,*,#2487,.T.);
#3409=ORIENTED_EDGE('',*,*,#2632,.T.);
#3410=ORIENTED_EDGE('',*,*,#2633,.T.);
#3411=ORIENTED_EDGE('',*,*,#2497,.T.);
#3412=ORIENTED_EDGE('',*,*,#2494,.T.);
#3413=ORIENTED_EDGE('',*,*,#2484,.T.);
#3414=ORIENTED_EDGE('',*,*,#2480,.T.);
#3415=ORIENTED_EDGE('',*,*,#2634,.T.);
#3416=ORIENTED_EDGE('',*,*,#2635,.T.);
#3417=ORIENTED_EDGE('',*,*,#2455,.T.);
#3418=ORIENTED_EDGE('',*,*,#2572,.F.);
#3419=ORIENTED_EDGE('',*,*,#2636,.F.);
#3420=ORIENTED_EDGE('',*,*,#2567,.F.);
#3421=ORIENTED_EDGE('',*,*,#2587,.F.);
#3422=ORIENTED_EDGE('',*,*,#2582,.F.);
#3423=ORIENTED_EDGE('',*,*,#2637,.T.);
#3424=ORIENTED_EDGE('',*,*,#2638,.T.);
#3425=ORIENTED_EDGE('',*,*,#2639,.T.);
#3426=ORIENTED_EDGE('',*,*,#2637,.F.);
#3427=ORIENTED_EDGE('',*,*,#2581,.F.);
#3428=ORIENTED_EDGE('',*,*,#2640,.T.);
#3429=ORIENTED_EDGE('',*,*,#2641,.F.);
#3430=ORIENTED_EDGE('',*,*,#2463,.F.);
#3431=ORIENTED_EDGE('',*,*,#2479,.T.);
#3432=ORIENTED_EDGE('',*,*,#2642,.T.);
#3433=ORIENTED_EDGE('',*,*,#2643,.T.);
#3434=ORIENTED_EDGE('',*,*,#2574,.F.);
#3435=ORIENTED_EDGE('',*,*,#2644,.T.);
#3436=ORIENTED_EDGE('',*,*,#2470,.T.);
#3437=ORIENTED_EDGE('',*,*,#2645,.T.);
#3438=ORIENTED_EDGE('',*,*,#2453,.F.);
#3439=ORIENTED_EDGE('',*,*,#2471,.F.);
#3440=ORIENTED_EDGE('',*,*,#2644,.F.);
#3441=ORIENTED_EDGE('',*,*,#2573,.F.);
#3442=ORIENTED_EDGE('',*,*,#2577,.F.);
#3443=ORIENTED_EDGE('',*,*,#2646,.T.);
#3444=ORIENTED_EDGE('',*,*,#2467,.F.);
#3445=ORIENTED_EDGE('',*,*,#2647,.T.);
#3446=ORIENTED_EDGE('',*,*,#2646,.F.);
#3447=ORIENTED_EDGE('',*,*,#2576,.F.);
#3448=ORIENTED_EDGE('',*,*,#2648,.T.);
#3449=ORIENTED_EDGE('',*,*,#2468,.F.);
#3450=ORIENTED_EDGE('',*,*,#2649,.F.);
#3451=ORIENTED_EDGE('',*,*,#2650,.T.);
#3452=ORIENTED_EDGE('',*,*,#2651,.T.);
#3453=ORIENTED_EDGE('',*,*,#2652,.T.);
#3454=ORIENTED_EDGE('',*,*,#2653,.T.);
#3455=ORIENTED_EDGE('',*,*,#2650,.F.);
#3456=ORIENTED_EDGE('',*,*,#2654,.T.);
#3457=ORIENTED_EDGE('',*,*,#2655,.F.);
#3458=ORIENTED_EDGE('',*,*,#2656,.T.);
#3459=ORIENTED_EDGE('',*,*,#2657,.T.);
#3460=ORIENTED_EDGE('',*,*,#2658,.F.);
#3461=ORIENTED_EDGE('',*,*,#2659,.F.);
#3462=ORIENTED_EDGE('',*,*,#2592,.F.);
#3463=ORIENTED_EDGE('',*,*,#2660,.T.);
#3464=ORIENTED_EDGE('',*,*,#2661,.T.);
#3465=ORIENTED_EDGE('',*,*,#2662,.T.);
#3466=ORIENTED_EDGE('',*,*,#2662,.F.);
#3467=ORIENTED_EDGE('',*,*,#2663,.F.);
#3468=ORIENTED_EDGE('',*,*,#2664,.F.);
#3469=ORIENTED_EDGE('',*,*,#2593,.F.);
#3470=ORIENTED_EDGE('',*,*,#2665,.F.);
#3471=ORIENTED_EDGE('',*,*,#2666,.T.);
#3472=ORIENTED_EDGE('',*,*,#2667,.T.);
#3473=ORIENTED_EDGE('',*,*,#2655,.T.);
#3474=ORIENTED_EDGE('',*,*,#2666,.F.);
#3475=ORIENTED_EDGE('',*,*,#2668,.T.);
#3476=ORIENTED_EDGE('',*,*,#2669,.T.);
#3477=ORIENTED_EDGE('',*,*,#2670,.F.);
#3478=ORIENTED_EDGE('',*,*,#2594,.F.);
#3479=ORIENTED_EDGE('',*,*,#2664,.T.);
#3480=ORIENTED_EDGE('',*,*,#2671,.T.);
#3481=ORIENTED_EDGE('',*,*,#2672,.T.);
#3482=ORIENTED_EDGE('',*,*,#2672,.F.);
#3483=ORIENTED_EDGE('',*,*,#2673,.F.);
#3484=ORIENTED_EDGE('',*,*,#2674,.F.);
#3485=ORIENTED_EDGE('',*,*,#2675,.F.);
#3486=ORIENTED_EDGE('',*,*,#2676,.F.);
#3487=ORIENTED_EDGE('',*,*,#2595,.F.);
#3488=ORIENTED_EDGE('',*,*,#2598,.F.);
#3489=ORIENTED_EDGE('',*,*,#2677,.T.);
#3490=ORIENTED_EDGE('',*,*,#2678,.T.);
#3491=ORIENTED_EDGE('',*,*,#2679,.T.);
#3492=ORIENTED_EDGE('',*,*,#2679,.F.);
#3493=ORIENTED_EDGE('',*,*,#2680,.F.);
#3494=ORIENTED_EDGE('',*,*,#2681,.F.);
#3495=ORIENTED_EDGE('',*,*,#2599,.F.);
#3496=ORIENTED_EDGE('',*,*,#2682,.F.);
#3497=ORIENTED_EDGE('',*,*,#2683,.T.);
#3498=ORIENTED_EDGE('',*,*,#2684,.T.);
#3499=ORIENTED_EDGE('',*,*,#2685,.F.);
#3500=ORIENTED_EDGE('',*,*,#2683,.F.);
#3501=ORIENTED_EDGE('',*,*,#2686,.F.);
#3502=ORIENTED_EDGE('',*,*,#2687,.T.);
#3503=ORIENTED_EDGE('',*,*,#2688,.F.);
#3504=ORIENTED_EDGE('',*,*,#2689,.T.);
#3505=ORIENTED_EDGE('',*,*,#2690,.T.);
#3506=ORIENTED_EDGE('',*,*,#2691,.F.);
#3507=ORIENTED_EDGE('',*,*,#2692,.T.);
#3508=ORIENTED_EDGE('',*,*,#2693,.F.);
#3509=ORIENTED_EDGE('',*,*,#2694,.T.);
#3510=ORIENTED_EDGE('',*,*,#2695,.T.);
#3511=ORIENTED_EDGE('',*,*,#2696,.F.);
#3512=ORIENTED_EDGE('',*,*,#2694,.F.);
#3513=ORIENTED_EDGE('',*,*,#2697,.F.);
#3514=ORIENTED_EDGE('',*,*,#2698,.T.);
#3515=ORIENTED_EDGE('',*,*,#2699,.F.);
#3516=ORIENTED_EDGE('',*,*,#2700,.T.);
#3517=ORIENTED_EDGE('',*,*,#2701,.T.);
#3518=ORIENTED_EDGE('',*,*,#2702,.F.);
#3519=ORIENTED_EDGE('',*,*,#2703,.T.);
#3520=ORIENTED_EDGE('',*,*,#2602,.F.);
#3521=ORIENTED_EDGE('',*,*,#2704,.T.);
#3522=ORIENTED_EDGE('',*,*,#2705,.T.);
#3523=ORIENTED_EDGE('',*,*,#2706,.T.);
#3524=ORIENTED_EDGE('',*,*,#2706,.F.);
#3525=ORIENTED_EDGE('',*,*,#2707,.F.);
#3526=ORIENTED_EDGE('',*,*,#2708,.F.);
#3527=ORIENTED_EDGE('',*,*,#2603,.F.);
#3528=ORIENTED_EDGE('',*,*,#2604,.F.);
#3529=ORIENTED_EDGE('',*,*,#2708,.T.);
#3530=ORIENTED_EDGE('',*,*,#2709,.T.);
#3531=ORIENTED_EDGE('',*,*,#2710,.T.);
#3532=ORIENTED_EDGE('',*,*,#2710,.F.);
#3533=ORIENTED_EDGE('',*,*,#2711,.F.);
#3534=ORIENTED_EDGE('',*,*,#2712,.F.);
#3535=ORIENTED_EDGE('',*,*,#2605,.F.);
#3536=ORIENTED_EDGE('',*,*,#2713,.T.);
#3537=ORIENTED_EDGE('',*,*,#2714,.T.);
#3538=ORIENTED_EDGE('',*,*,#2715,.F.);
#3539=ORIENTED_EDGE('',*,*,#2716,.T.);
#3540=ORIENTED_EDGE('',*,*,#2717,.F.);
#3541=ORIENTED_EDGE('',*,*,#2718,.T.);
#3542=ORIENTED_EDGE('',*,*,#2719,.T.);
#3543=ORIENTED_EDGE('',*,*,#2720,.F.);
#3544=ORIENTED_EDGE('',*,*,#2718,.F.);
#3545=ORIENTED_EDGE('',*,*,#2721,.F.);
#3546=ORIENTED_EDGE('',*,*,#2722,.T.);
#3547=ORIENTED_EDGE('',*,*,#2723,.F.);
#3548=ORIENTED_EDGE('',*,*,#2724,.T.);
#3549=ORIENTED_EDGE('',*,*,#2725,.T.);
#3550=ORIENTED_EDGE('',*,*,#2726,.F.);
#3551=ORIENTED_EDGE('',*,*,#2727,.T.);
#3552=ORIENTED_EDGE('',*,*,#2728,.F.);
#3553=ORIENTED_EDGE('',*,*,#2729,.T.);
#3554=ORIENTED_EDGE('',*,*,#2730,.T.);
#3555=ORIENTED_EDGE('',*,*,#2731,.F.);
#3556=ORIENTED_EDGE('',*,*,#2729,.F.);
#3557=ORIENTED_EDGE('',*,*,#2732,.F.);
#3558=ORIENTED_EDGE('',*,*,#2733,.T.);
#3559=ORIENTED_EDGE('',*,*,#2734,.F.);
#3560=ORIENTED_EDGE('',*,*,#2619,.F.);
#3561=ORIENTED_EDGE('',*,*,#2735,.T.);
#3562=ORIENTED_EDGE('',*,*,#2736,.T.);
#3563=ORIENTED_EDGE('',*,*,#2737,.T.);
#3564=ORIENTED_EDGE('',*,*,#2737,.F.);
#3565=ORIENTED_EDGE('',*,*,#2738,.F.);
#3566=ORIENTED_EDGE('',*,*,#2553,.F.);
#3567=ORIENTED_EDGE('',*,*,#2620,.F.);
#3568=ORIENTED_EDGE('',*,*,#2617,.F.);
#3569=ORIENTED_EDGE('',*,*,#2739,.T.);
#3570=ORIENTED_EDGE('',*,*,#2740,.T.);
#3571=ORIENTED_EDGE('',*,*,#2741,.T.);
#3572=ORIENTED_EDGE('',*,*,#2735,.F.);
#3573=ORIENTED_EDGE('',*,*,#2618,.F.);
#3574=ORIENTED_EDGE('',*,*,#2741,.F.);
#3575=ORIENTED_EDGE('',*,*,#2742,.F.);
#3576=ORIENTED_EDGE('',*,*,#2743,.T.);
#3577=ORIENTED_EDGE('',*,*,#2744,.T.);
#3578=ORIENTED_EDGE('',*,*,#2614,.T.);
#3579=ORIENTED_EDGE('',*,*,#2745,.T.);
#3580=ORIENTED_EDGE('',*,*,#2649,.T.);
#3581=ORIENTED_EDGE('',*,*,#2746,.F.);
#3582=ORIENTED_EDGE('',*,*,#2747,.F.);
#3583=ORIENTED_EDGE('',*,*,#2748,.T.);
#3584=ORIENTED_EDGE('',*,*,#2749,.T.);
#3585=ORIENTED_EDGE('',*,*,#2743,.F.);
#3586=ORIENTED_EDGE('',*,*,#2750,.T.);
#3587=ORIENTED_EDGE('',*,*,#2751,.F.);
#3588=ORIENTED_EDGE('',*,*,#2752,.T.);
#3589=ORIENTED_EDGE('',*,*,#2753,.T.);
#3590=ORIENTED_EDGE('',*,*,#2754,.T.);
#3591=ORIENTED_EDGE('',*,*,#2755,.F.);
#3592=ORIENTED_EDGE('',*,*,#2756,.T.);
#3593=ORIENTED_EDGE('',*,*,#2757,.F.);
#3594=ORIENTED_EDGE('',*,*,#2711,.T.);
#3595=ORIENTED_EDGE('',*,*,#2709,.F.);
#3596=ORIENTED_EDGE('',*,*,#2707,.T.);
#3597=ORIENTED_EDGE('',*,*,#2705,.F.);
#3598=ORIENTED_EDGE('',*,*,#2758,.T.);
#3599=ORIENTED_EDGE('',*,*,#2759,.T.);
#3600=ORIENTED_EDGE('',*,*,#2680,.T.);
#3601=ORIENTED_EDGE('',*,*,#2678,.F.);
#3602=ORIENTED_EDGE('',*,*,#2760,.T.);
#3603=ORIENTED_EDGE('',*,*,#2761,.T.);
#3604=ORIENTED_EDGE('',*,*,#2675,.T.);
#3605=ORIENTED_EDGE('',*,*,#2762,.F.);
#3606=ORIENTED_EDGE('',*,*,#2668,.F.);
#3607=ORIENTED_EDGE('',*,*,#2665,.T.);
#3608=ORIENTED_EDGE('',*,*,#2654,.F.);
#3609=ORIENTED_EDGE('',*,*,#2682,.T.);
#3610=ORIENTED_EDGE('',*,*,#2763,.T.);
#3611=ORIENTED_EDGE('',*,*,#2702,.T.);
#3612=ORIENTED_EDGE('',*,*,#2764,.T.);
#3613=ORIENTED_EDGE('',*,*,#2765,.T.);
#3614=ORIENTED_EDGE('',*,*,#2697,.T.);
#3615=ORIENTED_EDGE('',*,*,#2693,.T.);
#3616=ORIENTED_EDGE('',*,*,#2766,.T.);
#3617=ORIENTED_EDGE('',*,*,#2691,.T.);
#3618=ORIENTED_EDGE('',*,*,#2767,.T.);
#3619=ORIENTED_EDGE('',*,*,#2768,.T.);
#3620=ORIENTED_EDGE('',*,*,#2686,.T.);
#3621=ORIENTED_EDGE('',*,*,#2715,.T.);
#3622=ORIENTED_EDGE('',*,*,#2769,.T.);
#3623=ORIENTED_EDGE('',*,*,#2770,.T.);
#3624=ORIENTED_EDGE('',*,*,#2721,.T.);
#3625=ORIENTED_EDGE('',*,*,#2717,.T.);
#3626=ORIENTED_EDGE('',*,*,#2771,.T.);
#3627=ORIENTED_EDGE('',*,*,#2726,.T.);
#3628=ORIENTED_EDGE('',*,*,#2772,.T.);
#3629=ORIENTED_EDGE('',*,*,#2773,.T.);
#3630=ORIENTED_EDGE('',*,*,#2732,.T.);
#3631=ORIENTED_EDGE('',*,*,#2728,.T.);
#3632=ORIENTED_EDGE('',*,*,#2774,.T.);
#3633=ORIENTED_EDGE('',*,*,#2745,.F.);
#3634=ORIENTED_EDGE('',*,*,#2613,.F.);
#3635=ORIENTED_EDGE('',*,*,#2775,.F.);
#3636=ORIENTED_EDGE('',*,*,#2750,.F.);
#3637=ORIENTED_EDGE('',*,*,#2612,.F.);
#3638=ORIENTED_EDGE('',*,*,#2776,.T.);
#3639=ORIENTED_EDGE('',*,*,#2751,.T.);
#3640=ORIENTED_EDGE('',*,*,#2775,.T.);
#3641=ORIENTED_EDGE('',*,*,#2608,.F.);
#3642=ORIENTED_EDGE('',*,*,#2777,.T.);
#3643=ORIENTED_EDGE('',*,*,#2755,.T.);
#3644=ORIENTED_EDGE('',*,*,#2778,.T.);
#3645=ORIENTED_EDGE('',*,*,#2778,.F.);
#3646=ORIENTED_EDGE('',*,*,#2754,.F.);
#3647=ORIENTED_EDGE('',*,*,#2779,.F.);
#3648=ORIENTED_EDGE('',*,*,#2609,.F.);
#3649=ORIENTED_EDGE('',*,*,#2606,.F.);
#3650=ORIENTED_EDGE('',*,*,#2712,.T.);
#3651=ORIENTED_EDGE('',*,*,#2757,.T.);
#3652=ORIENTED_EDGE('',*,*,#2780,.T.);
#3653=ORIENTED_EDGE('',*,*,#2777,.F.);
#3654=ORIENTED_EDGE('',*,*,#2607,.F.);
#3655=ORIENTED_EDGE('',*,*,#2780,.F.);
#3656=ORIENTED_EDGE('',*,*,#2756,.F.);
#3657=ORIENTED_EDGE('',*,*,#2781,.T.);
#3658=ORIENTED_EDGE('',*,*,#2782,.T.);
#3659=ORIENTED_EDGE('',*,*,#2783,.T.);
#3660=ORIENTED_EDGE('',*,*,#2784,.T.);
#3661=ORIENTED_EDGE('',*,*,#2782,.F.);
#3662=ORIENTED_EDGE('',*,*,#2785,.F.);
#3663=ORIENTED_EDGE('',*,*,#2786,.F.);
#3664=ORIENTED_EDGE('',*,*,#2787,.T.);
#3665=ORIENTED_EDGE('',*,*,#2781,.F.);
#3666=ORIENTED_EDGE('',*,*,#2788,.T.);
#3667=ORIENTED_EDGE('',*,*,#2789,.F.);
#3668=ORIENTED_EDGE('',*,*,#2790,.T.);
#3669=ORIENTED_EDGE('',*,*,#2791,.F.);
#3670=ORIENTED_EDGE('',*,*,#2792,.T.);
#3671=ORIENTED_EDGE('',*,*,#2793,.T.);
#3672=ORIENTED_EDGE('',*,*,#2794,.T.);
#3673=ORIENTED_EDGE('',*,*,#2795,.T.);
#3674=ORIENTED_EDGE('',*,*,#2796,.T.);
#3675=ORIENTED_EDGE('',*,*,#2797,.T.);
#3676=ORIENTED_EDGE('',*,*,#2798,.T.);
#3677=ORIENTED_EDGE('',*,*,#2799,.T.);
#3678=ORIENTED_EDGE('',*,*,#2800,.T.);
#3679=ORIENTED_EDGE('',*,*,#2801,.T.);
#3680=ORIENTED_EDGE('',*,*,#2802,.T.);
#3681=ORIENTED_EDGE('',*,*,#2803,.F.);
#3682=ORIENTED_EDGE('',*,*,#2804,.T.);
#3683=ORIENTED_EDGE('',*,*,#2805,.F.);
#3684=ORIENTED_EDGE('',*,*,#2785,.T.);
#3685=ORIENTED_EDGE('',*,*,#2789,.T.);
#3686=ORIENTED_EDGE('',*,*,#2806,.T.);
#3687=ORIENTED_EDGE('',*,*,#2807,.T.);
#3688=ORIENTED_EDGE('',*,*,#2808,.T.);
#3689=ORIENTED_EDGE('',*,*,#2808,.F.);
#3690=ORIENTED_EDGE('',*,*,#2809,.T.);
#3691=ORIENTED_EDGE('',*,*,#2810,.F.);
#3692=ORIENTED_EDGE('',*,*,#2790,.F.);
#3693=ORIENTED_EDGE('',*,*,#2791,.T.);
#3694=ORIENTED_EDGE('',*,*,#2810,.T.);
#3695=ORIENTED_EDGE('',*,*,#2811,.T.);
#3696=ORIENTED_EDGE('',*,*,#2812,.T.);
#3697=ORIENTED_EDGE('',*,*,#2440,.T.);
#3698=ORIENTED_EDGE('',*,*,#2813,.T.);
#3699=ORIENTED_EDGE('',*,*,#2814,.T.);
#3700=ORIENTED_EDGE('',*,*,#2815,.T.);
#3701=ORIENTED_EDGE('',*,*,#2815,.F.);
#3702=ORIENTED_EDGE('',*,*,#2816,.T.);
#3703=ORIENTED_EDGE('',*,*,#2817,.F.);
#3704=ORIENTED_EDGE('',*,*,#2441,.F.);
#3705=ORIENTED_EDGE('',*,*,#2818,.T.);
#3706=ORIENTED_EDGE('',*,*,#2819,.T.);
#3707=ORIENTED_EDGE('',*,*,#2820,.T.);
#3708=ORIENTED_EDGE('',*,*,#2821,.T.);
#3709=ORIENTED_EDGE('',*,*,#2819,.F.);
#3710=ORIENTED_EDGE('',*,*,#2822,.F.);
#3711=ORIENTED_EDGE('',*,*,#2823,.T.);
#3712=ORIENTED_EDGE('',*,*,#2824,.T.);
#3713=ORIENTED_EDGE('',*,*,#2818,.F.);
#3714=ORIENTED_EDGE('',*,*,#2825,.T.);
#3715=ORIENTED_EDGE('',*,*,#2826,.F.);
#3716=ORIENTED_EDGE('',*,*,#2827,.T.);
#3717=ORIENTED_EDGE('',*,*,#2828,.T.);
#3718=ORIENTED_EDGE('',*,*,#2829,.F.);
#3719=ORIENTED_EDGE('',*,*,#2830,.T.);
#3720=ORIENTED_EDGE('',*,*,#2831,.F.);
#3721=ORIENTED_EDGE('',*,*,#2832,.T.);
#3722=ORIENTED_EDGE('',*,*,#2822,.T.);
#3723=ORIENTED_EDGE('',*,*,#2831,.T.);
#3724=ORIENTED_EDGE('',*,*,#2833,.T.);
#3725=ORIENTED_EDGE('',*,*,#2834,.T.);
#3726=ORIENTED_EDGE('',*,*,#2835,.T.);
#3727=ORIENTED_EDGE('',*,*,#2833,.F.);
#3728=ORIENTED_EDGE('',*,*,#2830,.F.);
#3729=ORIENTED_EDGE('',*,*,#2836,.F.);
#3730=ORIENTED_EDGE('',*,*,#2837,.T.);
#3731=ORIENTED_EDGE('',*,*,#2829,.T.);
#3732=ORIENTED_EDGE('',*,*,#2838,.T.);
#3733=ORIENTED_EDGE('',*,*,#2839,.T.);
#3734=ORIENTED_EDGE('',*,*,#2836,.T.);
#3735=ORIENTED_EDGE('',*,*,#2838,.F.);
#3736=ORIENTED_EDGE('',*,*,#2828,.F.);
#3737=ORIENTED_EDGE('',*,*,#2840,.T.);
#3738=ORIENTED_EDGE('',*,*,#2841,.T.);
#3739=ORIENTED_EDGE('',*,*,#2826,.T.);
#3740=ORIENTED_EDGE('',*,*,#2842,.T.);
#3741=ORIENTED_EDGE('',*,*,#2843,.T.);
#3742=ORIENTED_EDGE('',*,*,#2844,.T.);
#3743=ORIENTED_EDGE('',*,*,#2844,.F.);
#3744=ORIENTED_EDGE('',*,*,#2845,.T.);
#3745=ORIENTED_EDGE('',*,*,#2840,.F.);
#3746=ORIENTED_EDGE('',*,*,#2827,.F.);
#3747=ORIENTED_EDGE('',*,*,#2846,.T.);
#3748=ORIENTED_EDGE('',*,*,#2847,.T.);
#3749=ORIENTED_EDGE('',*,*,#2848,.T.);
#3750=ORIENTED_EDGE('',*,*,#2849,.T.);
#3751=ORIENTED_EDGE('',*,*,#2847,.F.);
#3752=ORIENTED_EDGE('',*,*,#2850,.F.);
#3753=ORIENTED_EDGE('',*,*,#2851,.F.);
#3754=ORIENTED_EDGE('',*,*,#2852,.T.);
#3755=ORIENTED_EDGE('',*,*,#2846,.F.);
#3756=ORIENTED_EDGE('',*,*,#2853,.T.);
#3757=ORIENTED_EDGE('',*,*,#2854,.F.);
#3758=ORIENTED_EDGE('',*,*,#2855,.T.);
#3759=ORIENTED_EDGE('',*,*,#2856,.F.);
#3760=ORIENTED_EDGE('',*,*,#2857,.T.);
#3761=ORIENTED_EDGE('',*,*,#2858,.F.);
#3762=ORIENTED_EDGE('',*,*,#2850,.T.);
#3763=ORIENTED_EDGE('',*,*,#2854,.T.);
#3764=ORIENTED_EDGE('',*,*,#2859,.T.);
#3765=ORIENTED_EDGE('',*,*,#2860,.T.);
#3766=ORIENTED_EDGE('',*,*,#2861,.T.);
#3767=ORIENTED_EDGE('',*,*,#2861,.F.);
#3768=ORIENTED_EDGE('',*,*,#2862,.T.);
#3769=ORIENTED_EDGE('',*,*,#2863,.F.);
#3770=ORIENTED_EDGE('',*,*,#2855,.F.);
#3771=ORIENTED_EDGE('',*,*,#2856,.T.);
#3772=ORIENTED_EDGE('',*,*,#2863,.T.);
#3773=ORIENTED_EDGE('',*,*,#2864,.T.);
#3774=ORIENTED_EDGE('',*,*,#2865,.T.);
#3775=ORIENTED_EDGE('',*,*,#2858,.T.);
#3776=ORIENTED_EDGE('',*,*,#2866,.T.);
#3777=ORIENTED_EDGE('',*,*,#2867,.T.);
#3778=ORIENTED_EDGE('',*,*,#2851,.T.);
#3779=ORIENTED_EDGE('',*,*,#2803,.T.);
#3780=ORIENTED_EDGE('',*,*,#2868,.T.);
#3781=ORIENTED_EDGE('',*,*,#2869,.T.);
#3782=ORIENTED_EDGE('',*,*,#2870,.T.);
#3783=ORIENTED_EDGE('',*,*,#2868,.F.);
#3784=ORIENTED_EDGE('',*,*,#2802,.F.);
#3785=ORIENTED_EDGE('',*,*,#2871,.T.);
#3786=ORIENTED_EDGE('',*,*,#2872,.T.);
#3787=ORIENTED_EDGE('',*,*,#2805,.T.);
#3788=ORIENTED_EDGE('',*,*,#2873,.T.);
#3789=ORIENTED_EDGE('',*,*,#2874,.T.);
#3790=ORIENTED_EDGE('',*,*,#2786,.T.);
#3791=ORIENTED_EDGE('',*,*,#2821,.F.);
#3792=ORIENTED_EDGE('',*,*,#2875,.T.);
#3793=ORIENTED_EDGE('',*,*,#2842,.F.);
#3794=ORIENTED_EDGE('',*,*,#2825,.F.);
#3795=ORIENTED_EDGE('',*,*,#2835,.F.);
#3796=ORIENTED_EDGE('',*,*,#2876,.T.);
#3797=ORIENTED_EDGE('',*,*,#2823,.F.);
#3798=ORIENTED_EDGE('',*,*,#2832,.F.);
#3799=ORIENTED_EDGE('',*,*,#2797,.F.);
#3800=ORIENTED_EDGE('',*,*,#2877,.T.);
#3801=ORIENTED_EDGE('',*,*,#2878,.T.);
#3802=ORIENTED_EDGE('',*,*,#2879,.F.);
#3803=ORIENTED_EDGE('',*,*,#2796,.F.);
#3804=ORIENTED_EDGE('',*,*,#2880,.T.);
#3805=ORIENTED_EDGE('',*,*,#2881,.T.);
#3806=ORIENTED_EDGE('',*,*,#2877,.F.);
#3807=ORIENTED_EDGE('',*,*,#2795,.F.);
#3808=ORIENTED_EDGE('',*,*,#2882,.T.);
#3809=ORIENTED_EDGE('',*,*,#2883,.T.);
#3810=ORIENTED_EDGE('',*,*,#2880,.F.);
#3811=ORIENTED_EDGE('',*,*,#2794,.F.);
#3812=ORIENTED_EDGE('',*,*,#2884,.T.);
#3813=ORIENTED_EDGE('',*,*,#2885,.T.);
#3814=ORIENTED_EDGE('',*,*,#2882,.F.);
#3815=ORIENTED_EDGE('',*,*,#2793,.F.);
#3816=ORIENTED_EDGE('',*,*,#2886,.T.);
#3817=ORIENTED_EDGE('',*,*,#2887,.T.);
#3818=ORIENTED_EDGE('',*,*,#2884,.F.);
#3819=ORIENTED_EDGE('',*,*,#2812,.F.);
#3820=ORIENTED_EDGE('',*,*,#2888,.T.);
#3821=ORIENTED_EDGE('',*,*,#2886,.F.);
#3822=ORIENTED_EDGE('',*,*,#2792,.F.);
#3823=ORIENTED_EDGE('',*,*,#2784,.F.);
#3824=ORIENTED_EDGE('',*,*,#2889,.T.);
#3825=ORIENTED_EDGE('',*,*,#2806,.F.);
#3826=ORIENTED_EDGE('',*,*,#2788,.F.);
#3827=ORIENTED_EDGE('',*,*,#2870,.F.);
#3828=ORIENTED_EDGE('',*,*,#2890,.T.);
#3829=ORIENTED_EDGE('',*,*,#2873,.F.);
#3830=ORIENTED_EDGE('',*,*,#2804,.F.);
#3831=ORIENTED_EDGE('',*,*,#2801,.F.);
#3832=ORIENTED_EDGE('',*,*,#2891,.T.);
#3833=ORIENTED_EDGE('',*,*,#2892,.T.);
#3834=ORIENTED_EDGE('',*,*,#2871,.F.);
#3835=ORIENTED_EDGE('',*,*,#2800,.F.);
#3836=ORIENTED_EDGE('',*,*,#2893,.T.);
#3837=ORIENTED_EDGE('',*,*,#2894,.T.);
#3838=ORIENTED_EDGE('',*,*,#2891,.F.);
#3839=ORIENTED_EDGE('',*,*,#2799,.F.);
#3840=ORIENTED_EDGE('',*,*,#2895,.T.);
#3841=ORIENTED_EDGE('',*,*,#2896,.T.);
#3842=ORIENTED_EDGE('',*,*,#2893,.F.);
#3843=ORIENTED_EDGE('',*,*,#2798,.F.);
#3844=ORIENTED_EDGE('',*,*,#2879,.T.);
#3845=ORIENTED_EDGE('',*,*,#2897,.T.);
#3846=ORIENTED_EDGE('',*,*,#2895,.F.);
#3847=ORIENTED_EDGE('',*,*,#2865,.F.);
#3848=ORIENTED_EDGE('',*,*,#2898,.T.);
#3849=ORIENTED_EDGE('',*,*,#2866,.F.);
#3850=ORIENTED_EDGE('',*,*,#2857,.F.);
#3851=ORIENTED_EDGE('',*,*,#2849,.F.);
#3852=ORIENTED_EDGE('',*,*,#2899,.T.);
#3853=ORIENTED_EDGE('',*,*,#2859,.F.);
#3854=ORIENTED_EDGE('',*,*,#2853,.F.);
#3855=ORIENTED_EDGE('',*,*,#2813,.F.);
#3856=ORIENTED_EDGE('',*,*,#2439,.F.);
#3857=ORIENTED_EDGE('',*,*,#2900,.T.);
#3858=ORIENTED_EDGE('',*,*,#2901,.T.);
#3859=ORIENTED_EDGE('',*,*,#2438,.F.);
#3860=ORIENTED_EDGE('',*,*,#2902,.T.);
#3861=ORIENTED_EDGE('',*,*,#2903,.T.);
#3862=ORIENTED_EDGE('',*,*,#2900,.F.);
#3863=ORIENTED_EDGE('',*,*,#2437,.F.);
#3864=ORIENTED_EDGE('',*,*,#2904,.T.);
#3865=ORIENTED_EDGE('',*,*,#2905,.T.);
#3866=ORIENTED_EDGE('',*,*,#2902,.F.);
#3867=ORIENTED_EDGE('',*,*,#2436,.F.);
#3868=ORIENTED_EDGE('',*,*,#2906,.T.);
#3869=ORIENTED_EDGE('',*,*,#2907,.T.);
#3870=ORIENTED_EDGE('',*,*,#2904,.F.);
#3871=ORIENTED_EDGE('',*,*,#2435,.F.);
#3872=ORIENTED_EDGE('',*,*,#2908,.T.);
#3873=ORIENTED_EDGE('',*,*,#2909,.T.);
#3874=ORIENTED_EDGE('',*,*,#2906,.F.);
#3875=ORIENTED_EDGE('',*,*,#2434,.F.);
#3876=ORIENTED_EDGE('',*,*,#2910,.T.);
#3877=ORIENTED_EDGE('',*,*,#2911,.T.);
#3878=ORIENTED_EDGE('',*,*,#2908,.F.);
#3879=ORIENTED_EDGE('',*,*,#2433,.F.);
#3880=ORIENTED_EDGE('',*,*,#2912,.T.);
#3881=ORIENTED_EDGE('',*,*,#2913,.T.);
#3882=ORIENTED_EDGE('',*,*,#2910,.F.);
#3883=ORIENTED_EDGE('',*,*,#2432,.F.);
#3884=ORIENTED_EDGE('',*,*,#2914,.T.);
#3885=ORIENTED_EDGE('',*,*,#2915,.T.);
#3886=ORIENTED_EDGE('',*,*,#2912,.F.);
#3887=ORIENTED_EDGE('',*,*,#2431,.F.);
#3888=ORIENTED_EDGE('',*,*,#2916,.T.);
#3889=ORIENTED_EDGE('',*,*,#2917,.T.);
#3890=ORIENTED_EDGE('',*,*,#2914,.F.);
#3891=ORIENTED_EDGE('',*,*,#2430,.F.);
#3892=ORIENTED_EDGE('',*,*,#2918,.T.);
#3893=ORIENTED_EDGE('',*,*,#2919,.T.);
#3894=ORIENTED_EDGE('',*,*,#2916,.F.);
#3895=ORIENTED_EDGE('',*,*,#2429,.F.);
#3896=ORIENTED_EDGE('',*,*,#2920,.T.);
#3897=ORIENTED_EDGE('',*,*,#2921,.T.);
#3898=ORIENTED_EDGE('',*,*,#2918,.F.);
#3899=ORIENTED_EDGE('',*,*,#2428,.F.);
#3900=ORIENTED_EDGE('',*,*,#2922,.T.);
#3901=ORIENTED_EDGE('',*,*,#2923,.T.);
#3902=ORIENTED_EDGE('',*,*,#2920,.F.);
#3903=ORIENTED_EDGE('',*,*,#2427,.F.);
#3904=ORIENTED_EDGE('',*,*,#2924,.T.);
#3905=ORIENTED_EDGE('',*,*,#2925,.T.);
#3906=ORIENTED_EDGE('',*,*,#2922,.F.);
#3907=ORIENTED_EDGE('',*,*,#2426,.F.);
#3908=ORIENTED_EDGE('',*,*,#2926,.T.);
#3909=ORIENTED_EDGE('',*,*,#2927,.T.);
#3910=ORIENTED_EDGE('',*,*,#2924,.F.);
#3911=ORIENTED_EDGE('',*,*,#2425,.F.);
#3912=ORIENTED_EDGE('',*,*,#2928,.T.);
#3913=ORIENTED_EDGE('',*,*,#2929,.T.);
#3914=ORIENTED_EDGE('',*,*,#2926,.F.);
#3915=ORIENTED_EDGE('',*,*,#2424,.F.);
#3916=ORIENTED_EDGE('',*,*,#2930,.T.);
#3917=ORIENTED_EDGE('',*,*,#2931,.T.);
#3918=ORIENTED_EDGE('',*,*,#2928,.F.);
#3919=ORIENTED_EDGE('',*,*,#2423,.F.);
#3920=ORIENTED_EDGE('',*,*,#2932,.T.);
#3921=ORIENTED_EDGE('',*,*,#2933,.T.);
#3922=ORIENTED_EDGE('',*,*,#2930,.F.);
#3923=ORIENTED_EDGE('',*,*,#2449,.F.);
#3924=ORIENTED_EDGE('',*,*,#2934,.T.);
#3925=ORIENTED_EDGE('',*,*,#2935,.T.);
#3926=ORIENTED_EDGE('',*,*,#2932,.F.);
#3927=ORIENTED_EDGE('',*,*,#2448,.F.);
#3928=ORIENTED_EDGE('',*,*,#2936,.T.);
#3929=ORIENTED_EDGE('',*,*,#2937,.T.);
#3930=ORIENTED_EDGE('',*,*,#2934,.F.);
#3931=ORIENTED_EDGE('',*,*,#2447,.F.);
#3932=ORIENTED_EDGE('',*,*,#2938,.T.);
#3933=ORIENTED_EDGE('',*,*,#2939,.T.);
#3934=ORIENTED_EDGE('',*,*,#2936,.F.);
#3935=ORIENTED_EDGE('',*,*,#2446,.F.);
#3936=ORIENTED_EDGE('',*,*,#2940,.T.);
#3937=ORIENTED_EDGE('',*,*,#2941,.T.);
#3938=ORIENTED_EDGE('',*,*,#2938,.F.);
#3939=ORIENTED_EDGE('',*,*,#2445,.F.);
#3940=ORIENTED_EDGE('',*,*,#2942,.T.);
#3941=ORIENTED_EDGE('',*,*,#2943,.T.);
#3942=ORIENTED_EDGE('',*,*,#2940,.F.);
#3943=ORIENTED_EDGE('',*,*,#2444,.F.);
#3944=ORIENTED_EDGE('',*,*,#2944,.T.);
#3945=ORIENTED_EDGE('',*,*,#2945,.T.);
#3946=ORIENTED_EDGE('',*,*,#2942,.F.);
#3947=ORIENTED_EDGE('',*,*,#2443,.F.);
#3948=ORIENTED_EDGE('',*,*,#2946,.T.);
#3949=ORIENTED_EDGE('',*,*,#2947,.T.);
#3950=ORIENTED_EDGE('',*,*,#2944,.F.);
#3951=ORIENTED_EDGE('',*,*,#2442,.F.);
#3952=ORIENTED_EDGE('',*,*,#2817,.T.);
#3953=ORIENTED_EDGE('',*,*,#2948,.T.);
#3954=ORIENTED_EDGE('',*,*,#2946,.F.);
#3955=ORIENTED_EDGE('',*,*,#2935,.F.);
#3956=ORIENTED_EDGE('',*,*,#2937,.F.);
#3957=ORIENTED_EDGE('',*,*,#2939,.F.);
#3958=ORIENTED_EDGE('',*,*,#2941,.F.);
#3959=ORIENTED_EDGE('',*,*,#2943,.F.);
#3960=ORIENTED_EDGE('',*,*,#2945,.F.);
#3961=ORIENTED_EDGE('',*,*,#2947,.F.);
#3962=ORIENTED_EDGE('',*,*,#2948,.F.);
#3963=ORIENTED_EDGE('',*,*,#2816,.F.);
#3964=ORIENTED_EDGE('',*,*,#2814,.F.);
#3965=ORIENTED_EDGE('',*,*,#2901,.F.);
#3966=ORIENTED_EDGE('',*,*,#2903,.F.);
#3967=ORIENTED_EDGE('',*,*,#2905,.F.);
#3968=ORIENTED_EDGE('',*,*,#2907,.F.);
#3969=ORIENTED_EDGE('',*,*,#2909,.F.);
#3970=ORIENTED_EDGE('',*,*,#2911,.F.);
#3971=ORIENTED_EDGE('',*,*,#2913,.F.);
#3972=ORIENTED_EDGE('',*,*,#2915,.F.);
#3973=ORIENTED_EDGE('',*,*,#2917,.F.);
#3974=ORIENTED_EDGE('',*,*,#2919,.F.);
#3975=ORIENTED_EDGE('',*,*,#2921,.F.);
#3976=ORIENTED_EDGE('',*,*,#2923,.F.);
#3977=ORIENTED_EDGE('',*,*,#2925,.F.);
#3978=ORIENTED_EDGE('',*,*,#2927,.F.);
#3979=ORIENTED_EDGE('',*,*,#2929,.F.);
#3980=ORIENTED_EDGE('',*,*,#2931,.F.);
#3981=ORIENTED_EDGE('',*,*,#2933,.F.);
#3982=ORIENTED_EDGE('',*,*,#2852,.F.);
#3983=ORIENTED_EDGE('',*,*,#2867,.F.);
#3984=ORIENTED_EDGE('',*,*,#2898,.F.);
#3985=ORIENTED_EDGE('',*,*,#2864,.F.);
#3986=ORIENTED_EDGE('',*,*,#2862,.F.);
#3987=ORIENTED_EDGE('',*,*,#2860,.F.);
#3988=ORIENTED_EDGE('',*,*,#2899,.F.);
#3989=ORIENTED_EDGE('',*,*,#2848,.F.);
#3990=ORIENTED_EDGE('',*,*,#2897,.F.);
#3991=ORIENTED_EDGE('',*,*,#2878,.F.);
#3992=ORIENTED_EDGE('',*,*,#2881,.F.);
#3993=ORIENTED_EDGE('',*,*,#2883,.F.);
#3994=ORIENTED_EDGE('',*,*,#2885,.F.);
#3995=ORIENTED_EDGE('',*,*,#2887,.F.);
#3996=ORIENTED_EDGE('',*,*,#2888,.F.);
#3997=ORIENTED_EDGE('',*,*,#2811,.F.);
#3998=ORIENTED_EDGE('',*,*,#2809,.F.);
#3999=ORIENTED_EDGE('',*,*,#2807,.F.);
#4000=ORIENTED_EDGE('',*,*,#2889,.F.);
#4001=ORIENTED_EDGE('',*,*,#2783,.F.);
#4002=ORIENTED_EDGE('',*,*,#2787,.F.);
#4003=ORIENTED_EDGE('',*,*,#2874,.F.);
#4004=ORIENTED_EDGE('',*,*,#2890,.F.);
#4005=ORIENTED_EDGE('',*,*,#2869,.F.);
#4006=ORIENTED_EDGE('',*,*,#2872,.F.);
#4007=ORIENTED_EDGE('',*,*,#2892,.F.);
#4008=ORIENTED_EDGE('',*,*,#2894,.F.);
#4009=ORIENTED_EDGE('',*,*,#2896,.F.);
#4010=ORIENTED_EDGE('',*,*,#2837,.F.);
#4011=ORIENTED_EDGE('',*,*,#2839,.F.);
#4012=ORIENTED_EDGE('',*,*,#2841,.F.);
#4013=ORIENTED_EDGE('',*,*,#2845,.F.);
#4014=ORIENTED_EDGE('',*,*,#2843,.F.);
#4015=ORIENTED_EDGE('',*,*,#2875,.F.);
#4016=ORIENTED_EDGE('',*,*,#2820,.F.);
#4017=ORIENTED_EDGE('',*,*,#2824,.F.);
#4018=ORIENTED_EDGE('',*,*,#2876,.F.);
#4019=ORIENTED_EDGE('',*,*,#2834,.F.);
#4020=ORIENTED_EDGE('',*,*,#2763,.F.);
#4021=ORIENTED_EDGE('',*,*,#2685,.T.);
#4022=ORIENTED_EDGE('',*,*,#2949,.F.);
#4023=ORIENTED_EDGE('',*,*,#2703,.F.);
#4024=ORIENTED_EDGE('',*,*,#2768,.F.);
#4025=ORIENTED_EDGE('',*,*,#2950,.T.);
#4026=ORIENTED_EDGE('',*,*,#2951,.F.);
#4027=ORIENTED_EDGE('',*,*,#2687,.F.);
#4028=ORIENTED_EDGE('',*,*,#2690,.F.);
#4029=ORIENTED_EDGE('',*,*,#2952,.F.);
#4030=ORIENTED_EDGE('',*,*,#2950,.F.);
#4031=ORIENTED_EDGE('',*,*,#2767,.F.);
#4032=ORIENTED_EDGE('',*,*,#2953,.F.);
#4033=ORIENTED_EDGE('',*,*,#2954,.T.);
#4034=ORIENTED_EDGE('',*,*,#2955,.F.);
#4035=ORIENTED_EDGE('',*,*,#2954,.F.);
#4036=ORIENTED_EDGE('',*,*,#2701,.F.);
#4037=ORIENTED_EDGE('',*,*,#2956,.F.);
#4038=ORIENTED_EDGE('',*,*,#2957,.F.);
#4039=ORIENTED_EDGE('',*,*,#2764,.F.);
#4040=ORIENTED_EDGE('',*,*,#2765,.F.);
#4041=ORIENTED_EDGE('',*,*,#2957,.T.);
#4042=ORIENTED_EDGE('',*,*,#2958,.F.);
#4043=ORIENTED_EDGE('',*,*,#2698,.F.);
#4044=ORIENTED_EDGE('',*,*,#2766,.F.);
#4045=ORIENTED_EDGE('',*,*,#2696,.T.);
#4046=ORIENTED_EDGE('',*,*,#2959,.F.);
#4047=ORIENTED_EDGE('',*,*,#2692,.F.);
#4048=ORIENTED_EDGE('',*,*,#2959,.T.);
#4049=ORIENTED_EDGE('',*,*,#2695,.F.);
#4050=ORIENTED_EDGE('',*,*,#2699,.T.);
#4051=ORIENTED_EDGE('',*,*,#2958,.T.);
#4052=ORIENTED_EDGE('',*,*,#2956,.T.);
#4053=ORIENTED_EDGE('',*,*,#2700,.F.);
#4054=ORIENTED_EDGE('',*,*,#2949,.T.);
#4055=ORIENTED_EDGE('',*,*,#2684,.F.);
#4056=ORIENTED_EDGE('',*,*,#2688,.T.);
#4057=ORIENTED_EDGE('',*,*,#2951,.T.);
#4058=ORIENTED_EDGE('',*,*,#2952,.T.);
#4059=ORIENTED_EDGE('',*,*,#2689,.F.);
#4060=ORIENTED_EDGE('',*,*,#2953,.T.);
#4061=ORIENTED_EDGE('',*,*,#2771,.F.);
#4062=ORIENTED_EDGE('',*,*,#2720,.T.);
#4063=ORIENTED_EDGE('',*,*,#2960,.F.);
#4064=ORIENTED_EDGE('',*,*,#2727,.F.);
#4065=ORIENTED_EDGE('',*,*,#2770,.F.);
#4066=ORIENTED_EDGE('',*,*,#2961,.T.);
#4067=ORIENTED_EDGE('',*,*,#2962,.F.);
#4068=ORIENTED_EDGE('',*,*,#2722,.F.);
#4069=ORIENTED_EDGE('',*,*,#2714,.F.);
#4070=ORIENTED_EDGE('',*,*,#2963,.F.);
#4071=ORIENTED_EDGE('',*,*,#2961,.F.);
#4072=ORIENTED_EDGE('',*,*,#2769,.F.);
#4073=ORIENTED_EDGE('',*,*,#2964,.F.);
#4074=ORIENTED_EDGE('',*,*,#2965,.T.);
#4075=ORIENTED_EDGE('',*,*,#2966,.F.);
#4076=ORIENTED_EDGE('',*,*,#2965,.F.);
#4077=ORIENTED_EDGE('',*,*,#2725,.F.);
#4078=ORIENTED_EDGE('',*,*,#2967,.F.);
#4079=ORIENTED_EDGE('',*,*,#2968,.F.);
#4080=ORIENTED_EDGE('',*,*,#2772,.F.);
#4081=ORIENTED_EDGE('',*,*,#2773,.F.);
#4082=ORIENTED_EDGE('',*,*,#2968,.T.);
#4083=ORIENTED_EDGE('',*,*,#2969,.F.);
#4084=ORIENTED_EDGE('',*,*,#2733,.F.);
#4085=ORIENTED_EDGE('',*,*,#2774,.F.);
#4086=ORIENTED_EDGE('',*,*,#2731,.T.);
#4087=ORIENTED_EDGE('',*,*,#2970,.F.);
#4088=ORIENTED_EDGE('',*,*,#2716,.F.);
#4089=ORIENTED_EDGE('',*,*,#2970,.T.);
#4090=ORIENTED_EDGE('',*,*,#2730,.F.);
#4091=ORIENTED_EDGE('',*,*,#2734,.T.);
#4092=ORIENTED_EDGE('',*,*,#2969,.T.);
#4093=ORIENTED_EDGE('',*,*,#2967,.T.);
#4094=ORIENTED_EDGE('',*,*,#2724,.F.);
#4095=ORIENTED_EDGE('',*,*,#2960,.T.);
#4096=ORIENTED_EDGE('',*,*,#2719,.F.);
#4097=ORIENTED_EDGE('',*,*,#2723,.T.);
#4098=ORIENTED_EDGE('',*,*,#2962,.T.);
#4099=ORIENTED_EDGE('',*,*,#2963,.T.);
#4100=ORIENTED_EDGE('',*,*,#2713,.F.);
#4101=ORIENTED_EDGE('',*,*,#2964,.T.);
#4102=ORIENTED_EDGE('',*,*,#2596,.F.);
#4103=ORIENTED_EDGE('',*,*,#2676,.T.);
#4104=ORIENTED_EDGE('',*,*,#2761,.F.);
#4105=ORIENTED_EDGE('',*,*,#2971,.F.);
#4106=ORIENTED_EDGE('',*,*,#2677,.F.);
#4107=ORIENTED_EDGE('',*,*,#2597,.F.);
#4108=ORIENTED_EDGE('',*,*,#2971,.T.);
#4109=ORIENTED_EDGE('',*,*,#2760,.F.);
#4110=ORIENTED_EDGE('',*,*,#2600,.F.);
#4111=ORIENTED_EDGE('',*,*,#2681,.T.);
#4112=ORIENTED_EDGE('',*,*,#2759,.F.);
#4113=ORIENTED_EDGE('',*,*,#2972,.F.);
#4114=ORIENTED_EDGE('',*,*,#2704,.F.);
#4115=ORIENTED_EDGE('',*,*,#2601,.F.);
#4116=ORIENTED_EDGE('',*,*,#2972,.T.);
#4117=ORIENTED_EDGE('',*,*,#2758,.F.);
#4118=ORIENTED_EDGE('',*,*,#2610,.F.);
#4119=ORIENTED_EDGE('',*,*,#2779,.T.);
#4120=ORIENTED_EDGE('',*,*,#2753,.F.);
#4121=ORIENTED_EDGE('',*,*,#2973,.F.);
#4122=ORIENTED_EDGE('',*,*,#2776,.F.);
#4123=ORIENTED_EDGE('',*,*,#2611,.F.);
#4124=ORIENTED_EDGE('',*,*,#2973,.T.);
#4125=ORIENTED_EDGE('',*,*,#2752,.F.);
#4126=ORIENTED_EDGE('',*,*,#2744,.F.);
#4127=ORIENTED_EDGE('',*,*,#2749,.F.);
#4128=ORIENTED_EDGE('',*,*,#2974,.F.);
#4129=ORIENTED_EDGE('',*,*,#2615,.F.);
#4130=ORIENTED_EDGE('',*,*,#2739,.F.);
#4131=ORIENTED_EDGE('',*,*,#2616,.F.);
#4132=ORIENTED_EDGE('',*,*,#2974,.T.);
#4133=ORIENTED_EDGE('',*,*,#2748,.F.);
#4134=ORIENTED_EDGE('',*,*,#2975,.T.);
#4135=ORIENTED_EDGE('',*,*,#2976,.F.);
#4136=ORIENTED_EDGE('',*,*,#2747,.T.);
#4137=ORIENTED_EDGE('',*,*,#2977,.T.);
#4138=ORIENTED_EDGE('',*,*,#2978,.F.);
#4139=ORIENTED_EDGE('',*,*,#2975,.F.);
#4140=ORIENTED_EDGE('',*,*,#2652,.F.);
#4141=ORIENTED_EDGE('',*,*,#2979,.F.);
#4142=ORIENTED_EDGE('',*,*,#2977,.F.);
#4143=ORIENTED_EDGE('',*,*,#2746,.T.);
#4144=ORIENTED_EDGE('',*,*,#2762,.T.);
#4145=ORIENTED_EDGE('',*,*,#2674,.T.);
#4146=ORIENTED_EDGE('',*,*,#2980,.F.);
#4147=ORIENTED_EDGE('',*,*,#2669,.F.);
#4148=ORIENTED_EDGE('',*,*,#2966,.T.);
#4149=ORIENTED_EDGE('',*,*,#2955,.T.);
#4150=ORIENTED_EDGE('',*,*,#2981,.F.);
#4151=ORIENTED_EDGE('',*,*,#2982,.T.);
#4152=ORIENTED_EDGE('',*,*,#2983,.F.);
#4153=ORIENTED_EDGE('',*,*,#2982,.F.);
#4154=ORIENTED_EDGE('',*,*,#2565,.F.);
#4155=ORIENTED_EDGE('',*,*,#2984,.F.);
#4156=ORIENTED_EDGE('',*,*,#2985,.F.);
#4157=ORIENTED_EDGE('',*,*,#2588,.F.);
#4158=ORIENTED_EDGE('',*,*,#2589,.F.);
#4159=ORIENTED_EDGE('',*,*,#2985,.T.);
#4160=ORIENTED_EDGE('',*,*,#2986,.F.);
#4161=ORIENTED_EDGE('',*,*,#2560,.F.);
#4162=ORIENTED_EDGE('',*,*,#2558,.F.);
#4163=ORIENTED_EDGE('',*,*,#2987,.F.);
#4164=ORIENTED_EDGE('',*,*,#2988,.F.);
#4165=ORIENTED_EDGE('',*,*,#2590,.F.);
#4166=ORIENTED_EDGE('',*,*,#2660,.F.);
#4167=ORIENTED_EDGE('',*,*,#2591,.F.);
#4168=ORIENTED_EDGE('',*,*,#2988,.T.);
#4169=ORIENTED_EDGE('',*,*,#2989,.F.);
#4170=ORIENTED_EDGE('',*,*,#2980,.T.);
#4171=ORIENTED_EDGE('',*,*,#2673,.T.);
#4172=ORIENTED_EDGE('',*,*,#2671,.F.);
#4173=ORIENTED_EDGE('',*,*,#2663,.T.);
#4174=ORIENTED_EDGE('',*,*,#2661,.F.);
#4175=ORIENTED_EDGE('',*,*,#2989,.T.);
#4176=ORIENTED_EDGE('',*,*,#2987,.T.);
#4177=ORIENTED_EDGE('',*,*,#2557,.F.);
#4178=ORIENTED_EDGE('',*,*,#2561,.T.);
#4179=ORIENTED_EDGE('',*,*,#2986,.T.);
#4180=ORIENTED_EDGE('',*,*,#2984,.T.);
#4181=ORIENTED_EDGE('',*,*,#2564,.F.);
#4182=ORIENTED_EDGE('',*,*,#2568,.T.);
#4183=ORIENTED_EDGE('',*,*,#2636,.T.);
#4184=ORIENTED_EDGE('',*,*,#2571,.F.);
#4185=ORIENTED_EDGE('',*,*,#2990,.F.);
#4186=ORIENTED_EDGE('',*,*,#2991,.F.);
#4187=ORIENTED_EDGE('',*,*,#2656,.F.);
#4188=ORIENTED_EDGE('',*,*,#2667,.F.);
#4189=ORIENTED_EDGE('',*,*,#2670,.T.);
#4190=ORIENTED_EDGE('',*,*,#2981,.T.);
#4191=ORIENTED_EDGE('',*,*,#2992,.F.);
#4192=ORIENTED_EDGE('',*,*,#2993,.T.);
#4193=ORIENTED_EDGE('',*,*,#2994,.F.);
#4194=ORIENTED_EDGE('',*,*,#2993,.F.);
#4195=ORIENTED_EDGE('',*,*,#2551,.F.);
#4196=ORIENTED_EDGE('',*,*,#2995,.F.);
#4197=ORIENTED_EDGE('',*,*,#2996,.F.);
#4198=ORIENTED_EDGE('',*,*,#2621,.F.);
#4199=ORIENTED_EDGE('',*,*,#2622,.F.);
#4200=ORIENTED_EDGE('',*,*,#2996,.T.);
#4201=ORIENTED_EDGE('',*,*,#2997,.F.);
#4202=ORIENTED_EDGE('',*,*,#2546,.F.);
#4203=ORIENTED_EDGE('',*,*,#2544,.F.);
#4204=ORIENTED_EDGE('',*,*,#2998,.F.);
#4205=ORIENTED_EDGE('',*,*,#2539,.F.);
#4206=ORIENTED_EDGE('',*,*,#2623,.F.);
#4207=ORIENTED_EDGE('',*,*,#2976,.T.);
#4208=ORIENTED_EDGE('',*,*,#2978,.T.);
#4209=ORIENTED_EDGE('',*,*,#2979,.T.);
#4210=ORIENTED_EDGE('',*,*,#2651,.F.);
#4211=ORIENTED_EDGE('',*,*,#2653,.F.);
#4212=ORIENTED_EDGE('',*,*,#2999,.F.);
#4213=ORIENTED_EDGE('',*,*,#3000,.F.);
#4214=ORIENTED_EDGE('',*,*,#2536,.F.);
#4215=ORIENTED_EDGE('',*,*,#2540,.T.);
#4216=ORIENTED_EDGE('',*,*,#2998,.T.);
#4217=ORIENTED_EDGE('',*,*,#2543,.F.);
#4218=ORIENTED_EDGE('',*,*,#2547,.T.);
#4219=ORIENTED_EDGE('',*,*,#2997,.T.);
#4220=ORIENTED_EDGE('',*,*,#2995,.T.);
#4221=ORIENTED_EDGE('',*,*,#2550,.F.);
#4222=ORIENTED_EDGE('',*,*,#2554,.T.);
#4223=ORIENTED_EDGE('',*,*,#2738,.T.);
#4224=ORIENTED_EDGE('',*,*,#2736,.F.);
#4225=ORIENTED_EDGE('',*,*,#2742,.T.);
#4226=ORIENTED_EDGE('',*,*,#2740,.F.);
#4227=ORIENTED_EDGE('',*,*,#2992,.T.);
#4228=ORIENTED_EDGE('',*,*,#3000,.T.);
#4229=ORIENTED_EDGE('',*,*,#3001,.T.);
#4230=ORIENTED_EDGE('',*,*,#3002,.F.);
#4231=ORIENTED_EDGE('',*,*,#3003,.T.);
#4232=ORIENTED_EDGE('',*,*,#2624,.F.);
#4233=ORIENTED_EDGE('',*,*,#2537,.F.);
#4234=ORIENTED_EDGE('',*,*,#2999,.T.);
#4235=ORIENTED_EDGE('',*,*,#2659,.T.);
#4236=ORIENTED_EDGE('',*,*,#3004,.F.);
#4237=ORIENTED_EDGE('',*,*,#3001,.F.);
#4238=ORIENTED_EDGE('',*,*,#2994,.T.);
#4239=ORIENTED_EDGE('',*,*,#2506,.F.);
#4240=ORIENTED_EDGE('',*,*,#2502,.F.);
#4241=ORIENTED_EDGE('',*,*,#3005,.F.);
#4242=ORIENTED_EDGE('',*,*,#3006,.F.);
#4243=ORIENTED_EDGE('',*,*,#2632,.F.);
#4244=ORIENTED_EDGE('',*,*,#2490,.F.);
#4245=ORIENTED_EDGE('',*,*,#3007,.F.);
#4246=ORIENTED_EDGE('',*,*,#3008,.T.);
#4247=ORIENTED_EDGE('',*,*,#3009,.F.);
#4248=ORIENTED_EDGE('',*,*,#3008,.F.);
#4249=ORIENTED_EDGE('',*,*,#3010,.F.);
#4250=ORIENTED_EDGE('',*,*,#3011,.T.);
#4251=ORIENTED_EDGE('',*,*,#3012,.F.);
#4252=ORIENTED_EDGE('',*,*,#3011,.F.);
#4253=ORIENTED_EDGE('',*,*,#2483,.F.);
#4254=ORIENTED_EDGE('',*,*,#3013,.F.);
#4255=ORIENTED_EDGE('',*,*,#3014,.F.);
#4256=ORIENTED_EDGE('',*,*,#2634,.F.);
#4257=ORIENTED_EDGE('',*,*,#2635,.F.);
#4258=ORIENTED_EDGE('',*,*,#3014,.T.);
#4259=ORIENTED_EDGE('',*,*,#3015,.F.);
#4260=ORIENTED_EDGE('',*,*,#2456,.F.);
#4261=ORIENTED_EDGE('',*,*,#2633,.F.);
#4262=ORIENTED_EDGE('',*,*,#3006,.T.);
#4263=ORIENTED_EDGE('',*,*,#3016,.F.);
#4264=ORIENTED_EDGE('',*,*,#2498,.F.);
#4265=ORIENTED_EDGE('',*,*,#3016,.T.);
#4266=ORIENTED_EDGE('',*,*,#3005,.T.);
#4267=ORIENTED_EDGE('',*,*,#2501,.F.);
#4268=ORIENTED_EDGE('',*,*,#2474,.F.);
#4269=ORIENTED_EDGE('',*,*,#2460,.F.);
#4270=ORIENTED_EDGE('',*,*,#2457,.T.);
#4271=ORIENTED_EDGE('',*,*,#3015,.T.);
#4272=ORIENTED_EDGE('',*,*,#3013,.T.);
#4273=ORIENTED_EDGE('',*,*,#2482,.F.);
#4274=ORIENTED_EDGE('',*,*,#2486,.T.);
#4275=ORIENTED_EDGE('',*,*,#2496,.F.);
#4276=ORIENTED_EDGE('',*,*,#2499,.T.);
#4277=ORIENTED_EDGE('',*,*,#3010,.T.);
#4278=ORIENTED_EDGE('',*,*,#3007,.T.);
#4279=ORIENTED_EDGE('',*,*,#3012,.T.);
#4280=ORIENTED_EDGE('',*,*,#2983,.T.);
#4281=ORIENTED_EDGE('',*,*,#3017,.T.);
#4282=ORIENTED_EDGE('',*,*,#3018,.T.);
#4283=ORIENTED_EDGE('',*,*,#3019,.T.);
#4284=ORIENTED_EDGE('',*,*,#3020,.T.);
#4285=ORIENTED_EDGE('',*,*,#3021,.T.);
#4286=ORIENTED_EDGE('',*,*,#3022,.T.);
#4287=ORIENTED_EDGE('',*,*,#3023,.F.);
#4288=ORIENTED_EDGE('',*,*,#3024,.T.);
#4289=ORIENTED_EDGE('',*,*,#3019,.F.);
#4290=ORIENTED_EDGE('',*,*,#3024,.F.);
#4291=ORIENTED_EDGE('',*,*,#3025,.F.);
#4292=ORIENTED_EDGE('',*,*,#3026,.T.);
#4293=ORIENTED_EDGE('',*,*,#2514,.F.);
#4294=ORIENTED_EDGE('',*,*,#3026,.F.);
#4295=ORIENTED_EDGE('',*,*,#3025,.T.);
#4296=ORIENTED_EDGE('',*,*,#3023,.T.);
#4297=ORIENTED_EDGE('',*,*,#3027,.F.);
#4298=ORIENTED_EDGE('',*,*,#3028,.T.);
#4299=ORIENTED_EDGE('',*,*,#3020,.F.);
#4300=ORIENTED_EDGE('',*,*,#3028,.F.);
#4301=ORIENTED_EDGE('',*,*,#3029,.F.);
#4302=ORIENTED_EDGE('',*,*,#3030,.T.);
#4303=ORIENTED_EDGE('',*,*,#2472,.F.);
#4304=ORIENTED_EDGE('',*,*,#3030,.F.);
#4305=ORIENTED_EDGE('',*,*,#3029,.T.);
#4306=ORIENTED_EDGE('',*,*,#3027,.T.);
#4307=ORIENTED_EDGE('',*,*,#3031,.F.);
#4308=ORIENTED_EDGE('',*,*,#3032,.T.);
#4309=ORIENTED_EDGE('',*,*,#3022,.F.);
#4310=ORIENTED_EDGE('',*,*,#3032,.F.);
#4311=ORIENTED_EDGE('',*,*,#3033,.F.);
#4312=ORIENTED_EDGE('',*,*,#3034,.T.);
#4313=ORIENTED_EDGE('',*,*,#2515,.F.);
#4314=ORIENTED_EDGE('',*,*,#3034,.F.);
#4315=ORIENTED_EDGE('',*,*,#3033,.T.);
#4316=ORIENTED_EDGE('',*,*,#3031,.T.);
#4317=ORIENTED_EDGE('',*,*,#3035,.F.);
#4318=ORIENTED_EDGE('',*,*,#3036,.T.);
#4319=ORIENTED_EDGE('',*,*,#3021,.F.);
#4320=ORIENTED_EDGE('',*,*,#3036,.F.);
#4321=ORIENTED_EDGE('',*,*,#3037,.F.);
#4322=ORIENTED_EDGE('',*,*,#3038,.T.);
#4323=ORIENTED_EDGE('',*,*,#2473,.F.);
#4324=ORIENTED_EDGE('',*,*,#3038,.F.);
#4325=ORIENTED_EDGE('',*,*,#3037,.T.);
#4326=ORIENTED_EDGE('',*,*,#3035,.T.);
#4327=ORIENTED_EDGE('',*,*,#3039,.F.);
#4328=ORIENTED_EDGE('',*,*,#3040,.T.);
#4329=ORIENTED_EDGE('',*,*,#3017,.F.);
#4330=ORIENTED_EDGE('',*,*,#3040,.F.);
#4331=ORIENTED_EDGE('',*,*,#3041,.F.);
#4332=ORIENTED_EDGE('',*,*,#3042,.T.);
#4333=ORIENTED_EDGE('',*,*,#3043,.F.);
#4334=ORIENTED_EDGE('',*,*,#3042,.F.);
#4335=ORIENTED_EDGE('',*,*,#3041,.T.);
#4336=ORIENTED_EDGE('',*,*,#3039,.T.);
#4337=ORIENTED_EDGE('',*,*,#3044,.T.);
#4338=ORIENTED_EDGE('',*,*,#3045,.F.);
#4339=ORIENTED_EDGE('',*,*,#3046,.T.);
#4340=ORIENTED_EDGE('',*,*,#2525,.T.);
#4341=ORIENTED_EDGE('',*,*,#3047,.T.);
#4342=ORIENTED_EDGE('',*,*,#3043,.T.);
#4343=ORIENTED_EDGE('',*,*,#3048,.F.);
#4344=ORIENTED_EDGE('',*,*,#3049,.T.);
#4345=ORIENTED_EDGE('',*,*,#3018,.F.);
#4346=ORIENTED_EDGE('',*,*,#3049,.F.);
#4347=ORIENTED_EDGE('',*,*,#3050,.F.);
#4348=ORIENTED_EDGE('',*,*,#3051,.T.);
#4349=ORIENTED_EDGE('',*,*,#3052,.F.);
#4350=ORIENTED_EDGE('',*,*,#3051,.F.);
#4351=ORIENTED_EDGE('',*,*,#3050,.T.);
#4352=ORIENTED_EDGE('',*,*,#3048,.T.);
#4353=ORIENTED_EDGE('',*,*,#3053,.T.);
#4354=ORIENTED_EDGE('',*,*,#3054,.T.);
#4355=ORIENTED_EDGE('',*,*,#3055,.T.);
#4356=ORIENTED_EDGE('',*,*,#3056,.T.);
#4357=ORIENTED_EDGE('',*,*,#3057,.F.);
#4358=ORIENTED_EDGE('',*,*,#3052,.T.);
#4359=ORIENTED_EDGE('',*,*,#3058,.F.);
#4360=ORIENTED_EDGE('',*,*,#2512,.F.);
#4361=ORIENTED_EDGE('',*,*,#2526,.T.);
#4362=ORIENTED_EDGE('',*,*,#3046,.F.);
#4363=ORIENTED_EDGE('',*,*,#2630,.F.);
#4364=ORIENTED_EDGE('',*,*,#3059,.T.);
#4365=ORIENTED_EDGE('',*,*,#3047,.F.);
#4366=ORIENTED_EDGE('',*,*,#2524,.F.);
#4367=ORIENTED_EDGE('',*,*,#2522,.F.);
#4368=ORIENTED_EDGE('',*,*,#2509,.F.);
#4369=ORIENTED_EDGE('',*,*,#2519,.F.);
#4370=ORIENTED_EDGE('',*,*,#2631,.F.);
#4371=ORIENTED_EDGE('',*,*,#3045,.T.);
#4372=ORIENTED_EDGE('',*,*,#3060,.T.);
#4373=ORIENTED_EDGE('',*,*,#3061,.F.);
#4374=ORIENTED_EDGE('',*,*,#3062,.F.);
#4375=ORIENTED_EDGE('',*,*,#3063,.T.);
#4376=ORIENTED_EDGE('',*,*,#3056,.F.);
#4377=ORIENTED_EDGE('',*,*,#3064,.F.);
#4378=ORIENTED_EDGE('',*,*,#2465,.F.);
#4379=ORIENTED_EDGE('',*,*,#2466,.T.);
#4380=ORIENTED_EDGE('',*,*,#3064,.T.);
#4381=ORIENTED_EDGE('',*,*,#3055,.F.);
#4382=ORIENTED_EDGE('',*,*,#3065,.F.);
#4383=ORIENTED_EDGE('',*,*,#2578,.F.);
#4384=ORIENTED_EDGE('',*,*,#2647,.F.);
#4385=ORIENTED_EDGE('',*,*,#2579,.F.);
#4386=ORIENTED_EDGE('',*,*,#3065,.T.);
#4387=ORIENTED_EDGE('',*,*,#3054,.F.);
#4388=ORIENTED_EDGE('',*,*,#3066,.F.);
#4389=ORIENTED_EDGE('',*,*,#3009,.T.);
#4390=ORIENTED_EDGE('',*,*,#2645,.F.);
#4391=ORIENTED_EDGE('',*,*,#2469,.F.);
#4392=ORIENTED_EDGE('',*,*,#2648,.F.);
#4393=ORIENTED_EDGE('',*,*,#2575,.F.);
#4394=ORIENTED_EDGE('',*,*,#2643,.F.);
#4395=ORIENTED_EDGE('',*,*,#3067,.F.);
#4396=ORIENTED_EDGE('',*,*,#3068,.F.);
#4397=ORIENTED_EDGE('',*,*,#3063,.F.);
#4398=ORIENTED_EDGE('',*,*,#2464,.T.);
#4399=ORIENTED_EDGE('',*,*,#2530,.F.);
#4400=ORIENTED_EDGE('',*,*,#3069,.F.);
#4401=ORIENTED_EDGE('',*,*,#3070,.F.);
#4402=ORIENTED_EDGE('',*,*,#2628,.F.);
#4403=ORIENTED_EDGE('',*,*,#2629,.F.);
#4404=ORIENTED_EDGE('',*,*,#3070,.T.);
#4405=ORIENTED_EDGE('',*,*,#3071,.F.);
#4406=ORIENTED_EDGE('',*,*,#3060,.F.);
#4407=ORIENTED_EDGE('',*,*,#3044,.F.);
#4408=ORIENTED_EDGE('',*,*,#3059,.F.);
#4409=ORIENTED_EDGE('',*,*,#2504,.F.);
#4410=ORIENTED_EDGE('',*,*,#2513,.T.);
#4411=ORIENTED_EDGE('',*,*,#3058,.T.);
#4412=ORIENTED_EDGE('',*,*,#3062,.T.);
#4413=ORIENTED_EDGE('',*,*,#3072,.F.);
#4414=ORIENTED_EDGE('',*,*,#3057,.T.);
#4415=ORIENTED_EDGE('',*,*,#3068,.T.);
#4416=ORIENTED_EDGE('',*,*,#3073,.F.);
#4417=ORIENTED_EDGE('',*,*,#3074,.F.);
#4418=ORIENTED_EDGE('',*,*,#2580,.F.);
#4419=ORIENTED_EDGE('',*,*,#3066,.T.);
#4420=ORIENTED_EDGE('',*,*,#3053,.F.);
#4421=ORIENTED_EDGE('',*,*,#3074,.T.);
#4422=ORIENTED_EDGE('',*,*,#3075,.F.);
#4423=ORIENTED_EDGE('',*,*,#2640,.F.);
#4424=ORIENTED_EDGE('',*,*,#2639,.F.);
#4425=ORIENTED_EDGE('',*,*,#3076,.F.);
#4426=ORIENTED_EDGE('',*,*,#3077,.F.);
#4427=ORIENTED_EDGE('',*,*,#2583,.F.);
#4428=ORIENTED_EDGE('',*,*,#2533,.T.);
#4429=ORIENTED_EDGE('',*,*,#3078,.T.);
#4430=ORIENTED_EDGE('',*,*,#3076,.T.);
#4431=ORIENTED_EDGE('',*,*,#2638,.F.);
#4432=ORIENTED_EDGE('',*,*,#2641,.T.);
#4433=ORIENTED_EDGE('',*,*,#3075,.T.);
#4434=ORIENTED_EDGE('',*,*,#3073,.T.);
#4435=ORIENTED_EDGE('',*,*,#3067,.T.);
#4436=ORIENTED_EDGE('',*,*,#2642,.F.);
#4437=ORIENTED_EDGE('',*,*,#2478,.T.);
#4438=ORIENTED_EDGE('',*,*,#2505,.F.);
#4439=ORIENTED_EDGE('',*,*,#3072,.T.);
#4440=ORIENTED_EDGE('',*,*,#3061,.T.);
#4441=ORIENTED_EDGE('',*,*,#3071,.T.);
#4442=ORIENTED_EDGE('',*,*,#3069,.T.);
#4443=ORIENTED_EDGE('',*,*,#2529,.F.);
#4444=ORIENTED_EDGE('',*,*,#3079,.F.);
#4445=ORIENTED_EDGE('',*,*,#2625,.T.);
#4446=ORIENTED_EDGE('',*,*,#3003,.F.);
#4447=ORIENTED_EDGE('',*,*,#3080,.T.);
#4448=ORIENTED_EDGE('',*,*,#2418,.F.);
#4449=ORIENTED_EDGE('',*,*,#3081,.T.);
#4450=ORIENTED_EDGE('',*,*,#3082,.F.);
#4451=ORIENTED_EDGE('',*,*,#2585,.T.);
#4452=ORIENTED_EDGE('',*,*,#2407,.F.);
#4453=ORIENTED_EDGE('',*,*,#3083,.T.);
#4454=ORIENTED_EDGE('',*,*,#2626,.T.);
#4455=ORIENTED_EDGE('',*,*,#3084,.F.);
#4456=ORIENTED_EDGE('',*,*,#2410,.F.);
#4457=ORIENTED_EDGE('',*,*,#3084,.T.);
#4458=ORIENTED_EDGE('',*,*,#3079,.T.);
#4459=ORIENTED_EDGE('',*,*,#3085,.F.);
#4460=ORIENTED_EDGE('',*,*,#3086,.F.);
#4461=ORIENTED_EDGE('',*,*,#3080,.F.);
#4462=ORIENTED_EDGE('',*,*,#3002,.T.);
#4463=ORIENTED_EDGE('',*,*,#3004,.T.);
#4464=ORIENTED_EDGE('',*,*,#2658,.T.);
#4465=ORIENTED_EDGE('',*,*,#3087,.T.);
#4466=ORIENTED_EDGE('',*,*,#3088,.T.);
#4467=ORIENTED_EDGE('',*,*,#3081,.F.);
#4468=ORIENTED_EDGE('',*,*,#2417,.T.);
#4469=ORIENTED_EDGE('',*,*,#2420,.T.);
#4470=ORIENTED_EDGE('',*,*,#2422,.T.);
#4471=ORIENTED_EDGE('',*,*,#3089,.T.);
#4472=ORIENTED_EDGE('',*,*,#3085,.T.);
#4473=ORIENTED_EDGE('',*,*,#2570,.F.);
#4474=ORIENTED_EDGE('',*,*,#2586,.F.);
#4475=ORIENTED_EDGE('',*,*,#3082,.T.);
#4476=ORIENTED_EDGE('',*,*,#3088,.F.);
#4477=ORIENTED_EDGE('',*,*,#3090,.F.);
#4478=ORIENTED_EDGE('',*,*,#2990,.T.);
#4479=ORIENTED_EDGE('',*,*,#2991,.T.);
#4480=ORIENTED_EDGE('',*,*,#3090,.T.);
#4481=ORIENTED_EDGE('',*,*,#3087,.F.);
#4482=ORIENTED_EDGE('',*,*,#2657,.F.);
#4483=ORIENTED_EDGE('',*,*,#2412,.F.);
#4484=ORIENTED_EDGE('',*,*,#3086,.T.);
#4485=ORIENTED_EDGE('',*,*,#3089,.F.);
#4486=ORIENTED_EDGE('',*,*,#2421,.F.);
#4487=ORIENTED_EDGE('',*,*,#2404,.F.);
#4488=ORIENTED_EDGE('',*,*,#2415,.F.);
#4489=ORIENTED_EDGE('',*,*,#2584,.T.);
#4490=ORIENTED_EDGE('',*,*,#3077,.T.);
#4491=ORIENTED_EDGE('',*,*,#3078,.F.);
#4492=ORIENTED_EDGE('',*,*,#2532,.F.);
#4493=ORIENTED_EDGE('',*,*,#2627,.T.);
#4494=ORIENTED_EDGE('',*,*,#3083,.F.);
#4495=CYLINDRICAL_SURFACE('',#4870,0.8);
#4496=CYLINDRICAL_SURFACE('',#4877,0.8);
#4497=CYLINDRICAL_SURFACE('',#4883,0.8);
#4498=CYLINDRICAL_SURFACE('',#4889,0.8);
#4499=CYLINDRICAL_SURFACE('',#4894,6.00000000000001);
#4500=CYLINDRICAL_SURFACE('',#4897,6.00000000000005);
#4501=CYLINDRICAL_SURFACE('',#4909,1.);
#4502=CYLINDRICAL_SURFACE('',#4913,1.);
#4503=CYLINDRICAL_SURFACE('',#4923,1.);
#4504=CYLINDRICAL_SURFACE('',#4927,1.);
#4505=CYLINDRICAL_SURFACE('',#4931,1.);
#4506=CYLINDRICAL_SURFACE('',#4935,1.);
#4507=CYLINDRICAL_SURFACE('',#4938,1.);
#4508=CYLINDRICAL_SURFACE('',#4946,1.);
#4509=CYLINDRICAL_SURFACE('',#4949,1.);
#4510=CYLINDRICAL_SURFACE('',#4952,1.);
#4511=CYLINDRICAL_SURFACE('',#4956,1.);
#4512=CYLINDRICAL_SURFACE('',#4960,1.);
#4513=CYLINDRICAL_SURFACE('',#4964,1.);
#4514=CYLINDRICAL_SURFACE('',#4968,1.);
#4515=CYLINDRICAL_SURFACE('',#4972,1.);
#4516=CYLINDRICAL_SURFACE('',#4976,1.);
#4517=CYLINDRICAL_SURFACE('',#5002,1.);
#4518=CYLINDRICAL_SURFACE('',#5005,1.);
#4519=CYLINDRICAL_SURFACE('',#5007,1.);
#4520=CYLINDRICAL_SURFACE('',#5009,1.);
#4521=CYLINDRICAL_SURFACE('',#5011,0.5);
#4522=CYLINDRICAL_SURFACE('',#5015,0.5);
#4523=CYLINDRICAL_SURFACE('',#5018,0.5);
#4524=CYLINDRICAL_SURFACE('',#5022,0.5);
#4525=CYLINDRICAL_SURFACE('',#5025,0.5);
#4526=CYLINDRICAL_SURFACE('',#5028,0.499999999999999);
#4527=CYLINDRICAL_SURFACE('',#5032,0.499999999999999);
#4528=CYLINDRICAL_SURFACE('',#5035,0.499999999999999);
#4529=CYLINDRICAL_SURFACE('',#5039,0.499999999999999);
#4530=CYLINDRICAL_SURFACE('',#5042,0.5);
#4531=CYLINDRICAL_SURFACE('',#5045,0.5);
#4532=CYLINDRICAL_SURFACE('',#5048,0.499999999999998);
#4533=CYLINDRICAL_SURFACE('',#5051,0.499999999999998);
#4534=CYLINDRICAL_SURFACE('',#5055,0.499999999999999);
#4535=CYLINDRICAL_SURFACE('',#5058,0.499999999999999);
#4536=CYLINDRICAL_SURFACE('',#5062,0.5);
#4537=CYLINDRICAL_SURFACE('',#5065,0.5);
#4538=CYLINDRICAL_SURFACE('',#5068,0.5);
#4539=CYLINDRICAL_SURFACE('',#5081,0.5);
#4540=CYLINDRICAL_SURFACE('',#5082,0.5);
#4541=CYLINDRICAL_SURFACE('',#5084,0.5);
#4542=CYLINDRICAL_SURFACE('',#5086,0.3);
#4543=CYLINDRICAL_SURFACE('',#5095,0.3);
#4544=CYLINDRICAL_SURFACE('',#5098,0.3);
#4545=CYLINDRICAL_SURFACE('',#5100,0.3);
#4546=CYLINDRICAL_SURFACE('',#5103,0.3);
#4547=CYLINDRICAL_SURFACE('',#5111,0.3);
#4548=CYLINDRICAL_SURFACE('',#5114,0.3);
#4549=CYLINDRICAL_SURFACE('',#5117,0.3);
#4550=CYLINDRICAL_SURFACE('',#5120,0.3);
#4551=CYLINDRICAL_SURFACE('',#5128,0.3);
#4552=CYLINDRICAL_SURFACE('',#5131,0.3);
#4553=CYLINDRICAL_SURFACE('',#5133,0.3);
#4554=CYLINDRICAL_SURFACE('',#5135,0.3);
#4555=CYLINDRICAL_SURFACE('',#5138,0.3);
#4556=CYLINDRICAL_SURFACE('',#5151,0.199999999999997);
#4557=CYLINDRICAL_SURFACE('',#5156,0.200000000000458);
#4558=CYLINDRICAL_SURFACE('',#5160,0.199999999999999);
#4559=CYLINDRICAL_SURFACE('',#5168,2.14999999999999);
#4560=CYLINDRICAL_SURFACE('',#5172,0.750000000000002);
#4561=CYLINDRICAL_SURFACE('',#5177,2.14999999999999);
#4562=CYLINDRICAL_SURFACE('',#5180,2.14999999999999);
#4563=CYLINDRICAL_SURFACE('',#5184,0.749999999999993);
#4564=CYLINDRICAL_SURFACE('',#5189,2.14999999999999);
#4565=CYLINDRICAL_SURFACE('',#5194,1.84999999999999);
#4566=CYLINDRICAL_SURFACE('',#5196,1.84999999999999);
#4567=CYLINDRICAL_SURFACE('',#5205,0.800000000000001);
#4568=CYLINDRICAL_SURFACE('',#5209,1.99999999999999);
#4569=CYLINDRICAL_SURFACE('',#5215,0.800000000000001);
#4570=CYLINDRICAL_SURFACE('',#5219,1.99999999999999);
#4571=CYLINDRICAL_SURFACE('',#5225,5.20000000000003);
#4572=CYLINDRICAL_SURFACE('',#5229,0.749999999999993);
#4573=CYLINDRICAL_SURFACE('',#5232,0.749999999999993);
#4574=CYLINDRICAL_SURFACE('',#5236,1.6);
#4575=CYLINDRICAL_SURFACE('',#5238,1.6);
#4576=CYLINDRICAL_SURFACE('',#5255,0.800000000000001);
#4577=CYLINDRICAL_SURFACE('',#5257,2.3);
#4578=CYLINDRICAL_SURFACE('',#5260,0.800000000000001);
#4579=CYLINDRICAL_SURFACE('',#5262,2.3);
#4580=CYLINDRICAL_SURFACE('',#5265,0.800000000000001);
#4581=CYLINDRICAL_SURFACE('',#5267,2.3);
#4582=CYLINDRICAL_SURFACE('',#5270,0.800000000000001);
#4583=CYLINDRICAL_SURFACE('',#5272,2.3);
#4584=CYLINDRICAL_SURFACE('',#5275,0.800000000000001);
#4585=CYLINDRICAL_SURFACE('',#5277,1.45);
#4586=CYLINDRICAL_SURFACE('',#5282,0.800000000000001);
#4587=CYLINDRICAL_SURFACE('',#5284,1.45);
#4588=CYLINDRICAL_SURFACE('',#5306,6.00000000000001);
#4589=CYLINDRICAL_SURFACE('',#5312,5.20000000000005);
#4590=CYLINDRICAL_SURFACE('',#5313,6.00000000000005);
#4591=ADVANCED_FACE('',(#257),#4495,.T.);
#4592=ADVANCED_FACE('',(#258),#253,.T.);
#4593=ADVANCED_FACE('',(#259),#4496,.T.);
#4594=ADVANCED_FACE('',(#260),#254,.T.);
#4595=ADVANCED_FACE('',(#261),#4497,.T.);
#4596=ADVANCED_FACE('',(#262),#255,.T.);
#4597=ADVANCED_FACE('',(#263),#4498,.T.);
#4598=ADVANCED_FACE('',(#264),#256,.T.);
#4599=ADVANCED_FACE('',(#265),#4499,.T.);
#4600=ADVANCED_FACE('',(#266),#112,.T.);
#4601=ADVANCED_FACE('',(#267),#4500,.T.);
#4602=ADVANCED_FACE('',(#268),#113,.T.);
#4603=ADVANCED_FACE('',(#269,#42),#114,.F.);
#4604=ADVANCED_FACE('',(#270),#4501,.F.);
#4605=ADVANCED_FACE('',(#271),#115,.T.);
#4606=ADVANCED_FACE('',(#272),#4502,.F.);
#4607=ADVANCED_FACE('',(#273,#43,#44),#116,.T.);
#4608=ADVANCED_FACE('',(#274),#117,.T.);
#4609=ADVANCED_FACE('',(#275),#4503,.F.);
#4610=ADVANCED_FACE('',(#276),#118,.T.);
#4611=ADVANCED_FACE('',(#277),#4504,.F.);
#4612=ADVANCED_FACE('',(#278),#119,.T.);
#4613=ADVANCED_FACE('',(#279),#4505,.F.);
#4614=ADVANCED_FACE('',(#280),#120,.T.);
#4615=ADVANCED_FACE('',(#281),#4506,.F.);
#4616=ADVANCED_FACE('',(#282),#4507,.F.);
#4617=ADVANCED_FACE('',(#283,#45,#46),#121,.T.);
#4618=ADVANCED_FACE('',(#284),#4508,.F.);
#4619=ADVANCED_FACE('',(#285),#122,.T.);
#4620=ADVANCED_FACE('',(#286),#4509,.F.);
#4621=ADVANCED_FACE('',(#287),#123,.T.);
#4622=ADVANCED_FACE('',(#288),#4510,.F.);
#4623=ADVANCED_FACE('',(#289),#124,.T.);
#4624=ADVANCED_FACE('',(#290),#4511,.F.);
#4625=ADVANCED_FACE('',(#291),#125,.T.);
#4626=ADVANCED_FACE('',(#292),#4512,.F.);
#4627=ADVANCED_FACE('',(#293),#126,.T.);
#4628=ADVANCED_FACE('',(#294),#4513,.F.);
#4629=ADVANCED_FACE('',(#295),#127,.T.);
#4630=ADVANCED_FACE('',(#296),#4514,.F.);
#4631=ADVANCED_FACE('',(#297),#128,.T.);
#4632=ADVANCED_FACE('',(#298),#4515,.F.);
#4633=ADVANCED_FACE('',(#299),#129,.T.);
#4634=ADVANCED_FACE('',(#300),#4516,.F.);
#4635=ADVANCED_FACE('',(#301),#130,.T.);
#4636=ADVANCED_FACE('',(#302),#131,.T.);
#4637=ADVANCED_FACE('',(#303),#4517,.F.);
#4638=ADVANCED_FACE('',(#304),#132,.T.);
#4639=ADVANCED_FACE('',(#305),#4518,.F.);
#4640=ADVANCED_FACE('',(#306),#4519,.F.);
#4641=ADVANCED_FACE('',(#307),#133,.T.);
#4642=ADVANCED_FACE('',(#308),#4520,.F.);
#4643=ADVANCED_FACE('',(#309),#134,.T.);
#4644=ADVANCED_FACE('',(#310),#4521,.F.);
#4645=ADVANCED_FACE('',(#311),#135,.T.);
#4646=ADVANCED_FACE('',(#312),#4522,.F.);
#4647=ADVANCED_FACE('',(#313),#136,.T.);
#4648=ADVANCED_FACE('',(#314),#4523,.F.);
#4649=ADVANCED_FACE('',(#315),#137,.T.);
#4650=ADVANCED_FACE('',(#316),#4524,.F.);
#4651=ADVANCED_FACE('',(#317),#138,.T.);
#4652=ADVANCED_FACE('',(#318),#4525,.F.);
#4653=ADVANCED_FACE('',(#319),#139,.T.);
#4654=ADVANCED_FACE('',(#320),#4526,.F.);
#4655=ADVANCED_FACE('',(#321),#140,.T.);
#4656=ADVANCED_FACE('',(#322),#4527,.F.);
#4657=ADVANCED_FACE('',(#323),#4528,.F.);
#4658=ADVANCED_FACE('',(#324),#141,.T.);
#4659=ADVANCED_FACE('',(#325),#4529,.F.);
#4660=ADVANCED_FACE('',(#326),#4530,.F.);
#4661=ADVANCED_FACE('',(#327),#142,.T.);
#4662=ADVANCED_FACE('',(#328),#4531,.F.);
#4663=ADVANCED_FACE('',(#329),#143,.T.);
#4664=ADVANCED_FACE('',(#330),#4532,.F.);
#4665=ADVANCED_FACE('',(#331),#4533,.F.);
#4666=ADVANCED_FACE('',(#332),#144,.T.);
#4667=ADVANCED_FACE('',(#333),#4534,.F.);
#4668=ADVANCED_FACE('',(#334),#4535,.F.);
#4669=ADVANCED_FACE('',(#335),#145,.T.);
#4670=ADVANCED_FACE('',(#336),#4536,.F.);
#4671=ADVANCED_FACE('',(#337),#146,.T.);
#4672=ADVANCED_FACE('',(#338),#4537,.F.);
#4673=ADVANCED_FACE('',(#339),#147,.T.);
#4674=ADVANCED_FACE('',(#340),#4538,.T.);
#4675=ADVANCED_FACE('',(#341,#47,#48),#148,.T.);
#4676=ADVANCED_FACE('',(#342),#149,.T.);
#4677=ADVANCED_FACE('',(#343),#4539,.F.);
#4678=ADVANCED_FACE('',(#344),#4540,.F.);
#4679=ADVANCED_FACE('',(#345),#150,.T.);
#4680=ADVANCED_FACE('',(#346),#4541,.F.);
#4681=ADVANCED_FACE('',(#347),#151,.T.);
#4682=ADVANCED_FACE('',(#348),#4542,.T.);
#4683=ADVANCED_FACE('',(#349),#152,.F.);
#4684=ADVANCED_FACE('',(#350),#153,.F.);
#4685=ADVANCED_FACE('',(#351),#4543,.T.);
#4686=ADVANCED_FACE('',(#352),#154,.F.);
#4687=ADVANCED_FACE('',(#353),#4544,.T.);
#4688=ADVANCED_FACE('',(#354),#4545,.T.);
#4689=ADVANCED_FACE('',(#355),#155,.F.);
#4690=ADVANCED_FACE('',(#356),#4546,.T.);
#4691=ADVANCED_FACE('',(#357),#156,.F.);
#4692=ADVANCED_FACE('',(#358),#157,.F.);
#4693=ADVANCED_FACE('',(#359),#4547,.T.);
#4694=ADVANCED_FACE('',(#360),#158,.F.);
#4695=ADVANCED_FACE('',(#361),#4548,.T.);
#4696=ADVANCED_FACE('',(#362),#159,.F.);
#4697=ADVANCED_FACE('',(#363),#4549,.T.);
#4698=ADVANCED_FACE('',(#364),#160,.F.);
#4699=ADVANCED_FACE('',(#365),#4550,.T.);
#4700=ADVANCED_FACE('',(#366),#161,.F.);
#4701=ADVANCED_FACE('',(#367),#162,.F.);
#4702=ADVANCED_FACE('',(#368),#4551,.T.);
#4703=ADVANCED_FACE('',(#369),#163,.F.);
#4704=ADVANCED_FACE('',(#370),#4552,.T.);
#4705=ADVANCED_FACE('',(#371),#4553,.T.);
#4706=ADVANCED_FACE('',(#372),#4554,.T.);
#4707=ADVANCED_FACE('',(#373),#164,.F.);
#4708=ADVANCED_FACE('',(#374),#4555,.T.);
#4709=ADVANCED_FACE('',(#375),#165,.F.);
#4710=ADVANCED_FACE('',(#376),#166,.F.);
#4711=ADVANCED_FACE('',(#377),#25,.F.);
#4712=ADVANCED_FACE('',(#378),#26,.F.);
#4713=ADVANCED_FACE('',(#379),#27,.F.);
#4714=ADVANCED_FACE('',(#380),#28,.F.);
#4715=ADVANCED_FACE('',(#381),#167,.F.);
#4716=ADVANCED_FACE('',(#382),#168,.F.);
#4717=ADVANCED_FACE('',(#383),#169,.F.);
#4718=ADVANCED_FACE('',(#384),#170,.F.);
#4719=ADVANCED_FACE('',(#385),#29,.F.);
#4720=ADVANCED_FACE('',(#386),#171,.F.);
#4721=ADVANCED_FACE('',(#387),#30,.F.);
#4722=ADVANCED_FACE('',(#388),#31,.F.);
#4723=ADVANCED_FACE('',(#389),#172,.F.);
#4724=ADVANCED_FACE('',(#390),#173,.F.);
#4725=ADVANCED_FACE('',(#391),#174,.F.);
#4726=ADVANCED_FACE('',(#392),#32,.F.);
#4727=ADVANCED_FACE('',(#393),#33,.F.);
#4728=ADVANCED_FACE('',(#394),#19,.T.);
#4729=ADVANCED_FACE('',(#395),#34,.F.);
#4730=ADVANCED_FACE('',(#396),#35,.F.);
#4731=ADVANCED_FACE('',(#397),#36,.F.);
#4732=ADVANCED_FACE('',(#398),#4556,.F.);
#4733=ADVANCED_FACE('',(#399),#20,.T.);
#4734=ADVANCED_FACE('',(#400),#37,.F.);
#4735=ADVANCED_FACE('',(#401),#21,.T.);
#4736=ADVANCED_FACE('',(#402),#175,.F.);
#4737=ADVANCED_FACE('',(#403),#4557,.F.);
#4738=ADVANCED_FACE('',(#404),#176,.F.);
#4739=ADVANCED_FACE('',(#405),#38,.F.);
#4740=ADVANCED_FACE('',(#406),#177,.F.);
#4741=ADVANCED_FACE('',(#407),#4558,.F.);
#4742=ADVANCED_FACE('',(#408),#178,.F.);
#4743=ADVANCED_FACE('',(#409),#39,.F.);
#4744=ADVANCED_FACE('',(#410),#179,.F.);
#4745=ADVANCED_FACE('',(#411),#22,.T.);
#4746=ADVANCED_FACE('',(#412),#180,.F.);
#4747=ADVANCED_FACE('',(#413),#40,.F.);
#4748=ADVANCED_FACE('',(#414),#181,.F.);
#4749=ADVANCED_FACE('',(#415),#41,.F.);
#4750=ADVANCED_FACE('',(#416,#49,#50,#51),#182,.T.);
#4751=ADVANCED_FACE('',(#417),#4559,.T.);
#4752=ADVANCED_FACE('',(#418),#183,.T.);
#4753=ADVANCED_FACE('',(#419),#184,.T.);
#4754=ADVANCED_FACE('',(#420),#4560,.F.);
#4755=ADVANCED_FACE('',(#421),#185,.T.);
#4756=ADVANCED_FACE('',(#422),#186,.T.);
#4757=ADVANCED_FACE('',(#423),#4561,.T.);
#4758=ADVANCED_FACE('',(#424,#52),#187,.T.);
#4759=ADVANCED_FACE('',(#425),#4562,.T.);
#4760=ADVANCED_FACE('',(#426),#188,.T.);
#4761=ADVANCED_FACE('',(#427),#189,.T.);
#4762=ADVANCED_FACE('',(#428),#4563,.F.);
#4763=ADVANCED_FACE('',(#429),#190,.T.);
#4764=ADVANCED_FACE('',(#430),#191,.T.);
#4765=ADVANCED_FACE('',(#431),#4564,.T.);
#4766=ADVANCED_FACE('',(#432,#53),#192,.T.);
#4767=ADVANCED_FACE('',(#433),#193,.T.);
#4768=ADVANCED_FACE('',(#434),#194,.T.);
#4769=ADVANCED_FACE('',(#435),#4565,.T.);
#4770=ADVANCED_FACE('',(#436),#195,.T.);
#4771=ADVANCED_FACE('',(#437),#4566,.T.);
#4772=ADVANCED_FACE('',(#438),#196,.T.);
#4773=ADVANCED_FACE('',(#439),#197,.T.);
#4774=ADVANCED_FACE('',(#440),#198,.T.);
#4775=ADVANCED_FACE('',(#441),#199,.T.);
#4776=ADVANCED_FACE('',(#442),#200,.T.);
#4777=ADVANCED_FACE('',(#443),#201,.T.);
#4778=ADVANCED_FACE('',(#444),#202,.T.);
#4779=ADVANCED_FACE('',(#445),#203,.T.);
#4780=ADVANCED_FACE('',(#446),#4567,.F.);
#4781=ADVANCED_FACE('',(#447),#204,.T.);
#4782=ADVANCED_FACE('',(#448),#4568,.T.);
#4783=ADVANCED_FACE('',(#449),#205,.T.);
#4784=ADVANCED_FACE('',(#450),#206,.T.);
#4785=ADVANCED_FACE('',(#451,#54),#207,.T.);
#4786=ADVANCED_FACE('',(#452),#4569,.F.);
#4787=ADVANCED_FACE('',(#453),#208,.T.);
#4788=ADVANCED_FACE('',(#454),#4570,.T.);
#4789=ADVANCED_FACE('',(#455),#209,.T.);
#4790=ADVANCED_FACE('',(#456,#55),#210,.T.);
#4791=ADVANCED_FACE('',(#457),#211,.T.);
#4792=ADVANCED_FACE('',(#458),#4571,.F.);
#4793=ADVANCED_FACE('',(#459),#212,.T.);
#4794=ADVANCED_FACE('',(#460),#213,.T.);
#4795=ADVANCED_FACE('',(#461),#4572,.F.);
#4796=ADVANCED_FACE('',(#462),#4573,.F.);
#4797=ADVANCED_FACE('',(#463),#214,.T.);
#4798=ADVANCED_FACE('',(#464),#4574,.T.);
#4799=ADVANCED_FACE('',(#465),#4575,.T.);
#4800=ADVANCED_FACE('',(#466,#56,#57),#215,.T.);
#4801=ADVANCED_FACE('',(#467),#216,.T.);
#4802=ADVANCED_FACE('',(#468),#217,.T.);
#4803=ADVANCED_FACE('',(#469),#218,.T.);
#4804=ADVANCED_FACE('',(#470),#219,.T.);
#4805=ADVANCED_FACE('',(#471),#220,.T.);
#4806=ADVANCED_FACE('',(#472),#221,.T.);
#4807=ADVANCED_FACE('',(#473),#222,.T.);
#4808=ADVANCED_FACE('',(#474),#223,.T.);
#4809=ADVANCED_FACE('',(#475),#4576,.F.);
#4810=ADVANCED_FACE('',(#476),#4577,.T.);
#4811=ADVANCED_FACE('',(#477,#58),#224,.T.);
#4812=ADVANCED_FACE('',(#478),#4578,.F.);
#4813=ADVANCED_FACE('',(#479),#4579,.T.);
#4814=ADVANCED_FACE('',(#480,#59),#225,.T.);
#4815=ADVANCED_FACE('',(#481),#4580,.F.);
#4816=ADVANCED_FACE('',(#482),#4581,.T.);
#4817=ADVANCED_FACE('',(#483,#60),#226,.T.);
#4818=ADVANCED_FACE('',(#484),#4582,.F.);
#4819=ADVANCED_FACE('',(#485),#4583,.T.);
#4820=ADVANCED_FACE('',(#486,#61),#227,.T.);
#4821=ADVANCED_FACE('',(#487),#4584,.F.);
#4822=ADVANCED_FACE('',(#488),#4585,.T.);
#4823=ADVANCED_FACE('',(#489,#62),#228,.T.);
#4824=ADVANCED_FACE('',(#490,#63),#229,.T.);
#4825=ADVANCED_FACE('',(#491),#4586,.F.);
#4826=ADVANCED_FACE('',(#492),#4587,.T.);
#4827=ADVANCED_FACE('',(#493,#64),#230,.T.);
#4828=ADVANCED_FACE('',(#494,#65),#231,.T.);
#4829=ADVANCED_FACE('',(#495),#232,.T.);
#4830=ADVANCED_FACE('',(#496),#233,.T.);
#4831=ADVANCED_FACE('',(#497),#234,.T.);
#4832=ADVANCED_FACE('',(#498),#235,.T.);
#4833=ADVANCED_FACE('',(#499),#236,.T.);
#4834=ADVANCED_FACE('',(#500),#237,.T.);
#4835=ADVANCED_FACE('',(#501),#238,.T.);
#4836=ADVANCED_FACE('',(#502),#239,.T.);
#4837=ADVANCED_FACE('',(#503),#240,.T.);
#4838=ADVANCED_FACE('',(#504),#241,.T.);
#4839=ADVANCED_FACE('',(#505),#242,.T.);
#4840=ADVANCED_FACE('',(#506),#243,.T.);
#4841=ADVANCED_FACE('',(#507),#244,.T.);
#4842=ADVANCED_FACE('',(#508),#245,.T.);
#4843=ADVANCED_FACE('',(#509),#246,.T.);
#4844=ADVANCED_FACE('',(#510),#247,.T.);
#4845=ADVANCED_FACE('',(#511),#248,.T.);
#4846=ADVANCED_FACE('',(#512),#23,.F.);
#4847=ADVANCED_FACE('',(#513),#24,.F.);
#4848=ADVANCED_FACE('',(#514),#4588,.T.);
#4849=ADVANCED_FACE('',(#515),#249,.T.);
#4850=ADVANCED_FACE('',(#516),#250,.T.);
#4851=ADVANCED_FACE('',(#517),#251,.T.);
#4852=ADVANCED_FACE('',(#518),#4589,.F.);
#4853=ADVANCED_FACE('',(#519),#4590,.T.);
#4854=ADVANCED_FACE('',(#520),#252,.T.);
#4855=CLOSED_SHELL('',(#4591,#4592,#4593,#4594,#4595,#4596,#4597,#4598,
#4599,#4600,#4601,#4602,#4603,#4604,#4605,#4606,#4607,#4608,#4609,#4610,
#4611,#4612,#4613,#4614,#4615,#4616,#4617,#4618,#4619,#4620,#4621,#4622,
#4623,#4624,#4625,#4626,#4627,#4628,#4629,#4630,#4631,#4632,#4633,#4634,
#4635,#4636,#4637,#4638,#4639,#4640,#4641,#4642,#4643,#4644,#4645,#4646,
#4647,#4648,#4649,#4650,#4651,#4652,#4653,#4654,#4655,#4656,#4657,#4658,
#4659,#4660,#4661,#4662,#4663,#4664,#4665,#4666,#4667,#4668,#4669,#4670,
#4671,#4672,#4673,#4674,#4675,#4676,#4677,#4678,#4679,#4680,#4681,#4682,
#4683,#4684,#4685,#4686,#4687,#4688,#4689,#4690,#4691,#4692,#4693,#4694,
#4695,#4696,#4697,#4698,#4699,#4700,#4701,#4702,#4703,#4704,#4705,#4706,
#4707,#4708,#4709,#4710,#4711,#4712,#4713,#4714,#4715,#4716,#4717,#4718,
#4719,#4720,#4721,#4722,#4723,#4724,#4725,#4726,#4727,#4728,#4729,#4730,
#4731,#4732,#4733,#4734,#4735,#4736,#4737,#4738,#4739,#4740,#4741,#4742,
#4743,#4744,#4745,#4746,#4747,#4748,#4749,#4750,#4751,#4752,#4753,#4754,
#4755,#4756,#4757,#4758,#4759,#4760,#4761,#4762,#4763,#4764,#4765,#4766,
#4767,#4768,#4769,#4770,#4771,#4772,#4773,#4774,#4775,#4776,#4777,#4778,
#4779,#4780,#4781,#4782,#4783,#4784,#4785,#4786,#4787,#4788,#4789,#4790,
#4791,#4792,#4793,#4794,#4795,#4796,#4797,#4798,#4799,#4800,#4801,#4802,
#4803,#4804,#4805,#4806,#4807,#4808,#4809,#4810,#4811,#4812,#4813,#4814,
#4815,#4816,#4817,#4818,#4819,#4820,#4821,#4822,#4823,#4824,#4825,#4826,
#4827,#4828,#4829,#4830,#4831,#4832,#4833,#4834,#4835,#4836,#4837,#4838,
#4839,#4840,#4841,#4842,#4843,#4844,#4845,#4846,#4847,#4848,#4849,#4850,
#4851,#4852,#4853,#4854));
#4856=DERIVED_UNIT_ELEMENT(#4858,1.);
#4857=DERIVED_UNIT_ELEMENT(#8710,-3.);
#4858=(
MASS_UNIT()
NAMED_UNIT(*)
SI_UNIT(.KILO.,.GRAM.)
);
#4859=DERIVED_UNIT((#4856,#4857));
#4860=MEASURE_REPRESENTATION_ITEM('density measure',
POSITIVE_RATIO_MEASURE(7850.),#4859);
#4861=PROPERTY_DEFINITION_REPRESENTATION(#4866,#4863);
#4862=PROPERTY_DEFINITION_REPRESENTATION(#4867,#4864);
#4863=REPRESENTATION('material name',(#4865),#8707);
#4864=REPRESENTATION('density',(#4860),#8707);
#4865=DESCRIPTIVE_REPRESENTATION_ITEM('Steel','Steel');
#4866=PROPERTY_DEFINITION('material property','material name',#8722);
#4867=PROPERTY_DEFINITION('material property','density of part',#8722);
#4868=AXIS2_PLACEMENT_3D('',#6672,#5316,#5317);
#4869=AXIS2_PLACEMENT_3D('',#6673,#5318,#5319);
#4870=AXIS2_PLACEMENT_3D('',#6674,#5320,#5321);
#4871=AXIS2_PLACEMENT_3D('',#6677,#5322,#5323);
#4872=AXIS2_PLACEMENT_3D('',#6681,#5325,#5326);
#4873=AXIS2_PLACEMENT_3D('',#6683,#5328,#5329);
#4874=AXIS2_PLACEMENT_3D('',#6686,#5330,#5331);
#4875=AXIS2_PLACEMENT_3D('',#6687,#5332,#5333);
#4876=AXIS2_PLACEMENT_3D('',#6688,#5334,#5335);
#4877=AXIS2_PLACEMENT_3D('',#6689,#5336,#5337);
#4878=AXIS2_PLACEMENT_3D('',#6692,#5338,#5339);
#4879=AXIS2_PLACEMENT_3D('',#6695,#5342,#5343);
#4880=AXIS2_PLACEMENT_3D('',#6698,#5344,#5345);
#4881=AXIS2_PLACEMENT_3D('',#6699,#5346,#5347);
#4882=AXIS2_PLACEMENT_3D('',#6700,#5348,#5349);
#4883=AXIS2_PLACEMENT_3D('',#6701,#5350,#5351);
#4884=AXIS2_PLACEMENT_3D('',#6704,#5352,#5353);
#4885=AXIS2_PLACEMENT_3D('',#6707,#5356,#5357);
#4886=AXIS2_PLACEMENT_3D('',#6710,#5358,#5359);
#4887=AXIS2_PLACEMENT_3D('',#6711,#5360,#5361);
#4888=AXIS2_PLACEMENT_3D('',#6712,#5362,#5363);
#4889=AXIS2_PLACEMENT_3D('',#6713,#5364,#5365);
#4890=AXIS2_PLACEMENT_3D('',#6716,#5366,#5367);
#4891=AXIS2_PLACEMENT_3D('',#6719,#5370,#5371);
#4892=AXIS2_PLACEMENT_3D('',#6720,#5372,#5373);
#4893=AXIS2_PLACEMENT_3D('',#6721,#5374,#5375);
#4894=AXIS2_PLACEMENT_3D('',#6722,#5376,#5377);
#4895=AXIS2_PLACEMENT_3D('',#6726,#5379,#5380);
#4896=AXIS2_PLACEMENT_3D('',#6728,#5382,#5383);
#4897=AXIS2_PLACEMENT_3D('',#6747,#5386,#5387);
#4898=AXIS2_PLACEMENT_3D('',#6750,#5389,#5390);
#4899=AXIS2_PLACEMENT_3D('',#6751,#5391,#5392);
#4900=AXIS2_PLACEMENT_3D('',#6755,#5395,#5396);
#4901=AXIS2_PLACEMENT_3D('',#6758,#5397,#5398);
#4902=AXIS2_PLACEMENT_3D('',#6769,#5401,#5402);
#4903=AXIS2_PLACEMENT_3D('',#6773,#5404,#5405);
#4904=AXIS2_PLACEMENT_3D('',#6783,#5406,#5407);
#4905=AXIS2_PLACEMENT_3D('',#6785,#5408,#5409);
#4906=AXIS2_PLACEMENT_3D('',#6802,#5410,#5411);
#4907=AXIS2_PLACEMENT_3D('',#6822,#5413,#5414);
#4908=AXIS2_PLACEMENT_3D('',#6843,#5418,#5419);
#4909=AXIS2_PLACEMENT_3D('',#6855,#5422,#5423);
#4910=AXIS2_PLACEMENT_3D('',#6858,#5424,#5425);
#4911=AXIS2_PLACEMENT_3D('',#6862,#5427,#5428);
#4912=AXIS2_PLACEMENT_3D('',#6864,#5430,#5431);
#4913=AXIS2_PLACEMENT_3D('',#6874,#5437,#5438);
#4914=AXIS2_PLACEMENT_3D('',#6876,#5439,#5440);
#4915=AXIS2_PLACEMENT_3D('',#6878,#5441,#5442);
#4916=AXIS2_PLACEMENT_3D('',#6880,#5444,#5445);
#4917=AXIS2_PLACEMENT_3D('',#6884,#5447,#5448);
#4918=AXIS2_PLACEMENT_3D('',#6892,#5452,#5453);
#4919=AXIS2_PLACEMENT_3D('',#6898,#5456,#5457);
#4920=AXIS2_PLACEMENT_3D('',#6901,#5459,#5460);
#4921=AXIS2_PLACEMENT_3D('',#6903,#5461,#5462);
#4922=AXIS2_PLACEMENT_3D('',#6904,#5463,#5464);
#4923=AXIS2_PLACEMENT_3D('',#6916,#5471,#5472);
#4924=AXIS2_PLACEMENT_3D('',#6919,#5473,#5474);
#4925=AXIS2_PLACEMENT_3D('',#6923,#5476,#5477);
#4926=AXIS2_PLACEMENT_3D('',#6925,#5479,#5480);
#4927=AXIS2_PLACEMENT_3D('',#6931,#5484,#5485);
#4928=AXIS2_PLACEMENT_3D('',#6934,#5486,#5487);
#4929=AXIS2_PLACEMENT_3D('',#6938,#5489,#5490);
#4930=AXIS2_PLACEMENT_3D('',#6940,#5492,#5493);
#4931=AXIS2_PLACEMENT_3D('',#6946,#5497,#5498);
#4932=AXIS2_PLACEMENT_3D('',#6948,#5499,#5500);
#4933=AXIS2_PLACEMENT_3D('',#6951,#5502,#5503);
#4934=AXIS2_PLACEMENT_3D('',#6952,#5504,#5505);
#4935=AXIS2_PLACEMENT_3D('',#6958,#5509,#5510);
#4936=AXIS2_PLACEMENT_3D('',#6960,#5511,#5512);
#4937=AXIS2_PLACEMENT_3D('',#6962,#5513,#5514);
#4938=AXIS2_PLACEMENT_3D('',#6964,#5516,#5517);
#4939=AXIS2_PLACEMENT_3D('',#6966,#5518,#5519);
#4940=AXIS2_PLACEMENT_3D('',#6969,#5521,#5522);
#4941=AXIS2_PLACEMENT_3D('',#6970,#5523,#5524);
#4942=AXIS2_PLACEMENT_3D('',#6973,#5526,#5527);
#4943=AXIS2_PLACEMENT_3D('',#6979,#5530,#5531);
#4944=AXIS2_PLACEMENT_3D('',#6986,#5535,#5536);
#4945=AXIS2_PLACEMENT_3D('',#6988,#5537,#5538);
#4946=AXIS2_PLACEMENT_3D('',#6989,#5539,#5540);
#4947=AXIS2_PLACEMENT_3D('',#6991,#5541,#5542);
#4948=AXIS2_PLACEMENT_3D('',#6993,#5544,#5545);
#4949=AXIS2_PLACEMENT_3D('',#6997,#5548,#5549);
#4950=AXIS2_PLACEMENT_3D('',#7000,#5550,#5551);
#4951=AXIS2_PLACEMENT_3D('',#7003,#5554,#5555);
#4952=AXIS2_PLACEMENT_3D('',#7011,#5560,#5561);
#4953=AXIS2_PLACEMENT_3D('',#7014,#5562,#5563);
#4954=AXIS2_PLACEMENT_3D('',#7018,#5565,#5566);
#4955=AXIS2_PLACEMENT_3D('',#7020,#5568,#5569);
#4956=AXIS2_PLACEMENT_3D('',#7026,#5573,#5574);
#4957=AXIS2_PLACEMENT_3D('',#7029,#5575,#5576);
#4958=AXIS2_PLACEMENT_3D('',#7033,#5578,#5579);
#4959=AXIS2_PLACEMENT_3D('',#7035,#5581,#5582);
#4960=AXIS2_PLACEMENT_3D('',#7041,#5586,#5587);
#4961=AXIS2_PLACEMENT_3D('',#7044,#5588,#5589);
#4962=AXIS2_PLACEMENT_3D('',#7048,#5591,#5592);
#4963=AXIS2_PLACEMENT_3D('',#7050,#5594,#5595);
#4964=AXIS2_PLACEMENT_3D('',#7056,#5599,#5600);
#4965=AXIS2_PLACEMENT_3D('',#7059,#5601,#5602);
#4966=AXIS2_PLACEMENT_3D('',#7063,#5604,#5605);
#4967=AXIS2_PLACEMENT_3D('',#7065,#5607,#5608);
#4968=AXIS2_PLACEMENT_3D('',#7071,#5612,#5613);
#4969=AXIS2_PLACEMENT_3D('',#7074,#5614,#5615);
#4970=AXIS2_PLACEMENT_3D('',#7078,#5617,#5618);
#4971=AXIS2_PLACEMENT_3D('',#7080,#5620,#5621);
#4972=AXIS2_PLACEMENT_3D('',#7086,#5625,#5626);
#4973=AXIS2_PLACEMENT_3D('',#7089,#5627,#5628);
#4974=AXIS2_PLACEMENT_3D('',#7093,#5630,#5631);
#4975=AXIS2_PLACEMENT_3D('',#7095,#5633,#5634);
#4976=AXIS2_PLACEMENT_3D('',#7101,#5638,#5639);
#4977=AXIS2_PLACEMENT_3D('',#7104,#5640,#5641);
#4978=AXIS2_PLACEMENT_3D('',#7108,#5643,#5644);
#4979=AXIS2_PLACEMENT_3D('',#7110,#5646,#5647);
#4980=AXIS2_PLACEMENT_3D('',#7114,#5649,#5650);
#4981=AXIS2_PLACEMENT_3D('',#7120,#5653,#5654);
#4982=AXIS2_PLACEMENT_3D('',#7130,#5659,#5660);
#4983=AXIS2_PLACEMENT_3D('',#7140,#5667,#5668);
#4984=AXIS2_PLACEMENT_3D('',#7146,#5671,#5672);
#4985=AXIS2_PLACEMENT_3D('',#7150,#5674,#5675);
#4986=AXIS2_PLACEMENT_3D('',#7158,#5679,#5680);
#4987=AXIS2_PLACEMENT_3D('',#7162,#5682,#5683);
#4988=AXIS2_PLACEMENT_3D('',#7166,#5685,#5686);
#4989=AXIS2_PLACEMENT_3D('',#7170,#5688,#5689);
#4990=AXIS2_PLACEMENT_3D('',#7174,#5691,#5692);
#4991=AXIS2_PLACEMENT_3D('',#7178,#5694,#5695);
#4992=AXIS2_PLACEMENT_3D('',#7182,#5697,#5698);
#4993=AXIS2_PLACEMENT_3D('',#7186,#5700,#5701);
#4994=AXIS2_PLACEMENT_3D('',#7190,#5703,#5704);
#4995=AXIS2_PLACEMENT_3D('',#7196,#5707,#5708);
#4996=AXIS2_PLACEMENT_3D('',#7200,#5710,#5711);
#4997=AXIS2_PLACEMENT_3D('',#7204,#5714,#5715);
#4998=AXIS2_PLACEMENT_3D('',#7211,#5719,#5720);
#4999=AXIS2_PLACEMENT_3D('',#7221,#5727,#5728);
#5000=AXIS2_PLACEMENT_3D('',#7224,#5730,#5731);
#5001=AXIS2_PLACEMENT_3D('',#7225,#5732,#5733);
#5002=AXIS2_PLACEMENT_3D('',#7227,#5735,#5736);
#5003=AXIS2_PLACEMENT_3D('',#7231,#5738,#5739);
#5004=AXIS2_PLACEMENT_3D('',#7233,#5741,#5742);
#5005=AXIS2_PLACEMENT_3D('',#7237,#5745,#5746);
#5006=AXIS2_PLACEMENT_3D('',#7239,#5747,#5748);
#5007=AXIS2_PLACEMENT_3D('',#7241,#5750,#5751);
#5008=AXIS2_PLACEMENT_3D('',#7244,#5754,#5755);
#5009=AXIS2_PLACEMENT_3D('',#7245,#5756,#5757);
#5010=AXIS2_PLACEMENT_3D('',#7248,#5760,#5761);
#5011=AXIS2_PLACEMENT_3D('',#7250,#5763,#5764);
#5012=AXIS2_PLACEMENT_3D('',#7253,#5765,#5766);
#5013=AXIS2_PLACEMENT_3D('',#7257,#5768,#5769);
#5014=AXIS2_PLACEMENT_3D('',#7259,#5771,#5772);
#5015=AXIS2_PLACEMENT_3D('',#7273,#5780,#5781);
#5016=AXIS2_PLACEMENT_3D('',#7277,#5783,#5784);
#5017=AXIS2_PLACEMENT_3D('',#7279,#5786,#5787);
#5018=AXIS2_PLACEMENT_3D('',#7283,#5790,#5791);
#5019=AXIS2_PLACEMENT_3D('',#7285,#5792,#5793);
#5020=AXIS2_PLACEMENT_3D('',#7288,#5795,#5796);
#5021=AXIS2_PLACEMENT_3D('',#7289,#5797,#5798);
#5022=AXIS2_PLACEMENT_3D('',#7295,#5802,#5803);
#5023=AXIS2_PLACEMENT_3D('',#7297,#5804,#5805);
#5024=AXIS2_PLACEMENT_3D('',#7299,#5807,#5808);
#5025=AXIS2_PLACEMENT_3D('',#7307,#5813,#5814);
#5026=AXIS2_PLACEMENT_3D('',#7311,#5816,#5817);
#5027=AXIS2_PLACEMENT_3D('',#7313,#5819,#5820);
#5028=AXIS2_PLACEMENT_3D('',#7317,#5823,#5824);
#5029=AXIS2_PLACEMENT_3D('',#7320,#5825,#5826);
#5030=AXIS2_PLACEMENT_3D('',#7324,#5828,#5829);
#5031=AXIS2_PLACEMENT_3D('',#7326,#5831,#5832);
#5032=AXIS2_PLACEMENT_3D('',#7332,#5836,#5837);
#5033=AXIS2_PLACEMENT_3D('',#7335,#5838,#5839);
#5034=AXIS2_PLACEMENT_3D('',#7339,#5841,#5842);
#5035=AXIS2_PLACEMENT_3D('',#7341,#5844,#5845);
#5036=AXIS2_PLACEMENT_3D('',#7344,#5846,#5847);
#5037=AXIS2_PLACEMENT_3D('',#7348,#5849,#5850);
#5038=AXIS2_PLACEMENT_3D('',#7350,#5852,#5853);
#5039=AXIS2_PLACEMENT_3D('',#7356,#5857,#5858);
#5040=AXIS2_PLACEMENT_3D('',#7359,#5859,#5860);
#5041=AXIS2_PLACEMENT_3D('',#7363,#5862,#5863);
#5042=AXIS2_PLACEMENT_3D('',#7365,#5865,#5866);
#5043=AXIS2_PLACEMENT_3D('',#7369,#5868,#5869);
#5044=AXIS2_PLACEMENT_3D('',#7371,#5871,#5872);
#5045=AXIS2_PLACEMENT_3D('',#7375,#5875,#5876);
#5046=AXIS2_PLACEMENT_3D('',#7377,#5877,#5878);
#5047=AXIS2_PLACEMENT_3D('',#7379,#5880,#5881);
#5048=AXIS2_PLACEMENT_3D('',#7383,#5884,#5885);
#5049=AXIS2_PLACEMENT_3D('',#7386,#5886,#5887);
#5050=AXIS2_PLACEMENT_3D('',#7390,#5889,#5890);
#5051=AXIS2_PLACEMENT_3D('',#7392,#5892,#5893);
#5052=AXIS2_PLACEMENT_3D('',#7395,#5894,#5895);
#5053=AXIS2_PLACEMENT_3D('',#7399,#5897,#5898);
#5054=AXIS2_PLACEMENT_3D('',#7401,#5900,#5901);
#5055=AXIS2_PLACEMENT_3D('',#7407,#5905,#5906);
#5056=AXIS2_PLACEMENT_3D('',#7410,#5907,#5908);
#5057=AXIS2_PLACEMENT_3D('',#7414,#5910,#5911);
#5058=AXIS2_PLACEMENT_3D('',#7416,#5913,#5914);
#5059=AXIS2_PLACEMENT_3D('',#7419,#5915,#5916);
#5060=AXIS2_PLACEMENT_3D('',#7423,#5918,#5919);
#5061=AXIS2_PLACEMENT_3D('',#7425,#5921,#5922);
#5062=AXIS2_PLACEMENT_3D('',#7431,#5926,#5927);
#5063=AXIS2_PLACEMENT_3D('',#7435,#5929,#5930);
#5064=AXIS2_PLACEMENT_3D('',#7437,#5932,#5933);
#5065=AXIS2_PLACEMENT_3D('',#7439,#5935,#5936);
#5066=AXIS2_PLACEMENT_3D('',#7443,#5938,#5939);
#5067=AXIS2_PLACEMENT_3D('',#7445,#5941,#5942);
#5068=AXIS2_PLACEMENT_3D('',#7447,#5944,#5945);
#5069=AXIS2_PLACEMENT_3D('',#7450,#5946,#5947);
#5070=AXIS2_PLACEMENT_3D('',#7453,#5950,#5951);
#5071=AXIS2_PLACEMENT_3D('',#7464,#5957,#5958);
#5072=AXIS2_PLACEMENT_3D('',#7468,#5960,#5961);
#5073=AXIS2_PLACEMENT_3D('',#7472,#5963,#5964);
#5074=AXIS2_PLACEMENT_3D('',#7475,#5966,#5967);
#5075=AXIS2_PLACEMENT_3D('',#7478,#5969,#5970);
#5076=AXIS2_PLACEMENT_3D('',#7483,#5974,#5975);
#5077=AXIS2_PLACEMENT_3D('',#7487,#5978,#5979);
#5078=AXIS2_PLACEMENT_3D('',#7494,#5984,#5985);
#5079=AXIS2_PLACEMENT_3D('',#7498,#5988,#5989);
#5080=AXIS2_PLACEMENT_3D('',#7499,#5990,#5991);
#5081=AXIS2_PLACEMENT_3D('',#7501,#5993,#5994);
#5082=AXIS2_PLACEMENT_3D('',#7503,#5996,#5997);
#5083=AXIS2_PLACEMENT_3D('',#7506,#6000,#6001);
#5084=AXIS2_PLACEMENT_3D('',#7508,#6003,#6004);
#5085=AXIS2_PLACEMENT_3D('',#7510,#6006,#6007);
#5086=AXIS2_PLACEMENT_3D('',#7511,#6008,#6009);
#5087=AXIS2_PLACEMENT_3D('',#7514,#6010,#6011);
#5088=AXIS2_PLACEMENT_3D('',#7518,#6013,#6014);
#5089=AXIS2_PLACEMENT_3D('',#7520,#6016,#6017);
#5090=AXIS2_PLACEMENT_3D('',#7526,#6021,#6022);
#5091=AXIS2_PLACEMENT_3D('',#7530,#6024,#6025);
#5092=AXIS2_PLACEMENT_3D('',#7534,#6027,#6028);
#5093=AXIS2_PLACEMENT_3D('',#7591,#6033,#6034);
#5094=AXIS2_PLACEMENT_3D('',#7594,#6036,#6037);
#5095=AXIS2_PLACEMENT_3D('',#7595,#6038,#6039);
#5096=AXIS2_PLACEMENT_3D('',#7599,#6041,#6042);
#5097=AXIS2_PLACEMENT_3D('',#7601,#6044,#6045);
#5098=AXIS2_PLACEMENT_3D('',#7605,#6048,#6049);
#5099=AXIS2_PLACEMENT_3D('',#7607,#6050,#6051);
#5100=AXIS2_PLACEMENT_3D('',#7609,#6053,#6054);
#5101=AXIS2_PLACEMENT_3D('',#7613,#6056,#6057);
#5102=AXIS2_PLACEMENT_3D('',#7615,#6059,#6060);
#5103=AXIS2_PLACEMENT_3D('',#7619,#6063,#6064);
#5104=AXIS2_PLACEMENT_3D('',#7622,#6065,#6066);
#5105=AXIS2_PLACEMENT_3D('',#7626,#6068,#6069);
#5106=AXIS2_PLACEMENT_3D('',#7628,#6071,#6072);
#5107=AXIS2_PLACEMENT_3D('',#7634,#6076,#6077);
#5108=AXIS2_PLACEMENT_3D('',#7638,#6079,#6080);
#5109=AXIS2_PLACEMENT_3D('',#7644,#6083,#6084);
#5110=AXIS2_PLACEMENT_3D('',#7648,#6086,#6087);
#5111=AXIS2_PLACEMENT_3D('',#7650,#6089,#6090);
#5112=AXIS2_PLACEMENT_3D('',#7654,#6092,#6093);
#5113=AXIS2_PLACEMENT_3D('',#7656,#6095,#6096);
#5114=AXIS2_PLACEMENT_3D('',#7660,#6099,#6100);
#5115=AXIS2_PLACEMENT_3D('',#7663,#6102,#6103);
#5116=AXIS2_PLACEMENT_3D('',#7664,#6104,#6105);
#5117=AXIS2_PLACEMENT_3D('',#7668,#6108,#6109);
#5118=AXIS2_PLACEMENT_3D('',#7672,#6111,#6112);
#5119=AXIS2_PLACEMENT_3D('',#7674,#6114,#6115);
#5120=AXIS2_PLACEMENT_3D('',#7676,#6117,#6118);
#5121=AXIS2_PLACEMENT_3D('',#7679,#6119,#6120);
#5122=AXIS2_PLACEMENT_3D('',#7683,#6122,#6123);
#5123=AXIS2_PLACEMENT_3D('',#7685,#6125,#6126);
#5124=AXIS2_PLACEMENT_3D('',#7691,#6130,#6131);
#5125=AXIS2_PLACEMENT_3D('',#7695,#6133,#6134);
#5126=AXIS2_PLACEMENT_3D('',#7699,#6136,#6137);
#5127=AXIS2_PLACEMENT_3D('',#7702,#6139,#6140);
#5128=AXIS2_PLACEMENT_3D('',#7703,#6141,#6142);
#5129=AXIS2_PLACEMENT_3D('',#7707,#6144,#6145);
#5130=AXIS2_PLACEMENT_3D('',#7709,#6147,#6148);
#5131=AXIS2_PLACEMENT_3D('',#7713,#6151,#6152);
#5132=AXIS2_PLACEMENT_3D('',#7715,#6153,#6154);
#5133=AXIS2_PLACEMENT_3D('',#7717,#6156,#6157);
#5134=AXIS2_PLACEMENT_3D('',#7720,#6159,#6160);
#5135=AXIS2_PLACEMENT_3D('',#7721,#6161,#6162);
#5136=AXIS2_PLACEMENT_3D('',#7725,#6164,#6165);
#5137=AXIS2_PLACEMENT_3D('',#7727,#6167,#6168);
#5138=AXIS2_PLACEMENT_3D('',#7731,#6171,#6172);
#5139=AXIS2_PLACEMENT_3D('',#7734,#6174,#6175);
#5140=AXIS2_PLACEMENT_3D('',#7735,#6176,#6177);
#5141=AXIS2_PLACEMENT_3D('',#7737,#6179,#6180);
#5142=AXIS2_PLACEMENT_3D('',#7824,#6187,#6188);
#5143=AXIS2_PLACEMENT_3D('',#7828,#6191,#6192);
#5144=AXIS2_PLACEMENT_3D('',#7830,#6194,#6195);
#5145=AXIS2_PLACEMENT_3D('',#7832,#6197,#6198);
#5146=AXIS2_PLACEMENT_3D('',#7848,#6201,#6202);
#5147=AXIS2_PLACEMENT_3D('',#7887,#6206,#6207);
#5148=AXIS2_PLACEMENT_3D('',#7889,#6209,#6210);
#5149=AXIS2_PLACEMENT_3D('',#7891,#6212,#6213);
#5150=AXIS2_PLACEMENT_3D('',#7949,#6219,#6220);
#5151=AXIS2_PLACEMENT_3D('',#7992,#6224,#6225);
#5152=AXIS2_PLACEMENT_3D('',#7995,#6227,#6228);
#5153=AXIS2_PLACEMENT_3D('',#8004,#6230,#6231);
#5154=AXIS2_PLACEMENT_3D('',#8036,#6234,#6235);
#5155=AXIS2_PLACEMENT_3D('',#8037,#6236,#6237);
#5156=AXIS2_PLACEMENT_3D('',#8041,#6240,#6241);
#5157=AXIS2_PLACEMENT_3D('',#8044,#6243,#6244);
#5158=AXIS2_PLACEMENT_3D('',#8045,#6245,#6246);
#5159=AXIS2_PLACEMENT_3D('',#8063,#6250,#6251);
#5160=AXIS2_PLACEMENT_3D('',#8067,#6254,#6255);
#5161=AXIS2_PLACEMENT_3D('',#8070,#6257,#6258);
#5162=AXIS2_PLACEMENT_3D('',#8071,#6259,#6260);
#5163=AXIS2_PLACEMENT_3D('',#8098,#6264,#6265);
#5164=AXIS2_PLACEMENT_3D('',#8110,#6269,#6270);
#5165=AXIS2_PLACEMENT_3D('',#8111,#6271,#6272);
#5166=AXIS2_PLACEMENT_3D('',#8138,#6276,#6277);
#5167=AXIS2_PLACEMENT_3D('',#8154,#6280,#6281);
#5168=AXIS2_PLACEMENT_3D('',#8155,#6282,#6283);
#5169=AXIS2_PLACEMENT_3D('',#8156,#6284,#6285);
#5170=AXIS2_PLACEMENT_3D('',#8157,#6286,#6287);
#5171=AXIS2_PLACEMENT_3D('',#8161,#6290,#6291);
#5172=AXIS2_PLACEMENT_3D('',#8163,#6293,#6294);
#5173=AXIS2_PLACEMENT_3D('',#8165,#6295,#6296);
#5174=AXIS2_PLACEMENT_3D('',#8168,#6298,#6299);
#5175=AXIS2_PLACEMENT_3D('',#8169,#6300,#6301);
#5176=AXIS2_PLACEMENT_3D('',#8173,#6304,#6305);
#5177=AXIS2_PLACEMENT_3D('',#8175,#6307,#6308);
#5178=AXIS2_PLACEMENT_3D('',#8176,#6309,#6310);
#5179=AXIS2_PLACEMENT_3D('',#8177,#6311,#6312);
#5180=AXIS2_PLACEMENT_3D('',#8178,#6313,#6314);
#5181=AXIS2_PLACEMENT_3D('',#8179,#6315,#6316);
#5182=AXIS2_PLACEMENT_3D('',#8180,#6317,#6318);
#5183=AXIS2_PLACEMENT_3D('',#8184,#6321,#6322);
#5184=AXIS2_PLACEMENT_3D('',#8186,#6324,#6325);
#5185=AXIS2_PLACEMENT_3D('',#8188,#6326,#6327);
#5186=AXIS2_PLACEMENT_3D('',#8191,#6329,#6330);
#5187=AXIS2_PLACEMENT_3D('',#8192,#6331,#6332);
#5188=AXIS2_PLACEMENT_3D('',#8196,#6335,#6336);
#5189=AXIS2_PLACEMENT_3D('',#8198,#6338,#6339);
#5190=AXIS2_PLACEMENT_3D('',#8199,#6340,#6341);
#5191=AXIS2_PLACEMENT_3D('',#8200,#6342,#6343);
#5192=AXIS2_PLACEMENT_3D('',#8201,#6344,#6345);
#5193=AXIS2_PLACEMENT_3D('',#8203,#6347,#6348);
#5194=AXIS2_PLACEMENT_3D('',#8204,#6349,#6350);
#5195=AXIS2_PLACEMENT_3D('',#8206,#6352,#6353);
#5196=AXIS2_PLACEMENT_3D('',#8207,#6354,#6355);
#5197=AXIS2_PLACEMENT_3D('',#8209,#6357,#6358);
#5198=AXIS2_PLACEMENT_3D('',#8210,#6359,#6360);
#5199=AXIS2_PLACEMENT_3D('',#8212,#6362,#6363);
#5200=AXIS2_PLACEMENT_3D('',#8216,#6366,#6367);
#5201=AXIS2_PLACEMENT_3D('',#8220,#6370,#6371);
#5202=AXIS2_PLACEMENT_3D('',#8222,#6373,#6374);
#5203=AXIS2_PLACEMENT_3D('',#8224,#6376,#6377);
#5204=AXIS2_PLACEMENT_3D('',#8225,#6378,#6379);
#5205=AXIS2_PLACEMENT_3D('',#8226,#6380,#6381);
#5206=AXIS2_PLACEMENT_3D('',#8228,#6382,#6383);
#5207=AXIS2_PLACEMENT_3D('',#8231,#6385,#6386);
#5208=AXIS2_PLACEMENT_3D('',#8232,#6387,#6388);
#5209=AXIS2_PLACEMENT_3D('',#8236,#6391,#6392);
#5210=AXIS2_PLACEMENT_3D('',#8237,#6393,#6394);
#5211=AXIS2_PLACEMENT_3D('',#8238,#6395,#6396);
#5212=AXIS2_PLACEMENT_3D('',#8242,#6399,#6400);
#5213=AXIS2_PLACEMENT_3D('',#8244,#6402,#6403);
#5214=AXIS2_PLACEMENT_3D('',#8247,#6405,#6406);
#5215=AXIS2_PLACEMENT_3D('',#8248,#6407,#6408);
#5216=AXIS2_PLACEMENT_3D('',#8250,#6409,#6410);
#5217=AXIS2_PLACEMENT_3D('',#8253,#6412,#6413);
#5218=AXIS2_PLACEMENT_3D('',#8254,#6414,#6415);
#5219=AXIS2_PLACEMENT_3D('',#8258,#6418,#6419);
#5220=AXIS2_PLACEMENT_3D('',#8259,#6420,#6421);
#5221=AXIS2_PLACEMENT_3D('',#8260,#6422,#6423);
#5222=AXIS2_PLACEMENT_3D('',#8262,#6425,#6426);
#5223=AXIS2_PLACEMENT_3D('',#8264,#6427,#6428);
#5224=AXIS2_PLACEMENT_3D('',#8266,#6430,#6431);
#5225=AXIS2_PLACEMENT_3D('',#8338,#6434,#6435);
#5226=AXIS2_PLACEMENT_3D('',#8339,#6436,#6437);
#5227=AXIS2_PLACEMENT_3D('',#8340,#6438,#6439);
#5228=AXIS2_PLACEMENT_3D('',#8341,#6440,#6441);
#5229=AXIS2_PLACEMENT_3D('',#8345,#6444,#6445);
#5230=AXIS2_PLACEMENT_3D('',#8347,#6446,#6447);
#5231=AXIS2_PLACEMENT_3D('',#8350,#6449,#6450);
#5232=AXIS2_PLACEMENT_3D('',#8351,#6451,#6452);
#5233=AXIS2_PLACEMENT_3D('',#8353,#6453,#6454);
#5234=AXIS2_PLACEMENT_3D('',#8356,#6456,#6457);
#5235=AXIS2_PLACEMENT_3D('',#8357,#6458,#6459);
#5236=AXIS2_PLACEMENT_3D('',#8361,#6462,#6463);
#5237=AXIS2_PLACEMENT_3D('',#8362,#6464,#6465);
#5238=AXIS2_PLACEMENT_3D('',#8363,#6466,#6467);
#5239=AXIS2_PLACEMENT_3D('',#8364,#6468,#6469);
#5240=AXIS2_PLACEMENT_3D('',#8365,#6470,#6471);
#5241=AXIS2_PLACEMENT_3D('',#8366,#6472,#6473);
#5242=AXIS2_PLACEMENT_3D('',#8367,#6474,#6475);
#5243=AXIS2_PLACEMENT_3D('',#8368,#6476,#6477);
#5244=AXIS2_PLACEMENT_3D('',#8370,#6478,#6479);
#5245=AXIS2_PLACEMENT_3D('',#8371,#6480,#6481);
#5246=AXIS2_PLACEMENT_3D('',#8373,#6482,#6483);
#5247=AXIS2_PLACEMENT_3D('',#8374,#6484,#6485);
#5248=AXIS2_PLACEMENT_3D('',#8376,#6486,#6487);
#5249=AXIS2_PLACEMENT_3D('',#8377,#6488,#6489);
#5250=AXIS2_PLACEMENT_3D('',#8379,#6490,#6491);
#5251=AXIS2_PLACEMENT_3D('',#8380,#6492,#6493);
#5252=AXIS2_PLACEMENT_3D('',#8382,#6494,#6495);
#5253=AXIS2_PLACEMENT_3D('',#8383,#6496,#6497);
#5254=AXIS2_PLACEMENT_3D('',#8385,#6498,#6499);
#5255=AXIS2_PLACEMENT_3D('',#8386,#6500,#6501);
#5256=AXIS2_PLACEMENT_3D('',#8388,#6502,#6503);
#5257=AXIS2_PLACEMENT_3D('',#8390,#6505,#6506);
#5258=AXIS2_PLACEMENT_3D('',#8392,#6507,#6508);
#5259=AXIS2_PLACEMENT_3D('',#8394,#6510,#6511);
#5260=AXIS2_PLACEMENT_3D('',#8395,#6512,#6513);
#5261=AXIS2_PLACEMENT_3D('',#8397,#6514,#6515);
#5262=AXIS2_PLACEMENT_3D('',#8399,#6517,#6518);
#5263=AXIS2_PLACEMENT_3D('',#8401,#6519,#6520);
#5264=AXIS2_PLACEMENT_3D('',#8403,#6522,#6523);
#5265=AXIS2_PLACEMENT_3D('',#8404,#6524,#6525);
#5266=AXIS2_PLACEMENT_3D('',#8406,#6526,#6527);
#5267=AXIS2_PLACEMENT_3D('',#8408,#6529,#6530);
#5268=AXIS2_PLACEMENT_3D('',#8410,#6531,#6532);
#5269=AXIS2_PLACEMENT_3D('',#8412,#6534,#6535);
#5270=AXIS2_PLACEMENT_3D('',#8413,#6536,#6537);
#5271=AXIS2_PLACEMENT_3D('',#8415,#6538,#6539);
#5272=AXIS2_PLACEMENT_3D('',#8417,#6541,#6542);
#5273=AXIS2_PLACEMENT_3D('',#8419,#6543,#6544);
#5274=AXIS2_PLACEMENT_3D('',#8421,#6546,#6547);
#5275=AXIS2_PLACEMENT_3D('',#8422,#6548,#6549);
#5276=AXIS2_PLACEMENT_3D('',#8424,#6550,#6551);
#5277=AXIS2_PLACEMENT_3D('',#8426,#6553,#6554);
#5278=AXIS2_PLACEMENT_3D('',#8428,#6555,#6556);
#5279=AXIS2_PLACEMENT_3D('',#8431,#6558,#6559);
#5280=AXIS2_PLACEMENT_3D('',#8432,#6560,#6561);
#5281=AXIS2_PLACEMENT_3D('',#8433,#6562,#6563);
#5282=AXIS2_PLACEMENT_3D('',#8441,#6568,#6569);
#5283=AXIS2_PLACEMENT_3D('',#8443,#6570,#6571);
#5284=AXIS2_PLACEMENT_3D('',#8445,#6573,#6574);
#5285=AXIS2_PLACEMENT_3D('',#8447,#6575,#6576);
#5286=AXIS2_PLACEMENT_3D('',#8450,#6578,#6579);
#5287=AXIS2_PLACEMENT_3D('',#8451,#6580,#6581);
#5288=AXIS2_PLACEMENT_3D('',#8452,#6582,#6583);
#5289=AXIS2_PLACEMENT_3D('',#8463,#6589,#6590);
#5290=AXIS2_PLACEMENT_3D('',#8465,#6592,#6593);
#5291=AXIS2_PLACEMENT_3D('',#8467,#6595,#6596);
#5292=AXIS2_PLACEMENT_3D('',#8468,#6597,#6598);
#5293=AXIS2_PLACEMENT_3D('',#8474,#6602,#6603);
#5294=AXIS2_PLACEMENT_3D('',#8477,#6606,#6607);
#5295=AXIS2_PLACEMENT_3D('',#8479,#6609,#6610);
#5296=AXIS2_PLACEMENT_3D('',#8481,#6612,#6613);
#5297=AXIS2_PLACEMENT_3D('',#8482,#6614,#6615);
#5298=AXIS2_PLACEMENT_3D('',#8483,#6616,#6617);
#5299=AXIS2_PLACEMENT_3D('',#8487,#6620,#6621);
#5300=AXIS2_PLACEMENT_3D('',#8491,#6624,#6625);
#5301=AXIS2_PLACEMENT_3D('',#8493,#6627,#6628);
#5302=AXIS2_PLACEMENT_3D('',#8495,#6630,#6631);
#5303=AXIS2_PLACEMENT_3D('',#8499,#6634,#6635);
#5304=AXIS2_PLACEMENT_3D('',#8501,#6637,#6638);
#5305=AXIS2_PLACEMENT_3D('',#8505,#6641,#6642);
#5306=AXIS2_PLACEMENT_3D('',#8685,#6646,#6647);
#5307=AXIS2_PLACEMENT_3D('',#8688,#6650,#6651);
#5308=AXIS2_PLACEMENT_3D('',#8692,#6654,#6655);
#5309=AXIS2_PLACEMENT_3D('',#8694,#6656,#6657);
#5310=AXIS2_PLACEMENT_3D('',#8696,#6659,#6660);
#5311=AXIS2_PLACEMENT_3D('',#8697,#6661,#6662);
#5312=AXIS2_PLACEMENT_3D('',#8699,#6664,#6665);
#5313=AXIS2_PLACEMENT_3D('',#8700,#6666,#6667);
#5314=AXIS2_PLACEMENT_3D('',#8701,#6668,#6669);
#5315=AXIS2_PLACEMENT_3D('',#8702,#6670,#6671);
#5316=DIRECTION('axis',(0.,0.,1.));
#5317=DIRECTION('refdir',(1.,0.,0.));
#5318=DIRECTION('axis',(0.,0.,1.));
#5319=DIRECTION('refdir',(1.,0.,0.));
#5320=DIRECTION('center_axis',(-1.,0.,0.));
#5321=DIRECTION('ref_axis',(0.,-0.70710678118654,-0.707106781186555));
#5322=DIRECTION('center_axis',(-1.,0.,0.));
#5323=DIRECTION('ref_axis',(0.,0.,-1.));
#5324=DIRECTION('',(-1.,0.,0.));
#5325=DIRECTION('center_axis',(1.,-2.22044604925036E-14,0.));
#5326=DIRECTION('ref_axis',(-2.22044604925036E-14,-1.,0.));
#5327=DIRECTION('',(1.,0.,0.));
#5328=DIRECTION('center_axis',(0.,0.,-1.));
#5329=DIRECTION('ref_axis',(-1.,0.,0.));
#5330=DIRECTION('center_axis',(0.,-1.,0.));
#5331=DIRECTION('ref_axis',(-1.,0.,0.));
#5332=DIRECTION('center_axis',(0.,0.,1.));
#5333=DIRECTION('ref_axis',(-0.707106781186548,-0.707106781186548,0.));
#5334=DIRECTION('center_axis',(0.,0.,-1.));
#5335=DIRECTION('ref_axis',(-0.707106781186548,-0.707106781186548,0.));
#5336=DIRECTION('center_axis',(0.,1.,0.));
#5337=DIRECTION('ref_axis',(-0.70710678118654,0.,-0.707106781186555));
#5338=DIRECTION('center_axis',(0.,-1.,0.));
#5339=DIRECTION('ref_axis',(-1.,0.,0.));
#5340=DIRECTION('',(0.,-1.,0.));
#5341=DIRECTION('',(0.,1.,0.));
#5342=DIRECTION('center_axis',(0.,0.,-1.));
#5343=DIRECTION('ref_axis',(-1.,0.,0.));
#5344=DIRECTION('center_axis',(-1.,0.,0.));
#5345=DIRECTION('ref_axis',(0.,1.,0.));
#5346=DIRECTION('center_axis',(0.,0.,1.));
#5347=DIRECTION('ref_axis',(-0.707106781186548,0.707106781186547,0.));
#5348=DIRECTION('center_axis',(0.,0.,-1.));
#5349=DIRECTION('ref_axis',(-0.707106781186548,0.707106781186547,0.));
#5350=DIRECTION('center_axis',(1.,0.,0.));
#5351=DIRECTION('ref_axis',(0.,0.707106781186548,-0.707106781186547));
#5352=DIRECTION('center_axis',(-1.,-2.22044604925031E-14,0.));
#5353=DIRECTION('ref_axis',(-2.22044604925031E-14,1.,0.));
#5354=DIRECTION('',(-1.,0.,0.));
#5355=DIRECTION('',(1.,0.,0.));
#5356=DIRECTION('center_axis',(0.,0.,-1.));
#5357=DIRECTION('ref_axis',(-1.,0.,0.));
#5358=DIRECTION('center_axis',(0.,1.,0.));
#5359=DIRECTION('ref_axis',(1.,0.,0.));
#5360=DIRECTION('center_axis',(0.,0.,1.));
#5361=DIRECTION('ref_axis',(0.707106781186547,0.707106781186548,0.));
#5362=DIRECTION('center_axis',(0.,0.,-1.));
#5363=DIRECTION('ref_axis',(0.707106781186547,0.707106781186547,0.));
#5364=DIRECTION('center_axis',(0.,-1.,0.));
#5365=DIRECTION('ref_axis',(0.70710678118654,0.,-0.707106781186555));
#5366=DIRECTION('center_axis',(0.,1.,0.));
#5367=DIRECTION('ref_axis',(1.,0.,0.));
#5368=DIRECTION('',(0.,1.,0.));
#5369=DIRECTION('',(0.,-1.,0.));
#5370=DIRECTION('center_axis',(0.,0.,-1.));
#5371=DIRECTION('ref_axis',(-1.,0.,0.));
#5372=DIRECTION('center_axis',(0.,0.,1.));
#5373=DIRECTION('ref_axis',(0.707106781186548,-0.707106781186548,0.));
#5374=DIRECTION('center_axis',(0.,0.,-1.));
#5375=DIRECTION('ref_axis',(0.707106781186548,-0.707106781186548,0.));
#5376=DIRECTION('center_axis',(0.,0.,-1.));
#5377=DIRECTION('ref_axis',(0.,1.,0.));
#5378=DIRECTION('',(0.,0.,1.));
#5379=DIRECTION('center_axis',(0.,0.,-1.));
#5380=DIRECTION('ref_axis',(0.,1.,0.));
#5381=DIRECTION('',(0.,0.,-1.));
#5382=DIRECTION('center_axis',(-1.,0.,0.));
#5383=DIRECTION('ref_axis',(0.,1.,0.));
#5384=DIRECTION('',(0.,0.,1.));
#5385=DIRECTION('',(0.,-1.,0.));
#5386=DIRECTION('center_axis',(0.,0.,-1.));
#5387=DIRECTION('ref_axis',(-1.,0.,0.));
#5388=DIRECTION('',(0.,0.,1.));
#5389=DIRECTION('center_axis',(0.,0.,1.));
#5390=DIRECTION('ref_axis',(-1.,0.,0.));
#5391=DIRECTION('center_axis',(0.,-1.,0.));
#5392=DIRECTION('ref_axis',(-1.,0.,0.));
#5393=DIRECTION('',(0.,0.,1.));
#5394=DIRECTION('',(1.,0.,0.));
#5395=DIRECTION('center_axis',(0.,0.,1.));
#5396=DIRECTION('ref_axis',(1.,0.,0.));
#5397=DIRECTION('center_axis',(0.,0.,1.));
#5398=DIRECTION('ref_axis',(-0.494842615212356,-0.86898261557398,0.));
#5399=DIRECTION('',(0.868982622796111,-0.494842602529725,0.));
#5400=DIRECTION('',(0.868964065030538,0.494875190008151,0.));
#5401=DIRECTION('center_axis',(0.,0.,1.));
#5402=DIRECTION('ref_axis',(0.534552881706793,-0.845135028654572,0.));
#5403=DIRECTION('',(0.849829588375896,0.52705755921043,0.));
#5404=DIRECTION('center_axis',(0.,0.,1.));
#5405=DIRECTION('ref_axis',(0.489565404367703,0.871966578973236,0.));
#5406=DIRECTION('center_axis',(0.,0.,1.));
#5407=DIRECTION('ref_axis',(-0.478462458015844,0.878108009455236,0.));
#5408=DIRECTION('center_axis',(0.,0.,1.));
#5409=DIRECTION('ref_axis',(0.92310470377185,-0.384548704164095,0.));
#5410=DIRECTION('center_axis',(0.,0.,1.));
#5411=DIRECTION('ref_axis',(0.288985630135732,0.957333434898758,0.));
#5412=DIRECTION('',(-6.87102666838773E-16,1.,0.));
#5413=DIRECTION('center_axis',(0.,0.,1.));
#5414=DIRECTION('ref_axis',(-0.499084824611422,0.866553136191074,0.));
#5415=DIRECTION('',(0.864967039984785,-0.501828675685198,0.));
#5416=DIRECTION('',(0.868968560093897,0.494867296927508,0.));
#5417=DIRECTION('',(-0.868960296542883,0.494881807133891,0.));
#5418=DIRECTION('center_axis',(0.,0.,1.));
#5419=DIRECTION('ref_axis',(0.999996187329782,0.00276139926490773,0.));
#5420=DIRECTION('',(-0.868968425304262,-0.494867533613018,0.));
#5421=DIRECTION('',(0.868964264118473,-0.494874840424364,0.));
#5422=DIRECTION('center_axis',(0.,0.,1.));
#5423=DIRECTION('ref_axis',(0.707106781186552,0.707106781186543,0.));
#5424=DIRECTION('center_axis',(0.,0.,1.));
#5425=DIRECTION('ref_axis',(0.707106781186552,0.707106781186543,0.));
#5426=DIRECTION('',(0.,0.,1.));
#5427=DIRECTION('center_axis',(0.,0.,1.));
#5428=DIRECTION('ref_axis',(0.707106781186552,0.707106781186543,0.));
#5429=DIRECTION('',(0.,0.,-1.));
#5430=DIRECTION('center_axis',(-1.,0.,0.));
#5431=DIRECTION('ref_axis',(0.,-1.,0.));
#5432=DIRECTION('',(0.,1.,0.));
#5433=DIRECTION('',(0.,1.,0.));
#5434=DIRECTION('',(0.,0.,1.));
#5435=DIRECTION('',(0.,-1.,0.));
#5436=DIRECTION('',(0.,0.,1.));
#5437=DIRECTION('center_axis',(0.,0.,1.));
#5438=DIRECTION('ref_axis',(0.707106781186553,0.707106781186542,0.));
#5439=DIRECTION('center_axis',(0.,0.,1.));
#5440=DIRECTION('ref_axis',(0.707106781186553,0.707106781186542,0.));
#5441=DIRECTION('center_axis',(0.,0.,1.));
#5442=DIRECTION('ref_axis',(0.707106781186553,0.707106781186542,0.));
#5443=DIRECTION('',(0.,0.,-1.));
#5444=DIRECTION('center_axis',(0.,0.,1.));
#5445=DIRECTION('ref_axis',(1.,0.,0.));
#5446=DIRECTION('',(1.,-1.95029164990542E-18,0.));
#5447=DIRECTION('center_axis',(0.,0.,1.));
#5448=DIRECTION('ref_axis',(-0.707106781186553,0.707106781186542,0.));
#5449=DIRECTION('',(0.,1.,0.));
#5450=DIRECTION('',(1.,-8.70763156568751E-16,0.));
#5451=DIRECTION('',(0.,1.,0.));
#5452=DIRECTION('center_axis',(0.,0.,1.));
#5453=DIRECTION('ref_axis',(-0.707106781186538,0.707106781186557,0.));
#5454=DIRECTION('',(1.,-8.70763156568751E-16,0.));
#5455=DIRECTION('',(0.,1.,0.));
#5456=DIRECTION('center_axis',(0.,0.,1.));
#5457=DIRECTION('ref_axis',(-0.707106781186552,0.707106781186543,0.));
#5458=DIRECTION('',(1.,-1.95029164990542E-18,0.));
#5459=DIRECTION('center_axis',(0.,0.,-1.));
#5460=DIRECTION('ref_axis',(1.,0.,0.));
#5461=DIRECTION('center_axis',(0.,0.,-1.));
#5462=DIRECTION('ref_axis',(1.,0.,0.));
#5463=DIRECTION('center_axis',(-1.95029164990542E-18,-1.,0.));
#5464=DIRECTION('ref_axis',(1.,-1.95029164990542E-18,0.));
#5465=DIRECTION('',(1.,-1.95029164990542E-18,0.));
#5466=DIRECTION('',(0.,0.,1.));
#5467=DIRECTION('',(1.,-1.95029164990542E-18,0.));
#5468=DIRECTION('',(0.,0.,-1.));
#5469=DIRECTION('',(1.,-1.95029164990542E-18,0.));
#5470=DIRECTION('',(0.,0.,1.));
#5471=DIRECTION('center_axis',(0.,0.,1.));
#5472=DIRECTION('ref_axis',(-0.707106781186552,0.707106781186543,0.));
#5473=DIRECTION('center_axis',(0.,0.,1.));
#5474=DIRECTION('ref_axis',(-0.707106781186552,0.707106781186543,0.));
#5475=DIRECTION('',(0.,0.,1.));
#5476=DIRECTION('center_axis',(0.,0.,1.));
#5477=DIRECTION('ref_axis',(-0.707106781186552,0.707106781186543,0.));
#5478=DIRECTION('',(0.,0.,-1.));
#5479=DIRECTION('center_axis',(-1.95029164990542E-18,-1.,0.));
#5480=DIRECTION('ref_axis',(1.,-1.95029164990542E-18,0.));
#5481=DIRECTION('',(-1.,1.95029164990542E-18,0.));
#5482=DIRECTION('',(0.,0.,-1.));
#5483=DIRECTION('',(1.,-1.95029164990542E-18,0.));
#5484=DIRECTION('center_axis',(0.,0.,1.));
#5485=DIRECTION('ref_axis',(-0.70710678118654,0.707106781186555,0.));
#5486=DIRECTION('center_axis',(0.,0.,1.));
#5487=DIRECTION('ref_axis',(-0.70710678118654,0.707106781186555,0.));
#5488=DIRECTION('',(0.,0.,1.));
#5489=DIRECTION('center_axis',(0.,0.,1.));
#5490=DIRECTION('ref_axis',(-0.70710678118654,0.707106781186555,0.));
#5491=DIRECTION('',(0.,0.,-1.));
#5492=DIRECTION('center_axis',(-1.95029164990542E-18,-1.,0.));
#5493=DIRECTION('ref_axis',(1.,-1.95029164990542E-18,0.));
#5494=DIRECTION('',(-1.,1.95029164990542E-18,0.));
#5495=DIRECTION('',(0.,0.,-1.));
#5496=DIRECTION('',(1.,-1.95029164990542E-18,0.));
#5497=DIRECTION('center_axis',(0.,0.,1.));
#5498=DIRECTION('ref_axis',(0.70710678118654,0.707106781186555,0.));
#5499=DIRECTION('center_axis',(0.,0.,1.));
#5500=DIRECTION('ref_axis',(0.70710678118654,0.707106781186555,0.));
#5501=DIRECTION('',(0.,0.,1.));
#5502=DIRECTION('center_axis',(0.,0.,1.));
#5503=DIRECTION('ref_axis',(0.70710678118654,0.707106781186555,0.));
#5504=DIRECTION('center_axis',(-1.,0.,0.));
#5505=DIRECTION('ref_axis',(0.,-1.,0.));
#5506=DIRECTION('',(0.,1.,0.));
#5507=DIRECTION('',(0.,0.,1.));
#5508=DIRECTION('',(0.,-1.,0.));
#5509=DIRECTION('center_axis',(0.,0.,-1.));
#5510=DIRECTION('ref_axis',(-0.70710678118654,0.707106781186555,0.));
#5511=DIRECTION('center_axis',(0.,0.,1.));
#5512=DIRECTION('ref_axis',(-0.70710678118654,0.707106781186555,0.));
#5513=DIRECTION('center_axis',(0.,0.,1.));
#5514=DIRECTION('ref_axis',(-0.70710678118654,0.707106781186555,0.));
#5515=DIRECTION('',(0.,0.,-1.));
#5516=DIRECTION('center_axis',(0.,0.,1.));
#5517=DIRECTION('ref_axis',(0.707106781186553,0.707106781186542,0.));
#5518=DIRECTION('center_axis',(0.,0.,1.));
#5519=DIRECTION('ref_axis',(0.707106781186553,0.707106781186542,0.));
#5520=DIRECTION('',(0.,0.,1.));
#5521=DIRECTION('center_axis',(0.,0.,1.));
#5522=DIRECTION('ref_axis',(0.707106781186553,0.707106781186542,0.));
#5523=DIRECTION('center_axis',(0.,0.,1.));
#5524=DIRECTION('ref_axis',(1.,0.,0.));
#5525=DIRECTION('',(0.,-1.,0.));
#5526=DIRECTION('center_axis',(0.,0.,1.));
#5527=DIRECTION('ref_axis',(0.707106781186553,0.707106781186542,0.));
#5528=DIRECTION('',(0.,-1.,0.));
#5529=DIRECTION('',(1.,0.,0.));
#5530=DIRECTION('center_axis',(0.,0.,1.));
#5531=DIRECTION('ref_axis',(0.707106781186552,0.707106781186543,0.));
#5532=DIRECTION('',(0.,-1.,0.));
#5533=DIRECTION('',(1.,0.,0.));
#5534=DIRECTION('',(-1.50538715203411E-15,-1.,0.));
#5535=DIRECTION('center_axis',(0.,0.,-1.));
#5536=DIRECTION('ref_axis',(1.,0.,0.));
#5537=DIRECTION('center_axis',(0.,0.,-1.));
#5538=DIRECTION('ref_axis',(1.,0.,0.));
#5539=DIRECTION('center_axis',(0.,0.,1.));
#5540=DIRECTION('ref_axis',(0.707106781186553,0.707106781186542,0.));
#5541=DIRECTION('center_axis',(0.,0.,1.));
#5542=DIRECTION('ref_axis',(0.707106781186553,0.707106781186542,0.));
#5543=DIRECTION('',(0.,0.,1.));
#5544=DIRECTION('center_axis',(-1.,0.,0.));
#5545=DIRECTION('ref_axis',(0.,-1.,0.));
#5546=DIRECTION('',(0.,1.,0.));
#5547=DIRECTION('',(0.,0.,1.));
#5548=DIRECTION('center_axis',(0.,0.,1.));
#5549=DIRECTION('ref_axis',(0.707106781186552,0.707106781186543,0.));
#5550=DIRECTION('center_axis',(0.,0.,1.));
#5551=DIRECTION('ref_axis',(0.707106781186552,0.707106781186543,0.));
#5552=DIRECTION('',(0.,0.,1.));
#5553=DIRECTION('',(0.,0.,-1.));
#5554=DIRECTION('center_axis',(-1.,0.,0.));
#5555=DIRECTION('ref_axis',(0.,-1.,0.));
#5556=DIRECTION('',(0.,1.,0.));
#5557=DIRECTION('',(0.,0.,1.));
#5558=DIRECTION('',(0.,-1.,0.));
#5559=DIRECTION('',(0.,0.,1.));
#5560=DIRECTION('center_axis',(0.,0.,1.));
#5561=DIRECTION('ref_axis',(-0.70710678118654,-0.707106781186555,0.));
#5562=DIRECTION('center_axis',(0.,0.,1.));
#5563=DIRECTION('ref_axis',(-0.70710678118654,-0.707106781186555,0.));
#5564=DIRECTION('',(0.,0.,1.));
#5565=DIRECTION('center_axis',(0.,0.,1.));
#5566=DIRECTION('ref_axis',(-0.70710678118654,-0.707106781186555,0.));
#5567=DIRECTION('',(0.,0.,-1.));
#5568=DIRECTION('center_axis',(1.,0.,0.));
#5569=DIRECTION('ref_axis',(0.,1.,0.));
#5570=DIRECTION('',(0.,-1.,0.));
#5571=DIRECTION('',(0.,0.,1.));
#5572=DIRECTION('',(0.,1.,0.));
#5573=DIRECTION('center_axis',(0.,0.,1.));
#5574=DIRECTION('ref_axis',(0.707106781186552,-0.707106781186543,0.));
#5575=DIRECTION('center_axis',(0.,0.,1.));
#5576=DIRECTION('ref_axis',(0.707106781186552,-0.707106781186543,0.));
#5577=DIRECTION('',(0.,0.,1.));
#5578=DIRECTION('center_axis',(0.,0.,1.));
#5579=DIRECTION('ref_axis',(0.707106781186552,-0.707106781186543,0.));
#5580=DIRECTION('',(0.,0.,-1.));
#5581=DIRECTION('center_axis',(0.,1.,0.));
#5582=DIRECTION('ref_axis',(-1.,0.,0.));
#5583=DIRECTION('',(1.,0.,0.));
#5584=DIRECTION('',(0.,0.,1.));
#5585=DIRECTION('',(-1.,0.,0.));
#5586=DIRECTION('center_axis',(0.,0.,1.));
#5587=DIRECTION('ref_axis',(0.707106781186548,-0.707106781186548,0.));
#5588=DIRECTION('center_axis',(0.,0.,1.));
#5589=DIRECTION('ref_axis',(0.707106781186548,-0.707106781186548,0.));
#5590=DIRECTION('',(0.,0.,1.));
#5591=DIRECTION('center_axis',(0.,0.,1.));
#5592=DIRECTION('ref_axis',(0.707106781186548,-0.707106781186548,0.));
#5593=DIRECTION('',(0.,0.,-1.));
#5594=DIRECTION('center_axis',(0.,1.,0.));
#5595=DIRECTION('ref_axis',(-1.,0.,0.));
#5596=DIRECTION('',(1.,0.,0.));
#5597=DIRECTION('',(0.,0.,1.));
#5598=DIRECTION('',(-1.,0.,0.));
#5599=DIRECTION('center_axis',(0.,0.,1.));
#5600=DIRECTION('ref_axis',(0.707106781186548,-0.707106781186548,0.));
#5601=DIRECTION('center_axis',(0.,0.,1.));
#5602=DIRECTION('ref_axis',(0.707106781186548,-0.707106781186548,0.));
#5603=DIRECTION('',(0.,0.,1.));
#5604=DIRECTION('center_axis',(0.,0.,1.));
#5605=DIRECTION('ref_axis',(0.707106781186548,-0.707106781186548,0.));
#5606=DIRECTION('',(0.,0.,-1.));
#5607=DIRECTION('center_axis',(0.,1.,0.));
#5608=DIRECTION('ref_axis',(-1.,0.,0.));
#5609=DIRECTION('',(1.,0.,0.));
#5610=DIRECTION('',(0.,0.,1.));
#5611=DIRECTION('',(-1.,0.,0.));
#5612=DIRECTION('center_axis',(0.,0.,1.));
#5613=DIRECTION('ref_axis',(-0.707106781186535,-0.70710678118656,0.));
#5614=DIRECTION('center_axis',(0.,0.,1.));
#5615=DIRECTION('ref_axis',(-0.707106781186535,-0.70710678118656,0.));
#5616=DIRECTION('',(0.,0.,1.));
#5617=DIRECTION('center_axis',(0.,0.,1.));
#5618=DIRECTION('ref_axis',(-0.707106781186535,-0.70710678118656,0.));
#5619=DIRECTION('',(0.,0.,-1.));
#5620=DIRECTION('center_axis',(1.,0.,0.));
#5621=DIRECTION('ref_axis',(0.,1.,0.));
#5622=DIRECTION('',(0.,-1.,0.));
#5623=DIRECTION('',(0.,0.,1.));
#5624=DIRECTION('',(0.,1.,0.));
#5625=DIRECTION('center_axis',(0.,0.,1.));
#5626=DIRECTION('ref_axis',(-0.707106781186535,-0.70710678118656,0.));
#5627=DIRECTION('center_axis',(0.,0.,1.));
#5628=DIRECTION('ref_axis',(-0.707106781186535,-0.70710678118656,0.));
#5629=DIRECTION('',(0.,0.,1.));
#5630=DIRECTION('center_axis',(0.,0.,1.));
#5631=DIRECTION('ref_axis',(-0.707106781186535,-0.70710678118656,0.));
#5632=DIRECTION('',(0.,0.,-1.));
#5633=DIRECTION('center_axis',(1.,0.,0.));
#5634=DIRECTION('ref_axis',(0.,1.,0.));
#5635=DIRECTION('',(0.,-1.,0.));
#5636=DIRECTION('',(0.,0.,1.));
#5637=DIRECTION('',(0.,1.,0.));
#5638=DIRECTION('center_axis',(0.,0.,-1.));
#5639=DIRECTION('ref_axis',(-0.707106781186541,-0.707106781186554,0.));
#5640=DIRECTION('center_axis',(0.,0.,1.));
#5641=DIRECTION('ref_axis',(-0.707106781186541,-0.707106781186554,0.));
#5642=DIRECTION('',(0.,0.,1.));
#5643=DIRECTION('center_axis',(0.,0.,1.));
#5644=DIRECTION('ref_axis',(-0.707106781186541,-0.707106781186554,0.));
#5645=DIRECTION('',(0.,0.,-1.));
#5646=DIRECTION('center_axis',(0.,0.,1.));
#5647=DIRECTION('ref_axis',(1.,0.,0.));
#5648=DIRECTION('',(-1.,1.95029164990542E-18,0.));
#5649=DIRECTION('center_axis',(0.,0.,1.));
#5650=DIRECTION('ref_axis',(-0.707106781186552,0.707106781186543,0.));
#5651=DIRECTION('',(0.,-1.,0.));
#5652=DIRECTION('',(-1.,8.70763156568751E-16,0.));
#5653=DIRECTION('center_axis',(0.,0.,1.));
#5654=DIRECTION('ref_axis',(-0.707106781186538,0.707106781186557,0.));
#5655=DIRECTION('',(0.,-1.,0.));
#5656=DIRECTION('',(-1.,7.52693576017055E-16,0.));
#5657=DIRECTION('',(0.,1.,0.));
#5658=DIRECTION('',(1.,0.,0.));
#5659=DIRECTION('center_axis',(0.,0.,1.));
#5660=DIRECTION('ref_axis',(0.707106781186554,-0.707106781186541,0.));
#5661=DIRECTION('',(-6.02154860813644E-15,1.,0.));
#5662=DIRECTION('',(1.,0.,0.));
#5663=DIRECTION('',(-1.,0.,0.));
#5664=DIRECTION('',(0.,-1.,0.));
#5665=DIRECTION('',(1.,-7.52693576017055E-16,0.));
#5666=DIRECTION('',(1.,0.,0.));
#5667=DIRECTION('center_axis',(0.,0.,-1.));
#5668=DIRECTION('ref_axis',(1.,0.,0.));
#5669=DIRECTION('',(1.,0.,0.));
#5670=DIRECTION('',(0.,-1.,0.));
#5671=DIRECTION('center_axis',(0.,0.,1.));
#5672=DIRECTION('ref_axis',(-0.70710678118656,-0.707106781186535,0.));
#5673=DIRECTION('',(1.,0.,0.));
#5674=DIRECTION('center_axis',(0.,0.,1.));
#5675=DIRECTION('ref_axis',(0.707106781186573,-0.707106781186522,0.));
#5676=DIRECTION('',(0.,1.,0.));
#5677=DIRECTION('',(1.,0.,0.));
#5678=DIRECTION('',(0.,-1.,0.));
#5679=DIRECTION('center_axis',(0.,0.,1.));
#5680=DIRECTION('ref_axis',(-0.707106781186573,-0.707106781186522,0.));
#5681=DIRECTION('',(1.,0.,0.));
#5682=DIRECTION('center_axis',(0.,0.,-1.));
#5683=DIRECTION('ref_axis',(0.,-1.,0.));
#5684=DIRECTION('',(-1.,0.,0.));
#5685=DIRECTION('center_axis',(0.,0.,1.));
#5686=DIRECTION('ref_axis',(-0.707106781186573,0.707106781186522,0.));
#5687=DIRECTION('',(0.,-1.,0.));
#5688=DIRECTION('center_axis',(0.,0.,1.));
#5689=DIRECTION('ref_axis',(-0.707106781186573,-0.707106781186522,0.));
#5690=DIRECTION('',(1.,0.,0.));
#5691=DIRECTION('center_axis',(0.,0.,1.));
#5692=DIRECTION('ref_axis',(0.707106781186523,-0.707106781186573,0.));
#5693=DIRECTION('',(0.,1.,0.));
#5694=DIRECTION('center_axis',(0.,0.,1.));
#5695=DIRECTION('ref_axis',(0.707106781186573,0.707106781186522,0.));
#5696=DIRECTION('',(-1.,0.,0.));
#5697=DIRECTION('center_axis',(0.,0.,-1.));
#5698=DIRECTION('ref_axis',(0.,1.,0.));
#5699=DIRECTION('',(1.,0.,0.));
#5700=DIRECTION('center_axis',(0.,0.,1.));
#5701=DIRECTION('ref_axis',(0.707106781186573,-0.707106781186522,0.));
#5702=DIRECTION('',(0.,1.,0.));
#5703=DIRECTION('center_axis',(0.,0.,-1.));
#5704=DIRECTION('ref_axis',(-0.707106781186573,0.707106781186522,0.));
#5705=DIRECTION('',(1.,0.,0.));
#5706=DIRECTION('',(0.,-1.,0.));
#5707=DIRECTION('center_axis',(0.,0.,1.));
#5708=DIRECTION('ref_axis',(-0.707106781186573,-0.707106781186522,0.));
#5709=DIRECTION('',(1.,0.,0.));
#5710=DIRECTION('center_axis',(0.,0.,1.));
#5711=DIRECTION('ref_axis',(0.707106781186573,-0.707106781186522,0.));
#5712=DIRECTION('',(0.,1.,0.));
#5713=DIRECTION('',(0.,1.,0.));
#5714=DIRECTION('center_axis',(0.,0.,-1.));
#5715=DIRECTION('ref_axis',(0.,1.,0.));
#5716=DIRECTION('',(0.,1.,0.));
#5717=DIRECTION('',(0.,1.,0.));
#5718=DIRECTION('',(-1.,0.,0.));
#5719=DIRECTION('center_axis',(0.,0.,-1.));
#5720=DIRECTION('ref_axis',(1.,0.,0.));
#5721=DIRECTION('',(1.,0.,0.));
#5722=DIRECTION('',(1.,-9.25185853854305E-16,0.));
#5723=DIRECTION('',(0.,-1.,0.));
#5724=DIRECTION('',(-1.,0.,0.));
#5725=DIRECTION('',(-1.,0.,0.));
#5726=DIRECTION('',(0.,-1.,0.));
#5727=DIRECTION('center_axis',(0.,0.,-1.));
#5728=DIRECTION('ref_axis',(1.,0.,0.));
#5729=DIRECTION('',(0.,-1.,0.));
#5730=DIRECTION('center_axis',(0.,0.,-1.));
#5731=DIRECTION('ref_axis',(1.,0.,0.));
#5732=DIRECTION('center_axis',(7.52693576017055E-16,1.,0.));
#5733=DIRECTION('ref_axis',(-1.,7.52693576017055E-16,0.));
#5734=DIRECTION('',(-1.,7.52693576017055E-16,0.));
#5735=DIRECTION('center_axis',(0.,0.,1.));
#5736=DIRECTION('ref_axis',(0.707106781186554,-0.707106781186541,0.));
#5737=DIRECTION('',(0.,0.,1.));
#5738=DIRECTION('center_axis',(0.,0.,1.));
#5739=DIRECTION('ref_axis',(0.707106781186554,-0.707106781186541,0.));
#5740=DIRECTION('',(0.,0.,-1.));
#5741=DIRECTION('center_axis',(0.,1.,0.));
#5742=DIRECTION('ref_axis',(-1.,0.,0.));
#5743=DIRECTION('',(0.,0.,1.));
#5744=DIRECTION('',(-1.,0.,0.));
#5745=DIRECTION('center_axis',(0.,0.,1.));
#5746=DIRECTION('ref_axis',(-0.707106781186553,0.707106781186542,0.));
#5747=DIRECTION('center_axis',(0.,0.,1.));
#5748=DIRECTION('ref_axis',(-0.707106781186553,0.707106781186542,0.));
#5749=DIRECTION('',(0.,0.,-1.));
#5750=DIRECTION('center_axis',(0.,0.,1.));
#5751=DIRECTION('ref_axis',(-0.707106781186552,0.707106781186543,0.));
#5752=DIRECTION('',(0.,0.,1.));
#5753=DIRECTION('',(0.,0.,-1.));
#5754=DIRECTION('center_axis',(-1.95029164990542E-18,-1.,0.));
#5755=DIRECTION('ref_axis',(1.,-1.95029164990542E-18,0.));
#5756=DIRECTION('center_axis',(0.,0.,-1.));
#5757=DIRECTION('ref_axis',(-0.707106781186538,0.707106781186557,0.));
#5758=DIRECTION('',(0.,0.,1.));
#5759=DIRECTION('',(0.,0.,-1.));
#5760=DIRECTION('center_axis',(-8.70763156568751E-16,-1.,0.));
#5761=DIRECTION('ref_axis',(1.,-8.70763156568751E-16,0.));
#5762=DIRECTION('',(0.,0.,1.));
#5763=DIRECTION('center_axis',(0.,0.,-1.));
#5764=DIRECTION('ref_axis',(0.707106781186573,-0.707106781186522,0.));
#5765=DIRECTION('center_axis',(0.,0.,1.));
#5766=DIRECTION('ref_axis',(0.707106781186573,-0.707106781186522,0.));
#5767=DIRECTION('',(0.,0.,1.));
#5768=DIRECTION('center_axis',(0.,0.,1.));
#5769=DIRECTION('ref_axis',(0.707106781186573,-0.707106781186522,0.));
#5770=DIRECTION('',(0.,0.,-1.));
#5771=DIRECTION('center_axis',(-1.24818665593947E-16,1.,0.));
#5772=DIRECTION('ref_axis',(-1.,-1.24818665593947E-16,0.));
#5773=DIRECTION('',(-1.,-1.24818665593947E-16,0.));
#5774=DIRECTION('',(-1.,-1.24818665593947E-16,0.));
#5775=DIRECTION('',(0.,0.,-1.));
#5776=DIRECTION('',(-1.,-1.24818665593947E-16,0.));
#5777=DIRECTION('',(0.,0.,1.));
#5778=DIRECTION('',(-1.,-1.24818665593947E-16,0.));
#5779=DIRECTION('',(0.,0.,1.));
#5780=DIRECTION('center_axis',(0.,0.,1.));
#5781=DIRECTION('ref_axis',(-0.70710678118656,-0.707106781186535,0.));
#5782=DIRECTION('',(0.,0.,1.));
#5783=DIRECTION('center_axis',(0.,0.,1.));
#5784=DIRECTION('ref_axis',(-0.70710678118656,-0.707106781186535,0.));
#5785=DIRECTION('',(0.,0.,-1.));
#5786=DIRECTION('center_axis',(0.,1.,0.));
#5787=DIRECTION('ref_axis',(-1.,0.,0.));
#5788=DIRECTION('',(-1.,0.,0.));
#5789=DIRECTION('',(0.,0.,1.));
#5790=DIRECTION('center_axis',(0.,0.,1.));
#5791=DIRECTION('ref_axis',(-0.70710678118651,-0.707106781186585,0.));
#5792=DIRECTION('center_axis',(0.,0.,1.));
#5793=DIRECTION('ref_axis',(-0.70710678118651,-0.707106781186585,0.));
#5794=DIRECTION('',(0.,0.,1.));
#5795=DIRECTION('center_axis',(0.,0.,1.));
#5796=DIRECTION('ref_axis',(-0.70710678118651,-0.707106781186585,0.));
#5797=DIRECTION('center_axis',(1.,0.,0.));
#5798=DIRECTION('ref_axis',(0.,1.,0.));
#5799=DIRECTION('',(0.,1.,0.));
#5800=DIRECTION('',(0.,0.,1.));
#5801=DIRECTION('',(0.,1.,0.));
#5802=DIRECTION('center_axis',(0.,0.,1.));
#5803=DIRECTION('ref_axis',(0.707106781186573,-0.707106781186522,0.));
#5804=DIRECTION('center_axis',(0.,0.,1.));
#5805=DIRECTION('ref_axis',(0.707106781186573,-0.707106781186522,0.));
#5806=DIRECTION('',(0.,0.,-1.));
#5807=DIRECTION('center_axis',(-1.,0.,0.));
#5808=DIRECTION('ref_axis',(0.,-1.,0.));
#5809=DIRECTION('',(0.,-1.,0.));
#5810=DIRECTION('',(0.,0.,1.));
#5811=DIRECTION('',(0.,-1.,0.));
#5812=DIRECTION('',(0.,0.,1.));
#5813=DIRECTION('center_axis',(0.,0.,1.));
#5814=DIRECTION('ref_axis',(-0.707106781186573,-0.707106781186522,0.));
#5815=DIRECTION('',(0.,0.,1.));
#5816=DIRECTION('center_axis',(0.,0.,1.));
#5817=DIRECTION('ref_axis',(-0.707106781186573,-0.707106781186522,0.));
#5818=DIRECTION('',(0.,0.,-1.));
#5819=DIRECTION('center_axis',(0.,1.,0.));
#5820=DIRECTION('ref_axis',(-1.,0.,0.));
#5821=DIRECTION('',(-1.,0.,0.));
#5822=DIRECTION('',(0.,0.,1.));
#5823=DIRECTION('center_axis',(0.,0.,-1.));
#5824=DIRECTION('ref_axis',(0.975040605155189,-0.2220266161941,0.));
#5825=DIRECTION('center_axis',(0.,0.,1.));
#5826=DIRECTION('ref_axis',(0.975040605155189,-0.2220266161941,0.));
#5827=DIRECTION('',(0.,0.,1.));
#5828=DIRECTION('center_axis',(0.,0.,1.));
#5829=DIRECTION('ref_axis',(0.975040605155189,-0.2220266161941,0.));
#5830=DIRECTION('',(0.,0.,1.));
#5831=DIRECTION('center_axis',(0.,1.,0.));
#5832=DIRECTION('ref_axis',(-1.,0.,0.));
#5833=DIRECTION('',(1.,0.,0.));
#5834=DIRECTION('',(0.,0.,1.));
#5835=DIRECTION('',(-1.,0.,0.));
#5836=DIRECTION('center_axis',(0.,0.,1.));
#5837=DIRECTION('ref_axis',(0.975040605155189,0.2220266161941,0.));
#5838=DIRECTION('center_axis',(0.,0.,1.));
#5839=DIRECTION('ref_axis',(0.975040605155189,0.2220266161941,0.));
#5840=DIRECTION('',(0.,0.,-1.));
#5841=DIRECTION('center_axis',(0.,0.,1.));
#5842=DIRECTION('ref_axis',(0.975040605155189,0.2220266161941,0.));
#5843=DIRECTION('',(0.,0.,1.));
#5844=DIRECTION('center_axis',(0.,0.,-1.));
#5845=DIRECTION('ref_axis',(-0.975040605155189,0.2220266161941,0.));
#5846=DIRECTION('center_axis',(0.,0.,1.));
#5847=DIRECTION('ref_axis',(-0.975040605155189,0.2220266161941,0.));
#5848=DIRECTION('',(0.,0.,1.));
#5849=DIRECTION('center_axis',(0.,0.,1.));
#5850=DIRECTION('ref_axis',(-0.975040605155189,0.2220266161941,0.));
#5851=DIRECTION('',(0.,0.,1.));
#5852=DIRECTION('center_axis',(0.,-1.,0.));
#5853=DIRECTION('ref_axis',(1.,0.,0.));
#5854=DIRECTION('',(-1.,0.,0.));
#5855=DIRECTION('',(0.,0.,1.));
#5856=DIRECTION('',(1.,0.,0.));
#5857=DIRECTION('center_axis',(0.,0.,1.));
#5858=DIRECTION('ref_axis',(-0.975040605155189,-0.2220266161941,0.));
#5859=DIRECTION('center_axis',(0.,0.,1.));
#5860=DIRECTION('ref_axis',(-0.975040605155189,-0.2220266161941,0.));
#5861=DIRECTION('',(0.,0.,-1.));
#5862=DIRECTION('center_axis',(0.,0.,1.));
#5863=DIRECTION('ref_axis',(-0.975040605155189,-0.2220266161941,0.));
#5864=DIRECTION('',(0.,0.,1.));
#5865=DIRECTION('center_axis',(0.,0.,1.));
#5866=DIRECTION('ref_axis',(-0.707106781186573,0.707106781186522,0.));
#5867=DIRECTION('',(0.,0.,1.));
#5868=DIRECTION('center_axis',(0.,0.,1.));
#5869=DIRECTION('ref_axis',(-0.707106781186573,0.707106781186522,0.));
#5870=DIRECTION('',(0.,0.,-1.));
#5871=DIRECTION('center_axis',(1.,0.,0.));
#5872=DIRECTION('ref_axis',(0.,1.,0.));
#5873=DIRECTION('',(0.,1.,0.));
#5874=DIRECTION('',(0.,0.,1.));
#5875=DIRECTION('center_axis',(0.,0.,1.));
#5876=DIRECTION('ref_axis',(-0.707106781186573,-0.707106781186522,0.));
#5877=DIRECTION('center_axis',(0.,0.,1.));
#5878=DIRECTION('ref_axis',(-0.707106781186573,-0.707106781186522,0.));
#5879=DIRECTION('',(0.,0.,-1.));
#5880=DIRECTION('center_axis',(0.,1.,0.));
#5881=DIRECTION('ref_axis',(-1.,0.,0.));
#5882=DIRECTION('',(-1.,0.,0.));
#5883=DIRECTION('',(0.,0.,1.));
#5884=DIRECTION('center_axis',(0.,0.,1.));
#5885=DIRECTION('ref_axis',(-0.975040605155173,-0.222026616194172,0.));
#5886=DIRECTION('center_axis',(0.,0.,1.));
#5887=DIRECTION('ref_axis',(-0.975040605155173,-0.222026616194172,0.));
#5888=DIRECTION('',(0.,0.,-1.));
#5889=DIRECTION('center_axis',(0.,0.,1.));
#5890=DIRECTION('ref_axis',(-0.975040605155173,-0.222026616194172,0.));
#5891=DIRECTION('',(0.,0.,1.));
#5892=DIRECTION('center_axis',(0.,0.,-1.));
#5893=DIRECTION('ref_axis',(-0.975040605155173,0.222026616194172,0.));
#5894=DIRECTION('center_axis',(0.,0.,1.));
#5895=DIRECTION('ref_axis',(-0.975040605155173,0.222026616194172,0.));
#5896=DIRECTION('',(0.,0.,1.));
#5897=DIRECTION('center_axis',(0.,0.,1.));
#5898=DIRECTION('ref_axis',(-0.975040605155173,0.222026616194172,0.));
#5899=DIRECTION('',(0.,0.,1.));
#5900=DIRECTION('center_axis',(0.,-1.,0.));
#5901=DIRECTION('ref_axis',(1.,0.,0.));
#5902=DIRECTION('',(-1.,0.,0.));
#5903=DIRECTION('',(0.,0.,1.));
#5904=DIRECTION('',(1.,0.,0.));
#5905=DIRECTION('center_axis',(0.,0.,1.));
#5906=DIRECTION('ref_axis',(0.975040605155189,0.2220266161941,0.));
#5907=DIRECTION('center_axis',(0.,0.,1.));
#5908=DIRECTION('ref_axis',(0.975040605155189,0.2220266161941,0.));
#5909=DIRECTION('',(0.,0.,-1.));
#5910=DIRECTION('center_axis',(0.,0.,1.));
#5911=DIRECTION('ref_axis',(0.975040605155189,0.2220266161941,0.));
#5912=DIRECTION('',(0.,0.,1.));
#5913=DIRECTION('center_axis',(0.,0.,-1.));
#5914=DIRECTION('ref_axis',(0.975040605155189,-0.2220266161941,0.));
#5915=DIRECTION('center_axis',(0.,0.,1.));
#5916=DIRECTION('ref_axis',(0.975040605155189,-0.2220266161941,0.));
#5917=DIRECTION('',(0.,0.,1.));
#5918=DIRECTION('center_axis',(0.,0.,1.));
#5919=DIRECTION('ref_axis',(0.975040605155189,-0.2220266161941,0.));
#5920=DIRECTION('',(0.,0.,1.));
#5921=DIRECTION('center_axis',(0.,1.,0.));
#5922=DIRECTION('ref_axis',(-1.,0.,0.));
#5923=DIRECTION('',(1.,0.,0.));
#5924=DIRECTION('',(0.,0.,1.));
#5925=DIRECTION('',(-1.,0.,0.));
#5926=DIRECTION('center_axis',(0.,0.,1.));
#5927=DIRECTION('ref_axis',(0.707106781186573,-0.707106781186522,0.));
#5928=DIRECTION('',(0.,0.,1.));
#5929=DIRECTION('center_axis',(0.,0.,1.));
#5930=DIRECTION('ref_axis',(0.707106781186573,-0.707106781186522,0.));
#5931=DIRECTION('',(0.,0.,-1.));
#5932=DIRECTION('center_axis',(-1.,0.,0.));
#5933=DIRECTION('ref_axis',(0.,-1.,0.));
#5934=DIRECTION('',(0.,-1.,0.));
#5935=DIRECTION('center_axis',(0.,0.,1.));
#5936=DIRECTION('ref_axis',(-0.707106781186573,-0.707106781186522,0.));
#5937=DIRECTION('',(0.,0.,1.));
#5938=DIRECTION('center_axis',(0.,0.,1.));
#5939=DIRECTION('ref_axis',(-0.707106781186573,-0.707106781186522,0.));
#5940=DIRECTION('',(0.,0.,-1.));
#5941=DIRECTION('center_axis',(0.,1.,0.));
#5942=DIRECTION('ref_axis',(-1.,0.,0.));
#5943=DIRECTION('',(-1.,0.,0.));
#5944=DIRECTION('center_axis',(0.,0.,1.));
#5945=DIRECTION('ref_axis',(-0.707106781186573,0.707106781186522,0.));
#5946=DIRECTION('center_axis',(0.,0.,-1.));
#5947=DIRECTION('ref_axis',(-0.707106781186573,0.707106781186522,0.));
#5948=DIRECTION('',(0.,0.,-1.));
#5949=DIRECTION('',(0.,0.,1.));
#5950=DIRECTION('center_axis',(0.,0.,1.));
#5951=DIRECTION('ref_axis',(1.,0.,0.));
#5952=DIRECTION('',(0.,-1.,0.));
#5953=DIRECTION('',(-1.,0.,0.));
#5954=DIRECTION('',(0.,1.,0.));
#5955=DIRECTION('',(-1.,0.,0.));
#5956=DIRECTION('',(0.,-1.,0.));
#5957=DIRECTION('center_axis',(0.,0.,1.));
#5958=DIRECTION('ref_axis',(0.707106781186573,-0.707106781186522,0.));
#5959=DIRECTION('',(-1.,0.,0.));
#5960=DIRECTION('center_axis',(0.,0.,1.));
#5961=DIRECTION('ref_axis',(0.,1.,0.));
#5962=DIRECTION('',(1.,0.,0.));
#5963=DIRECTION('center_axis',(0.,0.,1.));
#5964=DIRECTION('ref_axis',(0.707106781186573,0.707106781186522,0.));
#5965=DIRECTION('',(0.,-1.,0.));
#5966=DIRECTION('center_axis',(0.,0.,1.));
#5967=DIRECTION('ref_axis',(0.707106781186523,-0.707106781186573,0.));
#5968=DIRECTION('',(1.,0.,0.));
#5969=DIRECTION('center_axis',(0.,0.,1.));
#5970=DIRECTION('ref_axis',(0.,-1.,0.));
#5971=DIRECTION('',(0.,1.,0.));
#5972=DIRECTION('',(-1.,0.,0.));
#5973=DIRECTION('',(-1.,0.,0.));
#5974=DIRECTION('center_axis',(0.,0.,-1.));
#5975=DIRECTION('ref_axis',(0.930232558139539,0.366970554373466,0.));
#5976=DIRECTION('',(1.,0.,0.));
#5977=DIRECTION('',(0.,-1.,0.));
#5978=DIRECTION('center_axis',(0.,0.,-1.));
#5979=DIRECTION('ref_axis',(-0.930232558139539,-0.366970554373466,0.));
#5980=DIRECTION('',(-1.,0.,0.));
#5981=DIRECTION('',(0.,1.,0.));
#5982=DIRECTION('',(1.,0.,0.));
#5983=DIRECTION('',(0.,-1.,0.));
#5984=DIRECTION('center_axis',(0.,0.,-1.));
#5985=DIRECTION('ref_axis',(-0.930232558139539,-0.366970554373466,0.));
#5986=DIRECTION('',(-1.,0.,0.));
#5987=DIRECTION('',(0.,1.,0.));
#5988=DIRECTION('center_axis',(0.,0.,-1.));
#5989=DIRECTION('ref_axis',(0.930232558139545,0.36697055437345,0.));
#5990=DIRECTION('center_axis',(-1.,0.,0.));
#5991=DIRECTION('ref_axis',(0.,-1.,0.));
#5992=DIRECTION('',(0.,0.,-1.));
#5993=DIRECTION('center_axis',(0.,0.,1.));
#5994=DIRECTION('ref_axis',(0.707106781186573,-0.707106781186522,0.));
#5995=DIRECTION('',(0.,0.,1.));
#5996=DIRECTION('center_axis',(0.,0.,1.));
#5997=DIRECTION('ref_axis',(0.707106781186573,0.707106781186522,0.));
#5998=DIRECTION('',(0.,0.,1.));
#5999=DIRECTION('',(0.,0.,-1.));
#6000=DIRECTION('center_axis',(0.,-1.,0.));
#6001=DIRECTION('ref_axis',(1.,0.,0.));
#6002=DIRECTION('',(0.,0.,1.));
#6003=DIRECTION('center_axis',(0.,0.,1.));
#6004=DIRECTION('ref_axis',(0.707106781186523,-0.707106781186573,0.));
#6005=DIRECTION('',(0.,0.,-1.));
#6006=DIRECTION('center_axis',(-1.,0.,0.));
#6007=DIRECTION('ref_axis',(0.,-1.,0.));
#6008=DIRECTION('center_axis',(0.,0.,1.));
#6009=DIRECTION('ref_axis',(1.73180126392392E-5,0.999999999850043,0.));
#6010=DIRECTION('center_axis',(0.,0.,1.));
#6011=DIRECTION('ref_axis',(1.73180126392392E-5,0.999999999850043,0.));
#6012=DIRECTION('',(0.,0.,1.));
#6013=DIRECTION('center_axis',(0.,0.,1.));
#6014=DIRECTION('ref_axis',(1.73180126392392E-5,0.999999999850043,0.));
#6015=DIRECTION('',(0.,0.,-1.));
#6016=DIRECTION('center_axis',(0.494873432106237,-0.868965066153636,0.));
#6017=DIRECTION('ref_axis',(0.868965066153636,0.494873432106237,0.));
#6018=DIRECTION('',(0.868965066153636,0.494873432106237,0.));
#6019=DIRECTION('',(0.,0.,-1.));
#6020=DIRECTION('',(0.868965066153636,0.494873432106237,0.));
#6021=DIRECTION('center_axis',(0.,0.,1.));
#6022=DIRECTION('ref_axis',(1.,0.,0.));
#6023=DIRECTION('',(0.868947925183711,-0.494903529305383,0.));
#6024=DIRECTION('center_axis',(0.,0.,1.));
#6025=DIRECTION('ref_axis',(0.999999999954484,9.54110037475626E-6,0.));
#6026=DIRECTION('',(-0.86893848117698,-0.494920110654076,0.));
#6027=DIRECTION('center_axis',(0.,0.,1.));
#6028=DIRECTION('ref_axis',(-0.0039929539676891,-0.999992028127531,0.));
#6029=DIRECTION('',(-0.864958418089272,0.50184353635023,0.));
#6030=DIRECTION('',(-0.864951435266695,0.50185557148455,0.));
#6031=DIRECTION('',(-0.864976942254145,-0.501811607447128,0.));
#6032=DIRECTION('',(-3.42887094542602E-16,-1.,0.));
#6033=DIRECTION('center_axis',(0.,0.,1.));
#6034=DIRECTION('ref_axis',(0.502550627162401,-0.864547781871354,0.));
#6035=DIRECTION('',(-0.868958059982547,0.494885734277488,0.));
#6036=DIRECTION('center_axis',(0.,0.,1.));
#6037=DIRECTION('ref_axis',(-0.999999999974946,7.07866257462448E-6,0.));
#6038=DIRECTION('center_axis',(0.,0.,1.));
#6039=DIRECTION('ref_axis',(0.999999999954484,9.54110037475626E-6,0.));
#6040=DIRECTION('',(0.,0.,1.));
#6041=DIRECTION('center_axis',(0.,0.,1.));
#6042=DIRECTION('ref_axis',(0.999999999954484,9.54110037475626E-6,0.));
#6043=DIRECTION('',(0.,0.,-1.));
#6044=DIRECTION('center_axis',(-0.494920110654076,0.86893848117698,0.));
#6045=DIRECTION('ref_axis',(-0.86893848117698,-0.494920110654076,0.));
#6046=DIRECTION('',(-0.86893848117698,-0.494920110654076,0.));
#6047=DIRECTION('',(0.,0.,1.));
#6048=DIRECTION('center_axis',(0.,0.,1.));
#6049=DIRECTION('ref_axis',(-0.0039929539676891,-0.999992028127531,0.));
#6050=DIRECTION('center_axis',(0.,0.,1.));
#6051=DIRECTION('ref_axis',(-0.0039929539676891,-0.999992028127531,0.));
#6052=DIRECTION('',(0.,0.,-1.));
#6053=DIRECTION('center_axis',(0.,0.,1.));
#6054=DIRECTION('ref_axis',(-0.499084824611422,0.866553136191074,0.));
#6055=DIRECTION('',(0.,0.,1.));
#6056=DIRECTION('center_axis',(0.,0.,1.));
#6057=DIRECTION('ref_axis',(-0.499084824611422,0.866553136191074,0.));
#6058=DIRECTION('',(0.,0.,-1.));
#6059=DIRECTION('center_axis',(-0.501828675685198,-0.864967039984785,0.));
#6060=DIRECTION('ref_axis',(0.864967039984785,-0.501828675685198,0.));
#6061=DIRECTION('',(0.864967039984785,-0.501828675685198,0.));
#6062=DIRECTION('',(0.,0.,1.));
#6063=DIRECTION('center_axis',(0.,0.,1.));
#6064=DIRECTION('ref_axis',(0.866507213454547,0.499164551056299,0.));
#6065=DIRECTION('center_axis',(0.,0.,1.));
#6066=DIRECTION('ref_axis',(0.866507213454547,0.499164551056299,0.));
#6067=DIRECTION('',(0.,0.,1.));
#6068=DIRECTION('center_axis',(0.,0.,1.));
#6069=DIRECTION('ref_axis',(0.866507213454547,0.499164551056299,0.));
#6070=DIRECTION('',(0.,0.,-1.));
#6071=DIRECTION('center_axis',(-0.501669501937486,-0.865059368382191,0.));
#6072=DIRECTION('ref_axis',(0.865059368382191,-0.501669501937486,0.));
#6073=DIRECTION('',(0.865059368382191,-0.501669501937486,0.));
#6074=DIRECTION('',(0.,0.,1.));
#6075=DIRECTION('',(0.865059368382191,-0.501669501937486,0.));
#6076=DIRECTION('center_axis',(0.,0.,1.));
#6077=DIRECTION('ref_axis',(1.,0.,0.));
#6078=DIRECTION('',(3.68342761467041E-16,-1.,0.));
#6079=DIRECTION('center_axis',(0.,0.,1.));
#6080=DIRECTION('ref_axis',(0.499955533385662,-0.866051075074131,0.));
#6081=DIRECTION('',(-0.865974054355861,0.500088929274057,0.));
#6082=DIRECTION('',(-0.866079694428538,0.49990595405393,0.));
#6083=DIRECTION('center_axis',(0.,0.,1.));
#6084=DIRECTION('ref_axis',(-0.86599825463273,-0.500047020762113,0.));
#6085=DIRECTION('',(-6.41825106299117E-16,1.,0.));
#6086=DIRECTION('center_axis',(0.,0.,1.));
#6087=DIRECTION('ref_axis',(-0.499035817939274,0.866581359373532,0.));
#6088=DIRECTION('',(0.864910274971803,-0.50192650482735,0.));
#6089=DIRECTION('center_axis',(0.,0.,1.));
#6090=DIRECTION('ref_axis',(-0.499035817939274,0.866581359373532,0.));
#6091=DIRECTION('',(0.,0.,1.));
#6092=DIRECTION('center_axis',(0.,0.,1.));
#6093=DIRECTION('ref_axis',(-0.499035817939274,0.866581359373532,0.));
#6094=DIRECTION('',(0.,0.,-1.));
#6095=DIRECTION('center_axis',(1.,6.41825106299117E-16,0.));
#6096=DIRECTION('ref_axis',(-6.41825106299117E-16,1.,0.));
#6097=DIRECTION('',(0.,0.,-1.));
#6098=DIRECTION('',(-6.41825106299117E-16,1.,0.));
#6099=DIRECTION('center_axis',(0.,0.,1.));
#6100=DIRECTION('ref_axis',(-0.86599825463273,-0.500047020762113,0.));
#6101=DIRECTION('',(0.,0.,1.));
#6102=DIRECTION('center_axis',(0.,0.,1.));
#6103=DIRECTION('ref_axis',(-0.86599825463273,-0.500047020762113,0.));
#6104=DIRECTION('center_axis',(0.49990595405393,0.866079694428538,0.));
#6105=DIRECTION('ref_axis',(-0.866079694428538,0.49990595405393,0.));
#6106=DIRECTION('',(0.,0.,1.));
#6107=DIRECTION('',(-0.866079694428538,0.49990595405393,0.));
#6108=DIRECTION('center_axis',(0.,0.,1.));
#6109=DIRECTION('ref_axis',(0.499955533385662,-0.866051075074131,0.));
#6110=DIRECTION('',(0.,0.,1.));
#6111=DIRECTION('center_axis',(0.,0.,1.));
#6112=DIRECTION('ref_axis',(0.499955533385662,-0.866051075074131,0.));
#6113=DIRECTION('',(0.,0.,-1.));
#6114=DIRECTION('center_axis',(0.500088929274057,0.865974054355861,0.));
#6115=DIRECTION('ref_axis',(-0.865974054355861,0.500088929274057,0.));
#6116=DIRECTION('',(-0.865974054355861,0.500088929274057,0.));
#6117=DIRECTION('center_axis',(0.,0.,1.));
#6118=DIRECTION('ref_axis',(2.10884260556984E-5,0.999999999777639,0.));
#6119=DIRECTION('center_axis',(0.,0.,1.));
#6120=DIRECTION('ref_axis',(2.10884260556984E-5,0.999999999777639,0.));
#6121=DIRECTION('',(0.,0.,1.));
#6122=DIRECTION('center_axis',(0.,0.,1.));
#6123=DIRECTION('ref_axis',(2.10884260556984E-5,0.999999999777639,0.));
#6124=DIRECTION('',(0.,0.,-1.));
#6125=DIRECTION('center_axis',(0.499972940606632,-0.866041025968838,0.));
#6126=DIRECTION('ref_axis',(0.866041025968838,0.499972940606632,0.));
#6127=DIRECTION('',(0.866041025968838,0.499972940606632,0.));
#6128=DIRECTION('',(0.,0.,-1.));
#6129=DIRECTION('',(0.866041025968838,0.499972940606632,0.));
#6130=DIRECTION('center_axis',(0.,0.,1.));
#6131=DIRECTION('ref_axis',(1.,0.,0.));
#6132=DIRECTION('',(0.866019937913778,-0.500009467046191,0.));
#6133=DIRECTION('center_axis',(0.,0.,1.));
#6134=DIRECTION('ref_axis',(0.99999560154674,-0.0029659546817387,0.));
#6135=DIRECTION('',(-0.86897069914795,-0.494863540809305,0.));
#6136=DIRECTION('center_axis',(0.,0.,1.));
#6137=DIRECTION('ref_axis',(2.09424951679952E-5,-0.999999999780706,0.));
#6138=DIRECTION('',(-0.868991425740314,0.494827143545922,0.));
#6139=DIRECTION('center_axis',(0.,0.,1.));
#6140=DIRECTION('ref_axis',(-0.999995601979554,-0.00296580875149669,0.));
#6141=DIRECTION('center_axis',(0.,0.,1.));
#6142=DIRECTION('ref_axis',(0.99999560154674,-0.0029659546817387,0.));
#6143=DIRECTION('',(0.,0.,1.));
#6144=DIRECTION('center_axis',(0.,0.,1.));
#6145=DIRECTION('ref_axis',(0.99999560154674,-0.0029659546817387,0.));
#6146=DIRECTION('',(0.,0.,-1.));
#6147=DIRECTION('center_axis',(-0.494863540809305,0.86897069914795,0.));
#6148=DIRECTION('ref_axis',(-0.86897069914795,-0.494863540809305,0.));
#6149=DIRECTION('',(-0.86897069914795,-0.494863540809305,0.));
#6150=DIRECTION('',(0.,0.,1.));
#6151=DIRECTION('center_axis',(0.,0.,1.));
#6152=DIRECTION('ref_axis',(2.09424951679952E-5,-0.999999999780706,0.));
#6153=DIRECTION('center_axis',(0.,0.,1.));
#6154=DIRECTION('ref_axis',(2.09424951679952E-5,-0.999999999780706,0.));
#6155=DIRECTION('',(0.,0.,-1.));
#6156=DIRECTION('center_axis',(0.,0.,1.));
#6157=DIRECTION('ref_axis',(-0.999995601979554,-0.00296580875149669,0.));
#6158=DIRECTION('',(0.,0.,1.));
#6159=DIRECTION('center_axis',(0.,0.,1.));
#6160=DIRECTION('ref_axis',(-0.999995601979554,-0.00296580875149669,0.));
#6161=DIRECTION('center_axis',(0.,0.,1.));
#6162=DIRECTION('ref_axis',(0.502550627162401,-0.864547781871354,0.));
#6163=DIRECTION('',(0.,0.,1.));
#6164=DIRECTION('center_axis',(0.,0.,1.));
#6165=DIRECTION('ref_axis',(0.502550627162401,-0.864547781871354,0.));
#6166=DIRECTION('',(0.,0.,-1.));
#6167=DIRECTION('center_axis',(-1.,3.42887094542602E-16,0.));
#6168=DIRECTION('ref_axis',(-3.42887094542602E-16,-1.,0.));
#6169=DIRECTION('',(0.,0.,1.));
#6170=DIRECTION('',(-3.42887094542602E-16,-1.,0.));
#6171=DIRECTION('center_axis',(0.,0.,1.));
#6172=DIRECTION('ref_axis',(-0.999999999974946,7.07866257462448E-6,0.));
#6173=DIRECTION('',(0.,0.,1.));
#6174=DIRECTION('center_axis',(0.,0.,1.));
#6175=DIRECTION('ref_axis',(-0.999999999974946,7.07866257462448E-6,0.));
#6176=DIRECTION('center_axis',(-1.,-3.68342761467041E-16,0.));
#6177=DIRECTION('ref_axis',(3.68342761467041E-16,-1.,0.));
#6178=DIRECTION('',(3.68342761467041E-16,-1.,0.));
#6179=DIRECTION('center_axis',(-0.50192650482735,-0.864910274971803,0.));
#6180=DIRECTION('ref_axis',(0.864910274971803,-0.50192650482735,0.));
#6181=DIRECTION('',(0.864910274971803,-0.50192650482735,0.));
#6182=DIRECTION('',(0.,0.,1.));
#6183=DIRECTION('',(0.,0.,1.));
#6184=DIRECTION('',(0.,0.,1.));
#6185=DIRECTION('',(0.,0.,1.));
#6186=DIRECTION('',(0.,0.,1.));
#6187=DIRECTION('center_axis',(0.50185557148455,0.864951435266695,0.));
#6188=DIRECTION('ref_axis',(-0.864951435266695,0.50185557148455,0.));
#6189=DIRECTION('',(0.,0.,1.));
#6190=DIRECTION('',(-0.864951435266695,0.50185557148455,0.));
#6191=DIRECTION('center_axis',(0.50184353635023,0.864958418089272,0.));
#6192=DIRECTION('ref_axis',(-0.864958418089272,0.50184353635023,0.));
#6193=DIRECTION('',(-0.864958418089272,0.50184353635023,0.));
#6194=DIRECTION('center_axis',(-0.494903529305383,-0.868947925183711,0.));
#6195=DIRECTION('ref_axis',(0.868947925183711,-0.494903529305383,0.));
#6196=DIRECTION('',(0.868947925183711,-0.494903529305383,0.));
#6197=DIRECTION('center_axis',(0.494885734277488,0.868958059982547,0.));
#6198=DIRECTION('ref_axis',(-0.868958059982547,0.494885734277488,0.));
#6199=DIRECTION('',(-0.868958059982547,0.494885734277488,0.));
#6200=DIRECTION('',(0.,0.,1.));
#6201=DIRECTION('center_axis',(-0.501811607447128,0.864976942254145,0.));
#6202=DIRECTION('ref_axis',(-0.864976942254145,-0.501811607447128,0.));
#6203=DIRECTION('',(0.,0.,1.));
#6204=DIRECTION('',(-0.864976942254145,-0.501811607447128,0.));
#6205=DIRECTION('',(0.,0.,1.));
#6206=DIRECTION('center_axis',(0.494827143545922,0.868991425740314,0.));
#6207=DIRECTION('ref_axis',(-0.868991425740314,0.494827143545922,0.));
#6208=DIRECTION('',(-0.868991425740314,0.494827143545922,0.));
#6209=DIRECTION('center_axis',(-0.500009467046192,-0.866019937913778,0.));
#6210=DIRECTION('ref_axis',(0.866019937913778,-0.500009467046191,0.));
#6211=DIRECTION('',(0.866019937913778,-0.500009467046191,0.));
#6212=DIRECTION('center_axis',(1.,6.87102666838773E-16,0.));
#6213=DIRECTION('ref_axis',(-6.87102666838773E-16,1.,0.));
#6214=DIRECTION('',(0.,0.,1.));
#6215=DIRECTION('',(-6.87102666838773E-16,1.,0.));
#6216=DIRECTION('',(0.,0.,1.));
#6217=DIRECTION('',(0.,0.,1.));
#6218=DIRECTION('',(0.,0.,1.));
#6219=DIRECTION('center_axis',(0.,0.,1.));
#6220=DIRECTION('ref_axis',(0.288985630135732,0.957333434898758,0.));
#6221=DIRECTION('',(0.,0.,1.));
#6222=DIRECTION('',(0.,0.,1.));
#6223=DIRECTION('',(0.,0.,1.));
#6224=DIRECTION('center_axis',(0.,0.,1.));
#6225=DIRECTION('ref_axis',(0.92310470377185,-0.384548704164095,0.));
#6226=DIRECTION('',(0.,0.,1.));
#6227=DIRECTION('center_axis',(0.,0.,1.));
#6228=DIRECTION('ref_axis',(0.92310470377185,-0.384548704164095,0.));
#6229=DIRECTION('',(0.,0.,1.));
#6230=DIRECTION('center_axis',(0.,0.,1.));
#6231=DIRECTION('ref_axis',(-0.478462458015844,0.878108009455236,0.));
#6232=DIRECTION('',(0.,0.,1.));
#6233=DIRECTION('',(0.,0.,1.));
#6234=DIRECTION('center_axis',(0.,0.,1.));
#6235=DIRECTION('ref_axis',(0.489565404367703,0.871966578973236,0.));
#6236=DIRECTION('center_axis',(0.52705755921043,-0.849829588375896,0.));
#6237=DIRECTION('ref_axis',(0.849829588375896,0.52705755921043,0.));
#6238=DIRECTION('',(0.,0.,1.));
#6239=DIRECTION('',(0.849829588375896,0.52705755921043,0.));
#6240=DIRECTION('center_axis',(0.,0.,1.));
#6241=DIRECTION('ref_axis',(0.534552881706793,-0.845135028654572,0.));
#6242=DIRECTION('',(0.,0.,1.));
#6243=DIRECTION('center_axis',(0.,0.,1.));
#6244=DIRECTION('ref_axis',(0.534552881706793,-0.845135028654572,0.));
#6245=DIRECTION('center_axis',(0.494875190008151,-0.868964065030538,0.));
#6246=DIRECTION('ref_axis',(0.868964065030538,0.494875190008151,0.));
#6247=DIRECTION('',(0.,0.,1.));
#6248=DIRECTION('',(0.868964065030538,0.494875190008151,0.));
#6249=DIRECTION('',(0.,0.,1.));
#6250=DIRECTION('center_axis',(-0.494842602529725,-0.868982622796111,0.));
#6251=DIRECTION('ref_axis',(0.868982622796111,-0.494842602529725,0.));
#6252=DIRECTION('',(0.,0.,1.));
#6253=DIRECTION('',(0.868982622796111,-0.494842602529725,0.));
#6254=DIRECTION('center_axis',(0.,0.,1.));
#6255=DIRECTION('ref_axis',(-0.494842615212356,-0.86898261557398,0.));
#6256=DIRECTION('',(0.,0.,1.));
#6257=DIRECTION('center_axis',(0.,0.,1.));
#6258=DIRECTION('ref_axis',(-0.494842615212356,-0.86898261557398,0.));
#6259=DIRECTION('center_axis',(-0.494874840424364,-0.868964264118474,0.));
#6260=DIRECTION('ref_axis',(0.868964264118473,-0.494874840424364,0.));
#6261=DIRECTION('',(0.,0.,1.));
#6262=DIRECTION('',(0.868964264118473,-0.494874840424364,0.));
#6263=DIRECTION('',(0.,0.,1.));
#6264=DIRECTION('center_axis',(-0.494867533613018,0.868968425304262,0.));
#6265=DIRECTION('ref_axis',(-0.868968425304262,-0.494867533613018,0.));
#6266=DIRECTION('',(0.,0.,1.));
#6267=DIRECTION('',(-0.868968425304262,-0.494867533613018,0.));
#6268=DIRECTION('',(0.,0.,1.));
#6269=DIRECTION('center_axis',(0.,0.,1.));
#6270=DIRECTION('ref_axis',(0.999996187329782,0.00276139926490773,0.));
#6271=DIRECTION('center_axis',(0.494881807133891,0.868960296542883,0.));
#6272=DIRECTION('ref_axis',(-0.868960296542883,0.494881807133891,0.));
#6273=DIRECTION('',(0.,0.,1.));
#6274=DIRECTION('',(-0.868960296542883,0.494881807133891,0.));
#6275=DIRECTION('',(0.,0.,1.));
#6276=DIRECTION('center_axis',(0.494867296927508,-0.868968560093897,0.));
#6277=DIRECTION('ref_axis',(0.868968560093897,0.494867296927508,0.));
#6278=DIRECTION('',(0.,0.,1.));
#6279=DIRECTION('',(0.868968560093897,0.494867296927508,0.));
#6280=DIRECTION('center_axis',(0.,0.,-1.));
#6281=DIRECTION('ref_axis',(1.,0.,0.));
#6282=DIRECTION('center_axis',(0.,0.,1.));
#6283=DIRECTION('ref_axis',(0.930232558139539,0.366970554373466,0.));
#6284=DIRECTION('center_axis',(0.,0.,1.));
#6285=DIRECTION('ref_axis',(0.930232558139539,0.366970554373466,0.));
#6286=DIRECTION('center_axis',(-1.,0.,0.));
#6287=DIRECTION('ref_axis',(0.,-1.,0.));
#6288=DIRECTION('',(0.,0.,1.));
#6289=DIRECTION('',(0.,-1.,0.));
#6290=DIRECTION('center_axis',(0.,-1.,0.));
#6291=DIRECTION('ref_axis',(1.,0.,0.));
#6292=DIRECTION('',(1.,0.,0.));
#6293=DIRECTION('center_axis',(0.,0.,1.));
#6294=DIRECTION('ref_axis',(1.,0.,0.));
#6295=DIRECTION('center_axis',(0.,0.,-1.));
#6296=DIRECTION('ref_axis',(1.,0.,0.));
#6297=DIRECTION('',(0.,0.,-1.));
#6298=DIRECTION('center_axis',(0.,0.,1.));
#6299=DIRECTION('ref_axis',(1.,0.,0.));
#6300=DIRECTION('center_axis',(0.,1.,0.));
#6301=DIRECTION('ref_axis',(-1.,0.,0.));
#6302=DIRECTION('',(-1.,0.,0.));
#6303=DIRECTION('',(0.,0.,1.));
#6304=DIRECTION('center_axis',(1.,0.,0.));
#6305=DIRECTION('ref_axis',(0.,1.,0.));
#6306=DIRECTION('',(0.,1.,0.));
#6307=DIRECTION('center_axis',(0.,0.,1.));
#6308=DIRECTION('ref_axis',(-0.930232558139539,-0.366970554373466,0.));
#6309=DIRECTION('center_axis',(0.,0.,1.));
#6310=DIRECTION('ref_axis',(-0.930232558139539,-0.366970554373466,0.));
#6311=DIRECTION('center_axis',(0.,0.,1.));
#6312=DIRECTION('ref_axis',(1.,0.,0.));
#6313=DIRECTION('center_axis',(0.,0.,1.));
#6314=DIRECTION('ref_axis',(-0.930232558139539,-0.366970554373466,0.));
#6315=DIRECTION('center_axis',(0.,0.,1.));
#6316=DIRECTION('ref_axis',(-0.930232558139539,-0.366970554373466,0.));
#6317=DIRECTION('center_axis',(1.,0.,0.));
#6318=DIRECTION('ref_axis',(0.,1.,0.));
#6319=DIRECTION('',(0.,0.,1.));
#6320=DIRECTION('',(0.,1.,0.));
#6321=DIRECTION('center_axis',(0.,1.,0.));
#6322=DIRECTION('ref_axis',(-1.,0.,0.));
#6323=DIRECTION('',(-1.,0.,0.));
#6324=DIRECTION('center_axis',(0.,0.,1.));
#6325=DIRECTION('ref_axis',(1.,0.,0.));
#6326=DIRECTION('center_axis',(0.,0.,-1.));
#6327=DIRECTION('ref_axis',(1.,0.,0.));
#6328=DIRECTION('',(0.,0.,-1.));
#6329=DIRECTION('center_axis',(0.,0.,1.));
#6330=DIRECTION('ref_axis',(1.,0.,0.));
#6331=DIRECTION('center_axis',(0.,-1.,0.));
#6332=DIRECTION('ref_axis',(1.,0.,0.));
#6333=DIRECTION('',(1.,0.,0.));
#6334=DIRECTION('',(0.,0.,1.));
#6335=DIRECTION('center_axis',(-1.,0.,0.));
#6336=DIRECTION('ref_axis',(0.,-1.,0.));
#6337=DIRECTION('',(0.,-1.,0.));
#6338=DIRECTION('center_axis',(0.,0.,1.));
#6339=DIRECTION('ref_axis',(0.930232558139545,0.36697055437345,0.));
#6340=DIRECTION('center_axis',(0.,0.,1.));
#6341=DIRECTION('ref_axis',(0.930232558139545,0.36697055437345,0.));
#6342=DIRECTION('center_axis',(0.,0.,1.));
#6343=DIRECTION('ref_axis',(1.,0.,0.));
#6344=DIRECTION('center_axis',(0.,1.,0.));
#6345=DIRECTION('ref_axis',(-1.,0.,0.));
#6346=DIRECTION('',(0.,0.,1.));
#6347=DIRECTION('center_axis',(1.,0.,0.));
#6348=DIRECTION('ref_axis',(0.,1.,0.));
#6349=DIRECTION('center_axis',(0.,0.,1.));
#6350=DIRECTION('ref_axis',(0.,-1.,0.));
#6351=DIRECTION('',(0.,0.,1.));
#6352=DIRECTION('center_axis',(0.,-1.,0.));
#6353=DIRECTION('ref_axis',(1.,0.,0.));
#6354=DIRECTION('center_axis',(0.,0.,1.));
#6355=DIRECTION('ref_axis',(0.,1.,0.));
#6356=DIRECTION('',(0.,0.,1.));
#6357=DIRECTION('center_axis',(0.,1.,0.));
#6358=DIRECTION('ref_axis',(-1.,0.,0.));
#6359=DIRECTION('center_axis',(0.,1.,0.));
#6360=DIRECTION('ref_axis',(-1.,0.,0.));
#6361=DIRECTION('',(0.,0.,1.));
#6362=DIRECTION('center_axis',(1.,0.,0.));
#6363=DIRECTION('ref_axis',(0.,1.,0.));
#6364=DIRECTION('',(0.,0.,1.));
#6365=DIRECTION('',(0.,1.,0.));
#6366=DIRECTION('center_axis',(0.,1.,0.));
#6367=DIRECTION('ref_axis',(-1.,0.,0.));
#6368=DIRECTION('',(0.,0.,1.));
#6369=DIRECTION('',(-1.,0.,0.));
#6370=DIRECTION('center_axis',(-1.,0.,0.));
#6371=DIRECTION('ref_axis',(0.,-1.,0.));
#6372=DIRECTION('',(0.,-1.,0.));
#6373=DIRECTION('center_axis',(0.,1.,0.));
#6374=DIRECTION('ref_axis',(-1.,0.,0.));
#6375=DIRECTION('',(-1.,0.,0.));
#6376=DIRECTION('center_axis',(0.,0.,1.));
#6377=DIRECTION('ref_axis',(1.,0.,0.));
#6378=DIRECTION('center_axis',(0.,0.,1.));
#6379=DIRECTION('ref_axis',(1.,0.,0.));
#6380=DIRECTION('center_axis',(0.,0.,1.));
#6381=DIRECTION('ref_axis',(1.,0.,0.));
#6382=DIRECTION('center_axis',(0.,0.,-1.));
#6383=DIRECTION('ref_axis',(1.,0.,0.));
#6384=DIRECTION('',(0.,0.,-1.));
#6385=DIRECTION('center_axis',(0.,0.,1.));
#6386=DIRECTION('ref_axis',(1.,0.,0.));
#6387=DIRECTION('center_axis',(0.,1.,0.));
#6388=DIRECTION('ref_axis',(-1.,0.,0.));
#6389=DIRECTION('',(-1.,0.,0.));
#6390=DIRECTION('',(0.,0.,1.));
#6391=DIRECTION('center_axis',(0.,0.,1.));
#6392=DIRECTION('ref_axis',(1.,0.,0.));
#6393=DIRECTION('center_axis',(0.,0.,1.));
#6394=DIRECTION('ref_axis',(1.,0.,0.));
#6395=DIRECTION('center_axis',(0.,1.,0.));
#6396=DIRECTION('ref_axis',(-1.,0.,0.));
#6397=DIRECTION('',(-1.,0.,0.));
#6398=DIRECTION('',(0.,0.,1.));
#6399=DIRECTION('center_axis',(1.,0.,0.));
#6400=DIRECTION('ref_axis',(0.,1.,0.));
#6401=DIRECTION('',(0.,1.,0.));
#6402=DIRECTION('center_axis',(0.,0.,1.));
#6403=DIRECTION('ref_axis',(1.,0.,0.));
#6404=DIRECTION('',(0.,1.,0.));
#6405=DIRECTION('center_axis',(0.,0.,-1.));
#6406=DIRECTION('ref_axis',(-1.,0.,0.));
#6407=DIRECTION('center_axis',(0.,0.,1.));
#6408=DIRECTION('ref_axis',(1.,0.,0.));
#6409=DIRECTION('center_axis',(0.,0.,-1.));
#6410=DIRECTION('ref_axis',(1.,0.,0.));
#6411=DIRECTION('',(0.,0.,-1.));
#6412=DIRECTION('center_axis',(0.,0.,1.));
#6413=DIRECTION('ref_axis',(1.,0.,0.));
#6414=DIRECTION('center_axis',(-1.,0.,0.));
#6415=DIRECTION('ref_axis',(0.,-1.,0.));
#6416=DIRECTION('',(0.,-1.,0.));
#6417=DIRECTION('',(0.,0.,1.));
#6418=DIRECTION('center_axis',(0.,0.,1.));
#6419=DIRECTION('ref_axis',(0.,1.,0.));
#6420=DIRECTION('center_axis',(0.,0.,1.));
#6421=DIRECTION('ref_axis',(0.,1.,0.));
#6422=DIRECTION('center_axis',(-1.,0.,0.));
#6423=DIRECTION('ref_axis',(0.,-1.,0.));
#6424=DIRECTION('',(0.,-1.,0.));
#6425=DIRECTION('center_axis',(0.,0.,1.));
#6426=DIRECTION('ref_axis',(1.,0.,0.));
#6427=DIRECTION('center_axis',(0.,0.,-1.));
#6428=DIRECTION('ref_axis',(0.,-1.,0.));
#6429=DIRECTION('',(0.,-1.,0.));
#6430=DIRECTION('center_axis',(-1.,0.,0.));
#6431=DIRECTION('ref_axis',(0.,-1.,0.));
#6432=DIRECTION('',(0.,0.,1.));
#6433=DIRECTION('',(0.,-1.,0.));
#6434=DIRECTION('center_axis',(0.,0.,1.));
#6435=DIRECTION('ref_axis',(0.,-1.,0.));
#6436=DIRECTION('center_axis',(0.,0.,-1.));
#6437=DIRECTION('ref_axis',(0.,-1.,0.));
#6438=DIRECTION('center_axis',(0.,0.,1.));
#6439=DIRECTION('ref_axis',(1.,0.,0.));
#6440=DIRECTION('center_axis',(1.,0.,0.));
#6441=DIRECTION('ref_axis',(0.,1.,0.));
#6442=DIRECTION('',(0.,1.,0.));
#6443=DIRECTION('',(0.,0.,1.));
#6444=DIRECTION('center_axis',(0.,0.,1.));
#6445=DIRECTION('ref_axis',(1.,0.,0.));
#6446=DIRECTION('center_axis',(0.,0.,-1.));
#6447=DIRECTION('ref_axis',(1.,0.,0.));
#6448=DIRECTION('',(0.,0.,-1.));
#6449=DIRECTION('center_axis',(0.,0.,1.));
#6450=DIRECTION('ref_axis',(1.,0.,0.));
#6451=DIRECTION('center_axis',(0.,0.,1.));
#6452=DIRECTION('ref_axis',(1.,0.,0.));
#6453=DIRECTION('center_axis',(0.,0.,-1.));
#6454=DIRECTION('ref_axis',(1.,0.,0.));
#6455=DIRECTION('',(0.,0.,-1.));
#6456=DIRECTION('center_axis',(0.,0.,1.));
#6457=DIRECTION('ref_axis',(1.,0.,0.));
#6458=DIRECTION('center_axis',(1.,0.,0.));
#6459=DIRECTION('ref_axis',(0.,1.,0.));
#6460=DIRECTION('',(0.,1.,0.));
#6461=DIRECTION('',(0.,0.,1.));
#6462=DIRECTION('center_axis',(0.,0.,1.));
#6463=DIRECTION('ref_axis',(1.,0.,0.));
#6464=DIRECTION('center_axis',(0.,0.,1.));
#6465=DIRECTION('ref_axis',(1.,0.,0.));
#6466=DIRECTION('center_axis',(0.,0.,1.));
#6467=DIRECTION('ref_axis',(1.,0.,0.));
#6468=DIRECTION('center_axis',(0.,0.,1.));
#6469=DIRECTION('ref_axis',(1.,0.,0.));
#6470=DIRECTION('center_axis',(0.,0.,1.));
#6471=DIRECTION('ref_axis',(1.,0.,0.));
#6472=DIRECTION('center_axis',(0.,0.,1.));
#6473=DIRECTION('ref_axis',(1.,0.,0.));
#6474=DIRECTION('center_axis',(0.,0.,1.));
#6475=DIRECTION('ref_axis',(1.,0.,0.));
#6476=DIRECTION('center_axis',(0.,0.,1.));
#6477=DIRECTION('ref_axis',(1.,0.,0.));
#6478=DIRECTION('center_axis',(0.,0.,1.));
#6479=DIRECTION('ref_axis',(1.,0.,0.));
#6480=DIRECTION('center_axis',(0.,0.,1.));
#6481=DIRECTION('ref_axis',(1.,0.,0.));
#6482=DIRECTION('center_axis',(0.,0.,1.));
#6483=DIRECTION('ref_axis',(1.,0.,0.));
#6484=DIRECTION('center_axis',(0.,0.,1.));
#6485=DIRECTION('ref_axis',(1.,0.,0.));
#6486=DIRECTION('center_axis',(0.,0.,1.));
#6487=DIRECTION('ref_axis',(1.,0.,0.));
#6488=DIRECTION('center_axis',(0.,0.,1.));
#6489=DIRECTION('ref_axis',(1.,0.,0.));
#6490=DIRECTION('center_axis',(0.,0.,1.));
#6491=DIRECTION('ref_axis',(1.,0.,0.));
#6492=DIRECTION('center_axis',(0.,0.,1.));
#6493=DIRECTION('ref_axis',(1.,0.,0.));
#6494=DIRECTION('center_axis',(0.,0.,1.));
#6495=DIRECTION('ref_axis',(1.,0.,0.));
#6496=DIRECTION('center_axis',(0.,0.,1.));
#6497=DIRECTION('ref_axis',(1.,0.,0.));
#6498=DIRECTION('center_axis',(0.,0.,1.));
#6499=DIRECTION('ref_axis',(1.,0.,0.));
#6500=DIRECTION('center_axis',(0.,0.,1.));
#6501=DIRECTION('ref_axis',(1.,0.,0.));
#6502=DIRECTION('center_axis',(0.,0.,-1.));
#6503=DIRECTION('ref_axis',(1.,0.,0.));
#6504=DIRECTION('',(0.,0.,-1.));
#6505=DIRECTION('center_axis',(0.,0.,1.));
#6506=DIRECTION('ref_axis',(1.,0.,0.));
#6507=DIRECTION('center_axis',(0.,0.,1.));
#6508=DIRECTION('ref_axis',(1.,0.,0.));
#6509=DIRECTION('',(0.,0.,-1.));
#6510=DIRECTION('center_axis',(0.,0.,1.));
#6511=DIRECTION('ref_axis',(1.,0.,0.));
#6512=DIRECTION('center_axis',(0.,0.,1.));
#6513=DIRECTION('ref_axis',(1.,0.,0.));
#6514=DIRECTION('center_axis',(0.,0.,-1.));
#6515=DIRECTION('ref_axis',(1.,0.,0.));
#6516=DIRECTION('',(0.,0.,-1.));
#6517=DIRECTION('center_axis',(0.,0.,1.));
#6518=DIRECTION('ref_axis',(1.,0.,0.));
#6519=DIRECTION('center_axis',(0.,0.,1.));
#6520=DIRECTION('ref_axis',(1.,0.,0.));
#6521=DIRECTION('',(0.,0.,-1.));
#6522=DIRECTION('center_axis',(0.,0.,1.));
#6523=DIRECTION('ref_axis',(1.,0.,0.));
#6524=DIRECTION('center_axis',(0.,0.,1.));
#6525=DIRECTION('ref_axis',(1.,0.,0.));
#6526=DIRECTION('center_axis',(0.,0.,-1.));
#6527=DIRECTION('ref_axis',(1.,0.,0.));
#6528=DIRECTION('',(0.,0.,-1.));
#6529=DIRECTION('center_axis',(0.,0.,1.));
#6530=DIRECTION('ref_axis',(1.,0.,0.));
#6531=DIRECTION('center_axis',(0.,0.,1.));
#6532=DIRECTION('ref_axis',(1.,0.,0.));
#6533=DIRECTION('',(0.,0.,-1.));
#6534=DIRECTION('center_axis',(0.,0.,1.));
#6535=DIRECTION('ref_axis',(1.,0.,0.));
#6536=DIRECTION('center_axis',(0.,0.,1.));
#6537=DIRECTION('ref_axis',(1.,0.,0.));
#6538=DIRECTION('center_axis',(0.,0.,-1.));
#6539=DIRECTION('ref_axis',(1.,0.,0.));
#6540=DIRECTION('',(0.,0.,-1.));
#6541=DIRECTION('center_axis',(0.,0.,1.));
#6542=DIRECTION('ref_axis',(1.,0.,0.));
#6543=DIRECTION('center_axis',(0.,0.,1.));
#6544=DIRECTION('ref_axis',(1.,0.,0.));
#6545=DIRECTION('',(0.,0.,-1.));
#6546=DIRECTION('center_axis',(0.,0.,1.));
#6547=DIRECTION('ref_axis',(1.,0.,0.));
#6548=DIRECTION('center_axis',(0.,0.,1.));
#6549=DIRECTION('ref_axis',(1.,0.,0.));
#6550=DIRECTION('center_axis',(0.,0.,-1.));
#6551=DIRECTION('ref_axis',(1.,0.,0.));
#6552=DIRECTION('',(0.,0.,-1.));
#6553=DIRECTION('center_axis',(0.,0.,1.));
#6554=DIRECTION('ref_axis',(1.,0.,0.));
#6555=DIRECTION('center_axis',(0.,0.,1.));
#6556=DIRECTION('ref_axis',(1.,0.,0.));
#6557=DIRECTION('',(0.,0.,-1.));
#6558=DIRECTION('center_axis',(0.,0.,-1.));
#6559=DIRECTION('ref_axis',(1.,0.,0.));
#6560=DIRECTION('center_axis',(0.,0.,1.));
#6561=DIRECTION('ref_axis',(1.,0.,0.));
#6562=DIRECTION('center_axis',(0.,0.,1.));
#6563=DIRECTION('ref_axis',(1.,0.,0.));
#6564=DIRECTION('',(0.,1.,0.));
#6565=DIRECTION('',(1.,0.,0.));
#6566=DIRECTION('',(-1.,0.,0.));
#6567=DIRECTION('',(1.,0.,0.));
#6568=DIRECTION('center_axis',(0.,0.,1.));
#6569=DIRECTION('ref_axis',(1.,0.,0.));
#6570=DIRECTION('center_axis',(0.,0.,-1.));
#6571=DIRECTION('ref_axis',(1.,0.,0.));
#6572=DIRECTION('',(0.,0.,-1.));
#6573=DIRECTION('center_axis',(0.,0.,1.));
#6574=DIRECTION('ref_axis',(1.,0.,0.));
#6575=DIRECTION('center_axis',(0.,0.,1.));
#6576=DIRECTION('ref_axis',(1.,0.,0.));
#6577=DIRECTION('',(0.,0.,-1.));
#6578=DIRECTION('center_axis',(0.,0.,-1.));
#6579=DIRECTION('ref_axis',(1.,0.,0.));
#6580=DIRECTION('center_axis',(0.,0.,1.));
#6581=DIRECTION('ref_axis',(1.,0.,0.));
#6582=DIRECTION('center_axis',(0.,0.,1.));
#6583=DIRECTION('ref_axis',(1.,0.,0.));
#6584=DIRECTION('',(0.,-1.,0.));
#6585=DIRECTION('',(1.,-7.52693576017055E-16,0.));
#6586=DIRECTION('',(0.,1.,0.));
#6587=DIRECTION('',(-1.,8.70763156568751E-16,0.));
#6588=DIRECTION('',(1.,-8.70763156568751E-16,0.));
#6589=DIRECTION('center_axis',(0.,1.,0.));
#6590=DIRECTION('ref_axis',(-1.,0.,0.));
#6591=DIRECTION('',(0.,0.,1.));
#6592=DIRECTION('center_axis',(0.,-1.,0.));
#6593=DIRECTION('ref_axis',(1.,0.,0.));
#6594=DIRECTION('',(0.,0.,1.));
#6595=DIRECTION('center_axis',(0.,-1.,0.));
#6596=DIRECTION('ref_axis',(1.,0.,0.));
#6597=DIRECTION('center_axis',(0.,-1.,0.));
#6598=DIRECTION('ref_axis',(1.,0.,0.));
#6599=DIRECTION('',(0.,0.,1.));
#6600=DIRECTION('',(1.,0.,0.));
#6601=DIRECTION('',(0.,0.,1.));
#6602=DIRECTION('center_axis',(8.70763156568751E-16,1.,0.));
#6603=DIRECTION('ref_axis',(-1.,8.70763156568751E-16,0.));
#6604=DIRECTION('',(0.,0.,1.));
#6605=DIRECTION('',(0.,0.,1.));
#6606=DIRECTION('center_axis',(1.,0.,0.));
#6607=DIRECTION('ref_axis',(0.,1.,0.));
#6608=DIRECTION('',(0.,0.,1.));
#6609=DIRECTION('center_axis',(-7.52693576017055E-16,-1.,0.));
#6610=DIRECTION('ref_axis',(1.,-7.52693576017055E-16,0.));
#6611=DIRECTION('',(0.,0.,1.));
#6612=DIRECTION('center_axis',(0.,0.,1.));
#6613=DIRECTION('ref_axis',(1.,0.,0.));
#6614=DIRECTION('center_axis',(1.,0.,0.));
#6615=DIRECTION('ref_axis',(0.,1.,0.));
#6616=DIRECTION('center_axis',(1.,0.,0.));
#6617=DIRECTION('ref_axis',(0.,1.,0.));
#6618=DIRECTION('',(0.,1.,0.));
#6619=DIRECTION('',(0.,0.,1.));
#6620=DIRECTION('center_axis',(9.25185853854305E-16,1.,0.));
#6621=DIRECTION('ref_axis',(-1.,9.25185853854305E-16,0.));
#6622=DIRECTION('',(-1.,9.25185853854305E-16,0.));
#6623=DIRECTION('',(0.,0.,1.));
#6624=DIRECTION('center_axis',(1.,0.,0.));
#6625=DIRECTION('ref_axis',(0.,1.,0.));
#6626=DIRECTION('',(0.,1.,0.));
#6627=DIRECTION('center_axis',(-1.,1.50538715203411E-15,0.));
#6628=DIRECTION('ref_axis',(-1.50538715203411E-15,-1.,0.));
#6629=DIRECTION('',(-1.50538715203411E-15,-1.,0.));
#6630=DIRECTION('center_axis',(-8.70763156568751E-16,-1.,0.));
#6631=DIRECTION('ref_axis',(1.,-8.70763156568751E-16,0.));
#6632=DIRECTION('',(1.,-8.70763156568751E-16,0.));
#6633=DIRECTION('',(0.,0.,1.));
#6634=DIRECTION('center_axis',(-1.,0.,0.));
#6635=DIRECTION('ref_axis',(0.,-1.,0.));
#6636=DIRECTION('',(0.,-1.,0.));
#6637=DIRECTION('center_axis',(-1.,-6.02154860813644E-15,0.));
#6638=DIRECTION('ref_axis',(6.02154860813644E-15,-1.,0.));
#6639=DIRECTION('',(6.02154860813644E-15,-1.,0.));
#6640=DIRECTION('',(0.,0.,1.));
#6641=DIRECTION('center_axis',(0.,0.,1.));
#6642=DIRECTION('ref_axis',(1.,0.,0.));
#6643=DIRECTION('',(-1.,0.,0.));
#6644=DIRECTION('',(1.,0.,0.));
#6645=DIRECTION('',(1.,0.,0.));
#6646=DIRECTION('center_axis',(0.,0.,-1.));
#6647=DIRECTION('ref_axis',(1.,0.,0.));
#6648=DIRECTION('',(0.,0.,1.));
#6649=DIRECTION('',(0.,0.,1.));
#6650=DIRECTION('center_axis',(1.,0.,0.));
#6651=DIRECTION('ref_axis',(0.,-1.,0.));
#6652=DIRECTION('',(0.,1.,0.));
#6653=DIRECTION('',(0.,0.,1.));
#6654=DIRECTION('center_axis',(0.,0.,1.));
#6655=DIRECTION('ref_axis',(1.,0.,0.));
#6656=DIRECTION('center_axis',(0.,0.,-1.));
#6657=DIRECTION('ref_axis',(-1.,0.,0.));
#6658=DIRECTION('',(0.,1.,0.));
#6659=DIRECTION('center_axis',(0.,0.,1.));
#6660=DIRECTION('ref_axis',(0.,-1.,0.));
#6661=DIRECTION('center_axis',(1.,0.,0.));
#6662=DIRECTION('ref_axis',(0.,1.,0.));
#6663=DIRECTION('',(0.,0.,1.));
#6664=DIRECTION('center_axis',(0.,0.,1.));
#6665=DIRECTION('ref_axis',(-1.,0.,0.));
#6666=DIRECTION('center_axis',(0.,0.,-1.));
#6667=DIRECTION('ref_axis',(0.,-1.,0.));
#6668=DIRECTION('center_axis',(0.,1.,0.));
#6669=DIRECTION('ref_axis',(1.,0.,0.));
#6670=DIRECTION('',(0.,0.,1.));
#6671=DIRECTION('',(1.,0.,0.));
#6672=CARTESIAN_POINT('',(0.,0.,0.));
#6673=CARTESIAN_POINT('',(0.,0.,0.));
#6674=CARTESIAN_POINT('Origin',(71.1575,-228.18,-1.2));
#6675=CARTESIAN_POINT('',(142.315,-228.18,-2.));
#6676=CARTESIAN_POINT('',(142.315,-228.98,-1.2));
#6677=CARTESIAN_POINT('Origin',(142.315,-228.18,-1.2));
#6678=CARTESIAN_POINT('',(-142.315,-228.98,-1.2));
#6679=CARTESIAN_POINT('',(71.1575,-228.98,-1.2));
#6680=CARTESIAN_POINT('',(-142.315,-228.18,-2.));
#6681=CARTESIAN_POINT('Origin',(-142.315,-228.18,-1.2));
#6682=CARTESIAN_POINT('',(71.1575,-228.18,-2.));
#6683=CARTESIAN_POINT('Origin',(-142.315,-222.98,-1.2));
#6684=CARTESIAN_POINT('',(-148.315,-222.98,-1.2));
#6685=CARTESIAN_POINT('',(-147.515,-222.98,-2.));
#6686=CARTESIAN_POINT('Origin',(-147.515,-222.98,-1.2));
#6687=CARTESIAN_POINT('Origin',(-142.315,-222.98,-2.));
#6688=CARTESIAN_POINT('Origin',(-142.315,-222.98,-1.2));
#6689=CARTESIAN_POINT('Origin',(-147.515,-168.735,-1.2));
#6690=CARTESIAN_POINT('',(-148.315,-6.00000000000001,-1.2));
#6691=CARTESIAN_POINT('',(-147.515,-6.00000000000001,-2.));
#6692=CARTESIAN_POINT('Origin',(-147.515,-6.00000000000001,-1.2));
#6693=CARTESIAN_POINT('',(-147.515,-168.735,-2.));
#6694=CARTESIAN_POINT('',(-148.315,-168.735,-1.2));
#6695=CARTESIAN_POINT('Origin',(-142.315,-6.00000000000001,-1.2));
#6696=CARTESIAN_POINT('',(-142.315,0.,-1.2));
#6697=CARTESIAN_POINT('',(-142.315,-0.8,-2.));
#6698=CARTESIAN_POINT('Origin',(-142.315,-0.8,-1.2));
#6699=CARTESIAN_POINT('Origin',(-142.315,-6.00000000000001,-2.));
#6700=CARTESIAN_POINT('Origin',(-142.315,-6.00000000000001,-1.2));
#6701=CARTESIAN_POINT('Origin',(-71.1575,-0.800000000000001,-1.2));
#6702=CARTESIAN_POINT('',(142.315,0.,-1.2));
#6703=CARTESIAN_POINT('',(142.315,-0.800000000000001,-2.));
#6704=CARTESIAN_POINT('Origin',(142.315,-0.800000000000001,-1.2));
#6705=CARTESIAN_POINT('',(-71.1575,-0.800000000000001,-2.));
#6706=CARTESIAN_POINT('',(-71.1575,0.,-1.2));
#6707=CARTESIAN_POINT('Origin',(142.315,-6.00000000000001,-1.2));
#6708=CARTESIAN_POINT('',(148.315,-6.00000000000002,-1.2));
#6709=CARTESIAN_POINT('',(147.515,-6.00000000000002,-2.));
#6710=CARTESIAN_POINT('Origin',(147.515,-6.00000000000002,-1.2));
#6711=CARTESIAN_POINT('Origin',(142.315,-6.00000000000001,-2.));
#6712=CARTESIAN_POINT('Origin',(142.315,-6.00000000000001,-1.2));
#6713=CARTESIAN_POINT('Origin',(147.515,-60.245,-1.2));
#6714=CARTESIAN_POINT('',(148.315,-222.98,-1.2));
#6715=CARTESIAN_POINT('',(147.515,-222.98,-2.));
#6716=CARTESIAN_POINT('Origin',(147.515,-222.98,-1.2));
#6717=CARTESIAN_POINT('',(147.515,-60.245,-2.));
#6718=CARTESIAN_POINT('',(148.315,-60.245,-1.2));
#6719=CARTESIAN_POINT('Origin',(142.315,-222.98,-1.2));
#6720=CARTESIAN_POINT('Origin',(142.315,-222.98,-2.));
#6721=CARTESIAN_POINT('Origin',(142.315,-222.98,-1.2));
#6722=CARTESIAN_POINT('Origin',(-142.315,-6.00000000000001,0.));
#6723=CARTESIAN_POINT('',(-148.315,-6.,0.));
#6724=CARTESIAN_POINT('',(-148.315,-6.00000000000001,0.));
#6725=CARTESIAN_POINT('',(-142.315,0.,0.));
#6726=CARTESIAN_POINT('Origin',(-142.315,-6.00000000000001,0.));
#6727=CARTESIAN_POINT('',(-142.315,0.,0.));
#6728=CARTESIAN_POINT('Origin',(-148.315,-222.98,0.));
#6729=CARTESIAN_POINT('',(-148.315,-222.98,3.));
#6730=CARTESIAN_POINT('',(-148.315,-222.98,0.));
#6731=CARTESIAN_POINT('',(-148.315,-11.15,3.));
#6732=CARTESIAN_POINT('',(-148.315,-222.98,3.));
#6733=CARTESIAN_POINT('Ctrl Pts',(-148.315,-11.15,3.));
#6734=CARTESIAN_POINT('Ctrl Pts',(-148.315,-10.8177045949527,3.));
#6735=CARTESIAN_POINT('Ctrl Pts',(-148.315,-10.5029074200533,2.94121707253451));
#6736=CARTESIAN_POINT('Ctrl Pts',(-148.315,-9.89396901567028,2.68597269989633));
#6737=CARTESIAN_POINT('Ctrl Pts',(-148.315,-9.62630114453811,2.50330677338596));
#6738=CARTESIAN_POINT('Ctrl Pts',(-148.315,-8.90232537911827,1.88989107860389));
#6739=CARTESIAN_POINT('Ctrl Pts',(-148.315,-8.48941428463971,1.38051847829235));
#6740=CARTESIAN_POINT('Ctrl Pts',(-148.315,-7.75187270785783,0.673787080849635));
#6741=CARTESIAN_POINT('Ctrl Pts',(-148.315,-7.45476025408746,0.43291029629417));
#6742=CARTESIAN_POINT('Ctrl Pts',(-148.315,-6.94737573076584,0.177140726730237));
#6743=CARTESIAN_POINT('Ctrl Pts',(-148.315,-6.77246687013151,0.111743936723819));
#6744=CARTESIAN_POINT('Ctrl Pts',(-148.315,-6.39474671528582,0.0210767198825828));
#6745=CARTESIAN_POINT('Ctrl Pts',(-148.315,-6.19897579216599,1.12300999675027E-16));
#6746=CARTESIAN_POINT('Ctrl Pts',(-148.315,-6.,9.54097911787244E-17));
#6747=CARTESIAN_POINT('Origin',(-142.315,-222.98,0.));
#6748=CARTESIAN_POINT('',(-142.315,-228.98,3.));
#6749=CARTESIAN_POINT('',(-142.315,-228.98,0.));
#6750=CARTESIAN_POINT('Origin',(-142.315,-222.98,3.));
#6751=CARTESIAN_POINT('Origin',(142.315,-228.98,0.));
#6752=CARTESIAN_POINT('',(142.315,-228.98,3.));
#6753=CARTESIAN_POINT('',(142.315,-228.98,0.));
#6754=CARTESIAN_POINT('',(142.315,-228.98,3.));
#6755=CARTESIAN_POINT('Origin',(0.,-114.49,-2.));
#6756=CARTESIAN_POINT('',(-11.1495992151972,-122.935071727518,-2.));
#6757=CARTESIAN_POINT('',(-11.1414919567428,-122.939946704814,-2.));
#6758=CARTESIAN_POINT('Origin',(-11.0425234337003,-122.766150181699,-2.));
#6759=CARTESIAN_POINT('',(-0.377151417384596,-129.069705974191,-2.));
#6760=CARTESIAN_POINT('',(-8.75162929345764,-124.300855230445,-2.));
#6761=CARTESIAN_POINT('',(0.377970546267614,-129.069770802874,-2.));
#6762=CARTESIAN_POINT('Ctrl Pts',(-0.377151417384596,-129.069705974191,
-2.));
#6763=CARTESIAN_POINT('Ctrl Pts',(-0.148552991452801,-129.200288823537,
-2.));
#6764=CARTESIAN_POINT('Ctrl Pts',(0.149349182004564,-129.200310431148,-2.));
#6765=CARTESIAN_POINT('Ctrl Pts',(0.377970543481655,-129.069770797982,-2.));
#6766=CARTESIAN_POINT('',(11.1414927500496,-122.939942994705,-2.));
#6767=CARTESIAN_POINT('',(3.37012840037334,-127.365736377811,-2.));
#6768=CARTESIAN_POINT('',(11.1494282883896,-122.93517718743,-2.));
#6769=CARTESIAN_POINT('Origin',(11.042517712048,-122.766150181699,-2.));
#6770=CARTESIAN_POINT('',(11.1506435085599,-122.934423517535,-2.));
#6771=CARTESIAN_POINT('',(9.01464804364454,-124.259150935386,-2.));
#6772=CARTESIAN_POINT('',(11.3382552565287,-122.778897735771,-2.));
#6773=CARTESIAN_POINT('Origin',(10.9169792563868,-122.350208388881,-2.));
#6774=CARTESIAN_POINT('',(11.3897167703782,-122.711535836606,-2.));
#6775=CARTESIAN_POINT('Ctrl Pts',(11.338255264052,-122.778897743029,-2.));
#6776=CARTESIAN_POINT('Ctrl Pts',(11.3382954105123,-122.778851836348,-2.));
#6777=CARTESIAN_POINT('Ctrl Pts',(11.3383355569832,-122.778805929655,-2.));
#6778=CARTESIAN_POINT('Ctrl Pts',(11.3383757034543,-122.778760022962,-2.));
#6779=CARTESIAN_POINT('Ctrl Pts',(11.3533541226446,-122.761632497835,-2.));
#6780=CARTESIAN_POINT('Ctrl Pts',(11.3716922437221,-122.739800497829,-2.));
#6781=CARTESIAN_POINT('Ctrl Pts',(11.3897167703782,-122.711535836606,-2.));
#6782=CARTESIAN_POINT('',(11.4675057739533,-122.571586484647,-2.));
#6783=CARTESIAN_POINT('Origin',(10.7248765864402,-122.120451116513,-2.));
#6784=CARTESIAN_POINT('',(11.4680602782315,-122.5702686922,-2.));
#6785=CARTESIAN_POINT('Origin',(11.2834393374772,-122.493358951367,-2.));
#6786=CARTESIAN_POINT('',(11.4838100056808,-122.527512167568,-2.));
#6787=CARTESIAN_POINT('Ctrl Pts',(11.4680602782315,-122.5702686922,-2.));
#6788=CARTESIAN_POINT('Ctrl Pts',(11.4752807305555,-122.55293608015,-2.));
#6789=CARTESIAN_POINT('Ctrl Pts',(11.4801571459542,-122.538425674883,-2.));
#6790=CARTESIAN_POINT('Ctrl Pts',(11.4838100056808,-122.527512167568,-2.));
#6791=CARTESIAN_POINT('',(11.5018413788185,-122.468732936918,-2.));
#6792=CARTESIAN_POINT('Ctrl Pts',(11.483810005683,-122.527512167569,-2.));
#6793=CARTESIAN_POINT('Ctrl Pts',(11.492744228224,-122.504022747015,-2.));
#6794=CARTESIAN_POINT('Ctrl Pts',(11.4979875757594,-122.483978009153,-2.));
#6795=CARTESIAN_POINT('Ctrl Pts',(11.5018413788185,-122.468732936918,-2.));
#6796=CARTESIAN_POINT('',(11.5106288000084,-122.431583639384,-2.));
#6797=CARTESIAN_POINT('Ctrl Pts',(11.5018413788178,-122.468732936918,-2.));
#6798=CARTESIAN_POINT('Ctrl Pts',(11.5063437258959,-122.452863742823,-2.));
#6799=CARTESIAN_POINT('Ctrl Pts',(11.5088769468733,-122.440260253029,-2.));
#6800=CARTESIAN_POINT('Ctrl Pts',(11.5106288000084,-122.431583639384,-2.));
#6801=CARTESIAN_POINT('',(11.5191819534403,-122.382206039493,-2.));
#6802=CARTESIAN_POINT('Origin',(11.2810173180621,-122.389105437286,-2.));
#6803=CARTESIAN_POINT('',(11.5241533767126,-122.340495183466,-2.));
#6804=CARTESIAN_POINT('Ctrl Pts',(11.5191819534397,-122.382206039493,-2.));
#6805=CARTESIAN_POINT('Ctrl Pts',(11.5219093079102,-122.365783220296,-2.));
#6806=CARTESIAN_POINT('Ctrl Pts',(11.5230226349152,-122.352926448469,-2.));
#6807=CARTESIAN_POINT('Ctrl Pts',(11.5238644665191,-122.343671433946,-2.));
#6808=CARTESIAN_POINT('Ctrl Pts',(11.523960769917,-122.342612683786,-2.));
#6809=CARTESIAN_POINT('Ctrl Pts',(11.5240570733148,-122.341553933626,-2.));
#6810=CARTESIAN_POINT('Ctrl Pts',(11.5241533767126,-122.340495183466,-2.));
#6811=CARTESIAN_POINT('',(11.5265634330161,-122.277749916977,-2.));
#6812=CARTESIAN_POINT('Ctrl Pts',(11.5241533767107,-122.340495183466,-2.));
#6813=CARTESIAN_POINT('Ctrl Pts',(11.5242158723384,-122.339433901008,-2.));
#6814=CARTESIAN_POINT('Ctrl Pts',(11.5242783679661,-122.338372618549,-2.));
#6815=CARTESIAN_POINT('Ctrl Pts',(11.5243408635939,-122.33731133609,-2.));
#6816=CARTESIAN_POINT('Ctrl Pts',(11.5252792146179,-122.321376533638,-2.));
#6817=CARTESIAN_POINT('Ctrl Pts',(11.5265634330161,-122.301536305304,-2.));
#6818=CARTESIAN_POINT('Ctrl Pts',(11.5265634330161,-122.277749916977,-2.));
#6819=CARTESIAN_POINT('',(11.5265634330161,-116.335420440673,-2.));
#6820=CARTESIAN_POINT('',(11.5265634330161,-118.383874958489,-2.));
#6821=CARTESIAN_POINT('',(11.9771120357217,-116.075930328677,-2.));
#6822=CARTESIAN_POINT('Origin',(11.8265634330161,-116.335420440673,-2.));
#6823=CARTESIAN_POINT('',(17.1542940731108,-119.079580508978,-2.));
#6824=CARTESIAN_POINT('',(6.92719324026219,-113.146114573515,-2.));
#6825=CARTESIAN_POINT('',(17.9145326138088,-119.082360403295,-2.));
#6826=CARTESIAN_POINT('Ctrl Pts',(17.1542940731108,-119.079580508978,-2.));
#6827=CARTESIAN_POINT('Ctrl Pts',(17.3834307999558,-119.212953574995,-2.));
#6828=CARTESIAN_POINT('Ctrl Pts',(17.6840740674911,-119.21381346929,-2.));
#6829=CARTESIAN_POINT('Ctrl Pts',(17.9145326127682,-119.082360401468,-2.));
#6830=CARTESIAN_POINT('',(24.815285582837,-115.152463369879,-2.));
#6831=CARTESIAN_POINT('',(12.1382567485377,-122.371881057009,-2.));
#6832=CARTESIAN_POINT('',(24.8152855828295,-113.827536630116,-2.));
#6833=CARTESIAN_POINT('Ctrl Pts',(24.815285582837,-115.152463369879,-2.));
#6834=CARTESIAN_POINT('Ctrl Pts',(25.0524182124396,-115.016776571473,-2.));
#6835=CARTESIAN_POINT('Ctrl Pts',(25.1999971329237,-114.76395479303,-2.));
#6836=CARTESIAN_POINT('Ctrl Pts',(25.1999971329237,-114.490472036338,-2.));
#6837=CARTESIAN_POINT('Ctrl Pts',(25.1999971329237,-114.216380603828,-2.));
#6838=CARTESIAN_POINT('Ctrl Pts',(25.0524182124398,-113.963223428526,-2.));
#6839=CARTESIAN_POINT('Ctrl Pts',(24.8152855828295,-113.827536630116,-2.));
#6840=CARTESIAN_POINT('',(0.377578183683433,-99.9100114589283,-2.));
#6841=CARTESIAN_POINT('',(15.588814246346,-108.572966511512,-2.));
#6842=CARTESIAN_POINT('',(-0.376644127054253,-99.9100106521722,-2.));
#6843=CARTESIAN_POINT('Origin',(0.000424932230212866,-100.561308572029,
-2.));
#6844=CARTESIAN_POINT('',(-24.8148863848209,-113.827308818336,-2.));
#6845=CARTESIAN_POINT('',(-3.36931555895651,-101.61430264633,-2.));
#6846=CARTESIAN_POINT('',(-24.8149092179963,-115.152678185614,-2.));
#6847=CARTESIAN_POINT('Ctrl Pts',(-24.8148863848209,-113.827308818336,-2.));
#6848=CARTESIAN_POINT('Ctrl Pts',(-25.0532987541603,-113.963001541109,-2.));
#6849=CARTESIAN_POINT('Ctrl Pts',(-25.2000028545761,-114.216994713276,-2.));
#6850=CARTESIAN_POINT('Ctrl Pts',(-25.2000028545761,-114.490472036338,-2.));
#6851=CARTESIAN_POINT('Ctrl Pts',(-25.2000028545761,-114.763329095937,-2.));
#6852=CARTESIAN_POINT('Ctrl Pts',(-25.0533081208636,-115.01698226299,-2.));
#6853=CARTESIAN_POINT('Ctrl Pts',(-24.8149092179963,-115.152678185614,-2.));
#6854=CARTESIAN_POINT('',(-15.5885392566647,-120.407092608964,-2.));
#6855=CARTESIAN_POINT('Origin',(-100.815,-3.4,0.));
#6856=CARTESIAN_POINT('',(-99.815,-3.4,0.));
#6857=CARTESIAN_POINT('',(-100.815,-2.4,0.));
#6858=CARTESIAN_POINT('Origin',(-100.815,-3.4,0.));
#6859=CARTESIAN_POINT('',(-99.815,-3.4,0.6));
#6860=CARTESIAN_POINT('',(-99.815,-3.4,0.));
#6861=CARTESIAN_POINT('',(-100.815,-2.4,0.6));
#6862=CARTESIAN_POINT('Origin',(-100.815,-3.4,0.6));
#6863=CARTESIAN_POINT('',(-100.815,-2.4,0.));
#6864=CARTESIAN_POINT('Origin',(-99.815,-0.8,0.));
#6865=CARTESIAN_POINT('',(-99.815,-1.8,0.6));
#6866=CARTESIAN_POINT('',(-99.815,-2.4,0.6));
#6867=CARTESIAN_POINT('',(-99.815,-4.5,0.));
#6868=CARTESIAN_POINT('',(-99.815,-57.645,0.));
#6869=CARTESIAN_POINT('',(-99.815,-4.5,2.3));
#6870=CARTESIAN_POINT('',(-99.815,-4.5,0.));
#6871=CARTESIAN_POINT('',(-99.815,-1.8,2.3));
#6872=CARTESIAN_POINT('',(-99.815,-2.4,2.3));
#6873=CARTESIAN_POINT('',(-99.815,-1.8,0.));
#6874=CARTESIAN_POINT('Origin',(-100.815,-1.8,0.));
#6875=CARTESIAN_POINT('',(-100.815,-0.8,0.6));
#6876=CARTESIAN_POINT('Origin',(-100.815,-1.8,0.6));
#6877=CARTESIAN_POINT('',(-100.815,-0.8,2.3));
#6878=CARTESIAN_POINT('Origin',(-100.815,-1.8,2.3));
#6879=CARTESIAN_POINT('',(-100.815,-0.8,0.));
#6880=CARTESIAN_POINT('Origin',(-113.915,-6.70000000000001,0.6));
#6881=CARTESIAN_POINT('',(-127.015,-0.8,0.6));
#6882=CARTESIAN_POINT('',(-120.965,-0.8,0.6));
#6883=CARTESIAN_POINT('',(-128.015,-1.8,0.6));
#6884=CARTESIAN_POINT('Origin',(-127.015,-1.8,0.6));
#6885=CARTESIAN_POINT('',(-128.015,-12.6,0.6));
#6886=CARTESIAN_POINT('',(-128.015,-9.65000000000001,0.6));
#6887=CARTESIAN_POINT('',(-123.915,-12.6,0.6));
#6888=CARTESIAN_POINT('',(-136.015,-12.6,0.6));
#6889=CARTESIAN_POINT('',(-123.915,-13.6,0.6));
#6890=CARTESIAN_POINT('',(-123.915,-12.025,0.6));
#6891=CARTESIAN_POINT('',(-122.915,-12.6,0.6));
#6892=CARTESIAN_POINT('Origin',(-122.915,-13.6,0.6));
#6893=CARTESIAN_POINT('',(-115.615,-12.6,0.6));
#6894=CARTESIAN_POINT('',(-136.015,-12.6,0.6));
#6895=CARTESIAN_POINT('',(-115.615,-3.4,0.6));
#6896=CARTESIAN_POINT('',(-115.615,-12.6,0.6));
#6897=CARTESIAN_POINT('',(-114.615,-2.4,0.6));
#6898=CARTESIAN_POINT('Origin',(-114.615,-3.4,0.6));
#6899=CARTESIAN_POINT('',(-142.315,-2.4,0.6));
#6900=CARTESIAN_POINT('',(-126.565,-7.,0.6));
#6901=CARTESIAN_POINT('Origin',(-124.265,-7.,0.6));
#6902=CARTESIAN_POINT('',(-120.565,-9.90000000000001,0.6));
#6903=CARTESIAN_POINT('Origin',(-118.265,-9.90000000000001,0.6));
#6904=CARTESIAN_POINT('Origin',(-128.015,-0.8,0.));
#6905=CARTESIAN_POINT('',(100.815,-0.8,2.3));
#6906=CARTESIAN_POINT('',(-64.0075,-0.8,2.3));
#6907=CARTESIAN_POINT('',(100.815,-0.8,0.6));
#6908=CARTESIAN_POINT('',(100.815,-0.8,0.));
#6909=CARTESIAN_POINT('',(127.015,-0.8,0.6));
#6910=CARTESIAN_POINT('',(-7.05000000000003,-0.8,0.6));
#6911=CARTESIAN_POINT('',(127.015,-0.8,3.));
#6912=CARTESIAN_POINT('',(127.015,-0.8,0.));
#6913=CARTESIAN_POINT('',(-127.015,-0.8,3.));
#6914=CARTESIAN_POINT('',(-142.315,-0.8,3.));
#6915=CARTESIAN_POINT('',(-127.015,-0.8,0.));
#6916=CARTESIAN_POINT('Origin',(-95.615,-3.4,0.));
#6917=CARTESIAN_POINT('',(-95.615,-2.4,0.));
#6918=CARTESIAN_POINT('',(-96.615,-3.4,0.));
#6919=CARTESIAN_POINT('Origin',(-95.615,-3.4,0.));
#6920=CARTESIAN_POINT('',(-95.615,-2.4,2.3));
#6921=CARTESIAN_POINT('',(-95.615,-2.4,0.));
#6922=CARTESIAN_POINT('',(-96.615,-3.4,2.3));
#6923=CARTESIAN_POINT('Origin',(-95.615,-3.4,2.3));
#6924=CARTESIAN_POINT('',(-96.615,-3.4,0.));
#6925=CARTESIAN_POINT('Origin',(-96.615,-2.4,0.));
#6926=CARTESIAN_POINT('',(95.6149999999999,-2.4,0.));
#6927=CARTESIAN_POINT('',(-48.3075,-2.4,0.));
#6928=CARTESIAN_POINT('',(95.6149999999999,-2.4,2.3));
#6929=CARTESIAN_POINT('',(95.6149999999999,-2.4,0.));
#6930=CARTESIAN_POINT('',(-142.315,-2.4,2.3));
#6931=CARTESIAN_POINT('Origin',(100.815,-3.4,0.));
#6932=CARTESIAN_POINT('',(100.815,-2.4,0.));
#6933=CARTESIAN_POINT('',(99.8149999999999,-3.4,0.));
#6934=CARTESIAN_POINT('Origin',(100.815,-3.4,0.));
#6935=CARTESIAN_POINT('',(100.815,-2.4,0.6));
#6936=CARTESIAN_POINT('',(100.815,-2.4,0.));
#6937=CARTESIAN_POINT('',(99.8149999999999,-3.4,0.6));
#6938=CARTESIAN_POINT('Origin',(100.815,-3.4,0.6));
#6939=CARTESIAN_POINT('',(99.8149999999999,-3.4,0.));
#6940=CARTESIAN_POINT('Origin',(99.8149999999999,-2.4,0.));
#6941=CARTESIAN_POINT('',(114.615,-2.4,0.));
#6942=CARTESIAN_POINT('',(49.9074999999999,-2.4,0.));
#6943=CARTESIAN_POINT('',(114.615,-2.4,0.6));
#6944=CARTESIAN_POINT('',(114.615,-2.4,0.));
#6945=CARTESIAN_POINT('',(-142.315,-2.4,0.6));
#6946=CARTESIAN_POINT('Origin',(95.6149999999999,-3.4,0.));
#6947=CARTESIAN_POINT('',(96.6149999999999,-3.4,0.));
#6948=CARTESIAN_POINT('Origin',(95.6149999999999,-3.4,0.));
#6949=CARTESIAN_POINT('',(96.6149999999999,-3.4,2.3));
#6950=CARTESIAN_POINT('',(96.6149999999999,-3.4,0.));
#6951=CARTESIAN_POINT('Origin',(95.6149999999999,-3.4,2.3));
#6952=CARTESIAN_POINT('Origin',(96.6149999999999,-2.4,0.));
#6953=CARTESIAN_POINT('',(96.6149999999999,-4.50000000000005,0.));
#6954=CARTESIAN_POINT('',(96.6149999999999,-58.445,0.));
#6955=CARTESIAN_POINT('',(96.6149999999999,-4.50000000000005,2.3));
#6956=CARTESIAN_POINT('',(96.6149999999999,-4.50000000000005,0.));
#6957=CARTESIAN_POINT('',(96.6149999999999,-4.50000000000005,2.3));
#6958=CARTESIAN_POINT('Origin',(100.815,-1.8,0.));
#6959=CARTESIAN_POINT('',(99.8149999999999,-1.8,0.6));
#6960=CARTESIAN_POINT('Origin',(100.815,-1.8,0.6));
#6961=CARTESIAN_POINT('',(99.8149999999999,-1.8,2.3));
#6962=CARTESIAN_POINT('Origin',(100.815,-1.8,2.3));
#6963=CARTESIAN_POINT('',(99.8149999999999,-1.8,0.));
#6964=CARTESIAN_POINT('Origin',(127.015,-1.8,0.));
#6965=CARTESIAN_POINT('',(128.015,-1.8,0.6));
#6966=CARTESIAN_POINT('Origin',(127.015,-1.8,0.6));
#6967=CARTESIAN_POINT('',(128.015,-1.8,3.));
#6968=CARTESIAN_POINT('',(128.015,-1.8,0.));
#6969=CARTESIAN_POINT('Origin',(127.015,-1.8,3.));
#6970=CARTESIAN_POINT('Origin',(113.915,-6.70000000000002,0.6));
#6971=CARTESIAN_POINT('',(99.8149999999999,-2.4,0.6));
#6972=CARTESIAN_POINT('',(115.615,-3.4,0.6));
#6973=CARTESIAN_POINT('Origin',(114.615,-3.4,0.6));
#6974=CARTESIAN_POINT('',(115.615,-12.6,0.6));
#6975=CARTESIAN_POINT('',(115.615,-12.6,0.6));
#6976=CARTESIAN_POINT('',(122.915,-12.6,0.6));
#6977=CARTESIAN_POINT('',(136.015,-12.6,0.6));
#6978=CARTESIAN_POINT('',(123.915,-13.6,0.6));
#6979=CARTESIAN_POINT('Origin',(122.915,-13.6,0.6));
#6980=CARTESIAN_POINT('',(123.915,-12.6,0.6));
#6981=CARTESIAN_POINT('',(123.915,-9.65000000000003,0.6));
#6982=CARTESIAN_POINT('',(128.015,-12.6,0.6));
#6983=CARTESIAN_POINT('',(136.015,-12.6,0.6));
#6984=CARTESIAN_POINT('',(128.015,-3.75000000000002,0.6));
#6985=CARTESIAN_POINT('',(121.965,-7.,0.6));
#6986=CARTESIAN_POINT('Origin',(124.265,-7.,0.6));
#6987=CARTESIAN_POINT('',(115.965,-9.90000000000004,0.6));
#6988=CARTESIAN_POINT('Origin',(118.265,-9.90000000000004,0.6));
#6989=CARTESIAN_POINT('Origin',(114.615,-3.4,0.));
#6990=CARTESIAN_POINT('',(115.615,-3.4,0.));
#6991=CARTESIAN_POINT('Origin',(114.615,-3.4,0.));
#6992=CARTESIAN_POINT('',(115.615,-3.4,0.));
#6993=CARTESIAN_POINT('Origin',(115.615,-2.4,0.));
#6994=CARTESIAN_POINT('',(115.615,-12.6,0.));
#6995=CARTESIAN_POINT('',(115.615,-58.445,0.));
#6996=CARTESIAN_POINT('',(115.615,-12.6,0.));
#6997=CARTESIAN_POINT('Origin',(122.915,-13.6,0.));
#6998=CARTESIAN_POINT('',(123.915,-13.6,0.));
#6999=CARTESIAN_POINT('',(122.915,-12.6,0.));
#7000=CARTESIAN_POINT('Origin',(122.915,-13.6,0.));
#7001=CARTESIAN_POINT('',(123.915,-13.6,0.));
#7002=CARTESIAN_POINT('',(122.915,-12.6,0.));
#7003=CARTESIAN_POINT('Origin',(123.915,-12.6,0.));
#7004=CARTESIAN_POINT('',(123.915,-17.35,0.));
#7005=CARTESIAN_POINT('',(123.915,-63.545,0.));
#7006=CARTESIAN_POINT('',(123.915,-17.35,0.9));
#7007=CARTESIAN_POINT('',(123.915,-17.35,0.));
#7008=CARTESIAN_POINT('',(123.915,-12.6,0.9));
#7009=CARTESIAN_POINT('',(123.915,-17.35,0.9));
#7010=CARTESIAN_POINT('',(123.915,-12.6,0.));
#7011=CARTESIAN_POINT('Origin',(129.815,-10.8,0.));
#7012=CARTESIAN_POINT('',(128.815,-10.8,0.));
#7013=CARTESIAN_POINT('',(129.815,-11.8,0.));
#7014=CARTESIAN_POINT('Origin',(129.815,-10.8,0.));
#7015=CARTESIAN_POINT('',(128.815,-10.8,3.));
#7016=CARTESIAN_POINT('',(128.815,-10.8,0.));
#7017=CARTESIAN_POINT('',(129.815,-11.8,3.));
#7018=CARTESIAN_POINT('Origin',(129.815,-10.8,3.));
#7019=CARTESIAN_POINT('',(129.815,-11.8,0.));
#7020=CARTESIAN_POINT('Origin',(128.815,-11.8,0.));
#7021=CARTESIAN_POINT('',(128.815,0.,0.));
#7022=CARTESIAN_POINT('',(128.815,-63.145,0.));
#7023=CARTESIAN_POINT('',(128.815,0.,3.));
#7024=CARTESIAN_POINT('',(128.815,0.,0.));
#7025=CARTESIAN_POINT('',(128.815,-11.8,3.));
#7026=CARTESIAN_POINT('Origin',(146.515,-16.35,0.));
#7027=CARTESIAN_POINT('',(146.515,-17.35,0.));
#7028=CARTESIAN_POINT('',(147.515,-16.35,0.));
#7029=CARTESIAN_POINT('Origin',(146.515,-16.35,0.));
#7030=CARTESIAN_POINT('',(146.515,-17.35,2.15));
#7031=CARTESIAN_POINT('',(146.515,-17.35,0.));
#7032=CARTESIAN_POINT('',(147.515,-16.35,2.15));
#7033=CARTESIAN_POINT('Origin',(146.515,-16.35,2.15));
#7034=CARTESIAN_POINT('',(147.515,-16.35,0.));
#7035=CARTESIAN_POINT('Origin',(147.515,-17.35,0.));
#7036=CARTESIAN_POINT('',(145.915,-17.35,0.));
#7037=CARTESIAN_POINT('',(73.7575,-17.35,0.));
#7038=CARTESIAN_POINT('',(145.915,-17.35,2.15));
#7039=CARTESIAN_POINT('',(145.915,-17.35,0.));
#7040=CARTESIAN_POINT('',(147.515,-17.35,2.15));
#7041=CARTESIAN_POINT('Origin',(144.915,-220.41,0.));
#7042=CARTESIAN_POINT('',(144.915,-221.41,0.));
#7043=CARTESIAN_POINT('',(145.915,-220.41,0.));
#7044=CARTESIAN_POINT('Origin',(144.915,-220.41,0.));
#7045=CARTESIAN_POINT('',(144.915,-221.41,2.15));
#7046=CARTESIAN_POINT('',(144.915,-221.41,0.));
#7047=CARTESIAN_POINT('',(145.915,-220.41,2.15));
#7048=CARTESIAN_POINT('Origin',(144.915,-220.41,2.15));
#7049=CARTESIAN_POINT('',(145.915,-220.41,0.));
#7050=CARTESIAN_POINT('Origin',(145.915,-221.41,0.));
#7051=CARTESIAN_POINT('',(128.36,-221.41,0.));
#7052=CARTESIAN_POINT('',(72.9575,-221.41,0.));
#7053=CARTESIAN_POINT('',(128.36,-221.41,2.15));
#7054=CARTESIAN_POINT('',(128.36,-221.41,0.));
#7055=CARTESIAN_POINT('',(145.915,-221.41,2.15));
#7056=CARTESIAN_POINT('Origin',(125.36,-225.58,0.));
#7057=CARTESIAN_POINT('',(125.36,-226.58,0.));
#7058=CARTESIAN_POINT('',(126.36,-225.58,0.));
#7059=CARTESIAN_POINT('Origin',(125.36,-225.58,0.));
#7060=CARTESIAN_POINT('',(125.36,-226.58,2.15));
#7061=CARTESIAN_POINT('',(125.36,-226.58,0.));
#7062=CARTESIAN_POINT('',(126.36,-225.58,2.15));
#7063=CARTESIAN_POINT('Origin',(125.36,-225.58,2.15));
#7064=CARTESIAN_POINT('',(126.36,-225.58,0.));
#7065=CARTESIAN_POINT('Origin',(126.36,-226.58,0.));
#7066=CARTESIAN_POINT('',(73.315,-226.58,0.));
#7067=CARTESIAN_POINT('',(63.18,-226.58,0.));
#7068=CARTESIAN_POINT('',(73.315,-226.58,2.15));
#7069=CARTESIAN_POINT('',(73.315,-226.58,0.));
#7070=CARTESIAN_POINT('',(142.315,-226.58,2.15));
#7071=CARTESIAN_POINT('Origin',(-125.24,-225.58,0.));
#7072=CARTESIAN_POINT('',(-126.24,-225.58,0.));
#7073=CARTESIAN_POINT('',(-125.24,-226.58,0.));
#7074=CARTESIAN_POINT('Origin',(-125.24,-225.58,0.));
#7075=CARTESIAN_POINT('',(-126.24,-225.58,2.15));
#7076=CARTESIAN_POINT('',(-126.24,-225.58,0.));
#7077=CARTESIAN_POINT('',(-125.24,-226.58,2.15));
#7078=CARTESIAN_POINT('Origin',(-125.24,-225.58,2.15));
#7079=CARTESIAN_POINT('',(-125.24,-226.58,0.));
#7080=CARTESIAN_POINT('Origin',(-126.24,-226.58,0.));
#7081=CARTESIAN_POINT('',(-126.24,-223.41,0.));
#7082=CARTESIAN_POINT('',(-126.24,-170.535,0.));
#7083=CARTESIAN_POINT('',(-126.24,-223.41,2.15));
#7084=CARTESIAN_POINT('',(-126.24,-223.41,0.));
#7085=CARTESIAN_POINT('',(-126.24,-223.41,2.15));
#7086=CARTESIAN_POINT('Origin',(-144.915,-220.41,0.));
#7087=CARTESIAN_POINT('',(-145.915,-220.41,0.));
#7088=CARTESIAN_POINT('',(-144.915,-221.41,0.));
#7089=CARTESIAN_POINT('Origin',(-144.915,-220.41,0.));
#7090=CARTESIAN_POINT('',(-145.915,-220.41,2.15));
#7091=CARTESIAN_POINT('',(-145.915,-220.41,0.));
#7092=CARTESIAN_POINT('',(-144.915,-221.41,2.15));
#7093=CARTESIAN_POINT('Origin',(-144.915,-220.41,2.15));
#7094=CARTESIAN_POINT('',(-144.915,-221.41,0.));
#7095=CARTESIAN_POINT('Origin',(-145.915,-221.41,0.));
#7096=CARTESIAN_POINT('',(-145.915,-17.35,0.));
#7097=CARTESIAN_POINT('',(-145.915,-167.95,0.));
#7098=CARTESIAN_POINT('',(-145.915,-17.35,2.15));
#7099=CARTESIAN_POINT('',(-145.915,-17.35,0.));
#7100=CARTESIAN_POINT('',(-145.915,-222.98,2.15));
#7101=CARTESIAN_POINT('Origin',(-146.515,-16.35,0.));
#7102=CARTESIAN_POINT('',(-147.515,-16.35,0.));
#7103=CARTESIAN_POINT('',(-146.515,-17.35,0.));
#7104=CARTESIAN_POINT('Origin',(-146.515,-16.35,0.));
#7105=CARTESIAN_POINT('',(-147.515,-16.35,2.15));
#7106=CARTESIAN_POINT('',(-147.515,-16.35,0.));
#7107=CARTESIAN_POINT('',(-146.515,-17.35,2.15));
#7108=CARTESIAN_POINT('Origin',(-146.515,-16.35,2.15));
#7109=CARTESIAN_POINT('',(-146.515,-17.35,0.));
#7110=CARTESIAN_POINT('Origin',(0.,-114.49,0.));
#7111=CARTESIAN_POINT('',(-114.615,-2.4,0.));
#7112=CARTESIAN_POINT('',(-57.8075,-2.4,0.));
#7113=CARTESIAN_POINT('',(-115.615,-3.4,0.));
#7114=CARTESIAN_POINT('Origin',(-114.615,-3.4,0.));
#7115=CARTESIAN_POINT('',(-115.615,-12.6,0.));
#7116=CARTESIAN_POINT('',(-115.615,-63.545,0.));
#7117=CARTESIAN_POINT('',(-122.915,-12.6,0.));
#7118=CARTESIAN_POINT('',(-64.0075,-12.6000000000001,0.));
#7119=CARTESIAN_POINT('',(-123.915,-13.6,0.));
#7120=CARTESIAN_POINT('Origin',(-122.915,-13.6,0.));
#7121=CARTESIAN_POINT('',(-123.915,-17.35,0.));
#7122=CARTESIAN_POINT('',(-123.915,-65.92,0.));
#7123=CARTESIAN_POINT('',(-136.015,-17.35,0.));
#7124=CARTESIAN_POINT('',(-68.0075,-17.3500000000001,0.));
#7125=CARTESIAN_POINT('',(-136.015,-11.8,0.));
#7126=CARTESIAN_POINT('',(-136.015,-63.545,0.));
#7127=CARTESIAN_POINT('',(-129.815,-11.8,0.));
#7128=CARTESIAN_POINT('',(-64.4075,-11.8,0.));
#7129=CARTESIAN_POINT('',(-128.815,-10.8,0.));
#7130=CARTESIAN_POINT('Origin',(-129.815,-10.8,0.));
#7131=CARTESIAN_POINT('',(-128.815,0.,0.));
#7132=CARTESIAN_POINT('',(-128.815,-57.2450000000004,0.));
#7133=CARTESIAN_POINT('',(-71.1575,0.,0.));
#7134=CARTESIAN_POINT('',(-147.515,-6.00000000000001,0.));
#7135=CARTESIAN_POINT('',(0.,-6.,0.));
#7136=CARTESIAN_POINT('',(-147.515,-168.735,0.));
#7137=CARTESIAN_POINT('',(-72.9575,-17.35,0.));
#7138=CARTESIAN_POINT('',(-128.24,-221.41,0.));
#7139=CARTESIAN_POINT('',(-64.12,-221.41,0.));
#7140=CARTESIAN_POINT('Origin',(-128.24,-223.41,0.));
#7141=CARTESIAN_POINT('',(-73.315,-226.58,0.));
#7142=CARTESIAN_POINT('',(-36.6575,-226.58,0.));
#7143=CARTESIAN_POINT('',(-73.315,-226.68,0.));
#7144=CARTESIAN_POINT('',(-73.315,-170.835,0.));
#7145=CARTESIAN_POINT('',(-72.815,-227.18,0.));
#7146=CARTESIAN_POINT('Origin',(-72.815,-226.68,0.));
#7147=CARTESIAN_POINT('',(-54.415,-227.18,0.));
#7148=CARTESIAN_POINT('',(-26.9575,-227.18,0.));
#7149=CARTESIAN_POINT('',(-53.915,-226.68,0.));
#7150=CARTESIAN_POINT('Origin',(-54.415,-226.68,0.));
#7151=CARTESIAN_POINT('',(-53.915,-220.17,0.));
#7152=CARTESIAN_POINT('',(-53.915,-170.535,0.));
#7153=CARTESIAN_POINT('',(-43.6,-220.17,0.));
#7154=CARTESIAN_POINT('',(-21.8,-220.17,0.));
#7155=CARTESIAN_POINT('',(-43.6,-220.92,0.));
#7156=CARTESIAN_POINT('',(-43.6,-167.955,0.));
#7157=CARTESIAN_POINT('',(-43.1,-221.42,0.));
#7158=CARTESIAN_POINT('Origin',(-43.1,-220.92,0.));
#7159=CARTESIAN_POINT('',(-42.35,-221.42,0.));
#7160=CARTESIAN_POINT('',(-21.175,-221.42,0.));
#7161=CARTESIAN_POINT('',(-42.35,-225.12,0.));
#7162=CARTESIAN_POINT('Origin',(-42.35,-223.27,0.));
#7163=CARTESIAN_POINT('',(-43.1,-225.12,0.));
#7164=CARTESIAN_POINT('',(-21.8,-225.12,0.));
#7165=CARTESIAN_POINT('',(-43.6,-225.62,0.));
#7166=CARTESIAN_POINT('Origin',(-43.1,-225.62,0.));
#7167=CARTESIAN_POINT('',(-43.6,-225.87,0.));
#7168=CARTESIAN_POINT('',(-43.6,-170.43,0.));
#7169=CARTESIAN_POINT('',(-43.1,-226.37,0.));
#7170=CARTESIAN_POINT('Origin',(-43.1,-225.87,0.));
#7171=CARTESIAN_POINT('',(43.1,-226.37,0.));
#7172=CARTESIAN_POINT('',(21.8,-226.37,0.));
#7173=CARTESIAN_POINT('',(43.6,-225.87,0.));
#7174=CARTESIAN_POINT('Origin',(43.1,-225.87,0.));
#7175=CARTESIAN_POINT('',(43.6,-225.62,0.));
#7176=CARTESIAN_POINT('',(43.6,-169.805,0.));
#7177=CARTESIAN_POINT('',(43.1,-225.12,0.));
#7178=CARTESIAN_POINT('Origin',(43.1,-225.62,0.));
#7179=CARTESIAN_POINT('',(42.35,-225.12,0.));
#7180=CARTESIAN_POINT('',(21.175,-225.12,0.));
#7181=CARTESIAN_POINT('',(42.35,-221.42,0.));
#7182=CARTESIAN_POINT('Origin',(42.35,-223.27,0.));
#7183=CARTESIAN_POINT('',(43.1,-221.42,0.));
#7184=CARTESIAN_POINT('',(21.8,-221.42,0.));
#7185=CARTESIAN_POINT('',(43.6,-220.92,0.));
#7186=CARTESIAN_POINT('Origin',(43.1,-220.92,0.));
#7187=CARTESIAN_POINT('',(43.6,-220.67,0.));
#7188=CARTESIAN_POINT('',(43.6,-167.33,0.));
#7189=CARTESIAN_POINT('',(44.1,-220.17,0.));
#7190=CARTESIAN_POINT('Origin',(44.1,-220.67,0.));
#7191=CARTESIAN_POINT('',(53.915,-220.17,0.));
#7192=CARTESIAN_POINT('',(26.9575,-220.17,0.));
#7193=CARTESIAN_POINT('',(53.915,-226.68,0.));
#7194=CARTESIAN_POINT('',(53.915,-170.835,0.));
#7195=CARTESIAN_POINT('',(54.415,-227.18,0.));
#7196=CARTESIAN_POINT('Origin',(54.415,-226.68,0.));
#7197=CARTESIAN_POINT('',(72.815,-227.18,0.));
#7198=CARTESIAN_POINT('',(36.6575,-227.18,0.));
#7199=CARTESIAN_POINT('',(73.315,-226.68,0.));
#7200=CARTESIAN_POINT('Origin',(72.815,-226.68,0.));
#7201=CARTESIAN_POINT('',(73.315,-170.535,0.));
#7202=CARTESIAN_POINT('',(126.36,-223.41,0.));
#7203=CARTESIAN_POINT('',(126.36,-168.95,0.));
#7204=CARTESIAN_POINT('Origin',(128.36,-223.41,0.));
#7205=CARTESIAN_POINT('',(145.915,-65.92,0.));
#7206=CARTESIAN_POINT('',(147.515,-6.00000000000002,0.));
#7207=CARTESIAN_POINT('',(147.515,-60.245,0.));
#7208=CARTESIAN_POINT('',(148.315,-6.,0.));
#7209=CARTESIAN_POINT('',(0.,-6.,0.));
#7210=CARTESIAN_POINT('',(142.315,0.,0.));
#7211=CARTESIAN_POINT('Origin',(142.315,-6.00000000000001,0.));
#7212=CARTESIAN_POINT('',(-71.1575,0.,0.));
#7213=CARTESIAN_POINT('',(136.015,-11.8,0.));
#7214=CARTESIAN_POINT('',(68.0075,-11.8,0.));
#7215=CARTESIAN_POINT('',(136.015,-17.35,0.));
#7216=CARTESIAN_POINT('',(136.015,-63.545,0.));
#7217=CARTESIAN_POINT('',(61.9575,-17.35,0.));
#7218=CARTESIAN_POINT('',(64.0075,-12.6,0.));
#7219=CARTESIAN_POINT('',(99.8149999999999,-4.50000000000005,0.));
#7220=CARTESIAN_POINT('',(99.8149999999999,-59.495,0.));
#7221=CARTESIAN_POINT('Origin',(98.2149999999999,-4.50000000000005,0.));
#7222=CARTESIAN_POINT('',(-96.615,-4.5,0.));
#7223=CARTESIAN_POINT('',(-96.615,-59.495,0.));
#7224=CARTESIAN_POINT('Origin',(-98.215,-4.5,0.));
#7225=CARTESIAN_POINT('Origin',(-145.915,-17.35,0.));
#7226=CARTESIAN_POINT('',(-147.515,-17.35,2.15));
#7227=CARTESIAN_POINT('Origin',(-129.815,-10.8,0.));
#7228=CARTESIAN_POINT('',(-129.815,-11.8,3.));
#7229=CARTESIAN_POINT('',(-129.815,-11.8,0.));
#7230=CARTESIAN_POINT('',(-128.815,-10.8,3.));
#7231=CARTESIAN_POINT('Origin',(-129.815,-10.8,3.));
#7232=CARTESIAN_POINT('',(-128.815,-10.8,0.));
#7233=CARTESIAN_POINT('Origin',(-128.815,-11.8,0.));
#7234=CARTESIAN_POINT('',(-136.015,-11.8,3.));
#7235=CARTESIAN_POINT('',(-136.015,-11.8,0.));
#7236=CARTESIAN_POINT('',(-128.815,-11.8,3.));
#7237=CARTESIAN_POINT('Origin',(-127.015,-1.8,0.));
#7238=CARTESIAN_POINT('',(-128.015,-1.8,3.));
#7239=CARTESIAN_POINT('Origin',(-127.015,-1.8,3.));
#7240=CARTESIAN_POINT('',(-128.015,-1.8,0.));
#7241=CARTESIAN_POINT('Origin',(-114.615,-3.4,0.));
#7242=CARTESIAN_POINT('',(-114.615,-2.4,0.));
#7243=CARTESIAN_POINT('',(-115.615,-3.4,0.));
#7244=CARTESIAN_POINT('Origin',(-115.615,-2.4,0.));
#7245=CARTESIAN_POINT('Origin',(-122.915,-13.6,0.));
#7246=CARTESIAN_POINT('',(-122.915,-12.6,0.));
#7247=CARTESIAN_POINT('',(-123.915,-13.6,0.));
#7248=CARTESIAN_POINT('Origin',(-136.015,-12.6,0.));
#7249=CARTESIAN_POINT('',(-115.615,-12.6,0.));
#7250=CARTESIAN_POINT('Origin',(51.,-227.68,0.));
#7251=CARTESIAN_POINT('',(51.,-228.18,0.7));
#7252=CARTESIAN_POINT('',(51.5,-227.68,0.7));
#7253=CARTESIAN_POINT('Origin',(51.,-227.68,0.7));
#7254=CARTESIAN_POINT('',(51.,-228.18,2.15));
#7255=CARTESIAN_POINT('',(51.,-228.18,0.));
#7256=CARTESIAN_POINT('',(51.5,-227.68,2.15));
#7257=CARTESIAN_POINT('Origin',(51.,-227.68,2.15));
#7258=CARTESIAN_POINT('',(51.5,-227.68,0.));
#7259=CARTESIAN_POINT('Origin',(142.315,-228.18,0.));
#7260=CARTESIAN_POINT('',(142.315,-228.18,2.15));
#7261=CARTESIAN_POINT('',(120.91125,-228.18,2.15));
#7262=CARTESIAN_POINT('',(-51.,-228.18,0.7));
#7263=CARTESIAN_POINT('',(71.1575,-228.18,0.7));
#7264=CARTESIAN_POINT('',(-51.,-228.18,2.15));
#7265=CARTESIAN_POINT('',(-51.,-228.18,0.));
#7266=CARTESIAN_POINT('',(-142.315,-228.18,2.15));
#7267=CARTESIAN_POINT('',(21.40375,-228.18,2.15));
#7268=CARTESIAN_POINT('',(-142.315,-228.18,3.));
#7269=CARTESIAN_POINT('',(-142.315,-228.18,0.));
#7270=CARTESIAN_POINT('',(142.315,-228.18,3.));
#7271=CARTESIAN_POINT('',(142.315,-228.18,3.));
#7272=CARTESIAN_POINT('',(142.315,-228.18,0.));
#7273=CARTESIAN_POINT('Origin',(-72.815,-226.68,0.));
#7274=CARTESIAN_POINT('',(-73.315,-226.68,2.15));
#7275=CARTESIAN_POINT('',(-73.315,-226.68,0.));
#7276=CARTESIAN_POINT('',(-72.815,-227.18,2.15));
#7277=CARTESIAN_POINT('Origin',(-72.815,-226.68,2.15));
#7278=CARTESIAN_POINT('',(-72.815,-227.18,0.));
#7279=CARTESIAN_POINT('Origin',(-53.915,-227.18,0.));
#7280=CARTESIAN_POINT('',(-54.415,-227.18,2.15));
#7281=CARTESIAN_POINT('',(-53.915,-227.18,2.15));
#7282=CARTESIAN_POINT('',(-54.415,-227.18,0.));
#7283=CARTESIAN_POINT('Origin',(-51.,-227.68,0.));
#7284=CARTESIAN_POINT('',(-51.5,-227.68,0.7));
#7285=CARTESIAN_POINT('Origin',(-51.,-227.68,0.7));
#7286=CARTESIAN_POINT('',(-51.5,-227.68,2.15));
#7287=CARTESIAN_POINT('',(-51.5,-227.68,0.));
#7288=CARTESIAN_POINT('Origin',(-51.,-227.68,2.15));
#7289=CARTESIAN_POINT('Origin',(-51.5,-228.18,0.));
#7290=CARTESIAN_POINT('',(-51.5,-226.58,0.7));
#7291=CARTESIAN_POINT('',(-51.5,-226.1775,0.7));
#7292=CARTESIAN_POINT('',(-51.5,-226.58,2.15));
#7293=CARTESIAN_POINT('',(-51.5,-226.58,0.));
#7294=CARTESIAN_POINT('',(-51.5,-226.58,2.15));
#7295=CARTESIAN_POINT('Origin',(-54.415,-226.68,0.));
#7296=CARTESIAN_POINT('',(-53.915,-226.68,2.15));
#7297=CARTESIAN_POINT('Origin',(-54.415,-226.68,2.15));
#7298=CARTESIAN_POINT('',(-53.915,-226.68,0.));
#7299=CARTESIAN_POINT('Origin',(-53.915,-226.58,0.));
#7300=CARTESIAN_POINT('',(-53.915,-226.58,2.15));
#7301=CARTESIAN_POINT('',(-53.915,-222.18,2.15));
#7302=CARTESIAN_POINT('',(-53.915,-226.58,0.7));
#7303=CARTESIAN_POINT('',(-53.915,-226.58,0.));
#7304=CARTESIAN_POINT('',(-53.915,-220.17,0.7));
#7305=CARTESIAN_POINT('',(-53.915,-220.17,0.7));
#7306=CARTESIAN_POINT('',(-53.915,-220.17,0.));
#7307=CARTESIAN_POINT('Origin',(-43.1,-220.92,0.));
#7308=CARTESIAN_POINT('',(-43.6,-220.92,0.7));
#7309=CARTESIAN_POINT('',(-43.6,-220.92,0.));
#7310=CARTESIAN_POINT('',(-43.1,-221.42,0.7));
#7311=CARTESIAN_POINT('Origin',(-43.1,-220.92,0.7));
#7312=CARTESIAN_POINT('',(-43.1,-221.42,0.));
#7313=CARTESIAN_POINT('Origin',(-42.35,-221.42,0.));
#7314=CARTESIAN_POINT('',(-42.35,-221.42,0.7));
#7315=CARTESIAN_POINT('',(-43.6,-221.42,0.7));
#7316=CARTESIAN_POINT('',(-42.35,-221.42,0.));
#7317=CARTESIAN_POINT('Origin',(-48.5375203025776,-223.38,0.));
#7318=CARTESIAN_POINT('',(-48.5375203025776,-223.88,0.7));
#7319=CARTESIAN_POINT('',(-48.05,-223.491013308097,0.7));
#7320=CARTESIAN_POINT('Origin',(-48.5375203025776,-223.38,0.7));
#7321=CARTESIAN_POINT('',(-48.5375203025776,-223.88,2.));
#7322=CARTESIAN_POINT('',(-48.5375203025776,-223.88,0.));
#7323=CARTESIAN_POINT('',(-48.05,-223.491013308097,2.));
#7324=CARTESIAN_POINT('Origin',(-48.5375203025776,-223.38,2.));
#7325=CARTESIAN_POINT('',(-48.05,-223.491013308097,0.));
#7326=CARTESIAN_POINT('Origin',(-48.05,-223.88,0.));
#7327=CARTESIAN_POINT('',(-49.1,-223.88,0.7));
#7328=CARTESIAN_POINT('',(-49.1,-223.88,0.7));
#7329=CARTESIAN_POINT('',(-49.1,-223.88,2.));
#7330=CARTESIAN_POINT('',(-49.1,-223.88,0.));
#7331=CARTESIAN_POINT('',(-49.1,-223.88,2.));
#7332=CARTESIAN_POINT('Origin',(-48.5375203025776,-225.18,0.));
#7333=CARTESIAN_POINT('',(-48.05,-225.068986691903,2.));
#7334=CARTESIAN_POINT('',(-48.5375203025776,-224.68,2.));
#7335=CARTESIAN_POINT('Origin',(-48.5375203025776,-225.18,2.));
#7336=CARTESIAN_POINT('',(-48.5375203025776,-224.68,0.7));
#7337=CARTESIAN_POINT('',(-48.5375203025776,-224.68,0.));
#7338=CARTESIAN_POINT('',(-48.05,-225.068986691903,0.7));
#7339=CARTESIAN_POINT('Origin',(-48.5375203025776,-225.18,0.7));
#7340=CARTESIAN_POINT('',(-48.05,-225.068986691903,0.));
#7341=CARTESIAN_POINT('Origin',(-43.5624796974224,-225.18,0.));
#7342=CARTESIAN_POINT('',(-43.5624796974224,-224.68,0.7));
#7343=CARTESIAN_POINT('',(-44.05,-225.068986691903,0.7));
#7344=CARTESIAN_POINT('Origin',(-43.5624796974224,-225.18,0.7));
#7345=CARTESIAN_POINT('',(-43.5624796974224,-224.68,2.));
#7346=CARTESIAN_POINT('',(-43.5624796974224,-224.68,0.));
#7347=CARTESIAN_POINT('',(-44.05,-225.068986691903,2.));
#7348=CARTESIAN_POINT('Origin',(-43.5624796974224,-225.18,2.));
#7349=CARTESIAN_POINT('',(-44.05,-225.068986691903,0.));
#7350=CARTESIAN_POINT('Origin',(-44.05,-224.68,0.));
#7351=CARTESIAN_POINT('',(-43.,-224.68,0.7));
#7352=CARTESIAN_POINT('',(-43.,-224.68,0.7));
#7353=CARTESIAN_POINT('',(-43.,-224.68,2.));
#7354=CARTESIAN_POINT('',(-43.,-224.68,0.));
#7355=CARTESIAN_POINT('',(-43.,-224.68,2.));
#7356=CARTESIAN_POINT('Origin',(-43.5624796974224,-223.38,0.));
#7357=CARTESIAN_POINT('',(-44.05,-223.491013308097,2.));
#7358=CARTESIAN_POINT('',(-43.5624796974224,-223.88,2.));
#7359=CARTESIAN_POINT('Origin',(-43.5624796974224,-223.38,2.));
#7360=CARTESIAN_POINT('',(-43.5624796974224,-223.88,0.7));
#7361=CARTESIAN_POINT('',(-43.5624796974224,-223.88,0.));
#7362=CARTESIAN_POINT('',(-44.05,-223.491013308097,0.7));
#7363=CARTESIAN_POINT('Origin',(-43.5624796974224,-223.38,0.7));
#7364=CARTESIAN_POINT('',(-44.05,-223.491013308097,0.));
#7365=CARTESIAN_POINT('Origin',(-43.1,-225.62,0.));
#7366=CARTESIAN_POINT('',(-43.1,-225.12,0.7));
#7367=CARTESIAN_POINT('',(-43.1,-225.12,0.));
#7368=CARTESIAN_POINT('',(-43.6,-225.62,0.7));
#7369=CARTESIAN_POINT('Origin',(-43.1,-225.62,0.7));
#7370=CARTESIAN_POINT('',(-43.6,-225.62,0.));
#7371=CARTESIAN_POINT('Origin',(-43.6,-226.37,0.));
#7372=CARTESIAN_POINT('',(-43.6,-225.87,0.7));
#7373=CARTESIAN_POINT('',(-43.6,-226.37,0.7));
#7374=CARTESIAN_POINT('',(-43.6,-225.87,0.));
#7375=CARTESIAN_POINT('Origin',(-43.1,-225.87,0.));
#7376=CARTESIAN_POINT('',(-43.1,-226.37,0.7));
#7377=CARTESIAN_POINT('Origin',(-43.1,-225.87,0.7));
#7378=CARTESIAN_POINT('',(-43.1,-226.37,0.));
#7379=CARTESIAN_POINT('Origin',(43.6,-226.37,0.));
#7380=CARTESIAN_POINT('',(43.1,-226.37,0.7));
#7381=CARTESIAN_POINT('',(42.35,-226.37,0.7));
#7382=CARTESIAN_POINT('',(43.1,-226.37,0.));
#7383=CARTESIAN_POINT('Origin',(48.5375203025776,-223.38,0.));
#7384=CARTESIAN_POINT('',(48.05,-223.491013308097,2.));
#7385=CARTESIAN_POINT('',(48.5375203025776,-223.88,2.));
#7386=CARTESIAN_POINT('Origin',(48.5375203025776,-223.38,2.));
#7387=CARTESIAN_POINT('',(48.5375203025776,-223.88,0.7));
#7388=CARTESIAN_POINT('',(48.5375203025776,-223.88,0.));
#7389=CARTESIAN_POINT('',(48.05,-223.491013308097,0.7));
#7390=CARTESIAN_POINT('Origin',(48.5375203025776,-223.38,0.7));
#7391=CARTESIAN_POINT('',(48.05,-223.491013308097,0.));
#7392=CARTESIAN_POINT('Origin',(48.5375203025776,-225.18,0.));
#7393=CARTESIAN_POINT('',(48.5375203025776,-224.68,0.7));
#7394=CARTESIAN_POINT('',(48.05,-225.068986691903,0.7));
#7395=CARTESIAN_POINT('Origin',(48.5375203025776,-225.18,0.7));
#7396=CARTESIAN_POINT('',(48.5375203025776,-224.68,2.));
#7397=CARTESIAN_POINT('',(48.5375203025776,-224.68,0.));
#7398=CARTESIAN_POINT('',(48.05,-225.068986691903,2.));
#7399=CARTESIAN_POINT('Origin',(48.5375203025776,-225.18,2.));
#7400=CARTESIAN_POINT('',(48.05,-225.068986691903,0.));
#7401=CARTESIAN_POINT('Origin',(48.05,-224.68,0.));
#7402=CARTESIAN_POINT('',(49.1,-224.68,0.7));
#7403=CARTESIAN_POINT('',(49.1,-224.68,0.7));
#7404=CARTESIAN_POINT('',(49.1,-224.68,2.));
#7405=CARTESIAN_POINT('',(49.1,-224.68,0.));
#7406=CARTESIAN_POINT('',(49.1,-224.68,2.));
#7407=CARTESIAN_POINT('Origin',(43.5624796974224,-225.18,0.));
#7408=CARTESIAN_POINT('',(44.05,-225.068986691903,2.));
#7409=CARTESIAN_POINT('',(43.5624796974224,-224.68,2.));
#7410=CARTESIAN_POINT('Origin',(43.5624796974224,-225.18,2.));
#7411=CARTESIAN_POINT('',(43.5624796974224,-224.68,0.7));
#7412=CARTESIAN_POINT('',(43.5624796974224,-224.68,0.));
#7413=CARTESIAN_POINT('',(44.05,-225.068986691903,0.7));
#7414=CARTESIAN_POINT('Origin',(43.5624796974224,-225.18,0.7));
#7415=CARTESIAN_POINT('',(44.05,-225.068986691903,0.));
#7416=CARTESIAN_POINT('Origin',(43.5624796974224,-223.38,0.));
#7417=CARTESIAN_POINT('',(43.5624796974224,-223.88,0.7));
#7418=CARTESIAN_POINT('',(44.05,-223.491013308097,0.7));
#7419=CARTESIAN_POINT('Origin',(43.5624796974224,-223.38,0.7));
#7420=CARTESIAN_POINT('',(43.5624796974224,-223.88,2.));
#7421=CARTESIAN_POINT('',(43.5624796974224,-223.88,0.));
#7422=CARTESIAN_POINT('',(44.05,-223.491013308097,2.));
#7423=CARTESIAN_POINT('Origin',(43.5624796974224,-223.38,2.));
#7424=CARTESIAN_POINT('',(44.05,-223.491013308097,0.));
#7425=CARTESIAN_POINT('Origin',(44.05,-223.88,0.));
#7426=CARTESIAN_POINT('',(43.,-223.88,0.7));
#7427=CARTESIAN_POINT('',(43.,-223.88,0.7));
#7428=CARTESIAN_POINT('',(43.,-223.88,2.));
#7429=CARTESIAN_POINT('',(43.,-223.88,0.));
#7430=CARTESIAN_POINT('',(43.,-223.88,2.));
#7431=CARTESIAN_POINT('Origin',(72.815,-226.68,0.));
#7432=CARTESIAN_POINT('',(72.815,-227.18,2.15));
#7433=CARTESIAN_POINT('',(72.815,-227.18,0.));
#7434=CARTESIAN_POINT('',(73.315,-226.68,2.15));
#7435=CARTESIAN_POINT('Origin',(72.815,-226.68,2.15));
#7436=CARTESIAN_POINT('',(73.315,-226.68,0.));
#7437=CARTESIAN_POINT('Origin',(73.315,-226.58,0.));
#7438=CARTESIAN_POINT('',(73.315,-227.18,2.15));
#7439=CARTESIAN_POINT('Origin',(54.415,-226.68,0.));
#7440=CARTESIAN_POINT('',(53.915,-226.68,2.15));
#7441=CARTESIAN_POINT('',(53.915,-226.68,0.));
#7442=CARTESIAN_POINT('',(54.415,-227.18,2.15));
#7443=CARTESIAN_POINT('Origin',(54.415,-226.68,2.15));
#7444=CARTESIAN_POINT('',(54.415,-227.18,0.));
#7445=CARTESIAN_POINT('Origin',(73.315,-227.18,0.));
#7446=CARTESIAN_POINT('',(53.915,-227.18,2.15));
#7447=CARTESIAN_POINT('Origin',(44.1,-220.67,0.));
#7448=CARTESIAN_POINT('',(43.6,-220.67,0.7));
#7449=CARTESIAN_POINT('',(44.1,-220.17,0.7));
#7450=CARTESIAN_POINT('Origin',(44.1,-220.67,0.7));
#7451=CARTESIAN_POINT('',(44.1,-220.17,0.));
#7452=CARTESIAN_POINT('',(43.6,-220.67,0.));
#7453=CARTESIAN_POINT('Origin',(0.,-224.175,0.7));
#7454=CARTESIAN_POINT('',(51.5,-226.58,0.7));
#7455=CARTESIAN_POINT('',(51.5,-225.3775,0.7));
#7456=CARTESIAN_POINT('',(53.915,-226.58,0.7));
#7457=CARTESIAN_POINT('',(26.9575,-226.58,0.7));
#7458=CARTESIAN_POINT('',(53.915,-220.17,0.7));
#7459=CARTESIAN_POINT('',(53.915,-222.18,0.7));
#7460=CARTESIAN_POINT('',(51.5,-220.17,0.7));
#7461=CARTESIAN_POINT('',(43.6,-220.92,0.7));
#7462=CARTESIAN_POINT('',(43.6,-221.42,0.7));
#7463=CARTESIAN_POINT('',(43.1,-221.42,0.7));
#7464=CARTESIAN_POINT('Origin',(43.1,-220.92,0.7));
#7465=CARTESIAN_POINT('',(42.35,-221.42,0.7));
#7466=CARTESIAN_POINT('',(42.35,-221.42,0.7));
#7467=CARTESIAN_POINT('',(42.35,-225.12,0.7));
#7468=CARTESIAN_POINT('Origin',(42.35,-223.27,0.7));
#7469=CARTESIAN_POINT('',(43.1,-225.12,0.7));
#7470=CARTESIAN_POINT('',(42.35,-225.12,0.7));
#7471=CARTESIAN_POINT('',(43.6,-225.62,0.7));
#7472=CARTESIAN_POINT('Origin',(43.1,-225.62,0.7));
#7473=CARTESIAN_POINT('',(43.6,-225.87,0.7));
#7474=CARTESIAN_POINT('',(43.6,-225.12,0.7));
#7475=CARTESIAN_POINT('Origin',(43.1,-225.87,0.7));
#7476=CARTESIAN_POINT('',(-42.35,-225.12,0.7));
#7477=CARTESIAN_POINT('',(-43.6,-225.12,0.7));
#7478=CARTESIAN_POINT('Origin',(-42.35,-223.27,0.7));
#7479=CARTESIAN_POINT('',(-43.6,-220.17,0.7));
#7480=CARTESIAN_POINT('',(-43.6,-220.17,0.7));
#7481=CARTESIAN_POINT('',(-51.5,-220.17,0.7));
#7482=CARTESIAN_POINT('',(-25.75,-226.58,0.7));
#7483=CARTESIAN_POINT('Origin',(-46.05,-224.28,0.7));
#7484=CARTESIAN_POINT('',(-43.,-223.88,0.7));
#7485=CARTESIAN_POINT('',(-44.05,-223.88,0.7));
#7486=CARTESIAN_POINT('',(-43.,-223.88,0.7));
#7487=CARTESIAN_POINT('Origin',(-46.05,-224.28,0.7));
#7488=CARTESIAN_POINT('',(-49.1,-224.68,0.7));
#7489=CARTESIAN_POINT('',(-48.05,-224.68,0.7));
#7490=CARTESIAN_POINT('',(-49.1,-224.68,0.7));
#7491=CARTESIAN_POINT('',(49.1,-223.88,0.7));
#7492=CARTESIAN_POINT('',(43.,-223.88,0.7));
#7493=CARTESIAN_POINT('',(49.1,-223.88,0.7));
#7494=CARTESIAN_POINT('Origin',(46.05,-224.28,0.7));
#7495=CARTESIAN_POINT('',(43.,-224.68,0.7));
#7496=CARTESIAN_POINT('',(49.1,-224.68,0.7));
#7497=CARTESIAN_POINT('',(43.,-224.68,0.7));
#7498=CARTESIAN_POINT('Origin',(46.05,-224.28,0.7));
#7499=CARTESIAN_POINT('Origin',(43.6,-220.17,0.));
#7500=CARTESIAN_POINT('',(43.6,-220.92,0.));
#7501=CARTESIAN_POINT('Origin',(43.1,-220.92,0.));
#7502=CARTESIAN_POINT('',(43.1,-221.42,0.));
#7503=CARTESIAN_POINT('Origin',(43.1,-225.62,0.));
#7504=CARTESIAN_POINT('',(43.6,-225.62,0.));
#7505=CARTESIAN_POINT('',(43.1,-225.12,0.));
#7506=CARTESIAN_POINT('Origin',(42.35,-225.12,0.));
#7507=CARTESIAN_POINT('',(42.35,-225.12,0.));
#7508=CARTESIAN_POINT('Origin',(43.1,-225.87,0.));
#7509=CARTESIAN_POINT('',(43.6,-225.87,0.));
#7510=CARTESIAN_POINT('Origin',(43.6,-225.12,0.));
#7511=CARTESIAN_POINT('Origin',(0.000456349852963056,-101.795537281789,
-2.));
#7512=CARTESIAN_POINT('',(0.148927408644589,-101.534852904234,-2.));
#7513=CARTESIAN_POINT('',(-0.148005679778913,-101.534847761943,-2.));
#7514=CARTESIAN_POINT('Origin',(0.000456349852963056,-101.795537281789,
-2.));
#7515=CARTESIAN_POINT('',(-0.148005679778913,-101.534847761943,-1.9));
#7516=CARTESIAN_POINT('',(-0.14800567977891,-101.534847761943,-2.));
#7517=CARTESIAN_POINT('',(0.148927408644579,-101.534852904234,-1.9));
#7518=CARTESIAN_POINT('Origin',(0.000456349852963056,-101.795537281789,
-1.9));
#7519=CARTESIAN_POINT('',(0.148927408644583,-101.534852904234,-2.));
#7520=CARTESIAN_POINT('Origin',(-22.8972313608744,-114.490474897099,-2.));
#7521=CARTESIAN_POINT('',(-22.4394853144931,-114.229789668396,-2.));
#7522=CARTESIAN_POINT('',(-14.2522762745757,-109.567194594362,-2.));
#7523=CARTESIAN_POINT('',(-22.4394853144931,-114.229789668396,-1.9));
#7524=CARTESIAN_POINT('',(-22.4394853144931,-114.229789668396,-2.));
#7525=CARTESIAN_POINT('',(0.000462328752734997,-101.450295602366,-1.9));
#7526=CARTESIAN_POINT('Origin',(0.,-114.49,-2.));
#7527=CARTESIAN_POINT('',(22.4386160813981,-114.229797297975,-2.));
#7528=CARTESIAN_POINT('',(2.80412019724726,-103.04710035196,-2.));
#7529=CARTESIAN_POINT('',(22.4386210558027,-114.751163219883,-2.));
#7530=CARTESIAN_POINT('Origin',(22.2901450226065,-114.49048167553,-2.));
#7531=CARTESIAN_POINT('',(17.6906622405224,-117.455451674293,-2.));
#7532=CARTESIAN_POINT('',(14.2524383906832,-119.413756163135,-2.));
#7533=CARTESIAN_POINT('',(17.3916331464211,-117.454257655367,-2.));
#7534=CARTESIAN_POINT('Origin',(17.5421862073262,-117.19477012994,-2.));
#7535=CARTESIAN_POINT('',(11.146642230442,-113.830952464959,-2.));
#7536=CARTESIAN_POINT('',(10.3170637172164,-113.349636131074,-2.));
#7537=CARTESIAN_POINT('',(0.382434239777417,-107.585425222071,-2.));
#7538=CARTESIAN_POINT('',(7.12005218615228,-111.494674882868,-2.));
#7539=CARTESIAN_POINT('',(0.245531072633456,-107.523646690614,-2.));
#7540=CARTESIAN_POINT('Ctrl Pts',(0.382434239777417,-107.585425222071,-2.));
#7541=CARTESIAN_POINT('Ctrl Pts',(0.382242779995471,-107.58531582125,-2.));
#7542=CARTESIAN_POINT('Ctrl Pts',(0.38205132021648,-107.585206420431,-2.));
#7543=CARTESIAN_POINT('Ctrl Pts',(0.381859860437631,-107.585097019613,-2.));
#7544=CARTESIAN_POINT('Ctrl Pts',(0.341419111686532,-107.561989027693,-2.));
#7545=CARTESIAN_POINT('Ctrl Pts',(0.296293557721818,-107.540142952771,-2.));
#7546=CARTESIAN_POINT('Ctrl Pts',(0.245531072633456,-107.523646690614,-2.));
#7547=CARTESIAN_POINT('',(0.207250456838351,-107.511904721685,-2.));
#7548=CARTESIAN_POINT('Ctrl Pts',(0.24553107263195,-107.523646690619,-2.));
#7549=CARTESIAN_POINT('Ctrl Pts',(0.235339705000015,-107.519959408289,-2.));
#7550=CARTESIAN_POINT('Ctrl Pts',(0.222882927479567,-107.515776978748,-2.));
#7551=CARTESIAN_POINT('Ctrl Pts',(0.207250456838351,-107.511904721685,-2.));
#7552=CARTESIAN_POINT('',(-0.206172717462166,-107.511725551964,-2.));
#7553=CARTESIAN_POINT('Ctrl Pts',(0.207250456838768,-107.511904721683,-2.));
#7554=CARTESIAN_POINT('Ctrl Pts',(0.139680160440134,-107.492462140296,-2.));
#7555=CARTESIAN_POINT('Ctrl Pts',(0.0700555088217225,-107.482815459868,
-2.));
#7556=CARTESIAN_POINT('Ctrl Pts',(0.000466314685905189,-107.482815459868,
-2.));
#7557=CARTESIAN_POINT('Ctrl Pts',(-0.0667690272107844,-107.482815459868,
-2.));
#7558=CARTESIAN_POINT('Ctrl Pts',(-0.13658713243358,-107.491184706443,-2.));
#7559=CARTESIAN_POINT('Ctrl Pts',(-0.206172717463437,-107.51172555196,-2.));
#7560=CARTESIAN_POINT('',(-0.336314073545234,-107.560569696201,-2.));
#7561=CARTESIAN_POINT('Ctrl Pts',(-0.206172717462166,-107.511725551964,
-2.));
#7562=CARTESIAN_POINT('Ctrl Pts',(-0.252196152904055,-107.52387403348,-2.));
#7563=CARTESIAN_POINT('Ctrl Pts',(-0.295188602573393,-107.540626847137,
-2.));
#7564=CARTESIAN_POINT('Ctrl Pts',(-0.335222530688204,-107.560040377656,
-2.));
#7565=CARTESIAN_POINT('Ctrl Pts',(-0.335586378307063,-107.560216817171,
-2.));
#7566=CARTESIAN_POINT('Ctrl Pts',(-0.335950225925921,-107.560393256686,
-2.));
#7567=CARTESIAN_POINT('Ctrl Pts',(-0.336314073545234,-107.560569696201,
-2.));
#7568=CARTESIAN_POINT('',(-0.377605279810045,-107.582771554977,-2.));
#7569=CARTESIAN_POINT('Ctrl Pts',(-0.336314073548085,-107.560569696192,
-2.));
#7570=CARTESIAN_POINT('Ctrl Pts',(-0.336675754494174,-107.560750536665,
-2.));
#7571=CARTESIAN_POINT('Ctrl Pts',(-0.337037435439731,-107.560931377138,
-2.));
#7572=CARTESIAN_POINT('Ctrl Pts',(-0.33739911638529,-107.561112217611,-2.));
#7573=CARTESIAN_POINT('Ctrl Pts',(-0.351223655206926,-107.568024487022,
-2.));
#7574=CARTESIAN_POINT('Ctrl Pts',(-0.364608690528247,-107.575275097402,
-2.));
#7575=CARTESIAN_POINT('Ctrl Pts',(-0.377605279810045,-107.582771554977,
-2.));
#7576=CARTESIAN_POINT('',(-0.39915548325193,-107.595854288889,-2.));
#7577=CARTESIAN_POINT('Ctrl Pts',(-0.377605279811085,-107.582771554973,
-2.));
#7578=CARTESIAN_POINT('Ctrl Pts',(-0.385218251951721,-107.586889768396,
-2.));
#7579=CARTESIAN_POINT('Ctrl Pts',(-0.392901323086842,-107.591624599841,
-2.));
#7580=CARTESIAN_POINT('Ctrl Pts',(-0.39915548325193,-107.595854288889,-2.));
#7581=CARTESIAN_POINT('',(-11.1463309506502,-113.830768924598,-2.));
#7582=CARTESIAN_POINT('',(-1.74605521629783,-108.377250748254,-2.));
#7583=CARTESIAN_POINT('',(-11.5265691533674,-114.490516515072,-2.));
#7584=CARTESIAN_POINT('Ctrl Pts',(-11.1463309506503,-113.830768924598,-2.));
#7585=CARTESIAN_POINT('Ctrl Pts',(-11.3763376075772,-113.963659167615,-2.));
#7586=CARTESIAN_POINT('Ctrl Pts',(-11.5266705665344,-114.224773567344,-2.));
#7587=CARTESIAN_POINT('Ctrl Pts',(-11.5265691533674,-114.490516515072,-2.));
#7588=CARTESIAN_POINT('',(-11.5265691546689,-120.450155845292,-2.));
#7589=CARTESIAN_POINT('',(-11.5265691546689,-114.490258257559,-2.));
#7590=CARTESIAN_POINT('',(-11.9750348749521,-120.710843263286,-2.));
#7591=CARTESIAN_POINT('Origin',(-11.8265691546689,-120.450155845292,-2.));
#7592=CARTESIAN_POINT('',(-22.4394890051444,-114.751166606237,-2.));
#7593=CARTESIAN_POINT('',(-8.56728879258976,-122.651610027375,-2.));
#7594=CARTESIAN_POINT('Origin',(-22.2910232848612,-114.490479188242,-2.));
#7595=CARTESIAN_POINT('Origin',(22.2901450226065,-114.49048167553,-2.));
#7596=CARTESIAN_POINT('',(22.4386160813981,-114.229797297975,-1.9));
#7597=CARTESIAN_POINT('',(22.4386160813981,-114.229797297975,-2.));
#7598=CARTESIAN_POINT('',(22.4386210558027,-114.751163219883,-1.9));
#7599=CARTESIAN_POINT('Origin',(22.2901450226065,-114.49048167553,-1.9));
#7600=CARTESIAN_POINT('',(22.4386210558027,-114.751163219883,-2.));
#7601=CARTESIAN_POINT('Origin',(22.8963136123665,-114.490475892015,-2.));
#7602=CARTESIAN_POINT('',(17.6906622405224,-117.455451674293,-1.9));
#7603=CARTESIAN_POINT('',(17.5408044912145,-117.540805949051,-1.9));
#7604=CARTESIAN_POINT('',(17.6906622405224,-117.455451674293,-2.));
#7605=CARTESIAN_POINT('Origin',(17.5421862073262,-117.19477012994,-2.));
#7606=CARTESIAN_POINT('',(17.3916331464211,-117.454257655367,-1.9));
#7607=CARTESIAN_POINT('Origin',(17.5421862073262,-117.19477012994,-1.9));
#7608=CARTESIAN_POINT('',(17.3916331464211,-117.454257655367,-2.));
#7609=CARTESIAN_POINT('Origin',(11.8265634330161,-116.335420440673,-2.));
#7610=CARTESIAN_POINT('',(11.5265634330161,-116.335420440673,-1.9));
#7611=CARTESIAN_POINT('',(11.5265634330161,-116.335420440673,-2.));
#7612=CARTESIAN_POINT('',(11.9771120357216,-116.075930328677,-1.9));
#7613=CARTESIAN_POINT('Origin',(11.8265634330161,-116.335420440673,-1.9));
#7614=CARTESIAN_POINT('',(11.9771120357217,-116.075930328677,-2.));
#7615=CARTESIAN_POINT('Origin',(11.5265634330161,-115.814535156173,-2.));
#7616=CARTESIAN_POINT('',(17.1542940731108,-119.079580508978,-1.9));
#7617=CARTESIAN_POINT('',(17.1542940731108,-119.079580508978,-1.9));
#7618=CARTESIAN_POINT('',(17.1542940731108,-119.079580508978,-2.));
#7619=CARTESIAN_POINT('Origin',(9.70164076143201,-115.101915269299,-2.));
#7620=CARTESIAN_POINT('',(10.001640761432,-115.101915269299,-2.));
#7621=CARTESIAN_POINT('',(9.85214161201326,-114.842397458784,-2.));
#7622=CARTESIAN_POINT('Origin',(9.70164076143201,-115.101915269299,-2.));
#7623=CARTESIAN_POINT('',(9.85214161201326,-114.842397458784,-1.9));
#7624=CARTESIAN_POINT('',(9.85214161201326,-114.842397458784,-2.));
#7625=CARTESIAN_POINT('',(10.001640761432,-115.101915269299,-1.9));
#7626=CARTESIAN_POINT('Origin',(9.70164076143201,-115.101915269299,-1.9));
#7627=CARTESIAN_POINT('',(10.001640761432,-115.101915269299,-2.));
#7628=CARTESIAN_POINT('Origin',(8.03704622522553,-113.789778376279,-2.));
#7629=CARTESIAN_POINT('',(8.03704622522553,-113.789778376279,-2.));
#7630=CARTESIAN_POINT('',(5.18181297878788,-112.133957408368,-2.));
#7631=CARTESIAN_POINT('',(8.03704622522553,-113.789778376279,-1.9));
#7632=CARTESIAN_POINT('',(8.03704622522553,-113.789778376279,-2.));
#7633=CARTESIAN_POINT('',(10.001640761432,-114.929095743977,-1.9));
#7634=CARTESIAN_POINT('Origin',(0.,-114.49,-2.));
#7635=CARTESIAN_POINT('',(10.001640761432,-120.437624894658,-2.));
#7636=CARTESIAN_POINT('',(10.001640761432,-114.709547871989,-2.));
#7637=CARTESIAN_POINT('',(9.5516140826498,-120.697417110965,-2.));
#7638=CARTESIAN_POINT('Origin',(9.70164076143202,-120.437624894658,-2.));
#7639=CARTESIAN_POINT('',(3.07307602358131,-116.956144326954,-2.));
#7640=CARTESIAN_POINT('',(4.85109232923059,-117.98292597942,-2.));
#7641=CARTESIAN_POINT('',(0.912955864261836,-115.709311112803,-2.));
#7642=CARTESIAN_POINT('',(1.38665907719243,-115.982735207747,-2.));
#7643=CARTESIAN_POINT('',(0.762927650478022,-115.449487204474,-2.));
#7644=CARTESIAN_POINT('Origin',(1.06292765047802,-115.449487204474,-2.));
#7645=CARTESIAN_POINT('',(0.762927650478018,-110.089400368192,-2.));
#7646=CARTESIAN_POINT('',(0.762927650478022,-115.056357002106,-2.));
#7647=CARTESIAN_POINT('',(1.21350560192622,-109.8299272857,-2.));
#7648=CARTESIAN_POINT('Origin',(1.06292765047802,-110.089400368192,-2.));
#7649=CARTESIAN_POINT('',(1.54584181475397,-110.022789318398,-2.));
#7650=CARTESIAN_POINT('Origin',(1.06292765047802,-110.089400368192,-2.));
#7651=CARTESIAN_POINT('',(0.762927650478018,-110.089400368192,-1.9));
#7652=CARTESIAN_POINT('',(0.762927650478018,-110.089400368192,-2.));
#7653=CARTESIAN_POINT('',(1.21350560192622,-109.8299272857,-1.9));
#7654=CARTESIAN_POINT('Origin',(1.06292765047802,-110.089400368192,-1.9));
#7655=CARTESIAN_POINT('',(1.21350560192622,-109.8299272857,-2.));
#7656=CARTESIAN_POINT('Origin',(0.762927650478022,-115.622714004212,-2.));
#7657=CARTESIAN_POINT('',(0.762927650478022,-115.449487204474,-1.9));
#7658=CARTESIAN_POINT('',(0.762927650478022,-115.449487204474,-2.));
#7659=CARTESIAN_POINT('',(0.762927650478018,-109.568446964716,-1.9));
#7660=CARTESIAN_POINT('Origin',(1.06292765047802,-115.449487204474,-2.));
#7661=CARTESIAN_POINT('',(0.912955864261839,-115.709311112803,-1.9));
#7662=CARTESIAN_POINT('',(0.912955864261839,-115.709311112803,-2.));
#7663=CARTESIAN_POINT('Origin',(1.06292765047802,-115.449487204474,-1.9));
#7664=CARTESIAN_POINT('Origin',(3.07307602358131,-116.956144326954,-2.));
#7665=CARTESIAN_POINT('',(3.0730760235813,-116.956144326954,-1.9));
#7666=CARTESIAN_POINT('',(3.07307602358131,-116.956144326954,-2.));
#7667=CARTESIAN_POINT('',(0.762927650478022,-115.622714004212,-1.9));
#7668=CARTESIAN_POINT('Origin',(9.70164076143202,-120.437624894658,-2.));
#7669=CARTESIAN_POINT('',(10.001640761432,-120.437624894658,-1.9));
#7670=CARTESIAN_POINT('',(10.001640761432,-120.437624894658,-2.));
#7671=CARTESIAN_POINT('',(9.5516140826498,-120.697417110965,-1.9));
#7672=CARTESIAN_POINT('Origin',(9.70164076143202,-120.437624894658,-1.9));
#7673=CARTESIAN_POINT('',(9.5516140826498,-120.697417110965,-2.));
#7674=CARTESIAN_POINT('Origin',(10.001640761432,-120.957301756244,-2.));
#7675=CARTESIAN_POINT('',(3.07307602358131,-116.956144326954,-1.9));
#7676=CARTESIAN_POINT('Origin',(0.000454139348833316,-117.289536618909,
-2.));
#7677=CARTESIAN_POINT('',(0.150456979462697,-117.029730637535,-2.));
#7678=CARTESIAN_POINT('',(-0.149537742833151,-117.029724311119,-2.));
#7679=CARTESIAN_POINT('Origin',(0.000454139348833316,-117.289536618909,
-2.));
#7680=CARTESIAN_POINT('',(-0.149537742833155,-117.029724311119,-1.9));
#7681=CARTESIAN_POINT('',(-0.149537742833155,-117.029724311119,-2.));
#7682=CARTESIAN_POINT('',(0.150456979462689,-117.029730637535,-1.9));
#7683=CARTESIAN_POINT('Origin',(0.000454139348833316,-117.289536618909,
-1.9));
#7684=CARTESIAN_POINT('',(0.150456979462692,-117.029730637535,-2.));
#7685=CARTESIAN_POINT('Origin',(-9.23147346107698,-122.272803993598,-2.));
#7686=CARTESIAN_POINT('',(-8.77833439067346,-122.011202906883,-2.));
#7687=CARTESIAN_POINT('',(-4.08458032186882,-119.301458271357,-2.));
#7688=CARTESIAN_POINT('',(-8.77833439067346,-122.011202906883,-1.9));
#7689=CARTESIAN_POINT('',(-8.77833439067346,-122.011202906883,-2.));
#7690=CARTESIAN_POINT('',(0.00046144455107533,-116.943128488801,-1.9));
#7691=CARTESIAN_POINT('Origin',(0.,-114.49,-2.));
#7692=CARTESIAN_POINT('',(8.77841330982783,-122.011209305147,-2.));
#7693=CARTESIAN_POINT('',(-0.530836196534555,-116.636375908713,-2.));
#7694=CARTESIAN_POINT('',(8.77686953195677,-122.531706496265,-2.));
#7695=CARTESIAN_POINT('Origin',(8.62841046971397,-122.271015286521,-2.));
#7696=CARTESIAN_POINT('',(0.148913326899032,-127.445175916775,-2.));
#7697=CARTESIAN_POINT('',(7.41948708460282,-123.304711943732,-2.));
#7698=CARTESIAN_POINT('',(-0.147993878407526,-127.445182134753,-2.));
#7699=CARTESIAN_POINT('Origin',(0.000454264656241099,-127.184484707031,
-2.));
#7700=CARTESIAN_POINT('',(-8.77679065155525,-122.531712642396,-2.));
#7701=CARTESIAN_POINT('',(-2.80325538099443,-125.933204656295,-2.));
#7702=CARTESIAN_POINT('Origin',(-8.62834250849147,-122.271015214674,-2.));
#7703=CARTESIAN_POINT('Origin',(8.62841046971397,-122.271015286521,-2.));
#7704=CARTESIAN_POINT('',(8.77841330982783,-122.011209305147,-1.9));
#7705=CARTESIAN_POINT('',(8.77841330982783,-122.011209305147,-2.));
#7706=CARTESIAN_POINT('',(8.77686953195677,-122.531706496265,-1.9));
#7707=CARTESIAN_POINT('Origin',(8.62841046971397,-122.271015286521,-1.9));
#7708=CARTESIAN_POINT('',(8.77686953195677,-122.531706496265,-2.));
#7709=CARTESIAN_POINT('Origin',(9.23149721257478,-122.272804022337,-2.));
#7710=CARTESIAN_POINT('',(0.148913326899031,-127.445175916775,-1.9));
#7711=CARTESIAN_POINT('',(0.00046149467405221,-127.529716626153,-1.9));
#7712=CARTESIAN_POINT('',(0.148913326899033,-127.445175916775,-2.));
#7713=CARTESIAN_POINT('Origin',(0.000454264656241099,-127.184484707031,
-2.));
#7714=CARTESIAN_POINT('',(-0.147993878407527,-127.445182134753,-1.9));
#7715=CARTESIAN_POINT('Origin',(0.000454264656241099,-127.184484707031,
-1.9));
#7716=CARTESIAN_POINT('',(-0.147993878407528,-127.445182134753,-2.));
#7717=CARTESIAN_POINT('Origin',(-8.62834250849147,-122.271015214674,-2.));
#7718=CARTESIAN_POINT('',(-8.77679065155525,-122.531712642396,-1.9));
#7719=CARTESIAN_POINT('',(-8.77679065155525,-122.531712642396,-2.));
#7720=CARTESIAN_POINT('Origin',(-8.62834250849147,-122.271015214674,-1.9));
#7721=CARTESIAN_POINT('Origin',(-11.8265691546689,-120.450155845292,-2.));
#7722=CARTESIAN_POINT('',(-11.5265691546689,-120.450155845292,-1.9));
#7723=CARTESIAN_POINT('',(-11.5265691546689,-120.450155845292,-2.));
#7724=CARTESIAN_POINT('',(-11.9750348749521,-120.710843263286,-1.9));
#7725=CARTESIAN_POINT('Origin',(-11.8265691546689,-120.450155845292,-1.9));
#7726=CARTESIAN_POINT('',(-11.9750348749521,-120.710843263286,-2.));
#7727=CARTESIAN_POINT('Origin',(-11.5265691546689,-114.490516515118,-2.));
#7728=CARTESIAN_POINT('',(-11.5265691533674,-114.490516515072,-1.9));
#7729=CARTESIAN_POINT('',(-11.5265691533674,-114.490516515072,-2.));
#7730=CARTESIAN_POINT('',(-11.5265691546689,-120.966251777807,-1.9));
#7731=CARTESIAN_POINT('Origin',(-22.2910232848612,-114.490479188242,-2.));
#7732=CARTESIAN_POINT('',(-22.4394890051445,-114.751166606237,-1.9));
#7733=CARTESIAN_POINT('',(-22.4394890051445,-114.751166606237,-2.));
#7734=CARTESIAN_POINT('Origin',(-22.2910232848612,-114.490479188242,-1.9));
#7735=CARTESIAN_POINT('Origin',(10.001640761432,-114.929095743977,-2.));
#7736=CARTESIAN_POINT('',(10.001640761432,-120.957301756244,-1.9));
#7737=CARTESIAN_POINT('Origin',(0.762927650478018,-109.568446964716,-2.));
#7738=CARTESIAN_POINT('',(8.03704622522553,-113.789778376279,-1.9));
#7739=CARTESIAN_POINT('Ctrl Pts',(-0.206172717462166,-107.511725551964,
-2.));
#7740=CARTESIAN_POINT('Ctrl Pts',(-0.206172717462166,-107.511725551964,
-1.9));
#7741=CARTESIAN_POINT('Ctrl Pts',(-0.252196152904055,-107.52387403348,-2.));
#7742=CARTESIAN_POINT('Ctrl Pts',(-0.252196152904055,-107.52387403348,-1.9));
#7743=CARTESIAN_POINT('Ctrl Pts',(-0.295188602573393,-107.540626847137,
-2.));
#7744=CARTESIAN_POINT('Ctrl Pts',(-0.295188602573393,-107.540626847137,
-1.9));
#7745=CARTESIAN_POINT('Ctrl Pts',(-0.335222530688204,-107.560040377656,
-2.));
#7746=CARTESIAN_POINT('Ctrl Pts',(-0.335222530688204,-107.560040377656,
-1.9));
#7747=CARTESIAN_POINT('Ctrl Pts',(-0.335586378307063,-107.560216817171,
-2.));
#7748=CARTESIAN_POINT('Ctrl Pts',(-0.335586378307063,-107.560216817171,
-1.9));
#7749=CARTESIAN_POINT('Ctrl Pts',(-0.335950225925921,-107.560393256686,
-2.));
#7750=CARTESIAN_POINT('Ctrl Pts',(-0.335950225925921,-107.560393256686,
-1.9));
#7751=CARTESIAN_POINT('Ctrl Pts',(-0.336314073545234,-107.560569696201,
-2.));
#7752=CARTESIAN_POINT('Ctrl Pts',(-0.336314073545234,-107.560569696201,
-1.9));
#7753=CARTESIAN_POINT('',(-0.206172717462165,-107.511725551964,-1.9));
#7754=CARTESIAN_POINT('',(-0.206172717462166,-107.511725551964,-2.));
#7755=CARTESIAN_POINT('',(-0.336314073545234,-107.560569696201,-1.9));
#7756=CARTESIAN_POINT('Ctrl Pts',(-0.206172717462166,-107.511725551964,
-1.9));
#7757=CARTESIAN_POINT('Ctrl Pts',(-0.252196152904055,-107.52387403348,-1.9));
#7758=CARTESIAN_POINT('Ctrl Pts',(-0.295188602573393,-107.540626847137,
-1.9));
#7759=CARTESIAN_POINT('Ctrl Pts',(-0.335222530688204,-107.560040377656,
-1.9));
#7760=CARTESIAN_POINT('Ctrl Pts',(-0.335586378307063,-107.560216817171,
-1.9));
#7761=CARTESIAN_POINT('Ctrl Pts',(-0.335950225925921,-107.560393256686,
-1.9));
#7762=CARTESIAN_POINT('Ctrl Pts',(-0.336314073545234,-107.560569696201,
-1.9));
#7763=CARTESIAN_POINT('',(-0.336314073545234,-107.560569696201,-2.));
#7764=CARTESIAN_POINT('Ctrl Pts',(0.207250456838768,-107.511904721683,-2.));
#7765=CARTESIAN_POINT('Ctrl Pts',(0.207250456838768,-107.511904721683,-1.9));
#7766=CARTESIAN_POINT('Ctrl Pts',(0.139680160440134,-107.492462140296,-2.));
#7767=CARTESIAN_POINT('Ctrl Pts',(0.139680160440134,-107.492462140296,-1.9));
#7768=CARTESIAN_POINT('Ctrl Pts',(0.0700555088217225,-107.482815459868,
-2.));
#7769=CARTESIAN_POINT('Ctrl Pts',(0.0700555088217225,-107.482815459868,
-1.9));
#7770=CARTESIAN_POINT('Ctrl Pts',(0.000466314685905189,-107.482815459868,
-2.));
#7771=CARTESIAN_POINT('Ctrl Pts',(0.000466314685905189,-107.482815459868,
-1.9));
#7772=CARTESIAN_POINT('Ctrl Pts',(-0.0667690272107844,-107.482815459868,
-2.));
#7773=CARTESIAN_POINT('Ctrl Pts',(-0.0667690272107844,-107.482815459868,
-1.9));
#7774=CARTESIAN_POINT('Ctrl Pts',(-0.13658713243358,-107.491184706443,-2.));
#7775=CARTESIAN_POINT('Ctrl Pts',(-0.13658713243358,-107.491184706443,-1.9));
#7776=CARTESIAN_POINT('Ctrl Pts',(-0.206172717463437,-107.51172555196,-2.));
#7777=CARTESIAN_POINT('Ctrl Pts',(-0.206172717463437,-107.51172555196,-1.9));
#7778=CARTESIAN_POINT('',(0.20725045683835,-107.511904721685,-1.9));
#7779=CARTESIAN_POINT('',(0.207250456838351,-107.511904721685,-2.));
#7780=CARTESIAN_POINT('Ctrl Pts',(0.207250456838768,-107.511904721683,-1.9));
#7781=CARTESIAN_POINT('Ctrl Pts',(0.139680160440134,-107.492462140296,-1.9));
#7782=CARTESIAN_POINT('Ctrl Pts',(0.0700555088217225,-107.482815459868,
-1.9));
#7783=CARTESIAN_POINT('Ctrl Pts',(0.000466314685905189,-107.482815459868,
-1.9));
#7784=CARTESIAN_POINT('Ctrl Pts',(-0.0667690272107844,-107.482815459868,
-1.9));
#7785=CARTESIAN_POINT('Ctrl Pts',(-0.13658713243358,-107.491184706443,-1.9));
#7786=CARTESIAN_POINT('Ctrl Pts',(-0.206172717463437,-107.51172555196,-1.9));
#7787=CARTESIAN_POINT('Ctrl Pts',(0.24553107263195,-107.523646690619,-2.));
#7788=CARTESIAN_POINT('Ctrl Pts',(0.24553107263195,-107.523646690619,-1.9));
#7789=CARTESIAN_POINT('Ctrl Pts',(0.235339705000015,-107.519959408289,-2.));
#7790=CARTESIAN_POINT('Ctrl Pts',(0.235339705000015,-107.519959408289,-1.9));
#7791=CARTESIAN_POINT('Ctrl Pts',(0.222882927479567,-107.515776978748,-2.));
#7792=CARTESIAN_POINT('Ctrl Pts',(0.222882927479567,-107.515776978748,-1.9));
#7793=CARTESIAN_POINT('Ctrl Pts',(0.207250456838351,-107.511904721685,-2.));
#7794=CARTESIAN_POINT('Ctrl Pts',(0.207250456838351,-107.511904721685,-1.9));
#7795=CARTESIAN_POINT('',(0.245531072633456,-107.523646690614,-1.9));
#7796=CARTESIAN_POINT('',(0.245531072633456,-107.523646690614,-2.));
#7797=CARTESIAN_POINT('Ctrl Pts',(0.24553107263195,-107.523646690619,-1.9));
#7798=CARTESIAN_POINT('Ctrl Pts',(0.235339705000015,-107.519959408289,-1.9));
#7799=CARTESIAN_POINT('Ctrl Pts',(0.222882927479567,-107.515776978748,-1.9));
#7800=CARTESIAN_POINT('Ctrl Pts',(0.207250456838351,-107.511904721685,-1.9));
#7801=CARTESIAN_POINT('Ctrl Pts',(0.382434239777417,-107.585425222071,-2.));
#7802=CARTESIAN_POINT('Ctrl Pts',(0.382434239777417,-107.585425222071,-1.9));
#7803=CARTESIAN_POINT('Ctrl Pts',(0.382242779995471,-107.58531582125,-2.));
#7804=CARTESIAN_POINT('Ctrl Pts',(0.382242779995471,-107.58531582125,-1.9));
#7805=CARTESIAN_POINT('Ctrl Pts',(0.38205132021648,-107.585206420431,-2.));
#7806=CARTESIAN_POINT('Ctrl Pts',(0.38205132021648,-107.585206420431,-1.9));
#7807=CARTESIAN_POINT('Ctrl Pts',(0.381859860437631,-107.585097019613,-2.));
#7808=CARTESIAN_POINT('Ctrl Pts',(0.381859860437631,-107.585097019613,-1.9));
#7809=CARTESIAN_POINT('Ctrl Pts',(0.341419111686532,-107.561989027693,-2.));
#7810=CARTESIAN_POINT('Ctrl Pts',(0.341419111686532,-107.561989027693,-1.9));
#7811=CARTESIAN_POINT('Ctrl Pts',(0.296293557721818,-107.540142952771,-2.));
#7812=CARTESIAN_POINT('Ctrl Pts',(0.296293557721818,-107.540142952771,-1.9));
#7813=CARTESIAN_POINT('Ctrl Pts',(0.245531072633456,-107.523646690614,-2.));
#7814=CARTESIAN_POINT('Ctrl Pts',(0.245531072633456,-107.523646690614,-1.9));
#7815=CARTESIAN_POINT('',(0.382434239777417,-107.585425222071,-1.9));
#7816=CARTESIAN_POINT('',(0.382434239777417,-107.585425222071,-2.));
#7817=CARTESIAN_POINT('Ctrl Pts',(0.382434239777417,-107.585425222071,-1.9));
#7818=CARTESIAN_POINT('Ctrl Pts',(0.382242779995471,-107.58531582125,-1.9));
#7819=CARTESIAN_POINT('Ctrl Pts',(0.38205132021648,-107.585206420431,-1.9));
#7820=CARTESIAN_POINT('Ctrl Pts',(0.381859860437631,-107.585097019613,-1.9));
#7821=CARTESIAN_POINT('Ctrl Pts',(0.341419111686532,-107.561989027693,-1.9));
#7822=CARTESIAN_POINT('Ctrl Pts',(0.296293557721818,-107.540142952771,-1.9));
#7823=CARTESIAN_POINT('Ctrl Pts',(0.245531072633456,-107.523646690614,-1.9));
#7824=CARTESIAN_POINT('Origin',(11.146642230442,-113.830952464959,-2.));
#7825=CARTESIAN_POINT('',(11.146642230442,-113.830952464959,-1.9));
#7826=CARTESIAN_POINT('',(11.146642230442,-113.830952464959,-2.));
#7827=CARTESIAN_POINT('',(0.382434239777417,-107.585425222071,-1.9));
#7828=CARTESIAN_POINT('Origin',(17.5408044912145,-117.540805949051,-2.));
#7829=CARTESIAN_POINT('',(11.146642230442,-113.830952464959,-1.9));
#7830=CARTESIAN_POINT('Origin',(0.000462328752734997,-101.450295602366,
-2.));
#7831=CARTESIAN_POINT('',(22.8963136123665,-114.490475892015,-1.9));
#7832=CARTESIAN_POINT('Origin',(-11.5265691546689,-120.966251777807,-2.));
#7833=CARTESIAN_POINT('',(-22.8972313608744,-114.490474897099,-1.9));
#7834=CARTESIAN_POINT('Ctrl Pts',(-11.1463309506503,-113.830768924598,-2.));
#7835=CARTESIAN_POINT('Ctrl Pts',(-11.1463309506503,-113.830768924598,-1.9));
#7836=CARTESIAN_POINT('Ctrl Pts',(-11.3763376075772,-113.963659167615,-2.));
#7837=CARTESIAN_POINT('Ctrl Pts',(-11.3763376075772,-113.963659167615,-1.9));
#7838=CARTESIAN_POINT('Ctrl Pts',(-11.5266705665344,-114.224773567344,-2.));
#7839=CARTESIAN_POINT('Ctrl Pts',(-11.5266705665344,-114.224773567344,-1.9));
#7840=CARTESIAN_POINT('Ctrl Pts',(-11.5265691533674,-114.490516515072,-2.));
#7841=CARTESIAN_POINT('Ctrl Pts',(-11.5265691533674,-114.490516515072,-1.9));
#7842=CARTESIAN_POINT('',(-11.1463309506502,-113.830768924598,-1.9));
#7843=CARTESIAN_POINT('',(-11.1463309506502,-113.830768924598,-2.));
#7844=CARTESIAN_POINT('Ctrl Pts',(-11.1463309506503,-113.830768924598,-1.9));
#7845=CARTESIAN_POINT('Ctrl Pts',(-11.3763376075772,-113.963659167615,-1.9));
#7846=CARTESIAN_POINT('Ctrl Pts',(-11.5266705665344,-114.224773567344,-1.9));
#7847=CARTESIAN_POINT('Ctrl Pts',(-11.5265691533674,-114.490516515072,-1.9));
#7848=CARTESIAN_POINT('Origin',(-0.399155483252582,-107.595854288889,-2.));
#7849=CARTESIAN_POINT('',(-0.39915548325193,-107.595854288889,-1.9));
#7850=CARTESIAN_POINT('',(-0.39915548325193,-107.595854288889,-2.));
#7851=CARTESIAN_POINT('',(-11.1463309506502,-113.830768924598,-1.9));
#7852=CARTESIAN_POINT('Ctrl Pts',(-0.377605279811085,-107.582771554973,
-2.));
#7853=CARTESIAN_POINT('Ctrl Pts',(-0.377605279811085,-107.582771554973,
-1.9));
#7854=CARTESIAN_POINT('Ctrl Pts',(-0.385218251951721,-107.586889768396,
-2.));
#7855=CARTESIAN_POINT('Ctrl Pts',(-0.385218251951721,-107.586889768396,
-1.9));
#7856=CARTESIAN_POINT('Ctrl Pts',(-0.392901323086842,-107.591624599841,
-2.));
#7857=CARTESIAN_POINT('Ctrl Pts',(-0.392901323086842,-107.591624599841,
-1.9));
#7858=CARTESIAN_POINT('Ctrl Pts',(-0.39915548325193,-107.595854288889,-2.));
#7859=CARTESIAN_POINT('Ctrl Pts',(-0.39915548325193,-107.595854288889,-1.9));
#7860=CARTESIAN_POINT('',(-0.377605279810045,-107.582771554977,-1.9));
#7861=CARTESIAN_POINT('',(-0.377605279810045,-107.582771554977,-2.));
#7862=CARTESIAN_POINT('Ctrl Pts',(-0.377605279811085,-107.582771554973,
-1.9));
#7863=CARTESIAN_POINT('Ctrl Pts',(-0.385218251951721,-107.586889768396,
-1.9));
#7864=CARTESIAN_POINT('Ctrl Pts',(-0.392901323086842,-107.591624599841,
-1.9));
#7865=CARTESIAN_POINT('Ctrl Pts',(-0.39915548325193,-107.595854288889,-1.9));
#7866=CARTESIAN_POINT('Ctrl Pts',(-0.336314073548085,-107.560569696192,
-2.));
#7867=CARTESIAN_POINT('Ctrl Pts',(-0.336314073548085,-107.560569696192,
-1.9));
#7868=CARTESIAN_POINT('Ctrl Pts',(-0.336675754494174,-107.560750536665,
-2.));
#7869=CARTESIAN_POINT('Ctrl Pts',(-0.336675754494174,-107.560750536665,
-1.9));
#7870=CARTESIAN_POINT('Ctrl Pts',(-0.337037435439731,-107.560931377138,
-2.));
#7871=CARTESIAN_POINT('Ctrl Pts',(-0.337037435439731,-107.560931377138,
-1.9));
#7872=CARTESIAN_POINT('Ctrl Pts',(-0.33739911638529,-107.561112217611,-2.));
#7873=CARTESIAN_POINT('Ctrl Pts',(-0.33739911638529,-107.561112217611,-1.9));
#7874=CARTESIAN_POINT('Ctrl Pts',(-0.351223655206926,-107.568024487022,
-2.));
#7875=CARTESIAN_POINT('Ctrl Pts',(-0.351223655206926,-107.568024487022,
-1.9));
#7876=CARTESIAN_POINT('Ctrl Pts',(-0.364608690528247,-107.575275097402,
-2.));
#7877=CARTESIAN_POINT('Ctrl Pts',(-0.364608690528247,-107.575275097402,
-1.9));
#7878=CARTESIAN_POINT('Ctrl Pts',(-0.377605279810045,-107.582771554977,
-2.));
#7879=CARTESIAN_POINT('Ctrl Pts',(-0.377605279810045,-107.582771554977,
-1.9));
#7880=CARTESIAN_POINT('Ctrl Pts',(-0.336314073548085,-107.560569696192,
-1.9));
#7881=CARTESIAN_POINT('Ctrl Pts',(-0.336675754494174,-107.560750536665,
-1.9));
#7882=CARTESIAN_POINT('Ctrl Pts',(-0.337037435439731,-107.560931377138,
-1.9));
#7883=CARTESIAN_POINT('Ctrl Pts',(-0.33739911638529,-107.561112217611,-1.9));
#7884=CARTESIAN_POINT('Ctrl Pts',(-0.351223655206926,-107.568024487022,
-1.9));
#7885=CARTESIAN_POINT('Ctrl Pts',(-0.364608690528247,-107.575275097402,
-1.9));
#7886=CARTESIAN_POINT('Ctrl Pts',(-0.377605279810045,-107.582771554977,
-1.9));
#7887=CARTESIAN_POINT('Origin',(0.00046149467405221,-127.529716626153,-2.));
#7888=CARTESIAN_POINT('',(-9.23147346107698,-122.272803993598,-1.9));
#7889=CARTESIAN_POINT('Origin',(0.00046144455107533,-116.943128488801,-2.));
#7890=CARTESIAN_POINT('',(9.23149721257478,-122.272804022337,-1.9));
#7891=CARTESIAN_POINT('Origin',(11.5265634330161,-122.277749916977,-2.));
#7892=CARTESIAN_POINT('',(11.5265634330161,-122.277749916977,-1.9));
#7893=CARTESIAN_POINT('',(11.5265634330161,-122.277749916977,-2.));
#7894=CARTESIAN_POINT('',(11.5265634330161,-115.814535156173,-1.9));
#7895=CARTESIAN_POINT('Ctrl Pts',(11.5241533767107,-122.340495183466,-2.));
#7896=CARTESIAN_POINT('Ctrl Pts',(11.5241533767107,-122.340495183466,-1.9));
#7897=CARTESIAN_POINT('Ctrl Pts',(11.5242158723384,-122.339433901008,-2.));
#7898=CARTESIAN_POINT('Ctrl Pts',(11.5242158723384,-122.339433901008,-1.9));
#7899=CARTESIAN_POINT('Ctrl Pts',(11.5242783679661,-122.338372618549,-2.));
#7900=CARTESIAN_POINT('Ctrl Pts',(11.5242783679661,-122.338372618549,-1.9));
#7901=CARTESIAN_POINT('Ctrl Pts',(11.5243408635939,-122.33731133609,-2.));
#7902=CARTESIAN_POINT('Ctrl Pts',(11.5243408635939,-122.33731133609,-1.9));
#7903=CARTESIAN_POINT('Ctrl Pts',(11.5252792146179,-122.321376533638,-2.));
#7904=CARTESIAN_POINT('Ctrl Pts',(11.5252792146179,-122.321376533638,-1.9));
#7905=CARTESIAN_POINT('Ctrl Pts',(11.5265634330161,-122.301536305304,-2.));
#7906=CARTESIAN_POINT('Ctrl Pts',(11.5265634330161,-122.301536305304,-1.9));
#7907=CARTESIAN_POINT('Ctrl Pts',(11.5265634330161,-122.277749916977,-2.));
#7908=CARTESIAN_POINT('Ctrl Pts',(11.5265634330161,-122.277749916977,-1.9));
#7909=CARTESIAN_POINT('',(11.5241533767126,-122.340495183466,-1.9));
#7910=CARTESIAN_POINT('',(11.5241533767126,-122.340495183466,-2.));
#7911=CARTESIAN_POINT('Ctrl Pts',(11.5241533767107,-122.340495183466,-1.9));
#7912=CARTESIAN_POINT('Ctrl Pts',(11.5242158723384,-122.339433901008,-1.9));
#7913=CARTESIAN_POINT('Ctrl Pts',(11.5242783679661,-122.338372618549,-1.9));
#7914=CARTESIAN_POINT('Ctrl Pts',(11.5243408635939,-122.33731133609,-1.9));
#7915=CARTESIAN_POINT('Ctrl Pts',(11.5252792146179,-122.321376533638,-1.9));
#7916=CARTESIAN_POINT('Ctrl Pts',(11.5265634330161,-122.301536305304,-1.9));
#7917=CARTESIAN_POINT('Ctrl Pts',(11.5265634330161,-122.277749916977,-1.9));
#7918=CARTESIAN_POINT('Ctrl Pts',(11.5191819534397,-122.382206039493,-2.));
#7919=CARTESIAN_POINT('Ctrl Pts',(11.5191819534397,-122.382206039493,-1.9));
#7920=CARTESIAN_POINT('Ctrl Pts',(11.5219093079102,-122.365783220296,-2.));
#7921=CARTESIAN_POINT('Ctrl Pts',(11.5219093079102,-122.365783220296,-1.9));
#7922=CARTESIAN_POINT('Ctrl Pts',(11.5230226349152,-122.352926448469,-2.));
#7923=CARTESIAN_POINT('Ctrl Pts',(11.5230226349152,-122.352926448469,-1.9));
#7924=CARTESIAN_POINT('Ctrl Pts',(11.5238644665191,-122.343671433946,-2.));
#7925=CARTESIAN_POINT('Ctrl Pts',(11.5238644665191,-122.343671433946,-1.9));
#7926=CARTESIAN_POINT('Ctrl Pts',(11.523960769917,-122.342612683786,-2.));
#7927=CARTESIAN_POINT('Ctrl Pts',(11.523960769917,-122.342612683786,-1.9));
#7928=CARTESIAN_POINT('Ctrl Pts',(11.5240570733148,-122.341553933626,-2.));
#7929=CARTESIAN_POINT('Ctrl Pts',(11.5240570733148,-122.341553933626,-1.9));
#7930=CARTESIAN_POINT('Ctrl Pts',(11.5241533767126,-122.340495183466,-2.));
#7931=CARTESIAN_POINT('Ctrl Pts',(11.5241533767126,-122.340495183466,-1.9));
#7932=CARTESIAN_POINT('',(11.5191819534403,-122.382206039493,-1.9));
#7933=CARTESIAN_POINT('',(11.5191819534403,-122.382206039493,-2.));
#7934=CARTESIAN_POINT('Ctrl Pts',(11.5191819534397,-122.382206039493,-1.9));
#7935=CARTESIAN_POINT('Ctrl Pts',(11.5219093079102,-122.365783220296,-1.9));
#7936=CARTESIAN_POINT('Ctrl Pts',(11.5230226349152,-122.352926448469,-1.9));
#7937=CARTESIAN_POINT('Ctrl Pts',(11.5238644665191,-122.343671433946,-1.9));
#7938=CARTESIAN_POINT('Ctrl Pts',(11.523960769917,-122.342612683786,-1.9));
#7939=CARTESIAN_POINT('Ctrl Pts',(11.5240570733148,-122.341553933626,-1.9));
#7940=CARTESIAN_POINT('Ctrl Pts',(11.5241533767126,-122.340495183466,-1.9));
#7941=CARTESIAN_POINT('Ctrl Pts',(11.5106288000056,-122.431583639384,-2.));
#7942=CARTESIAN_POINT('Ctrl Pts',(11.5164326941957,-122.407011006398,-2.));
#7943=CARTESIAN_POINT('Ctrl Pts',(11.5191819534403,-122.382206039493,-2.));
#7944=CARTESIAN_POINT('Ctrl Pts',(11.5106288000056,-122.431583639384,-1.9));
#7945=CARTESIAN_POINT('Ctrl Pts',(11.5164326941957,-122.407011006398,-1.9));
#7946=CARTESIAN_POINT('Ctrl Pts',(11.5191819534403,-122.382206039493,-1.9));
#7947=CARTESIAN_POINT('',(11.5106288000084,-122.431583639384,-1.9));
#7948=CARTESIAN_POINT('',(11.5106288000084,-122.431583639384,-2.));
#7949=CARTESIAN_POINT('Origin',(11.2810173180621,-122.389105437286,-1.9));
#7950=CARTESIAN_POINT('Ctrl Pts',(11.5018413788178,-122.468732936918,-2.));
#7951=CARTESIAN_POINT('Ctrl Pts',(11.5018413788178,-122.468732936918,-1.9));
#7952=CARTESIAN_POINT('Ctrl Pts',(11.5063437258959,-122.452863742823,-2.));
#7953=CARTESIAN_POINT('Ctrl Pts',(11.5063437258959,-122.452863742823,-1.9));
#7954=CARTESIAN_POINT('Ctrl Pts',(11.5088769468733,-122.440260253029,-2.));
#7955=CARTESIAN_POINT('Ctrl Pts',(11.5088769468733,-122.440260253029,-1.9));
#7956=CARTESIAN_POINT('Ctrl Pts',(11.5106288000084,-122.431583639384,-2.));
#7957=CARTESIAN_POINT('Ctrl Pts',(11.5106288000084,-122.431583639384,-1.9));
#7958=CARTESIAN_POINT('',(11.5018413788185,-122.468732936918,-1.9));
#7959=CARTESIAN_POINT('',(11.5018413788185,-122.468732936918,-2.));
#7960=CARTESIAN_POINT('Ctrl Pts',(11.5018413788178,-122.468732936918,-1.9));
#7961=CARTESIAN_POINT('Ctrl Pts',(11.5063437258959,-122.452863742823,-1.9));
#7962=CARTESIAN_POINT('Ctrl Pts',(11.5088769468733,-122.440260253029,-1.9));
#7963=CARTESIAN_POINT('Ctrl Pts',(11.5106288000084,-122.431583639384,-1.9));
#7964=CARTESIAN_POINT('Ctrl Pts',(11.483810005683,-122.527512167569,-2.));
#7965=CARTESIAN_POINT('Ctrl Pts',(11.483810005683,-122.527512167569,-1.9));
#7966=CARTESIAN_POINT('Ctrl Pts',(11.492744228224,-122.504022747015,-2.));
#7967=CARTESIAN_POINT('Ctrl Pts',(11.492744228224,-122.504022747015,-1.9));
#7968=CARTESIAN_POINT('Ctrl Pts',(11.4979875757594,-122.483978009153,-2.));
#7969=CARTESIAN_POINT('Ctrl Pts',(11.4979875757594,-122.483978009153,-1.9));
#7970=CARTESIAN_POINT('Ctrl Pts',(11.5018413788185,-122.468732936918,-2.));
#7971=CARTESIAN_POINT('Ctrl Pts',(11.5018413788185,-122.468732936918,-1.9));
#7972=CARTESIAN_POINT('',(11.4838100056808,-122.527512167568,-1.9));
#7973=CARTESIAN_POINT('',(11.4838100056808,-122.527512167568,-2.));
#7974=CARTESIAN_POINT('Ctrl Pts',(11.483810005683,-122.527512167569,-1.9));
#7975=CARTESIAN_POINT('Ctrl Pts',(11.492744228224,-122.504022747015,-1.9));
#7976=CARTESIAN_POINT('Ctrl Pts',(11.4979875757594,-122.483978009153,-1.9));
#7977=CARTESIAN_POINT('Ctrl Pts',(11.5018413788185,-122.468732936918,-1.9));
#7978=CARTESIAN_POINT('Ctrl Pts',(11.4680602782315,-122.5702686922,-2.));
#7979=CARTESIAN_POINT('Ctrl Pts',(11.4680602782315,-122.5702686922,-1.9));
#7980=CARTESIAN_POINT('Ctrl Pts',(11.4752807305555,-122.55293608015,-2.));
#7981=CARTESIAN_POINT('Ctrl Pts',(11.4752807305555,-122.55293608015,-1.9));
#7982=CARTESIAN_POINT('Ctrl Pts',(11.4801571459542,-122.538425674883,-2.));
#7983=CARTESIAN_POINT('Ctrl Pts',(11.4801571459542,-122.538425674883,-1.9));
#7984=CARTESIAN_POINT('Ctrl Pts',(11.4838100056808,-122.527512167568,-2.));
#7985=CARTESIAN_POINT('Ctrl Pts',(11.4838100056808,-122.527512167568,-1.9));
#7986=CARTESIAN_POINT('',(11.4680602782315,-122.5702686922,-1.9));
#7987=CARTESIAN_POINT('',(11.4680602782315,-122.5702686922,-2.));
#7988=CARTESIAN_POINT('Ctrl Pts',(11.4680602782315,-122.5702686922,-1.9));
#7989=CARTESIAN_POINT('Ctrl Pts',(11.4752807305555,-122.55293608015,-1.9));
#7990=CARTESIAN_POINT('Ctrl Pts',(11.4801571459542,-122.538425674883,-1.9));
#7991=CARTESIAN_POINT('Ctrl Pts',(11.4838100056808,-122.527512167568,-1.9));
#7992=CARTESIAN_POINT('Origin',(11.2834393374772,-122.493358951367,-2.));
#7993=CARTESIAN_POINT('',(11.4675057739533,-122.571586484647,-1.9));
#7994=CARTESIAN_POINT('',(11.4675057739533,-122.571586484647,-2.));
#7995=CARTESIAN_POINT('Origin',(11.2834393374772,-122.493358951367,-1.9));
#7996=CARTESIAN_POINT('Ctrl Pts',(11.3897167703793,-122.711535836607,-2.));
#7997=CARTESIAN_POINT('Ctrl Pts',(11.4355745074543,-122.646717382029,-2.));
#7998=CARTESIAN_POINT('Ctrl Pts',(11.4675057739533,-122.571586484647,-2.));
#7999=CARTESIAN_POINT('Ctrl Pts',(11.3897167703793,-122.711535836607,-1.9));
#8000=CARTESIAN_POINT('Ctrl Pts',(11.4355745074543,-122.646717382029,-1.9));
#8001=CARTESIAN_POINT('Ctrl Pts',(11.4675057739533,-122.571586484647,-1.9));
#8002=CARTESIAN_POINT('',(11.3897167703782,-122.711535836606,-1.9));
#8003=CARTESIAN_POINT('',(11.3897167703782,-122.711535836606,-2.));
#8004=CARTESIAN_POINT('Origin',(10.7248765864402,-122.120451116513,-1.9));
#8005=CARTESIAN_POINT('Ctrl Pts',(11.338255264052,-122.778897743029,-2.));
#8006=CARTESIAN_POINT('Ctrl Pts',(11.338255264052,-122.778897743029,-1.9));
#8007=CARTESIAN_POINT('Ctrl Pts',(11.3382954105123,-122.778851836348,-2.));
#8008=CARTESIAN_POINT('Ctrl Pts',(11.3382954105123,-122.778851836348,-1.9));
#8009=CARTESIAN_POINT('Ctrl Pts',(11.3383355569832,-122.778805929655,-2.));
#8010=CARTESIAN_POINT('Ctrl Pts',(11.3383355569832,-122.778805929655,-1.9));
#8011=CARTESIAN_POINT('Ctrl Pts',(11.3383757034543,-122.778760022962,-2.));
#8012=CARTESIAN_POINT('Ctrl Pts',(11.3383757034543,-122.778760022962,-1.9));
#8013=CARTESIAN_POINT('Ctrl Pts',(11.3533541226446,-122.761632497835,-2.));
#8014=CARTESIAN_POINT('Ctrl Pts',(11.3533541226446,-122.761632497835,-1.9));
#8015=CARTESIAN_POINT('Ctrl Pts',(11.3716922437221,-122.739800497829,-2.));
#8016=CARTESIAN_POINT('Ctrl Pts',(11.3716922437221,-122.739800497829,-1.9));
#8017=CARTESIAN_POINT('Ctrl Pts',(11.3897167703782,-122.711535836606,-2.));
#8018=CARTESIAN_POINT('Ctrl Pts',(11.3897167703782,-122.711535836606,-1.9));
#8019=CARTESIAN_POINT('',(11.3382552565287,-122.778897735771,-1.9));
#8020=CARTESIAN_POINT('',(11.3382552565287,-122.778897735771,-2.));
#8021=CARTESIAN_POINT('Ctrl Pts',(11.338255264052,-122.778897743029,-1.9));
#8022=CARTESIAN_POINT('Ctrl Pts',(11.3382954105123,-122.778851836348,-1.9));
#8023=CARTESIAN_POINT('Ctrl Pts',(11.3383355569832,-122.778805929655,-1.9));
#8024=CARTESIAN_POINT('Ctrl Pts',(11.3383757034543,-122.778760022962,-1.9));
#8025=CARTESIAN_POINT('Ctrl Pts',(11.3533541226446,-122.761632497835,-1.9));
#8026=CARTESIAN_POINT('Ctrl Pts',(11.3716922437221,-122.739800497829,-1.9));
#8027=CARTESIAN_POINT('Ctrl Pts',(11.3897167703782,-122.711535836606,-1.9));
#8028=CARTESIAN_POINT('Ctrl Pts',(11.15064350856,-122.934423517535,-2.));
#8029=CARTESIAN_POINT('Ctrl Pts',(11.2553013034272,-122.873443776727,-2.));
#8030=CARTESIAN_POINT('Ctrl Pts',(11.3382552491897,-122.778897728302,-2.));
#8031=CARTESIAN_POINT('Ctrl Pts',(11.15064350856,-122.934423517535,-1.9));
#8032=CARTESIAN_POINT('Ctrl Pts',(11.2553013034272,-122.873443776727,-1.9));
#8033=CARTESIAN_POINT('Ctrl Pts',(11.3382552491897,-122.778897728302,-1.9));
#8034=CARTESIAN_POINT('',(11.1506435085599,-122.934423517535,-1.9));
#8035=CARTESIAN_POINT('',(11.1506435085599,-122.934423517535,-2.));
#8036=CARTESIAN_POINT('Origin',(10.9169792563868,-122.350208388881,-1.9));
#8037=CARTESIAN_POINT('Origin',(11.1494282883896,-122.93517718743,-2.));
#8038=CARTESIAN_POINT('',(11.1494282883896,-122.93517718743,-1.9));
#8039=CARTESIAN_POINT('',(11.1494282883896,-122.93517718743,-2.));
#8040=CARTESIAN_POINT('',(11.1506435085599,-122.934423517535,-1.9));
#8041=CARTESIAN_POINT('Origin',(11.042517712048,-122.766150181699,-2.));
#8042=CARTESIAN_POINT('',(11.1414927500496,-122.939942994705,-1.9));
#8043=CARTESIAN_POINT('',(11.1414927500496,-122.939942994705,-2.));
#8044=CARTESIAN_POINT('Origin',(11.042517712048,-122.766150181699,-1.9));
#8045=CARTESIAN_POINT('Origin',(0.377970549053575,-129.069770807766,-2.));
#8046=CARTESIAN_POINT('',(0.377970546267613,-129.069770802874,-1.9));
#8047=CARTESIAN_POINT('',(0.377970546267614,-129.069770802874,-2.));
#8048=CARTESIAN_POINT('',(11.1414927500496,-122.939942994705,-1.9));
#8049=CARTESIAN_POINT('Ctrl Pts',(-0.377151417384596,-129.069705974191,
-2.));
#8050=CARTESIAN_POINT('Ctrl Pts',(-0.377151417384596,-129.069705974191,
-1.9));
#8051=CARTESIAN_POINT('Ctrl Pts',(-0.148552991452801,-129.200288823537,
-2.));
#8052=CARTESIAN_POINT('Ctrl Pts',(-0.148552991452801,-129.200288823537,
-1.9));
#8053=CARTESIAN_POINT('Ctrl Pts',(0.149349182004564,-129.200310431148,-2.));
#8054=CARTESIAN_POINT('Ctrl Pts',(0.149349182004564,-129.200310431148,-1.9));
#8055=CARTESIAN_POINT('Ctrl Pts',(0.377970543481655,-129.069770797982,-2.));
#8056=CARTESIAN_POINT('Ctrl Pts',(0.377970543481655,-129.069770797982,-1.9));
#8057=CARTESIAN_POINT('',(-0.377151417384597,-129.069705974191,-1.9));
#8058=CARTESIAN_POINT('',(-0.377151417384596,-129.069705974191,-2.));
#8059=CARTESIAN_POINT('Ctrl Pts',(-0.377151417384596,-129.069705974191,
-1.9));
#8060=CARTESIAN_POINT('Ctrl Pts',(-0.148552991452801,-129.200288823537,
-1.9));
#8061=CARTESIAN_POINT('Ctrl Pts',(0.149349182004564,-129.200310431148,-1.9));
#8062=CARTESIAN_POINT('Ctrl Pts',(0.377970543481655,-129.069770797982,-1.9));
#8063=CARTESIAN_POINT('Origin',(-11.1414919567428,-122.939946704814,-2.));
#8064=CARTESIAN_POINT('',(-11.1414919567428,-122.939946704814,-1.9));
#8065=CARTESIAN_POINT('',(-11.1414919567428,-122.939946704814,-2.));
#8066=CARTESIAN_POINT('',(-0.377151417384596,-129.069705974191,-1.9));
#8067=CARTESIAN_POINT('Origin',(-11.0425234337003,-122.766150181699,-2.));
#8068=CARTESIAN_POINT('',(-11.1495992151972,-122.935071727518,-1.9));
#8069=CARTESIAN_POINT('',(-11.1494340100271,-122.935177187439,-2.));
#8070=CARTESIAN_POINT('Origin',(-11.0425234337003,-122.766150181699,-1.9));
#8071=CARTESIAN_POINT('Origin',(-24.814909218219,-115.152678186005,-2.));
#8072=CARTESIAN_POINT('',(-24.8149092179963,-115.152678185614,-1.9));
#8073=CARTESIAN_POINT('',(-24.8149092179963,-115.152678185614,-2.));
#8074=CARTESIAN_POINT('',(-11.1497670419019,-122.934971812017,-1.9));
#8075=CARTESIAN_POINT('Ctrl Pts',(-24.8148863848209,-113.827308818336,-2.));
#8076=CARTESIAN_POINT('Ctrl Pts',(-24.8148863848209,-113.827308818336,-1.9));
#8077=CARTESIAN_POINT('Ctrl Pts',(-25.0532987541603,-113.963001541109,-2.));
#8078=CARTESIAN_POINT('Ctrl Pts',(-25.0532987541603,-113.963001541109,-1.9));
#8079=CARTESIAN_POINT('Ctrl Pts',(-25.2000028545761,-114.216994713276,-2.));
#8080=CARTESIAN_POINT('Ctrl Pts',(-25.2000028545761,-114.216994713276,-1.9));
#8081=CARTESIAN_POINT('Ctrl Pts',(-25.2000028545761,-114.490472036338,-2.));
#8082=CARTESIAN_POINT('Ctrl Pts',(-25.2000028545761,-114.490472036338,-1.9));
#8083=CARTESIAN_POINT('Ctrl Pts',(-25.2000028545761,-114.763329095937,-2.));
#8084=CARTESIAN_POINT('Ctrl Pts',(-25.2000028545761,-114.763329095937,-1.9));
#8085=CARTESIAN_POINT('Ctrl Pts',(-25.0533081208636,-115.01698226299,-2.));
#8086=CARTESIAN_POINT('Ctrl Pts',(-25.0533081208636,-115.01698226299,-1.9));
#8087=CARTESIAN_POINT('Ctrl Pts',(-24.8149092179963,-115.152678185614,-2.));
#8088=CARTESIAN_POINT('Ctrl Pts',(-24.8149092179963,-115.152678185614,-1.9));
#8089=CARTESIAN_POINT('',(-24.8148863848209,-113.827308818336,-1.9));
#8090=CARTESIAN_POINT('',(-24.8148863848209,-113.827308818336,-2.));
#8091=CARTESIAN_POINT('Ctrl Pts',(-24.8148863848209,-113.827308818336,-1.9));
#8092=CARTESIAN_POINT('Ctrl Pts',(-25.0532987541603,-113.963001541109,-1.9));
#8093=CARTESIAN_POINT('Ctrl Pts',(-25.2000028545761,-114.216994713276,-1.9));
#8094=CARTESIAN_POINT('Ctrl Pts',(-25.2000028545761,-114.490472036338,-1.9));
#8095=CARTESIAN_POINT('Ctrl Pts',(-25.2000028545761,-114.763329095937,-1.9));
#8096=CARTESIAN_POINT('Ctrl Pts',(-25.0533081208636,-115.01698226299,-1.9));
#8097=CARTESIAN_POINT('Ctrl Pts',(-24.8149092179963,-115.152678185614,-1.9));
#8098=CARTESIAN_POINT('Origin',(-0.376644127052939,-99.9100106521745,-2.));
#8099=CARTESIAN_POINT('',(-0.376644127054253,-99.9100106521722,-1.9));
#8100=CARTESIAN_POINT('',(-0.376644127054253,-99.9100106521722,-2.));
#8101=CARTESIAN_POINT('',(-24.8148863848209,-113.827308818336,-1.9));
#8102=CARTESIAN_POINT('Ctrl Pts',(0.377578183683445,-99.9100114589283,-2.));
#8103=CARTESIAN_POINT('Ctrl Pts',(0.000480823953924659,-99.6965692173239,
-2.));
#8104=CARTESIAN_POINT('Ctrl Pts',(-0.376644127054252,-99.9100106521722,
-2.));
#8105=CARTESIAN_POINT('Ctrl Pts',(0.377578183683445,-99.9100114589283,-1.9));
#8106=CARTESIAN_POINT('Ctrl Pts',(0.000480823953924659,-99.6965692173239,
-1.9));
#8107=CARTESIAN_POINT('Ctrl Pts',(-0.376644127054252,-99.9100106521722,
-1.9));
#8108=CARTESIAN_POINT('',(0.377578183683432,-99.9100114589283,-1.9));
#8109=CARTESIAN_POINT('',(0.377578183683433,-99.9100114589283,-2.));
#8110=CARTESIAN_POINT('Origin',(0.000424932230212866,-100.561308572029,
-1.9));
#8111=CARTESIAN_POINT('Origin',(24.8152855828295,-113.827536630116,-2.));
#8112=CARTESIAN_POINT('',(24.8152855828295,-113.827536630116,-1.9));
#8113=CARTESIAN_POINT('',(24.8152855828295,-113.827536630116,-2.));
#8114=CARTESIAN_POINT('',(0.377578183683433,-99.9100114589283,-1.9));
#8115=CARTESIAN_POINT('Ctrl Pts',(24.815285582837,-115.152463369879,-2.));
#8116=CARTESIAN_POINT('Ctrl Pts',(24.815285582837,-115.152463369879,-1.9));
#8117=CARTESIAN_POINT('Ctrl Pts',(25.0524182124396,-115.016776571473,-2.));
#8118=CARTESIAN_POINT('Ctrl Pts',(25.0524182124396,-115.016776571473,-1.9));
#8119=CARTESIAN_POINT('Ctrl Pts',(25.1999971329237,-114.76395479303,-2.));
#8120=CARTESIAN_POINT('Ctrl Pts',(25.1999971329237,-114.76395479303,-1.9));
#8121=CARTESIAN_POINT('Ctrl Pts',(25.1999971329237,-114.490472036338,-2.));
#8122=CARTESIAN_POINT('Ctrl Pts',(25.1999971329237,-114.490472036338,-1.9));
#8123=CARTESIAN_POINT('Ctrl Pts',(25.1999971329237,-114.216380603828,-2.));
#8124=CARTESIAN_POINT('Ctrl Pts',(25.1999971329237,-114.216380603828,-1.9));
#8125=CARTESIAN_POINT('Ctrl Pts',(25.0524182124398,-113.963223428526,-2.));
#8126=CARTESIAN_POINT('Ctrl Pts',(25.0524182124398,-113.963223428526,-1.9));
#8127=CARTESIAN_POINT('Ctrl Pts',(24.8152855828295,-113.827536630116,-2.));
#8128=CARTESIAN_POINT('Ctrl Pts',(24.8152855828295,-113.827536630116,-1.9));
#8129=CARTESIAN_POINT('',(24.815285582837,-115.152463369879,-1.9));
#8130=CARTESIAN_POINT('',(24.815285582837,-115.152463369879,-2.));
#8131=CARTESIAN_POINT('Ctrl Pts',(24.815285582837,-115.152463369879,-1.9));
#8132=CARTESIAN_POINT('Ctrl Pts',(25.0524182124396,-115.016776571473,-1.9));
#8133=CARTESIAN_POINT('Ctrl Pts',(25.1999971329237,-114.76395479303,-1.9));
#8134=CARTESIAN_POINT('Ctrl Pts',(25.1999971329237,-114.490472036338,-1.9));
#8135=CARTESIAN_POINT('Ctrl Pts',(25.1999971329237,-114.216380603828,-1.9));
#8136=CARTESIAN_POINT('Ctrl Pts',(25.0524182124398,-113.963223428526,-1.9));
#8137=CARTESIAN_POINT('Ctrl Pts',(24.8152855828295,-113.827536630116,-1.9));
#8138=CARTESIAN_POINT('Origin',(17.9145326148494,-119.082360405122,-2.));
#8139=CARTESIAN_POINT('',(17.9145326138088,-119.082360403295,-1.9));
#8140=CARTESIAN_POINT('',(17.9145326138088,-119.082360403295,-2.));
#8141=CARTESIAN_POINT('',(24.815285582837,-115.152463369879,-1.9));
#8142=CARTESIAN_POINT('Ctrl Pts',(17.1542940731108,-119.079580508978,-2.));
#8143=CARTESIAN_POINT('Ctrl Pts',(17.1542940731108,-119.079580508978,-1.9));
#8144=CARTESIAN_POINT('Ctrl Pts',(17.3834307999558,-119.212953574995,-2.));
#8145=CARTESIAN_POINT('Ctrl Pts',(17.3834307999558,-119.212953574995,-1.9));
#8146=CARTESIAN_POINT('Ctrl Pts',(17.6840740674911,-119.21381346929,-2.));
#8147=CARTESIAN_POINT('Ctrl Pts',(17.6840740674911,-119.21381346929,-1.9));
#8148=CARTESIAN_POINT('Ctrl Pts',(17.9145326127682,-119.082360401468,-2.));
#8149=CARTESIAN_POINT('Ctrl Pts',(17.9145326127682,-119.082360401468,-1.9));
#8150=CARTESIAN_POINT('Ctrl Pts',(17.1542940731108,-119.079580508978,-1.9));
#8151=CARTESIAN_POINT('Ctrl Pts',(17.3834307999558,-119.212953574995,-1.9));
#8152=CARTESIAN_POINT('Ctrl Pts',(17.6840740674911,-119.21381346929,-1.9));
#8153=CARTESIAN_POINT('Ctrl Pts',(17.9145326127682,-119.082360401468,-1.9));
#8154=CARTESIAN_POINT('Origin',(-2.86082619815886E-6,-114.505575376642,
-1.9));
#8155=CARTESIAN_POINT('Origin',(-46.05,-224.28,0.));
#8156=CARTESIAN_POINT('Origin',(-46.05,-224.28,2.));
#8157=CARTESIAN_POINT('Origin',(-49.1,-223.88,0.));
#8158=CARTESIAN_POINT('',(-49.1,-224.68,2.));
#8159=CARTESIAN_POINT('',(-49.1,-224.68,0.));
#8160=CARTESIAN_POINT('',(-49.1,-224.68,2.));
#8161=CARTESIAN_POINT('Origin',(-49.1,-224.68,0.));
#8162=CARTESIAN_POINT('',(-48.05,-224.68,2.));
#8163=CARTESIAN_POINT('Origin',(-46.05,-224.28,0.));
#8164=CARTESIAN_POINT('',(-46.8,-224.28,2.));
#8165=CARTESIAN_POINT('Origin',(-46.05,-224.28,2.));
#8166=CARTESIAN_POINT('',(-46.8,-224.28,0.));
#8167=CARTESIAN_POINT('',(-46.8,-224.28,0.));
#8168=CARTESIAN_POINT('Origin',(-46.05,-224.28,0.));
#8169=CARTESIAN_POINT('Origin',(-43.,-223.88,0.));
#8170=CARTESIAN_POINT('',(-43.,-223.88,2.));
#8171=CARTESIAN_POINT('',(-44.05,-223.88,2.));
#8172=CARTESIAN_POINT('',(-43.,-223.88,0.));
#8173=CARTESIAN_POINT('Origin',(-43.,-224.68,0.));
#8174=CARTESIAN_POINT('',(-43.,-223.88,2.));
#8175=CARTESIAN_POINT('Origin',(-46.05,-224.28,0.));
#8176=CARTESIAN_POINT('Origin',(-46.05,-224.28,2.));
#8177=CARTESIAN_POINT('Origin',(-46.05,-224.28,2.));
#8178=CARTESIAN_POINT('Origin',(46.05,-224.28,0.));
#8179=CARTESIAN_POINT('Origin',(46.05,-224.28,2.));
#8180=CARTESIAN_POINT('Origin',(49.1,-224.68,0.));
#8181=CARTESIAN_POINT('',(49.1,-223.88,2.));
#8182=CARTESIAN_POINT('',(49.1,-223.88,0.));
#8183=CARTESIAN_POINT('',(49.1,-223.88,2.));
#8184=CARTESIAN_POINT('Origin',(49.1,-223.88,0.));
#8185=CARTESIAN_POINT('',(43.,-223.88,2.));
#8186=CARTESIAN_POINT('Origin',(46.05,-224.28,0.));
#8187=CARTESIAN_POINT('',(45.3,-224.28,2.));
#8188=CARTESIAN_POINT('Origin',(46.05,-224.28,2.));
#8189=CARTESIAN_POINT('',(45.3,-224.28,0.));
#8190=CARTESIAN_POINT('',(45.3,-224.28,0.));
#8191=CARTESIAN_POINT('Origin',(46.05,-224.28,0.));
#8192=CARTESIAN_POINT('Origin',(43.,-224.68,0.));
#8193=CARTESIAN_POINT('',(43.,-224.68,2.));
#8194=CARTESIAN_POINT('',(49.1,-224.68,2.));
#8195=CARTESIAN_POINT('',(43.,-224.68,0.));
#8196=CARTESIAN_POINT('Origin',(43.,-223.88,0.));
#8197=CARTESIAN_POINT('',(43.,-224.68,2.));
#8198=CARTESIAN_POINT('Origin',(46.05,-224.28,0.));
#8199=CARTESIAN_POINT('Origin',(46.05,-224.28,2.));
#8200=CARTESIAN_POINT('Origin',(46.05,-224.28,2.));
#8201=CARTESIAN_POINT('Origin',(-43.6,-220.17,0.));
#8202=CARTESIAN_POINT('',(-43.6,-220.17,0.));
#8203=CARTESIAN_POINT('Origin',(-43.6,-221.42,0.));
#8204=CARTESIAN_POINT('Origin',(-42.35,-223.27,0.));
#8205=CARTESIAN_POINT('',(-42.35,-225.12,0.));
#8206=CARTESIAN_POINT('Origin',(-43.6,-225.12,0.));
#8207=CARTESIAN_POINT('Origin',(42.35,-223.27,0.));
#8208=CARTESIAN_POINT('',(42.35,-221.42,0.));
#8209=CARTESIAN_POINT('Origin',(43.6,-221.42,0.));
#8210=CARTESIAN_POINT('Origin',(53.915,-220.17,0.));
#8211=CARTESIAN_POINT('',(53.915,-220.17,0.));
#8212=CARTESIAN_POINT('Origin',(53.915,-227.18,0.));
#8213=CARTESIAN_POINT('',(53.915,-226.58,2.15));
#8214=CARTESIAN_POINT('',(53.915,-226.58,0.));
#8215=CARTESIAN_POINT('',(53.915,-222.18,2.15));
#8216=CARTESIAN_POINT('Origin',(53.915,-226.58,0.));
#8217=CARTESIAN_POINT('',(51.5,-226.58,2.15));
#8218=CARTESIAN_POINT('',(51.5,-226.58,0.));
#8219=CARTESIAN_POINT('',(142.315,-226.58,2.15));
#8220=CARTESIAN_POINT('Origin',(51.5,-226.58,0.));
#8221=CARTESIAN_POINT('',(51.5,-226.58,2.15));
#8222=CARTESIAN_POINT('Origin',(-51.5,-226.58,0.));
#8223=CARTESIAN_POINT('',(142.315,-226.58,2.15));
#8224=CARTESIAN_POINT('Origin',(0.,-114.49,0.));
#8225=CARTESIAN_POINT('Origin',(0.,-114.49,0.));
#8226=CARTESIAN_POINT('Origin',(-128.24,-223.41,0.));
#8227=CARTESIAN_POINT('',(-129.04,-223.41,2.15));
#8228=CARTESIAN_POINT('Origin',(-128.24,-223.41,2.15));
#8229=CARTESIAN_POINT('',(-129.04,-223.41,0.));
#8230=CARTESIAN_POINT('',(-129.04,-223.41,0.));
#8231=CARTESIAN_POINT('Origin',(-128.24,-223.41,0.));
#8232=CARTESIAN_POINT('Origin',(-128.24,-221.41,0.));
#8233=CARTESIAN_POINT('',(-128.24,-221.41,2.15));
#8234=CARTESIAN_POINT('',(-145.915,-221.41,2.15));
#8235=CARTESIAN_POINT('',(-128.24,-221.41,0.));
#8236=CARTESIAN_POINT('Origin',(-128.24,-223.41,0.));
#8237=CARTESIAN_POINT('Origin',(-128.24,-223.41,2.15));
#8238=CARTESIAN_POINT('Origin',(-73.315,-226.58,0.));
#8239=CARTESIAN_POINT('',(-73.315,-226.58,2.15));
#8240=CARTESIAN_POINT('',(142.315,-226.58,2.15));
#8241=CARTESIAN_POINT('',(-73.315,-226.58,0.));
#8242=CARTESIAN_POINT('Origin',(-73.315,-227.18,0.));
#8243=CARTESIAN_POINT('',(-73.315,-227.18,2.15));
#8244=CARTESIAN_POINT('Origin',(-99.5075,-122.765,2.15));
#8245=CARTESIAN_POINT('',(-147.515,-222.98,2.15));
#8246=CARTESIAN_POINT('',(-147.515,-172.8725,2.15));
#8247=CARTESIAN_POINT('Origin',(-142.315,-222.98,2.15));
#8248=CARTESIAN_POINT('Origin',(128.36,-223.41,0.));
#8249=CARTESIAN_POINT('',(127.56,-223.41,2.15));
#8250=CARTESIAN_POINT('Origin',(128.36,-223.41,2.15));
#8251=CARTESIAN_POINT('',(127.56,-223.41,0.));
#8252=CARTESIAN_POINT('',(127.56,-223.41,0.));
#8253=CARTESIAN_POINT('Origin',(128.36,-223.41,0.));
#8254=CARTESIAN_POINT('Origin',(126.36,-223.41,0.));
#8255=CARTESIAN_POINT('',(126.36,-223.41,2.15));
#8256=CARTESIAN_POINT('',(126.36,-223.41,2.15));
#8257=CARTESIAN_POINT('',(126.36,-223.41,0.));
#8258=CARTESIAN_POINT('Origin',(128.36,-223.41,0.));
#8259=CARTESIAN_POINT('Origin',(128.36,-223.41,2.15));
#8260=CARTESIAN_POINT('Origin',(145.915,-17.35,0.));
#8261=CARTESIAN_POINT('',(145.915,-6.00000000000002,2.15));
#8262=CARTESIAN_POINT('Origin',(99.5075,-122.765,2.15));
#8263=CARTESIAN_POINT('',(147.515,-222.98,2.15));
#8264=CARTESIAN_POINT('Origin',(142.315,-222.98,2.15));
#8265=CARTESIAN_POINT('',(147.515,-64.3825,2.15));
#8266=CARTESIAN_POINT('Origin',(147.515,-6.00000000000002,0.));
#8267=CARTESIAN_POINT('',(147.515,-222.98,3.));
#8268=CARTESIAN_POINT('',(147.515,-222.98,0.));
#8269=CARTESIAN_POINT('',(147.515,-11.15,3.));
#8270=CARTESIAN_POINT('',(147.515,-6.00000000000002,3.));
#8271=CARTESIAN_POINT('Ctrl Pts',(147.515,-11.15,3.));
#8272=CARTESIAN_POINT('Ctrl Pts',(147.515,-11.0746714791868,3.));
#8273=CARTESIAN_POINT('Ctrl Pts',(147.515,-11.0007738651608,2.99697504216718));
#8274=CARTESIAN_POINT('Ctrl Pts',(147.515,-10.9282944516016,2.99095198784885));
#8275=CARTESIAN_POINT('Ctrl Pts',(147.515,-10.8535892868628,2.9847439731453));
#8276=CARTESIAN_POINT('Ctrl Pts',(147.515,-10.7803906894916,2.97535105303824));
#8277=CARTESIAN_POINT('Ctrl Pts',(147.515,-10.7086602577463,2.96285440936952));
#8278=CARTESIAN_POINT('Ctrl Pts',(147.515,-10.634333790219,2.94990549274873));
#8279=CARTESIAN_POINT('Ctrl Pts',(147.515,-10.5615835951196,2.93362431320922));
#8280=CARTESIAN_POINT('Ctrl Pts',(147.515,-10.4903422527698,2.91415339693507));
#8281=CARTESIAN_POINT('Ctrl Pts',(147.515,-10.4159635072257,2.89382499941619));
#8282=CARTESIAN_POINT('Ctrl Pts',(147.515,-10.3432293307407,2.87001995890349));
#8283=CARTESIAN_POINT('Ctrl Pts',(147.515,-10.2720380138846,2.84295329061683));
#8284=CARTESIAN_POINT('Ctrl Pts',(147.515,-10.196846251957,2.81436566830754));
#8285=CARTESIAN_POINT('Ctrl Pts',(147.515,-10.1233754770401,2.78213985433954));
#8286=CARTESIAN_POINT('Ctrl Pts',(147.515,-10.0514804333874,2.74658292148073));
#8287=CARTESIAN_POINT('Ctrl Pts',(147.515,-9.97504888977485,2.70878238438591));
#8288=CARTESIAN_POINT('Ctrl Pts',(147.515,-9.9003980017176,2.66721751545802));
#8289=CARTESIAN_POINT('Ctrl Pts',(147.515,-9.82732811552735,2.62231038550818));
#8290=CARTESIAN_POINT('Ctrl Pts',(147.515,-9.75073406402669,2.57523738179267));
#8291=CARTESIAN_POINT('Ctrl Pts',(147.515,-9.67587707483571,2.52449220300164));
#8292=CARTESIAN_POINT('Ctrl Pts',(147.515,-9.60250292403143,2.47061228221871));
#8293=CARTESIAN_POINT('Ctrl Pts',(147.515,-9.52165599954543,2.41124497317184));
#8294=CARTESIAN_POINT('Ctrl Pts',(147.515,-9.4426093054239,2.34807195085967));
#8295=CARTESIAN_POINT('Ctrl Pts',(147.515,-9.36499482831643,2.28187120087621));
#8296=CARTESIAN_POINT('Ctrl Pts',(147.515,-9.27912669284136,2.20863054810136));
#8297=CARTESIAN_POINT('Ctrl Pts',(147.515,-9.19501131323576,2.13168454383651));
#8298=CARTESIAN_POINT('Ctrl Pts',(147.515,-9.11211990029681,2.0521510561743));
#8299=CARTESIAN_POINT('Ctrl Pts',(147.515,-9.01496389458874,1.95893083338737));
#8300=CARTESIAN_POINT('Ctrl Pts',(147.515,-8.91948873438221,1.86215727867785));
#8301=CARTESIAN_POINT('Ctrl Pts',(147.515,-8.82481006267895,1.76369993564746));
#8302=CARTESIAN_POINT('Ctrl Pts',(147.515,-8.67286135017172,1.60568687693833));
#8303=CARTESIAN_POINT('Ctrl Pts',(147.515,-8.52296166407766,1.44334214648569));
#8304=CARTESIAN_POINT('Ctrl Pts',(147.515,-8.37139024407675,1.28453148591153));
#8305=CARTESIAN_POINT('Ctrl Pts',(147.515,-8.28352140658947,1.1924659228578));
#8306=CARTESIAN_POINT('Ctrl Pts',(147.515,-8.19508982168677,1.1015900160537));
#8307=CARTESIAN_POINT('Ctrl Pts',(147.515,-8.10537968015245,1.01341699662971));
#8308=CARTESIAN_POINT('Ctrl Pts',(147.515,-8.02724422160823,0.936620335894481));
#8309=CARTESIAN_POINT('Ctrl Pts',(147.515,-7.94813849107271,0.861874844310223));
#8310=CARTESIAN_POINT('Ctrl Pts',(147.515,-7.86760330458121,0.790151243480187));
#8311=CARTESIAN_POINT('Ctrl Pts',(147.515,-7.79353675920869,0.724188531197671));
#8312=CARTESIAN_POINT('Ctrl Pts',(147.515,-7.7182609063906,0.660782312505259));
#8313=CARTESIAN_POINT('Ctrl Pts',(147.515,-7.6414354664982,0.600651943504542));
#8314=CARTESIAN_POINT('Ctrl Pts',(147.515,-7.56894813700405,0.543916962533866));
#8315=CARTESIAN_POINT('Ctrl Pts',(147.515,-7.49508110445521,0.490098693957934));
#8316=CARTESIAN_POINT('Ctrl Pts',(147.515,-7.41956725626038,0.439761817693329));
#8317=CARTESIAN_POINT('Ctrl Pts',(147.515,-7.34740737693493,0.391660667987624));
#8318=CARTESIAN_POINT('Ctrl Pts',(147.515,-7.27374359028147,0.34673880032324));
#8319=CARTESIAN_POINT('Ctrl Pts',(147.515,-7.19836259738422,0.305447131721285));
#8320=CARTESIAN_POINT('Ctrl Pts',(147.515,-7.12704835588388,0.266383119515376));
#8321=CARTESIAN_POINT('Ctrl Pts',(147.515,-7.05419707734659,0.23056842603903));
#8322=CARTESIAN_POINT('Ctrl Pts',(147.515,-6.9796476839563,0.19834357214633));
#8323=CARTESIAN_POINT('Ctrl Pts',(147.515,-6.90910923385311,0.167852495760335));
#8324=CARTESIAN_POINT('Ctrl Pts',(147.515,-6.83705032385952,0.140575693774116));
#8325=CARTESIAN_POINT('Ctrl Pts',(147.515,-6.76335475075137,0.116758821499587));
#8326=CARTESIAN_POINT('Ctrl Pts',(147.515,-6.69398915348774,0.0943413071144268));
#8327=CARTESIAN_POINT('Ctrl Pts',(147.515,-6.62317351466744,0.0749892017437839));
#8328=CARTESIAN_POINT('Ctrl Pts',(147.515,-6.55083074145732,0.0588654807621146));
#8329=CARTESIAN_POINT('Ctrl Pts',(147.515,-6.48049255379999,0.0431885408022779));
#8330=CARTESIAN_POINT('Ctrl Pts',(147.515,-6.4087105759823,0.0305637943139342));
#8331=CARTESIAN_POINT('Ctrl Pts',(147.515,-6.33543459672135,0.0210973886819416));
#8332=CARTESIAN_POINT('Ctrl Pts',(147.515,-6.26474212162945,0.0119647417886616));
#8333=CARTESIAN_POINT('Ctrl Pts',(147.515,-6.19265908162811,0.00577176940957731));
#8334=CARTESIAN_POINT('Ctrl Pts',(147.515,-6.11916105392269,0.00257010168901123));
#8335=CARTESIAN_POINT('Ctrl Pts',(147.515,-6.07984558689041,0.000857469858661736));
#8336=CARTESIAN_POINT('Ctrl Pts',(147.515,-6.04012559948557,5.38157759755274E-17));
#8337=CARTESIAN_POINT('Ctrl Pts',(147.515,-6.,5.55111512312578E-17));
#8338=CARTESIAN_POINT('Origin',(142.315,-222.98,0.));
#8339=CARTESIAN_POINT('Origin',(142.315,-222.98,3.));
#8340=CARTESIAN_POINT('Origin',(0.,-114.49,0.));
#8341=CARTESIAN_POINT('Origin',(99.8149999999999,-4.50000000000005,0.));
#8342=CARTESIAN_POINT('',(99.8149999999999,-4.50000000000005,2.3));
#8343=CARTESIAN_POINT('',(99.8149999999999,-4.50000000000005,2.3));
#8344=CARTESIAN_POINT('',(99.8149999999999,-4.50000000000005,0.));
#8345=CARTESIAN_POINT('Origin',(-98.215,-4.5,0.));
#8346=CARTESIAN_POINT('',(-98.965,-4.5,2.3));
#8347=CARTESIAN_POINT('Origin',(-98.215,-4.5,2.3));
#8348=CARTESIAN_POINT('',(-98.965,-4.5,0.));
#8349=CARTESIAN_POINT('',(-98.965,-4.5,0.));
#8350=CARTESIAN_POINT('Origin',(-98.215,-4.5,0.));
#8351=CARTESIAN_POINT('Origin',(98.2149999999999,-4.50000000000005,0.));
#8352=CARTESIAN_POINT('',(97.4649999999999,-4.50000000000005,2.3));
#8353=CARTESIAN_POINT('Origin',(98.2149999999999,-4.50000000000005,2.3));
#8354=CARTESIAN_POINT('',(97.4649999999999,-4.50000000000005,0.));
#8355=CARTESIAN_POINT('',(97.4649999999999,-4.50000000000005,0.));
#8356=CARTESIAN_POINT('Origin',(98.2149999999999,-4.50000000000005,0.));
#8357=CARTESIAN_POINT('Origin',(-96.615,-4.5,0.));
#8358=CARTESIAN_POINT('',(-96.615,-4.5,2.3));
#8359=CARTESIAN_POINT('',(-96.615,-4.5,2.3));
#8360=CARTESIAN_POINT('',(-96.615,-4.5,0.));
#8361=CARTESIAN_POINT('Origin',(-98.215,-4.5,0.));
#8362=CARTESIAN_POINT('Origin',(-98.215,-4.5,2.3));
#8363=CARTESIAN_POINT('Origin',(98.2149999999999,-4.50000000000005,0.));
#8364=CARTESIAN_POINT('Origin',(98.2149999999999,-4.50000000000005,2.3));
#8365=CARTESIAN_POINT('Origin',(-5.32907051820075E-14,-3.45000000000002,
2.3));
#8366=CARTESIAN_POINT('Origin',(0.,-114.49,0.));
#8367=CARTESIAN_POINT('Origin',(0.,-114.49,0.));
#8368=CARTESIAN_POINT('Origin',(132.115,-15.45,0.));
#8369=CARTESIAN_POINT('',(131.315,-15.45,0.));
#8370=CARTESIAN_POINT('Origin',(132.115,-15.45,0.));
#8371=CARTESIAN_POINT('Origin',(-132.115,-15.45,0.));
#8372=CARTESIAN_POINT('',(-132.915,-15.45,0.));
#8373=CARTESIAN_POINT('Origin',(-132.115,-15.45,0.));
#8374=CARTESIAN_POINT('Origin',(124.265,-7.,0.));
#8375=CARTESIAN_POINT('',(123.465,-7.,0.));
#8376=CARTESIAN_POINT('Origin',(124.265,-7.,0.));
#8377=CARTESIAN_POINT('Origin',(-124.265,-7.,0.));
#8378=CARTESIAN_POINT('',(-125.065,-7.,0.));
#8379=CARTESIAN_POINT('Origin',(-124.265,-7.,0.));
#8380=CARTESIAN_POINT('Origin',(-118.265,-9.90000000000001,0.));
#8381=CARTESIAN_POINT('',(-119.065,-9.90000000000001,0.));
#8382=CARTESIAN_POINT('Origin',(-118.265,-9.90000000000001,0.));
#8383=CARTESIAN_POINT('Origin',(118.265,-9.90000000000004,0.));
#8384=CARTESIAN_POINT('',(117.465,-9.90000000000004,0.));
#8385=CARTESIAN_POINT('Origin',(118.265,-9.90000000000004,0.));
#8386=CARTESIAN_POINT('Origin',(124.265,-7.,0.));
#8387=CARTESIAN_POINT('',(123.465,-7.,1.4));
#8388=CARTESIAN_POINT('Origin',(124.265,-7.,1.4));
#8389=CARTESIAN_POINT('',(123.465,-7.,0.));
#8390=CARTESIAN_POINT('Origin',(124.265,-7.,0.));
#8391=CARTESIAN_POINT('',(121.965,-7.,1.4));
#8392=CARTESIAN_POINT('Origin',(124.265,-7.,1.4));
#8393=CARTESIAN_POINT('',(121.965,-7.,0.));
#8394=CARTESIAN_POINT('Origin',(124.265,-7.,1.4));
#8395=CARTESIAN_POINT('Origin',(-124.265,-7.,0.));
#8396=CARTESIAN_POINT('',(-125.065,-7.,1.4));
#8397=CARTESIAN_POINT('Origin',(-124.265,-7.,1.4));
#8398=CARTESIAN_POINT('',(-125.065,-7.,0.));
#8399=CARTESIAN_POINT('Origin',(-124.265,-7.,0.));
#8400=CARTESIAN_POINT('',(-126.565,-7.,1.4));
#8401=CARTESIAN_POINT('Origin',(-124.265,-7.,1.4));
#8402=CARTESIAN_POINT('',(-126.565,-7.,0.));
#8403=CARTESIAN_POINT('Origin',(-124.265,-7.,1.4));
#8404=CARTESIAN_POINT('Origin',(118.265,-9.90000000000004,0.));
#8405=CARTESIAN_POINT('',(117.465,-9.90000000000004,1.4));
#8406=CARTESIAN_POINT('Origin',(118.265,-9.90000000000004,1.4));
#8407=CARTESIAN_POINT('',(117.465,-9.90000000000004,0.));
#8408=CARTESIAN_POINT('Origin',(118.265,-9.90000000000004,0.));
#8409=CARTESIAN_POINT('',(115.965,-9.90000000000004,1.4));
#8410=CARTESIAN_POINT('Origin',(118.265,-9.90000000000004,1.4));
#8411=CARTESIAN_POINT('',(115.965,-9.90000000000004,0.));
#8412=CARTESIAN_POINT('Origin',(118.265,-9.90000000000004,1.4));
#8413=CARTESIAN_POINT('Origin',(-118.265,-9.90000000000001,0.));
#8414=CARTESIAN_POINT('',(-119.065,-9.90000000000001,1.4));
#8415=CARTESIAN_POINT('Origin',(-118.265,-9.90000000000001,1.4));
#8416=CARTESIAN_POINT('',(-119.065,-9.90000000000001,0.));
#8417=CARTESIAN_POINT('Origin',(-118.265,-9.90000000000001,0.));
#8418=CARTESIAN_POINT('',(-120.565,-9.90000000000001,1.4));
#8419=CARTESIAN_POINT('Origin',(-118.265,-9.90000000000001,1.4));
#8420=CARTESIAN_POINT('',(-120.565,-9.90000000000001,0.));
#8421=CARTESIAN_POINT('Origin',(-118.265,-9.90000000000001,1.4));
#8422=CARTESIAN_POINT('Origin',(132.115,-15.45,0.));
#8423=CARTESIAN_POINT('',(131.315,-15.45,1.8));
#8424=CARTESIAN_POINT('Origin',(132.115,-15.45,1.8));
#8425=CARTESIAN_POINT('',(131.315,-15.45,0.));
#8426=CARTESIAN_POINT('Origin',(132.115,-15.45,0.));
#8427=CARTESIAN_POINT('',(130.665,-15.45,1.8));
#8428=CARTESIAN_POINT('Origin',(132.115,-15.45,1.8));
#8429=CARTESIAN_POINT('',(130.665,-15.45,0.9));
#8430=CARTESIAN_POINT('',(130.665,-15.45,0.));
#8431=CARTESIAN_POINT('Origin',(132.115,-15.45,0.9));
#8432=CARTESIAN_POINT('Origin',(132.115,-15.45,1.8));
#8433=CARTESIAN_POINT('Origin',(129.965,-14.975,0.9));
#8434=CARTESIAN_POINT('',(136.015,-17.35,0.9));
#8435=CARTESIAN_POINT('',(136.015,-12.6,0.9));
#8436=CARTESIAN_POINT('',(136.015,-17.35,0.9));
#8437=CARTESIAN_POINT('',(128.015,-12.6,0.9));
#8438=CARTESIAN_POINT('',(128.99,-12.6,0.9));
#8439=CARTESIAN_POINT('',(136.015,-12.6,0.9));
#8440=CARTESIAN_POINT('',(147.515,-17.35,0.9));
#8441=CARTESIAN_POINT('Origin',(-132.115,-15.45,0.));
#8442=CARTESIAN_POINT('',(-132.915,-15.45,1.8));
#8443=CARTESIAN_POINT('Origin',(-132.115,-15.45,1.8));
#8444=CARTESIAN_POINT('',(-132.915,-15.45,0.));
#8445=CARTESIAN_POINT('Origin',(-132.115,-15.45,0.));
#8446=CARTESIAN_POINT('',(-133.565,-15.45,1.8));
#8447=CARTESIAN_POINT('Origin',(-132.115,-15.45,1.8));
#8448=CARTESIAN_POINT('',(-133.565,-15.45,0.9));
#8449=CARTESIAN_POINT('',(-133.565,-15.45,0.));
#8450=CARTESIAN_POINT('Origin',(-132.115,-15.45,0.9));
#8451=CARTESIAN_POINT('Origin',(-132.115,-15.45,1.8));
#8452=CARTESIAN_POINT('Origin',(-129.965,-14.975,0.9));
#8453=CARTESIAN_POINT('',(-136.015,-12.6,0.9));
#8454=CARTESIAN_POINT('',(-136.015,-17.35,0.9));
#8455=CARTESIAN_POINT('',(-136.015,-13.,0.9));
#8456=CARTESIAN_POINT('',(-123.915,-17.35,0.9));
#8457=CARTESIAN_POINT('',(-147.515,-17.35,0.9));
#8458=CARTESIAN_POINT('',(-123.915,-12.6,0.9));
#8459=CARTESIAN_POINT('',(-123.915,-12.6,0.9));
#8460=CARTESIAN_POINT('',(-128.015,-12.6,0.9));
#8461=CARTESIAN_POINT('',(-136.015,-12.6,0.9));
#8462=CARTESIAN_POINT('',(-132.99,-12.6,0.9));
#8463=CARTESIAN_POINT('Origin',(136.015,-12.6,0.));
#8464=CARTESIAN_POINT('',(128.015,-12.6,0.));
#8465=CARTESIAN_POINT('Origin',(123.915,-17.35,0.));
#8466=CARTESIAN_POINT('',(136.015,-17.35,0.));
#8467=CARTESIAN_POINT('Origin',(128.015,-12.6,0.));
#8468=CARTESIAN_POINT('Origin',(128.015,-12.6,0.));
#8469=CARTESIAN_POINT('',(136.015,-12.6,3.));
#8470=CARTESIAN_POINT('',(136.015,-12.6,0.));
#8471=CARTESIAN_POINT('',(128.015,-12.6,3.));
#8472=CARTESIAN_POINT('',(136.015,-12.6,3.));
#8473=CARTESIAN_POINT('',(128.015,-12.6,0.));
#8474=CARTESIAN_POINT('Origin',(-123.915,-12.6,0.));
#8475=CARTESIAN_POINT('',(-128.015,-12.6,0.));
#8476=CARTESIAN_POINT('',(-123.915,-12.6,0.));
#8477=CARTESIAN_POINT('Origin',(-123.915,-17.35,0.));
#8478=CARTESIAN_POINT('',(-123.915,-17.35,0.));
#8479=CARTESIAN_POINT('Origin',(-136.015,-17.35,0.));
#8480=CARTESIAN_POINT('',(-136.015,-17.35,0.));
#8481=CARTESIAN_POINT('Origin',(0.,-114.49,0.));
#8482=CARTESIAN_POINT('Origin',(-115.615,-12.6,0.));
#8483=CARTESIAN_POINT('Origin',(-128.015,-12.6,0.));
#8484=CARTESIAN_POINT('',(-128.015,-12.6,3.));
#8485=CARTESIAN_POINT('',(-128.015,-0.8,3.));
#8486=CARTESIAN_POINT('',(-128.015,-12.6,0.));
#8487=CARTESIAN_POINT('Origin',(136.015,-11.8,0.));
#8488=CARTESIAN_POINT('',(136.015,-11.8,3.));
#8489=CARTESIAN_POINT('',(128.815,-11.8,3.));
#8490=CARTESIAN_POINT('',(136.015,-11.8,0.));
#8491=CARTESIAN_POINT('Origin',(136.015,-12.6,0.));
#8492=CARTESIAN_POINT('',(136.015,-11.8,3.));
#8493=CARTESIAN_POINT('Origin',(128.015,-0.800000000000001,0.));
#8494=CARTESIAN_POINT('',(128.015,-12.6,3.));
#8495=CARTESIAN_POINT('Origin',(-136.015,-12.6,0.));
#8496=CARTESIAN_POINT('',(-136.015,-12.6,3.));
#8497=CARTESIAN_POINT('',(-136.015,-12.6,3.));
#8498=CARTESIAN_POINT('',(-136.015,-12.6,0.));
#8499=CARTESIAN_POINT('Origin',(-136.015,-11.8,0.));
#8500=CARTESIAN_POINT('',(-136.015,-11.8,3.));
#8501=CARTESIAN_POINT('Origin',(-128.815,0.,0.));
#8502=CARTESIAN_POINT('',(-128.815,0.,3.));
#8503=CARTESIAN_POINT('',(-128.815,0.,3.));
#8504=CARTESIAN_POINT('',(-128.815,0.,0.));
#8505=CARTESIAN_POINT('Origin',(-3.5527136788005E-14,-6.30000000000002,
3.));
#8506=CARTESIAN_POINT('',(-142.315,0.,3.));
#8507=CARTESIAN_POINT('Ctrl Pts',(-158.315,-11.15,3.));
#8508=CARTESIAN_POINT('Ctrl Pts',(158.315,-11.15,3.));
#8509=CARTESIAN_POINT('Ctrl Pts',(-158.315,-10.8872359642788,3.));
#8510=CARTESIAN_POINT('Ctrl Pts',(158.315,-10.8872359642788,3.));
#8511=CARTESIAN_POINT('Ctrl Pts',(-158.315,-10.3906863429559,2.93873913349947));
#8512=CARTESIAN_POINT('Ctrl Pts',(158.315,-10.3906863429559,2.93873913349947));
#8513=CARTESIAN_POINT('Ctrl Pts',(-158.315,-9.73270724418062,2.66325553181524));
#8514=CARTESIAN_POINT('Ctrl Pts',(158.315,-9.73270724418062,2.66325553181524));
#8515=CARTESIAN_POINT('Ctrl Pts',(-158.315,-8.99490946775709,2.0010227730315));
#8516=CARTESIAN_POINT('Ctrl Pts',(158.315,-8.99490946775709,2.0010227730315));
#8517=CARTESIAN_POINT('Ctrl Pts',(-158.315,-8.15509053224282,0.998977226968472));
#8518=CARTESIAN_POINT('Ctrl Pts',(158.315,-8.15509053224282,0.998977226968472));
#8519=CARTESIAN_POINT('Ctrl Pts',(-158.315,-7.41729275581934,0.336744468184751));
#8520=CARTESIAN_POINT('Ctrl Pts',(158.315,-7.41729275581934,0.336744468184751));
#8521=CARTESIAN_POINT('Ctrl Pts',(-158.315,-6.75931365704411,0.0612608665005283));
#8522=CARTESIAN_POINT('Ctrl Pts',(158.315,-6.75931365704411,0.0612608665005283));
#8523=CARTESIAN_POINT('Ctrl Pts',(-158.315,-6.26276403572124,0.));
#8524=CARTESIAN_POINT('Ctrl Pts',(158.315,-6.26276403572124,0.));
#8525=CARTESIAN_POINT('Ctrl Pts',(-158.315,-6.,0.));
#8526=CARTESIAN_POINT('Ctrl Pts',(158.315,-6.,0.));
#8527=CARTESIAN_POINT('',(148.315,-11.15,3.));
#8528=CARTESIAN_POINT('Ctrl Pts',(148.315,-6.,5.55111512312578E-17));
#8529=CARTESIAN_POINT('Ctrl Pts',(148.315,-6.07532852081326,5.2328392297438E-17));
#8530=CARTESIAN_POINT('Ctrl Pts',(148.315,-6.1492261348392,0.00302495783282544));
#8531=CARTESIAN_POINT('Ctrl Pts',(148.315,-6.22170554839848,0.00904801215115286));
#8532=CARTESIAN_POINT('Ctrl Pts',(148.315,-6.29641071313724,0.0152560268547087));
#8533=CARTESIAN_POINT('Ctrl Pts',(148.315,-6.36960931050855,0.0246489469617738));
#8534=CARTESIAN_POINT('Ctrl Pts',(148.315,-6.44133974225384,0.0371455906305023));
#8535=CARTESIAN_POINT('Ctrl Pts',(148.315,-6.51566620978114,0.0500945072513064));
#8536=CARTESIAN_POINT('Ctrl Pts',(148.315,-6.58841640488052,0.0663756867908186));
#8537=CARTESIAN_POINT('Ctrl Pts',(148.315,-6.65965774723035,0.0858466030649788));
#8538=CARTESIAN_POINT('Ctrl Pts',(148.315,-6.73403649277447,0.10617500058387));
#8539=CARTESIAN_POINT('Ctrl Pts',(148.315,-6.8067706692595,0.129980041096581));
#8540=CARTESIAN_POINT('Ctrl Pts',(148.315,-6.87796198611561,0.157046709383258));
#8541=CARTESIAN_POINT('Ctrl Pts',(148.315,-6.95315374804319,0.185634331692565));
#8542=CARTESIAN_POINT('Ctrl Pts',(148.315,-7.02662452296014,0.217860145660586));
#8543=CARTESIAN_POINT('Ctrl Pts',(148.315,-7.09851956661285,0.253417078519413));
#8544=CARTESIAN_POINT('Ctrl Pts',(148.315,-7.17495111022509,0.291217615614084));
#8545=CARTESIAN_POINT('Ctrl Pts',(148.315,-7.24960199828203,0.332782484541795));
#8546=CARTESIAN_POINT('Ctrl Pts',(148.315,-7.32267188447198,0.377689614491427));
#8547=CARTESIAN_POINT('Ctrl Pts',(148.315,-7.39926593597263,0.424762618206896));
#8548=CARTESIAN_POINT('Ctrl Pts',(148.315,-7.47412292516359,0.475507796997894));
#8549=CARTESIAN_POINT('Ctrl Pts',(148.315,-7.54749707596785,0.529387717780789));
#8550=CARTESIAN_POINT('Ctrl Pts',(148.315,-7.62834400045383,0.58875502682762));
#8551=CARTESIAN_POINT('Ctrl Pts',(148.315,-7.70739069457534,0.651928049139749));
#8552=CARTESIAN_POINT('Ctrl Pts',(148.315,-7.7850051716828,0.718128799123163));
#8553=CARTESIAN_POINT('Ctrl Pts',(148.315,-7.87087330715811,0.791369451898204));
#8554=CARTESIAN_POINT('Ctrl Pts',(148.315,-7.95498868676394,0.868315456163252));
#8555=CARTESIAN_POINT('Ctrl Pts',(148.315,-8.03788009970313,0.947848943825689));
#8556=CARTESIAN_POINT('Ctrl Pts',(148.315,-8.13503610541151,1.04106916661293));
#8557=CARTESIAN_POINT('Ctrl Pts',(148.315,-8.23051126561836,1.13784272132279));
#8558=CARTESIAN_POINT('Ctrl Pts',(148.315,-8.32518993732193,1.23630006435352));
#8559=CARTESIAN_POINT('Ctrl Pts',(148.315,-8.47713864982739,1.39431312306084));
#8560=CARTESIAN_POINT('Ctrl Pts',(148.315,-8.62703833591972,1.55665785351154));
#8561=CARTESIAN_POINT('Ctrl Pts',(148.315,-8.77860975591885,1.71546851408392));
#8562=CARTESIAN_POINT('Ctrl Pts',(148.315,-8.86647859340626,1.80753407713785));
#8563=CARTESIAN_POINT('Ctrl Pts',(148.315,-8.95491017830908,1.89840998394217));
#8564=CARTESIAN_POINT('Ctrl Pts',(148.315,-9.04462031984353,1.98658300336639));
#8565=CARTESIAN_POINT('Ctrl Pts',(148.315,-9.12275577838785,2.06337966410182));
#8566=CARTESIAN_POINT('Ctrl Pts',(148.315,-9.20186150892346,2.13812515568629));
#8567=CARTESIAN_POINT('Ctrl Pts',(148.315,-9.28239669541506,2.20984875651654));
#8568=CARTESIAN_POINT('Ctrl Pts',(148.315,-9.35646324078763,2.27581146879922));
#8569=CARTESIAN_POINT('Ctrl Pts',(148.315,-9.43173909360578,2.3392176874918));
#8570=CARTESIAN_POINT('Ctrl Pts',(148.315,-9.50856453349824,2.3993480564927));
#8571=CARTESIAN_POINT('Ctrl Pts',(148.315,-9.58105186299242,2.45608303746353));
#8572=CARTESIAN_POINT('Ctrl Pts',(148.315,-9.6549188955413,2.50990130603962));
#8573=CARTESIAN_POINT('Ctrl Pts',(148.315,-9.73043274373617,2.56023818230439));
#8574=CARTESIAN_POINT('Ctrl Pts',(148.315,-9.8025926230618,2.60833933201034));
#8575=CARTESIAN_POINT('Ctrl Pts',(148.315,-9.87625640971545,2.65326119967497));
#8576=CARTESIAN_POINT('Ctrl Pts',(148.315,-9.95163740261289,2.69455286827714));
#8577=CARTESIAN_POINT('Ctrl Pts',(148.315,-10.0229516441135,2.73361688048332));
#8578=CARTESIAN_POINT('Ctrl Pts',(148.315,-10.0958029226511,2.76943157395991));
#8579=CARTESIAN_POINT('Ctrl Pts',(148.315,-10.1703523160417,2.80165642785283));
#8580=CARTESIAN_POINT('Ctrl Pts',(148.315,-10.2408907661449,2.8321475042389));
#8581=CARTESIAN_POINT('Ctrl Pts',(148.315,-10.3129496761385,2.85942430622519));
#8582=CARTESIAN_POINT('Ctrl Pts',(148.315,-10.3866452492467,2.8832411784998));
#8583=CARTESIAN_POINT('Ctrl Pts',(148.315,-10.4560108465103,2.90565869288501));
#8584=CARTESIAN_POINT('Ctrl Pts',(148.315,-10.5268264853306,2.92501079825572));
#8585=CARTESIAN_POINT('Ctrl Pts',(148.315,-10.5991692585407,2.94113451923745));
#8586=CARTESIAN_POINT('Ctrl Pts',(148.315,-10.669507446198,2.95681145919734));
#8587=CARTESIAN_POINT('Ctrl Pts',(148.315,-10.7412894240157,2.96943620568575));
#8588=CARTESIAN_POINT('Ctrl Pts',(148.315,-10.8145654032766,2.9789026113178));
#8589=CARTESIAN_POINT('Ctrl Pts',(148.315,-10.8852578783685,2.98803525821113));
#8590=CARTESIAN_POINT('Ctrl Pts',(148.315,-10.9573409183698,2.99422823059027));
#8591=CARTESIAN_POINT('Ctrl Pts',(148.315,-11.0308389460752,2.9974298983109));
#8592=CARTESIAN_POINT('Ctrl Pts',(148.315,-11.0701544131081,2.99914253014131));
#8593=CARTESIAN_POINT('Ctrl Pts',(148.315,-11.1098744005137,3.));
#8594=CARTESIAN_POINT('Ctrl Pts',(148.315,-11.15,3.));
#8595=CARTESIAN_POINT('',(0.,-11.15,3.));
#8596=CARTESIAN_POINT('Ctrl Pts',(-158.315,-11.15,3.));
#8597=CARTESIAN_POINT('Ctrl Pts',(158.315,-11.15,3.));
#8598=CARTESIAN_POINT('Ctrl Pts',(-158.315,-10.8872359642788,3.));
#8599=CARTESIAN_POINT('Ctrl Pts',(158.315,-10.8872359642788,3.));
#8600=CARTESIAN_POINT('Ctrl Pts',(-158.315,-10.3906863429559,2.93873913349947));
#8601=CARTESIAN_POINT('Ctrl Pts',(158.315,-10.3906863429559,2.93873913349947));
#8602=CARTESIAN_POINT('Ctrl Pts',(-158.315,-9.73270724418062,2.66325553181524));
#8603=CARTESIAN_POINT('Ctrl Pts',(158.315,-9.73270724418062,2.66325553181524));
#8604=CARTESIAN_POINT('Ctrl Pts',(-158.315,-8.99490946775709,2.0010227730315));
#8605=CARTESIAN_POINT('Ctrl Pts',(158.315,-8.99490946775709,2.0010227730315));
#8606=CARTESIAN_POINT('Ctrl Pts',(-158.315,-8.15509053224282,0.998977226968472));
#8607=CARTESIAN_POINT('Ctrl Pts',(158.315,-8.15509053224282,0.998977226968472));
#8608=CARTESIAN_POINT('Ctrl Pts',(-158.315,-7.41729275581934,0.336744468184751));
#8609=CARTESIAN_POINT('Ctrl Pts',(158.315,-7.41729275581934,0.336744468184751));
#8610=CARTESIAN_POINT('Ctrl Pts',(-158.315,-6.75931365704411,0.0612608665005283));
#8611=CARTESIAN_POINT('Ctrl Pts',(158.315,-6.75931365704411,0.0612608665005283));
#8612=CARTESIAN_POINT('Ctrl Pts',(-158.315,-6.26276403572124,0.));
#8613=CARTESIAN_POINT('Ctrl Pts',(158.315,-6.26276403572124,0.));
#8614=CARTESIAN_POINT('Ctrl Pts',(-158.315,-6.,0.));
#8615=CARTESIAN_POINT('Ctrl Pts',(158.315,-6.,0.));
#8616=CARTESIAN_POINT('',(-147.515,-11.15,3.));
#8617=CARTESIAN_POINT('',(0.,-11.15,3.));
#8618=CARTESIAN_POINT('Ctrl Pts',(-147.515,-6.,5.55111512312578E-17));
#8619=CARTESIAN_POINT('Ctrl Pts',(-147.515,-6.07532852081326,5.2328392297438E-17));
#8620=CARTESIAN_POINT('Ctrl Pts',(-147.515,-6.1492261348392,0.00302495783282544));
#8621=CARTESIAN_POINT('Ctrl Pts',(-147.515,-6.22170554839848,0.00904801215115286));
#8622=CARTESIAN_POINT('Ctrl Pts',(-147.515,-6.29641071313724,0.0152560268547087));
#8623=CARTESIAN_POINT('Ctrl Pts',(-147.515,-6.36960931050855,0.0246489469617738));
#8624=CARTESIAN_POINT('Ctrl Pts',(-147.515,-6.44133974225384,0.0371455906305023));
#8625=CARTESIAN_POINT('Ctrl Pts',(-147.515,-6.51566620978114,0.0500945072513064));
#8626=CARTESIAN_POINT('Ctrl Pts',(-147.515,-6.58841640488052,0.0663756867908186));
#8627=CARTESIAN_POINT('Ctrl Pts',(-147.515,-6.65965774723035,0.0858466030649788));
#8628=CARTESIAN_POINT('Ctrl Pts',(-147.515,-6.73403649277447,0.10617500058387));
#8629=CARTESIAN_POINT('Ctrl Pts',(-147.515,-6.8067706692595,0.129980041096581));
#8630=CARTESIAN_POINT('Ctrl Pts',(-147.515,-6.87796198611561,0.157046709383258));
#8631=CARTESIAN_POINT('Ctrl Pts',(-147.515,-6.95315374804319,0.185634331692565));
#8632=CARTESIAN_POINT('Ctrl Pts',(-147.515,-7.02662452296014,0.217860145660586));
#8633=CARTESIAN_POINT('Ctrl Pts',(-147.515,-7.09851956661285,0.253417078519413));
#8634=CARTESIAN_POINT('Ctrl Pts',(-147.515,-7.17495111022509,0.291217615614084));
#8635=CARTESIAN_POINT('Ctrl Pts',(-147.515,-7.24960199828203,0.332782484541795));
#8636=CARTESIAN_POINT('Ctrl Pts',(-147.515,-7.32267188447198,0.377689614491427));
#8637=CARTESIAN_POINT('Ctrl Pts',(-147.515,-7.39926593597263,0.424762618206896));
#8638=CARTESIAN_POINT('Ctrl Pts',(-147.515,-7.47412292516359,0.475507796997894));
#8639=CARTESIAN_POINT('Ctrl Pts',(-147.515,-7.54749707596785,0.529387717780789));
#8640=CARTESIAN_POINT('Ctrl Pts',(-147.515,-7.62834400045383,0.58875502682762));
#8641=CARTESIAN_POINT('Ctrl Pts',(-147.515,-7.70739069457534,0.651928049139749));
#8642=CARTESIAN_POINT('Ctrl Pts',(-147.515,-7.7850051716828,0.718128799123163));
#8643=CARTESIAN_POINT('Ctrl Pts',(-147.515,-7.87087330715811,0.791369451898204));
#8644=CARTESIAN_POINT('Ctrl Pts',(-147.515,-7.95498868676394,0.868315456163252));
#8645=CARTESIAN_POINT('Ctrl Pts',(-147.515,-8.03788009970313,0.947848943825689));
#8646=CARTESIAN_POINT('Ctrl Pts',(-147.515,-8.13503610541151,1.04106916661293));
#8647=CARTESIAN_POINT('Ctrl Pts',(-147.515,-8.23051126561836,1.13784272132279));
#8648=CARTESIAN_POINT('Ctrl Pts',(-147.515,-8.32518993732193,1.23630006435352));
#8649=CARTESIAN_POINT('Ctrl Pts',(-147.515,-8.47713864982739,1.39431312306084));
#8650=CARTESIAN_POINT('Ctrl Pts',(-147.515,-8.62703833591972,1.55665785351154));
#8651=CARTESIAN_POINT('Ctrl Pts',(-147.515,-8.77860975591885,1.71546851408392));
#8652=CARTESIAN_POINT('Ctrl Pts',(-147.515,-8.86647859340626,1.80753407713785));
#8653=CARTESIAN_POINT('Ctrl Pts',(-147.515,-8.95491017830908,1.89840998394217));
#8654=CARTESIAN_POINT('Ctrl Pts',(-147.515,-9.04462031984353,1.98658300336639));
#8655=CARTESIAN_POINT('Ctrl Pts',(-147.515,-9.12275577838785,2.06337966410182));
#8656=CARTESIAN_POINT('Ctrl Pts',(-147.515,-9.20186150892346,2.13812515568629));
#8657=CARTESIAN_POINT('Ctrl Pts',(-147.515,-9.28239669541506,2.20984875651654));
#8658=CARTESIAN_POINT('Ctrl Pts',(-147.515,-9.35646324078763,2.27581146879922));
#8659=CARTESIAN_POINT('Ctrl Pts',(-147.515,-9.43173909360578,2.3392176874918));
#8660=CARTESIAN_POINT('Ctrl Pts',(-147.515,-9.50856453349824,2.3993480564927));
#8661=CARTESIAN_POINT('Ctrl Pts',(-147.515,-9.58105186299242,2.45608303746353));
#8662=CARTESIAN_POINT('Ctrl Pts',(-147.515,-9.6549188955413,2.50990130603962));
#8663=CARTESIAN_POINT('Ctrl Pts',(-147.515,-9.73043274373617,2.56023818230439));
#8664=CARTESIAN_POINT('Ctrl Pts',(-147.515,-9.8025926230618,2.60833933201034));
#8665=CARTESIAN_POINT('Ctrl Pts',(-147.515,-9.87625640971545,2.65326119967497));
#8666=CARTESIAN_POINT('Ctrl Pts',(-147.515,-9.95163740261289,2.69455286827714));
#8667=CARTESIAN_POINT('Ctrl Pts',(-147.515,-10.0229516441135,2.73361688048332));
#8668=CARTESIAN_POINT('Ctrl Pts',(-147.515,-10.0958029226511,2.76943157395991));
#8669=CARTESIAN_POINT('Ctrl Pts',(-147.515,-10.1703523160417,2.80165642785283));
#8670=CARTESIAN_POINT('Ctrl Pts',(-147.515,-10.2408907661449,2.8321475042389));
#8671=CARTESIAN_POINT('Ctrl Pts',(-147.515,-10.3129496761385,2.85942430622519));
#8672=CARTESIAN_POINT('Ctrl Pts',(-147.515,-10.3866452492467,2.8832411784998));
#8673=CARTESIAN_POINT('Ctrl Pts',(-147.515,-10.4560108465103,2.90565869288501));
#8674=CARTESIAN_POINT('Ctrl Pts',(-147.515,-10.5268264853306,2.92501079825572));
#8675=CARTESIAN_POINT('Ctrl Pts',(-147.515,-10.5991692585407,2.94113451923745));
#8676=CARTESIAN_POINT('Ctrl Pts',(-147.515,-10.669507446198,2.95681145919734));
#8677=CARTESIAN_POINT('Ctrl Pts',(-147.515,-10.7412894240157,2.96943620568575));
#8678=CARTESIAN_POINT('Ctrl Pts',(-147.515,-10.8145654032766,2.9789026113178));
#8679=CARTESIAN_POINT('Ctrl Pts',(-147.515,-10.8852578783685,2.98803525821113));
#8680=CARTESIAN_POINT('Ctrl Pts',(-147.515,-10.9573409183698,2.99422823059027));
#8681=CARTESIAN_POINT('Ctrl Pts',(-147.515,-11.0308389460752,2.9974298983109));
#8682=CARTESIAN_POINT('Ctrl Pts',(-147.515,-11.0701544131081,2.99914253014131));
#8683=CARTESIAN_POINT('Ctrl Pts',(-147.515,-11.1098744005137,3.));
#8684=CARTESIAN_POINT('Ctrl Pts',(-147.515,-11.15,3.));
#8685=CARTESIAN_POINT('Origin',(142.315,-6.00000000000001,0.));
#8686=CARTESIAN_POINT('',(142.315,0.,0.));
#8687=CARTESIAN_POINT('',(148.315,-6.00000000000002,0.));
#8688=CARTESIAN_POINT('Origin',(148.315,-6.00000000000001,0.));
#8689=CARTESIAN_POINT('',(148.315,-222.98,3.));
#8690=CARTESIAN_POINT('',(148.315,-6.00000000000002,3.));
#8691=CARTESIAN_POINT('',(148.315,-222.98,0.));
#8692=CARTESIAN_POINT('Origin',(0.,-114.49,3.));
#8693=CARTESIAN_POINT('',(-147.515,-222.98,3.));
#8694=CARTESIAN_POINT('Origin',(-142.315,-222.98,3.));
#8695=CARTESIAN_POINT('',(-147.515,-222.98,3.));
#8696=CARTESIAN_POINT('Origin',(142.315,-222.98,3.));
#8697=CARTESIAN_POINT('Origin',(-147.515,-222.98,0.));
#8698=CARTESIAN_POINT('',(-147.515,-222.98,0.));
#8699=CARTESIAN_POINT('Origin',(-142.315,-222.98,0.));
#8700=CARTESIAN_POINT('Origin',(142.315,-222.98,0.));
#8701=CARTESIAN_POINT('Origin',(-142.315,0.,0.));
#8702=CARTESIAN_POINT('',(0.,0.,0.));
#8703=UNCERTAINTY_MEASURE_WITH_UNIT(LENGTH_MEASURE(0.01),#8709,
'DISTANCE_ACCURACY_VALUE',
'Maximum model space distance between geometric entities at asserted c
onnectivities');
#8704=UNCERTAINTY_MEASURE_WITH_UNIT(LENGTH_MEASURE(0.01),#8709,
'DISTANCE_ACCURACY_VALUE',
'Maximum model space distance between geometric entities at asserted c
onnectivities');
#8705=UNCERTAINTY_MEASURE_WITH_UNIT(LENGTH_MEASURE(0.01),#8709,
'DISTANCE_ACCURACY_VALUE',
'Maximum model space distance between geometric entities at asserted c
onnectivities');
#8706=(
GEOMETRIC_REPRESENTATION_CONTEXT(3)
GLOBAL_UNCERTAINTY_ASSIGNED_CONTEXT((#8703))
GLOBAL_UNIT_ASSIGNED_CONTEXT((#8709,#8711,#8712))
REPRESENTATION_CONTEXT('','3D')
);
#8707=(
GEOMETRIC_REPRESENTATION_CONTEXT(3)
GLOBAL_UNCERTAINTY_ASSIGNED_CONTEXT((#8704))
GLOBAL_UNIT_ASSIGNED_CONTEXT((#8709,#8711,#8712))
REPRESENTATION_CONTEXT('','3D')
);
#8708=(
GEOMETRIC_REPRESENTATION_CONTEXT(3)
GLOBAL_UNCERTAINTY_ASSIGNED_CONTEXT((#8705))
GLOBAL_UNIT_ASSIGNED_CONTEXT((#8709,#8711,#8712))
REPRESENTATION_CONTEXT('','3D')
);
#8709=(
LENGTH_UNIT()
NAMED_UNIT(*)
SI_UNIT(.MILLI.,.METRE.)
);
#8710=(
LENGTH_UNIT()
NAMED_UNIT(*)
SI_UNIT($,.METRE.)
);
#8711=(
NAMED_UNIT(*)
PLANE_ANGLE_UNIT()
SI_UNIT($,.RADIAN.)
);
#8712=(
NAMED_UNIT(*)
SI_UNIT($,.STERADIAN.)
SOLID_ANGLE_UNIT()
);
#8713=SHAPE_DEFINITION_REPRESENTATION(#8715,#8718);
#8714=SHAPE_DEFINITION_REPRESENTATION(#8716,#8719);
#8715=PRODUCT_DEFINITION_SHAPE('',$,#8721);
#8716=PRODUCT_DEFINITION_SHAPE('',$,#8722);
#8717=PRODUCT_DEFINITION_SHAPE($,$,#14);
#8718=SHAPE_REPRESENTATION('',(#4868,#5315),#8706);
#8719=SHAPE_REPRESENTATION('',(#4869),#8707);
#8720=PRODUCT_DEFINITION_CONTEXT('part definition',#8728,'design');
#8721=PRODUCT_DEFINITION('lid-revB','lid-revB v1',#8723,#8720);
#8722=PRODUCT_DEFINITION('lid','lid',#8724,#8720);
#8723=PRODUCT_DEFINITION_FORMATION('',$,#8730);
#8724=PRODUCT_DEFINITION_FORMATION('',$,#8731);
#8725=PRODUCT_RELATED_PRODUCT_CATEGORY('lid-revB v1','lid-revB v1',(#8730));
#8726=PRODUCT_RELATED_PRODUCT_CATEGORY('lid','lid',(#8731));
#8727=APPLICATION_PROTOCOL_DEFINITION('international standard',
'automotive_design',2009,#8728);
#8728=APPLICATION_CONTEXT(
'Core Data for Automotive Mechanical Design Process');
#8729=PRODUCT_CONTEXT('part definition',#8728,'mechanical');
#8730=PRODUCT('lid-revB','lid-revB v1',$,(#8729));
#8731=PRODUCT('lid','lid',$,(#8729));
#8732=PRESENTATION_STYLE_ASSIGNMENT((#8733));
#8733=SURFACE_STYLE_USAGE(.BOTH.,#8734);
#8734=SURFACE_SIDE_STYLE('',(#8735));
#8735=SURFACE_STYLE_FILL_AREA(#8736);
#8736=FILL_AREA_STYLE('Steel - Satin',(#8737));
#8737=FILL_AREA_STYLE_COLOUR('Steel - Satin',#8738);
#8738=COLOUR_RGB('Steel - Satin',0.627450980392157,0.627450980392157,0.627450980392157);
ENDSEC;
END-ISO-10303-21;
