ISO-10303-21;
HEADER;
/* Generated by software containing ST-Developer
 * from STEP Tools, Inc. (www.steptools.com) 
 */

FILE_DESCRIPTION(
/* description */ (''),
/* implementation_level */ '2;1');

FILE_NAME(
/* name */ 'bezel.step',
/* time_stamp */ '2026-09-06T15:56:02-07:00',
/* author */ (''),
/* organization */ (''),
/* preprocessor_version */ 'ST-DEVELOPER v20.2',
/* originating_system */ 'Autodesk Translation Framework v15.15.0.0',
/* authorisation */ '');

FILE_SCHEMA (('AUTOMOTIVE_DESIGN { 1 0 10303 214 3 1 1 }'));
ENDSEC;

DATA;
#10=MECHANICAL_DESIGN_GEOMETRIC_PRESENTATION_REPRESENTATION('',(#17),#2588);
#11=ITEM_DEFINED_TRANSFORMATION($,$,#1606,#1718);
#12=(
REPRESENTATION_RELATIONSHIP($,$,#2599,#2598)
REPRESENTATION_RELATIONSHIP_WITH_TRANSFORMATION(#11)
SHAPE_REPRESENTATION_RELATIONSHIP()
);
#13=CONTEXT_DEPENDENT_SHAPE_REPRESENTATION(#12,#2597);
#14=NEXT_ASSEMBLY_USAGE_OCCURRENCE('bezel:1','bezel:1','bezel:1',#2601,
#2602,'bezel:1');
#15=SHAPE_REPRESENTATION_RELATIONSHIP('SRR','None',#2599,#16);
#16=ADVANCED_BREP_SHAPE_REPRESENTATION('',(#18),#2587);
#17=STYLED_ITEM('',(#2612),#18);
#18=MANIFOLD_SOLID_BREP('Body1',#1592);
#19=FACE_BOUND('',#193,.T.);
#20=FACE_BOUND('',#194,.T.);
#21=FACE_BOUND('',#195,.T.);
#22=FACE_BOUND('',#196,.T.);
#23=FACE_BOUND('',#197,.T.);
#24=FACE_BOUND('',#198,.T.);
#25=FACE_BOUND('',#199,.T.);
#26=FACE_BOUND('',#200,.T.);
#27=FACE_BOUND('',#201,.T.);
#28=FACE_BOUND('',#202,.T.);
#29=FACE_BOUND('',#203,.T.);
#30=FACE_BOUND('',#204,.T.);
#31=FACE_BOUND('',#235,.T.);
#32=FACE_BOUND('',#240,.T.);
#33=FACE_BOUND('',#260,.T.);
#34=FACE_BOUND('',#261,.T.);
#35=FACE_BOUND('',#262,.T.);
#36=FACE_BOUND('',#263,.T.);
#37=FACE_BOUND('',#264,.T.);
#38=FACE_BOUND('',#265,.T.);
#39=CYLINDRICAL_SURFACE('',#1623,4.);
#40=CYLINDRICAL_SURFACE('',#1627,5.57499999999999);
#41=CYLINDRICAL_SURFACE('',#1632,4.77499999999998);
#42=CYLINDRICAL_SURFACE('',#1636,4.);
#43=CYLINDRICAL_SURFACE('',#1643,4.77499999999998);
#44=CYLINDRICAL_SURFACE('',#1662,5.57499999999999);
#45=CYLINDRICAL_SURFACE('',#1686,1.50000000000001);
#46=CYLINDRICAL_SURFACE('',#1691,1.50000000000001);
#47=CYLINDRICAL_SURFACE('',#1698,0.599999999999996);
#48=CYLINDRICAL_SURFACE('',#1702,0.599999999999996);
#49=CYLINDRICAL_SURFACE('',#1708,0.599999999999996);
#50=CYLINDRICAL_SURFACE('',#1711,6.00000000000005);
#51=CYLINDRICAL_SURFACE('',#1714,6.00000000000005);
#52=CIRCLE('',#1620,4.77499999999998);
#53=CIRCLE('',#1621,4.);
#54=CIRCLE('',#1624,4.);
#55=CIRCLE('',#1628,5.57499999999999);
#56=CIRCLE('',#1629,5.57499999999999);
#57=CIRCLE('',#1633,4.77499999999998);
#58=CIRCLE('',#1634,4.77499999999998);
#59=CIRCLE('',#1637,4.);
#60=CIRCLE('',#1638,4.);
#61=CIRCLE('',#1641,4.77499999999998);
#62=CIRCLE('',#1644,4.77499999999998);
#63=CIRCLE('',#1645,4.77499999999998);
#64=CIRCLE('',#1649,6.00000000000005);
#65=CIRCLE('',#1650,6.00000000000005);
#66=CIRCLE('',#1651,1.50000000000001);
#67=CIRCLE('',#1652,1.50000000000001);
#68=CIRCLE('',#1653,0.599999999999996);
#69=CIRCLE('',#1654,0.599999999999996);
#70=CIRCLE('',#1655,0.599999999999996);
#71=CIRCLE('',#1663,5.57499999999999);
#72=CIRCLE('',#1664,5.57499999999999);
#73=CIRCLE('',#1687,1.50000000000001);
#74=CIRCLE('',#1692,1.50000000000001);
#75=CIRCLE('',#1699,0.599999999999996);
#76=CIRCLE('',#1703,0.599999999999996);
#77=CIRCLE('',#1709,0.599999999999996);
#78=CIRCLE('',#1712,6.00000000000005);
#79=CIRCLE('',#1715,6.00000000000005);
#80=FACE_OUTER_BOUND('',#163,.T.);
#81=FACE_OUTER_BOUND('',#164,.T.);
#82=FACE_OUTER_BOUND('',#165,.T.);
#83=FACE_OUTER_BOUND('',#166,.T.);
#84=FACE_OUTER_BOUND('',#167,.T.);
#85=FACE_OUTER_BOUND('',#168,.T.);
#86=FACE_OUTER_BOUND('',#169,.T.);
#87=FACE_OUTER_BOUND('',#170,.T.);
#88=FACE_OUTER_BOUND('',#171,.T.);
#89=FACE_OUTER_BOUND('',#172,.T.);
#90=FACE_OUTER_BOUND('',#173,.T.);
#91=FACE_OUTER_BOUND('',#174,.T.);
#92=FACE_OUTER_BOUND('',#175,.T.);
#93=FACE_OUTER_BOUND('',#176,.T.);
#94=FACE_OUTER_BOUND('',#177,.T.);
#95=FACE_OUTER_BOUND('',#178,.T.);
#96=FACE_OUTER_BOUND('',#179,.T.);
#97=FACE_OUTER_BOUND('',#180,.T.);
#98=FACE_OUTER_BOUND('',#181,.T.);
#99=FACE_OUTER_BOUND('',#182,.T.);
#100=FACE_OUTER_BOUND('',#183,.T.);
#101=FACE_OUTER_BOUND('',#184,.T.);
#102=FACE_OUTER_BOUND('',#185,.T.);
#103=FACE_OUTER_BOUND('',#186,.T.);
#104=FACE_OUTER_BOUND('',#187,.T.);
#105=FACE_OUTER_BOUND('',#188,.T.);
#106=FACE_OUTER_BOUND('',#189,.T.);
#107=FACE_OUTER_BOUND('',#190,.T.);
#108=FACE_OUTER_BOUND('',#191,.T.);
#109=FACE_OUTER_BOUND('',#192,.T.);
#110=FACE_OUTER_BOUND('',#205,.T.);
#111=FACE_OUTER_BOUND('',#206,.T.);
#112=FACE_OUTER_BOUND('',#207,.T.);
#113=FACE_OUTER_BOUND('',#208,.T.);
#114=FACE_OUTER_BOUND('',#209,.T.);
#115=FACE_OUTER_BOUND('',#210,.T.);
#116=FACE_OUTER_BOUND('',#211,.T.);
#117=FACE_OUTER_BOUND('',#212,.T.);
#118=FACE_OUTER_BOUND('',#213,.T.);
#119=FACE_OUTER_BOUND('',#214,.T.);
#120=FACE_OUTER_BOUND('',#215,.T.);
#121=FACE_OUTER_BOUND('',#216,.T.);
#122=FACE_OUTER_BOUND('',#217,.T.);
#123=FACE_OUTER_BOUND('',#218,.T.);
#124=FACE_OUTER_BOUND('',#219,.T.);
#125=FACE_OUTER_BOUND('',#220,.T.);
#126=FACE_OUTER_BOUND('',#221,.T.);
#127=FACE_OUTER_BOUND('',#222,.T.);
#128=FACE_OUTER_BOUND('',#223,.T.);
#129=FACE_OUTER_BOUND('',#224,.T.);
#130=FACE_OUTER_BOUND('',#225,.T.);
#131=FACE_OUTER_BOUND('',#226,.T.);
#132=FACE_OUTER_BOUND('',#227,.T.);
#133=FACE_OUTER_BOUND('',#228,.T.);
#134=FACE_OUTER_BOUND('',#229,.T.);
#135=FACE_OUTER_BOUND('',#230,.T.);
#136=FACE_OUTER_BOUND('',#231,.T.);
#137=FACE_OUTER_BOUND('',#232,.T.);
#138=FACE_OUTER_BOUND('',#233,.T.);
#139=FACE_OUTER_BOUND('',#234,.T.);
#140=FACE_OUTER_BOUND('',#236,.T.);
#141=FACE_OUTER_BOUND('',#237,.T.);
#142=FACE_OUTER_BOUND('',#238,.T.);
#143=FACE_OUTER_BOUND('',#239,.T.);
#144=FACE_OUTER_BOUND('',#241,.T.);
#145=FACE_OUTER_BOUND('',#242,.T.);
#146=FACE_OUTER_BOUND('',#243,.T.);
#147=FACE_OUTER_BOUND('',#244,.T.);
#148=FACE_OUTER_BOUND('',#245,.T.);
#149=FACE_OUTER_BOUND('',#246,.T.);
#150=FACE_OUTER_BOUND('',#247,.T.);
#151=FACE_OUTER_BOUND('',#248,.T.);
#152=FACE_OUTER_BOUND('',#249,.T.);
#153=FACE_OUTER_BOUND('',#250,.T.);
#154=FACE_OUTER_BOUND('',#251,.T.);
#155=FACE_OUTER_BOUND('',#252,.T.);
#156=FACE_OUTER_BOUND('',#253,.T.);
#157=FACE_OUTER_BOUND('',#254,.T.);
#158=FACE_OUTER_BOUND('',#255,.T.);
#159=FACE_OUTER_BOUND('',#256,.T.);
#160=FACE_OUTER_BOUND('',#257,.T.);
#161=FACE_OUTER_BOUND('',#258,.T.);
#162=FACE_OUTER_BOUND('',#259,.T.);
#163=EDGE_LOOP('',(#1005,#1006,#1007,#1008));
#164=EDGE_LOOP('',(#1009,#1010,#1011,#1012));
#165=EDGE_LOOP('',(#1013,#1014,#1015,#1016));
#166=EDGE_LOOP('',(#1017,#1018,#1019,#1020));
#167=EDGE_LOOP('',(#1021,#1022,#1023,#1024));
#168=EDGE_LOOP('',(#1025,#1026,#1027,#1028));
#169=EDGE_LOOP('',(#1029,#1030,#1031,#1032));
#170=EDGE_LOOP('',(#1033,#1034,#1035,#1036));
#171=EDGE_LOOP('',(#1037,#1038,#1039,#1040));
#172=EDGE_LOOP('',(#1041,#1042,#1043,#1044));
#173=EDGE_LOOP('',(#1045,#1046,#1047,#1048));
#174=EDGE_LOOP('',(#1049,#1050,#1051,#1052));
#175=EDGE_LOOP('',(#1053,#1054,#1055,#1056,#1057,#1058));
#176=EDGE_LOOP('',(#1059,#1060,#1061,#1062));
#177=EDGE_LOOP('',(#1063,#1064,#1065,#1066));
#178=EDGE_LOOP('',(#1067,#1068,#1069,#1070));
#179=EDGE_LOOP('',(#1071,#1072,#1073,#1074));
#180=EDGE_LOOP('',(#1075,#1076,#1077,#1078));
#181=EDGE_LOOP('',(#1079,#1080,#1081,#1082,#1083,#1084,#1085,#1086));
#182=EDGE_LOOP('',(#1087,#1088,#1089,#1090));
#183=EDGE_LOOP('',(#1091,#1092,#1093,#1094,#1095,#1096));
#184=EDGE_LOOP('',(#1097,#1098,#1099,#1100));
#185=EDGE_LOOP('',(#1101,#1102,#1103,#1104));
#186=EDGE_LOOP('',(#1105,#1106,#1107,#1108));
#187=EDGE_LOOP('',(#1109,#1110,#1111,#1112,#1113,#1114));
#188=EDGE_LOOP('',(#1115,#1116,#1117,#1118));
#189=EDGE_LOOP('',(#1119,#1120,#1121,#1122,#1123,#1124));
#190=EDGE_LOOP('',(#1125,#1126,#1127,#1128));
#191=EDGE_LOOP('',(#1129,#1130,#1131,#1132));
#192=EDGE_LOOP('',(#1133,#1134,#1135,#1136,#1137,#1138,#1139,#1140,#1141,
#1142,#1143,#1144,#1145,#1146,#1147,#1148,#1149,#1150,#1151,#1152,#1153,
#1154));
#193=EDGE_LOOP('',(#1155,#1156,#1157,#1158));
#194=EDGE_LOOP('',(#1159,#1160,#1161,#1162));
#195=EDGE_LOOP('',(#1163,#1164,#1165,#1166));
#196=EDGE_LOOP('',(#1167,#1168,#1169,#1170));
#197=EDGE_LOOP('',(#1171,#1172,#1173,#1174));
#198=EDGE_LOOP('',(#1175,#1176,#1177,#1178));
#199=EDGE_LOOP('',(#1179));
#200=EDGE_LOOP('',(#1180));
#201=EDGE_LOOP('',(#1181));
#202=EDGE_LOOP('',(#1182,#1183,#1184,#1185));
#203=EDGE_LOOP('',(#1186));
#204=EDGE_LOOP('',(#1187));
#205=EDGE_LOOP('',(#1188,#1189,#1190,#1191));
#206=EDGE_LOOP('',(#1192,#1193,#1194,#1195,#1196,#1197,#1198,#1199,#1200,
#1201,#1202));
#207=EDGE_LOOP('',(#1203,#1204,#1205,#1206));
#208=EDGE_LOOP('',(#1207,#1208,#1209,#1210));
#209=EDGE_LOOP('',(#1211,#1212,#1213,#1214));
#210=EDGE_LOOP('',(#1215,#1216,#1217,#1218));
#211=EDGE_LOOP('',(#1219,#1220,#1221,#1222));
#212=EDGE_LOOP('',(#1223,#1224,#1225,#1226));
#213=EDGE_LOOP('',(#1227,#1228,#1229,#1230,#1231,#1232,#1233,#1234,#1235,
#1236,#1237));
#214=EDGE_LOOP('',(#1238,#1239,#1240,#1241));
#215=EDGE_LOOP('',(#1242,#1243,#1244,#1245));
#216=EDGE_LOOP('',(#1246,#1247,#1248,#1249));
#217=EDGE_LOOP('',(#1250,#1251,#1252,#1253));
#218=EDGE_LOOP('',(#1254,#1255,#1256,#1257));
#219=EDGE_LOOP('',(#1258,#1259,#1260,#1261));
#220=EDGE_LOOP('',(#1262,#1263,#1264,#1265));
#221=EDGE_LOOP('',(#1266,#1267,#1268,#1269));
#222=EDGE_LOOP('',(#1270,#1271,#1272,#1273));
#223=EDGE_LOOP('',(#1274,#1275,#1276,#1277));
#224=EDGE_LOOP('',(#1278,#1279,#1280,#1281));
#225=EDGE_LOOP('',(#1282,#1283,#1284,#1285));
#226=EDGE_LOOP('',(#1286,#1287,#1288,#1289));
#227=EDGE_LOOP('',(#1290,#1291,#1292,#1293));
#228=EDGE_LOOP('',(#1294,#1295,#1296,#1297));
#229=EDGE_LOOP('',(#1298,#1299,#1300,#1301));
#230=EDGE_LOOP('',(#1302,#1303,#1304,#1305));
#231=EDGE_LOOP('',(#1306,#1307,#1308,#1309));
#232=EDGE_LOOP('',(#1310,#1311,#1312,#1313));
#233=EDGE_LOOP('',(#1314,#1315,#1316,#1317));
#234=EDGE_LOOP('',(#1318,#1319,#1320,#1321));
#235=EDGE_LOOP('',(#1322));
#236=EDGE_LOOP('',(#1323,#1324,#1325,#1326));
#237=EDGE_LOOP('',(#1327,#1328,#1329,#1330));
#238=EDGE_LOOP('',(#1331,#1332,#1333,#1334));
#239=EDGE_LOOP('',(#1335,#1336,#1337,#1338));
#240=EDGE_LOOP('',(#1339));
#241=EDGE_LOOP('',(#1340,#1341,#1342,#1343));
#242=EDGE_LOOP('',(#1344,#1345,#1346,#1347));
#243=EDGE_LOOP('',(#1348,#1349,#1350,#1351));
#244=EDGE_LOOP('',(#1352,#1353,#1354,#1355));
#245=EDGE_LOOP('',(#1356,#1357,#1358,#1359));
#246=EDGE_LOOP('',(#1360,#1361,#1362,#1363));
#247=EDGE_LOOP('',(#1364,#1365,#1366,#1367));
#248=EDGE_LOOP('',(#1368,#1369,#1370,#1371));
#249=EDGE_LOOP('',(#1372,#1373,#1374,#1375));
#250=EDGE_LOOP('',(#1376,#1377,#1378,#1379));
#251=EDGE_LOOP('',(#1380,#1381,#1382,#1383));
#252=EDGE_LOOP('',(#1384,#1385,#1386,#1387));
#253=EDGE_LOOP('',(#1388,#1389,#1390,#1391));
#254=EDGE_LOOP('',(#1392,#1393,#1394,#1395));
#255=EDGE_LOOP('',(#1396,#1397,#1398,#1399));
#256=EDGE_LOOP('',(#1400,#1401,#1402,#1403));
#257=EDGE_LOOP('',(#1404,#1405,#1406,#1407));
#258=EDGE_LOOP('',(#1408,#1409,#1410,#1411));
#259=EDGE_LOOP('',(#1412,#1413,#1414,#1415,#1416,#1417,#1418,#1419,#1420,
#1421,#1422,#1423));
#260=EDGE_LOOP('',(#1424));
#261=EDGE_LOOP('',(#1425,#1426,#1427,#1428));
#262=EDGE_LOOP('',(#1429));
#263=EDGE_LOOP('',(#1430,#1431,#1432,#1433));
#264=EDGE_LOOP('',(#1434));
#265=EDGE_LOOP('',(#1435,#1436,#1437,#1438));
#266=LINE('',#2141,#455);
#267=LINE('',#2143,#456);
#268=LINE('',#2145,#457);
#269=LINE('',#2146,#458);
#270=LINE('',#2150,#459);
#271=LINE('',#2151,#460);
#272=LINE('',#2152,#461);
#273=LINE('',#2156,#462);
#274=LINE('',#2158,#463);
#275=LINE('',#2160,#464);
#276=LINE('',#2161,#465);
#277=LINE('',#2165,#466);
#278=LINE('',#2166,#467);
#279=LINE('',#2167,#468);
#280=LINE('',#2171,#469);
#281=LINE('',#2173,#470);
#282=LINE('',#2175,#471);
#283=LINE('',#2176,#472);
#284=LINE('',#2180,#473);
#285=LINE('',#2181,#474);
#286=LINE('',#2182,#475);
#287=LINE('',#2186,#476);
#288=LINE('',#2188,#477);
#289=LINE('',#2190,#478);
#290=LINE('',#2191,#479);
#291=LINE('',#2195,#480);
#292=LINE('',#2196,#481);
#293=LINE('',#2197,#482);
#294=LINE('',#2201,#483);
#295=LINE('',#2203,#484);
#296=LINE('',#2205,#485);
#297=LINE('',#2206,#486);
#298=LINE('',#2210,#487);
#299=LINE('',#2211,#488);
#300=LINE('',#2212,#489);
#301=LINE('',#2216,#490);
#302=LINE('',#2218,#491);
#303=LINE('',#2220,#492);
#304=LINE('',#2221,#493);
#305=LINE('',#2225,#494);
#306=LINE('',#2226,#495);
#307=LINE('',#2227,#496);
#308=LINE('',#2231,#497);
#309=LINE('',#2235,#498);
#310=LINE('',#2239,#499);
#311=LINE('',#2240,#500);
#312=LINE('',#2244,#501);
#313=LINE('',#2245,#502);
#314=LINE('',#2246,#503);
#315=LINE('',#2250,#504);
#316=LINE('',#2253,#505);
#317=LINE('',#2254,#506);
#318=LINE('',#2258,#507);
#319=LINE('',#2260,#508);
#320=LINE('',#2262,#509);
#321=LINE('',#2263,#510);
#322=LINE('',#2267,#511);
#323=LINE('',#2273,#512);
#324=LINE('',#2275,#513);
#325=LINE('',#2277,#514);
#326=LINE('',#2279,#515);
#327=LINE('',#2281,#516);
#328=LINE('',#2282,#517);
#329=LINE('',#2283,#518);
#330=LINE('',#2287,#519);
#331=LINE('',#2289,#520);
#332=LINE('',#2291,#521);
#333=LINE('',#2292,#522);
#334=LINE('',#2295,#523);
#335=LINE('',#2301,#524);
#336=LINE('',#2303,#525);
#337=LINE('',#2305,#526);
#338=LINE('',#2306,#527);
#339=LINE('',#2312,#528);
#340=LINE('',#2315,#529);
#341=LINE('',#2317,#530);
#342=LINE('',#2318,#531);
#343=LINE('',#2322,#532);
#344=LINE('',#2323,#533);
#345=LINE('',#2327,#534);
#346=LINE('',#2329,#535);
#347=LINE('',#2330,#536);
#348=LINE('',#2335,#537);
#349=LINE('',#2340,#538);
#350=LINE('',#2341,#539);
#351=LINE('',#2342,#540);
#352=LINE('',#2345,#541);
#353=LINE('',#2346,#542);
#354=LINE('',#2350,#543);
#355=LINE('',#2352,#544);
#356=LINE('',#2356,#545);
#357=LINE('',#2360,#546);
#358=LINE('',#2362,#547);
#359=LINE('',#2363,#548);
#360=LINE('',#2364,#549);
#361=LINE('',#2365,#550);
#362=LINE('',#2366,#551);
#363=LINE('',#2367,#552);
#364=LINE('',#2368,#553);
#365=LINE('',#2370,#554);
#366=LINE('',#2371,#555);
#367=LINE('',#2373,#556);
#368=LINE('',#2374,#557);
#369=LINE('',#2376,#558);
#370=LINE('',#2377,#559);
#371=LINE('',#2379,#560);
#372=LINE('',#2380,#561);
#373=LINE('',#2382,#562);
#374=LINE('',#2383,#563);
#375=LINE('',#2385,#564);
#376=LINE('',#2386,#565);
#377=LINE('',#2395,#566);
#378=LINE('',#2397,#567);
#379=LINE('',#2399,#568);
#380=LINE('',#2400,#569);
#381=LINE('',#2407,#570);
#382=LINE('',#2409,#571);
#383=LINE('',#2412,#572);
#384=LINE('',#2413,#573);
#385=LINE('',#2418,#574);
#386=LINE('',#2420,#575);
#387=LINE('',#2422,#576);
#388=LINE('',#2423,#577);
#389=LINE('',#2428,#578);
#390=LINE('',#2430,#579);
#391=LINE('',#2433,#580);
#392=LINE('',#2434,#581);
#393=LINE('',#2437,#582);
#394=LINE('',#2438,#583);
#395=LINE('',#2440,#584);
#396=LINE('',#2444,#585);
#397=LINE('',#2445,#586);
#398=LINE('',#2447,#587);
#399=LINE('',#2451,#588);
#400=LINE('',#2452,#589);
#401=LINE('',#2454,#590);
#402=LINE('',#2458,#591);
#403=LINE('',#2459,#592);
#404=LINE('',#2461,#593);
#405=LINE('',#2465,#594);
#406=LINE('',#2466,#595);
#407=LINE('',#2468,#596);
#408=LINE('',#2472,#597);
#409=LINE('',#2473,#598);
#410=LINE('',#2475,#599);
#411=LINE('',#2480,#600);
#412=LINE('',#2484,#601);
#413=LINE('',#2486,#602);
#414=LINE('',#2488,#603);
#415=LINE('',#2489,#604);
#416=LINE('',#2492,#605);
#417=LINE('',#2494,#606);
#418=LINE('',#2495,#607);
#419=LINE('',#2498,#608);
#420=LINE('',#2499,#609);
#421=LINE('',#2503,#610);
#422=LINE('',#2507,#611);
#423=LINE('',#2509,#612);
#424=LINE('',#2511,#613);
#425=LINE('',#2512,#614);
#426=LINE('',#2515,#615);
#427=LINE('',#2517,#616);
#428=LINE('',#2518,#617);
#429=LINE('',#2521,#618);
#430=LINE('',#2522,#619);
#431=LINE('',#2525,#620);
#432=LINE('',#2526,#621);
#433=LINE('',#2528,#622);
#434=LINE('',#2532,#623);
#435=LINE('',#2535,#624);
#436=LINE('',#2536,#625);
#437=LINE('',#2538,#626);
#438=LINE('',#2542,#627);
#439=LINE('',#2545,#628);
#440=LINE('',#2547,#629);
#441=LINE('',#2548,#630);
#442=LINE('',#2551,#631);
#443=LINE('',#2552,#632);
#444=LINE('',#2555,#633);
#445=LINE('',#2556,#634);
#446=LINE('',#2558,#635);
#447=LINE('',#2562,#636);
#448=LINE('',#2565,#637);
#449=LINE('',#2566,#638);
#450=LINE('',#2570,#639);
#451=LINE('',#2573,#640);
#452=LINE('',#2574,#641);
#453=LINE('',#2578,#642);
#454=LINE('',#2580,#643);
#455=VECTOR('',#1725,10.);
#456=VECTOR('',#1726,10.);
#457=VECTOR('',#1727,10.);
#458=VECTOR('',#1728,10.);
#459=VECTOR('',#1731,10.);
#460=VECTOR('',#1732,10.);
#461=VECTOR('',#1733,10.);
#462=VECTOR('',#1736,10.);
#463=VECTOR('',#1737,10.);
#464=VECTOR('',#1738,10.);
#465=VECTOR('',#1739,10.);
#466=VECTOR('',#1742,10.);
#467=VECTOR('',#1743,10.);
#468=VECTOR('',#1744,10.);
#469=VECTOR('',#1747,10.);
#470=VECTOR('',#1748,10.);
#471=VECTOR('',#1749,10.);
#472=VECTOR('',#1750,10.);
#473=VECTOR('',#1753,10.);
#474=VECTOR('',#1754,10.);
#475=VECTOR('',#1755,10.);
#476=VECTOR('',#1758,10.);
#477=VECTOR('',#1759,10.);
#478=VECTOR('',#1760,10.);
#479=VECTOR('',#1761,10.);
#480=VECTOR('',#1764,10.);
#481=VECTOR('',#1765,10.);
#482=VECTOR('',#1766,10.);
#483=VECTOR('',#1769,10.);
#484=VECTOR('',#1770,10.);
#485=VECTOR('',#1771,10.);
#486=VECTOR('',#1772,10.);
#487=VECTOR('',#1775,10.);
#488=VECTOR('',#1776,10.);
#489=VECTOR('',#1777,10.);
#490=VECTOR('',#1780,10.);
#491=VECTOR('',#1781,10.);
#492=VECTOR('',#1782,10.);
#493=VECTOR('',#1783,10.);
#494=VECTOR('',#1786,10.);
#495=VECTOR('',#1787,10.);
#496=VECTOR('',#1788,10.);
#497=VECTOR('',#1791,10.);
#498=VECTOR('',#1794,10.);
#499=VECTOR('',#1797,10.);
#500=VECTOR('',#1798,10.);
#501=VECTOR('',#1801,10.);
#502=VECTOR('',#1802,10.);
#503=VECTOR('',#1803,10.);
#504=VECTOR('',#1808,10.);
#505=VECTOR('',#1811,10.);
#506=VECTOR('',#1812,10.);
#507=VECTOR('',#1815,10.);
#508=VECTOR('',#1816,10.);
#509=VECTOR('',#1817,10.);
#510=VECTOR('',#1818,10.);
#511=VECTOR('',#1821,10.);
#512=VECTOR('',#1828,10.);
#513=VECTOR('',#1829,10.);
#514=VECTOR('',#1830,10.);
#515=VECTOR('',#1831,10.);
#516=VECTOR('',#1832,10.);
#517=VECTOR('',#1833,10.);
#518=VECTOR('',#1834,10.);
#519=VECTOR('',#1837,10.);
#520=VECTOR('',#1838,10.);
#521=VECTOR('',#1839,10.);
#522=VECTOR('',#1840,10.);
#523=VECTOR('',#1843,10.);
#524=VECTOR('',#1850,10.);
#525=VECTOR('',#1851,10.);
#526=VECTOR('',#1852,10.);
#527=VECTOR('',#1853,10.);
#528=VECTOR('',#1860,10.);
#529=VECTOR('',#1863,10.);
#530=VECTOR('',#1864,10.);
#531=VECTOR('',#1865,10.);
#532=VECTOR('',#1868,10.);
#533=VECTOR('',#1869,10.);
#534=VECTOR('',#1874,10.);
#535=VECTOR('',#1875,10.);
#536=VECTOR('',#1876,10.);
#537=VECTOR('',#1881,10.);
#538=VECTOR('',#1886,10.);
#539=VECTOR('',#1887,10.);
#540=VECTOR('',#1888,10.);
#541=VECTOR('',#1891,10.);
#542=VECTOR('',#1892,10.);
#543=VECTOR('',#1895,10.);
#544=VECTOR('',#1896,10.);
#545=VECTOR('',#1899,10.);
#546=VECTOR('',#1902,10.);
#547=VECTOR('',#1903,10.);
#548=VECTOR('',#1904,10.);
#549=VECTOR('',#1905,10.);
#550=VECTOR('',#1906,10.);
#551=VECTOR('',#1907,10.);
#552=VECTOR('',#1908,10.);
#553=VECTOR('',#1909,10.);
#554=VECTOR('',#1910,10.);
#555=VECTOR('',#1911,10.);
#556=VECTOR('',#1912,10.);
#557=VECTOR('',#1913,10.);
#558=VECTOR('',#1914,10.);
#559=VECTOR('',#1915,10.);
#560=VECTOR('',#1916,10.);
#561=VECTOR('',#1917,10.);
#562=VECTOR('',#1918,10.);
#563=VECTOR('',#1919,10.);
#564=VECTOR('',#1920,10.);
#565=VECTOR('',#1921,10.);
#566=VECTOR('',#1928,10.);
#567=VECTOR('',#1929,10.);
#568=VECTOR('',#1930,10.);
#569=VECTOR('',#1931,10.);
#570=VECTOR('',#1940,10.);
#571=VECTOR('',#1943,10.);
#572=VECTOR('',#1946,10.);
#573=VECTOR('',#1947,10.);
#574=VECTOR('',#1952,10.);
#575=VECTOR('',#1953,10.);
#576=VECTOR('',#1954,10.);
#577=VECTOR('',#1955,10.);
#578=VECTOR('',#1964,10.);
#579=VECTOR('',#1967,10.);
#580=VECTOR('',#1970,10.);
#581=VECTOR('',#1971,10.);
#582=VECTOR('',#1974,10.);
#583=VECTOR('',#1975,10.);
#584=VECTOR('',#1978,10.);
#585=VECTOR('',#1983,10.);
#586=VECTOR('',#1984,10.);
#587=VECTOR('',#1987,10.);
#588=VECTOR('',#1992,10.);
#589=VECTOR('',#1993,10.);
#590=VECTOR('',#1996,10.);
#591=VECTOR('',#2001,10.);
#592=VECTOR('',#2002,10.);
#593=VECTOR('',#2005,10.);
#594=VECTOR('',#2010,10.);
#595=VECTOR('',#2011,10.);
#596=VECTOR('',#2014,10.);
#597=VECTOR('',#2019,10.);
#598=VECTOR('',#2020,10.);
#599=VECTOR('',#2023,10.);
#600=VECTOR('',#2030,1.50000000000001);
#601=VECTOR('',#2033,10.);
#602=VECTOR('',#2034,10.);
#603=VECTOR('',#2035,10.);
#604=VECTOR('',#2036,10.);
#605=VECTOR('',#2039,10.);
#606=VECTOR('',#2040,10.);
#607=VECTOR('',#2041,10.);
#608=VECTOR('',#2044,10.);
#609=VECTOR('',#2045,10.);
#610=VECTOR('',#2050,1.50000000000001);
#611=VECTOR('',#2053,10.);
#612=VECTOR('',#2054,10.);
#613=VECTOR('',#2055,10.);
#614=VECTOR('',#2056,10.);
#615=VECTOR('',#2059,10.);
#616=VECTOR('',#2060,10.);
#617=VECTOR('',#2061,10.);
#618=VECTOR('',#2064,10.);
#619=VECTOR('',#2065,10.);
#620=VECTOR('',#2068,10.);
#621=VECTOR('',#2069,10.);
#622=VECTOR('',#2072,10.);
#623=VECTOR('',#2077,0.599999999999996);
#624=VECTOR('',#2080,10.);
#625=VECTOR('',#2081,10.);
#626=VECTOR('',#2084,10.);
#627=VECTOR('',#2089,0.599999999999996);
#628=VECTOR('',#2092,10.);
#629=VECTOR('',#2093,10.);
#630=VECTOR('',#2094,10.);
#631=VECTOR('',#2097,10.);
#632=VECTOR('',#2098,10.);
#633=VECTOR('',#2101,10.);
#634=VECTOR('',#2102,10.);
#635=VECTOR('',#2105,10.);
#636=VECTOR('',#2110,0.599999999999996);
#637=VECTOR('',#2113,10.);
#638=VECTOR('',#2114,10.);
#639=VECTOR('',#2119,10.);
#640=VECTOR('',#2122,10.);
#641=VECTOR('',#2123,10.);
#642=VECTOR('',#2128,10.);
#643=VECTOR('',#2131,10.);
#644=VERTEX_POINT('',#2139);
#645=VERTEX_POINT('',#2140);
#646=VERTEX_POINT('',#2142);
#647=VERTEX_POINT('',#2144);
#648=VERTEX_POINT('',#2148);
#649=VERTEX_POINT('',#2149);
#650=VERTEX_POINT('',#2154);
#651=VERTEX_POINT('',#2155);
#652=VERTEX_POINT('',#2157);
#653=VERTEX_POINT('',#2159);
#654=VERTEX_POINT('',#2163);
#655=VERTEX_POINT('',#2164);
#656=VERTEX_POINT('',#2169);
#657=VERTEX_POINT('',#2170);
#658=VERTEX_POINT('',#2172);
#659=VERTEX_POINT('',#2174);
#660=VERTEX_POINT('',#2178);
#661=VERTEX_POINT('',#2179);
#662=VERTEX_POINT('',#2184);
#663=VERTEX_POINT('',#2185);
#664=VERTEX_POINT('',#2187);
#665=VERTEX_POINT('',#2189);
#666=VERTEX_POINT('',#2193);
#667=VERTEX_POINT('',#2194);
#668=VERTEX_POINT('',#2199);
#669=VERTEX_POINT('',#2200);
#670=VERTEX_POINT('',#2202);
#671=VERTEX_POINT('',#2204);
#672=VERTEX_POINT('',#2208);
#673=VERTEX_POINT('',#2209);
#674=VERTEX_POINT('',#2214);
#675=VERTEX_POINT('',#2215);
#676=VERTEX_POINT('',#2217);
#677=VERTEX_POINT('',#2219);
#678=VERTEX_POINT('',#2223);
#679=VERTEX_POINT('',#2224);
#680=VERTEX_POINT('',#2229);
#681=VERTEX_POINT('',#2230);
#682=VERTEX_POINT('',#2232);
#683=VERTEX_POINT('',#2234);
#684=VERTEX_POINT('',#2236);
#685=VERTEX_POINT('',#2238);
#686=VERTEX_POINT('',#2242);
#687=VERTEX_POINT('',#2243);
#688=VERTEX_POINT('',#2248);
#689=VERTEX_POINT('',#2252);
#690=VERTEX_POINT('',#2256);
#691=VERTEX_POINT('',#2257);
#692=VERTEX_POINT('',#2259);
#693=VERTEX_POINT('',#2261);
#694=VERTEX_POINT('',#2265);
#695=VERTEX_POINT('',#2266);
#696=VERTEX_POINT('',#2271);
#697=VERTEX_POINT('',#2272);
#698=VERTEX_POINT('',#2274);
#699=VERTEX_POINT('',#2276);
#700=VERTEX_POINT('',#2278);
#701=VERTEX_POINT('',#2280);
#702=VERTEX_POINT('',#2285);
#703=VERTEX_POINT('',#2286);
#704=VERTEX_POINT('',#2288);
#705=VERTEX_POINT('',#2290);
#706=VERTEX_POINT('',#2294);
#707=VERTEX_POINT('',#2299);
#708=VERTEX_POINT('',#2300);
#709=VERTEX_POINT('',#2302);
#710=VERTEX_POINT('',#2304);
#711=VERTEX_POINT('',#2308);
#712=VERTEX_POINT('',#2310);
#713=VERTEX_POINT('',#2314);
#714=VERTEX_POINT('',#2316);
#715=VERTEX_POINT('',#2320);
#716=VERTEX_POINT('',#2321);
#717=VERTEX_POINT('',#2326);
#718=VERTEX_POINT('',#2328);
#719=VERTEX_POINT('',#2332);
#720=VERTEX_POINT('',#2334);
#721=VERTEX_POINT('',#2338);
#722=VERTEX_POINT('',#2339);
#723=VERTEX_POINT('',#2344);
#724=VERTEX_POINT('',#2348);
#725=VERTEX_POINT('',#2349);
#726=VERTEX_POINT('',#2351);
#727=VERTEX_POINT('',#2353);
#728=VERTEX_POINT('',#2355);
#729=VERTEX_POINT('',#2357);
#730=VERTEX_POINT('',#2359);
#731=VERTEX_POINT('',#2361);
#732=VERTEX_POINT('',#2369);
#733=VERTEX_POINT('',#2372);
#734=VERTEX_POINT('',#2375);
#735=VERTEX_POINT('',#2378);
#736=VERTEX_POINT('',#2381);
#737=VERTEX_POINT('',#2384);
#738=VERTEX_POINT('',#2387);
#739=VERTEX_POINT('',#2389);
#740=VERTEX_POINT('',#2391);
#741=VERTEX_POINT('',#2393);
#742=VERTEX_POINT('',#2394);
#743=VERTEX_POINT('',#2396);
#744=VERTEX_POINT('',#2398);
#745=VERTEX_POINT('',#2401);
#746=VERTEX_POINT('',#2403);
#747=VERTEX_POINT('',#2411);
#748=VERTEX_POINT('',#2416);
#749=VERTEX_POINT('',#2417);
#750=VERTEX_POINT('',#2419);
#751=VERTEX_POINT('',#2421);
#752=VERTEX_POINT('',#2432);
#753=VERTEX_POINT('',#2436);
#754=VERTEX_POINT('',#2443);
#755=VERTEX_POINT('',#2450);
#756=VERTEX_POINT('',#2457);
#757=VERTEX_POINT('',#2464);
#758=VERTEX_POINT('',#2471);
#759=VERTEX_POINT('',#2478);
#760=VERTEX_POINT('',#2482);
#761=VERTEX_POINT('',#2483);
#762=VERTEX_POINT('',#2485);
#763=VERTEX_POINT('',#2487);
#764=VERTEX_POINT('',#2491);
#765=VERTEX_POINT('',#2493);
#766=VERTEX_POINT('',#2497);
#767=VERTEX_POINT('',#2501);
#768=VERTEX_POINT('',#2505);
#769=VERTEX_POINT('',#2506);
#770=VERTEX_POINT('',#2508);
#771=VERTEX_POINT('',#2510);
#772=VERTEX_POINT('',#2514);
#773=VERTEX_POINT('',#2516);
#774=VERTEX_POINT('',#2520);
#775=VERTEX_POINT('',#2524);
#776=VERTEX_POINT('',#2530);
#777=VERTEX_POINT('',#2534);
#778=VERTEX_POINT('',#2540);
#779=VERTEX_POINT('',#2544);
#780=VERTEX_POINT('',#2546);
#781=VERTEX_POINT('',#2550);
#782=VERTEX_POINT('',#2554);
#783=VERTEX_POINT('',#2560);
#784=VERTEX_POINT('',#2564);
#785=VERTEX_POINT('',#2568);
#786=VERTEX_POINT('',#2572);
#787=VERTEX_POINT('',#2576);
#788=EDGE_CURVE('',#644,#645,#266,.T.);
#789=EDGE_CURVE('',#646,#645,#267,.T.);
#790=EDGE_CURVE('',#647,#646,#268,.T.);
#791=EDGE_CURVE('',#644,#647,#269,.T.);
#792=EDGE_CURVE('',#648,#649,#270,.T.);
#793=EDGE_CURVE('',#645,#649,#271,.T.);
#794=EDGE_CURVE('',#648,#644,#272,.T.);
#795=EDGE_CURVE('',#650,#651,#273,.T.);
#796=EDGE_CURVE('',#652,#651,#274,.T.);
#797=EDGE_CURVE('',#653,#652,#275,.T.);
#798=EDGE_CURVE('',#650,#653,#276,.T.);
#799=EDGE_CURVE('',#654,#655,#277,.T.);
#800=EDGE_CURVE('',#651,#655,#278,.T.);
#801=EDGE_CURVE('',#654,#650,#279,.T.);
#802=EDGE_CURVE('',#656,#657,#280,.T.);
#803=EDGE_CURVE('',#658,#657,#281,.T.);
#804=EDGE_CURVE('',#659,#658,#282,.T.);
#805=EDGE_CURVE('',#656,#659,#283,.T.);
#806=EDGE_CURVE('',#660,#661,#284,.T.);
#807=EDGE_CURVE('',#657,#661,#285,.T.);
#808=EDGE_CURVE('',#660,#656,#286,.T.);
#809=EDGE_CURVE('',#662,#663,#287,.T.);
#810=EDGE_CURVE('',#664,#663,#288,.T.);
#811=EDGE_CURVE('',#665,#664,#289,.T.);
#812=EDGE_CURVE('',#662,#665,#290,.T.);
#813=EDGE_CURVE('',#666,#667,#291,.T.);
#814=EDGE_CURVE('',#663,#667,#292,.T.);
#815=EDGE_CURVE('',#666,#662,#293,.T.);
#816=EDGE_CURVE('',#668,#669,#294,.T.);
#817=EDGE_CURVE('',#670,#669,#295,.T.);
#818=EDGE_CURVE('',#671,#670,#296,.T.);
#819=EDGE_CURVE('',#668,#671,#297,.T.);
#820=EDGE_CURVE('',#672,#673,#298,.T.);
#821=EDGE_CURVE('',#669,#673,#299,.T.);
#822=EDGE_CURVE('',#672,#668,#300,.T.);
#823=EDGE_CURVE('',#674,#675,#301,.T.);
#824=EDGE_CURVE('',#676,#675,#302,.T.);
#825=EDGE_CURVE('',#677,#676,#303,.T.);
#826=EDGE_CURVE('',#674,#677,#304,.T.);
#827=EDGE_CURVE('',#678,#679,#305,.T.);
#828=EDGE_CURVE('',#675,#679,#306,.T.);
#829=EDGE_CURVE('',#678,#674,#307,.T.);
#830=EDGE_CURVE('',#680,#681,#308,.T.);
#831=EDGE_CURVE('',#682,#680,#52,.T.);
#832=EDGE_CURVE('',#682,#683,#309,.T.);
#833=EDGE_CURVE('',#683,#684,#53,.T.);
#834=EDGE_CURVE('',#684,#685,#310,.T.);
#835=EDGE_CURVE('',#685,#681,#311,.T.);
#836=EDGE_CURVE('',#686,#687,#312,.T.);
#837=EDGE_CURVE('',#687,#685,#313,.T.);
#838=EDGE_CURVE('',#686,#684,#314,.T.);
#839=EDGE_CURVE('',#688,#686,#54,.T.);
#840=EDGE_CURVE('',#688,#683,#315,.T.);
#841=EDGE_CURVE('',#689,#688,#316,.T.);
#842=EDGE_CURVE('',#689,#682,#317,.T.);
#843=EDGE_CURVE('',#690,#691,#318,.T.);
#844=EDGE_CURVE('',#692,#690,#319,.T.);
#845=EDGE_CURVE('',#693,#692,#320,.T.);
#846=EDGE_CURVE('',#691,#693,#321,.T.);
#847=EDGE_CURVE('',#694,#695,#322,.T.);
#848=EDGE_CURVE('',#690,#694,#55,.T.);
#849=EDGE_CURVE('',#695,#691,#56,.T.);
#850=EDGE_CURVE('',#696,#697,#323,.T.);
#851=EDGE_CURVE('',#698,#696,#324,.T.);
#852=EDGE_CURVE('',#699,#698,#325,.T.);
#853=EDGE_CURVE('',#700,#699,#326,.T.);
#854=EDGE_CURVE('',#701,#700,#327,.T.);
#855=EDGE_CURVE('',#694,#701,#328,.T.);
#856=EDGE_CURVE('',#697,#695,#329,.T.);
#857=EDGE_CURVE('',#702,#703,#330,.T.);
#858=EDGE_CURVE('',#702,#704,#331,.T.);
#859=EDGE_CURVE('',#704,#705,#332,.T.);
#860=EDGE_CURVE('',#703,#705,#333,.T.);
#861=EDGE_CURVE('',#706,#680,#334,.T.);
#862=EDGE_CURVE('',#706,#702,#57,.T.);
#863=EDGE_CURVE('',#689,#703,#58,.T.);
#864=EDGE_CURVE('',#707,#708,#335,.T.);
#865=EDGE_CURVE('',#709,#708,#336,.T.);
#866=EDGE_CURVE('',#710,#709,#337,.T.);
#867=EDGE_CURVE('',#707,#710,#338,.T.);
#868=EDGE_CURVE('',#711,#707,#59,.T.);
#869=EDGE_CURVE('',#712,#710,#60,.T.);
#870=EDGE_CURVE('',#711,#712,#339,.T.);
#871=EDGE_CURVE('',#713,#711,#340,.T.);
#872=EDGE_CURVE('',#714,#712,#341,.T.);
#873=EDGE_CURVE('',#713,#714,#342,.T.);
#874=EDGE_CURVE('',#715,#716,#343,.T.);
#875=EDGE_CURVE('',#715,#714,#344,.T.);
#876=EDGE_CURVE('',#716,#709,#61,.T.);
#877=EDGE_CURVE('',#717,#716,#345,.T.);
#878=EDGE_CURVE('',#717,#718,#346,.T.);
#879=EDGE_CURVE('',#718,#715,#347,.T.);
#880=EDGE_CURVE('',#719,#708,#62,.T.);
#881=EDGE_CURVE('',#720,#719,#348,.T.);
#882=EDGE_CURVE('',#720,#717,#63,.T.);
#883=EDGE_CURVE('',#721,#722,#349,.T.);
#884=EDGE_CURVE('',#721,#720,#350,.T.);
#885=EDGE_CURVE('',#722,#719,#351,.T.);
#886=EDGE_CURVE('',#723,#706,#352,.T.);
#887=EDGE_CURVE('',#723,#704,#353,.T.);
#888=EDGE_CURVE('',#724,#725,#354,.T.);
#889=EDGE_CURVE('',#724,#726,#355,.T.);
#890=EDGE_CURVE('',#727,#726,#64,.T.);
#891=EDGE_CURVE('',#727,#728,#356,.T.);
#892=EDGE_CURVE('',#729,#728,#65,.T.);
#893=EDGE_CURVE('',#729,#730,#357,.T.);
#894=EDGE_CURVE('',#730,#731,#358,.T.);
#895=EDGE_CURVE('',#731,#713,#359,.T.);
#896=EDGE_CURVE('',#721,#718,#360,.T.);
#897=EDGE_CURVE('',#696,#722,#361,.T.);
#898=EDGE_CURVE('',#705,#697,#362,.T.);
#899=EDGE_CURVE('',#723,#681,#363,.T.);
#900=EDGE_CURVE('',#725,#687,#364,.T.);
#901=EDGE_CURVE('',#732,#672,#365,.T.);
#902=EDGE_CURVE('',#671,#732,#366,.T.);
#903=EDGE_CURVE('',#733,#648,#367,.T.);
#904=EDGE_CURVE('',#647,#733,#368,.T.);
#905=EDGE_CURVE('',#734,#678,#369,.T.);
#906=EDGE_CURVE('',#677,#734,#370,.T.);
#907=EDGE_CURVE('',#735,#654,#371,.T.);
#908=EDGE_CURVE('',#653,#735,#372,.T.);
#909=EDGE_CURVE('',#736,#666,#373,.T.);
#910=EDGE_CURVE('',#665,#736,#374,.T.);
#911=EDGE_CURVE('',#737,#660,#375,.T.);
#912=EDGE_CURVE('',#659,#737,#376,.T.);
#913=EDGE_CURVE('',#738,#738,#66,.T.);
#914=EDGE_CURVE('',#739,#739,#67,.T.);
#915=EDGE_CURVE('',#740,#740,#68,.T.);
#916=EDGE_CURVE('',#741,#742,#377,.T.);
#917=EDGE_CURVE('',#743,#741,#378,.T.);
#918=EDGE_CURVE('',#744,#743,#379,.T.);
#919=EDGE_CURVE('',#742,#744,#380,.T.);
#920=EDGE_CURVE('',#745,#745,#69,.T.);
#921=EDGE_CURVE('',#746,#746,#70,.T.);
#922=EDGE_CURVE('',#725,#693,#381,.T.);
#923=EDGE_CURVE('',#692,#701,#382,.T.);
#924=EDGE_CURVE('',#747,#693,#383,.T.);
#925=EDGE_CURVE('',#724,#747,#384,.T.);
#926=EDGE_CURVE('',#748,#749,#385,.T.);
#927=EDGE_CURVE('',#750,#748,#386,.T.);
#928=EDGE_CURVE('',#750,#751,#387,.T.);
#929=EDGE_CURVE('',#749,#751,#388,.T.);
#930=EDGE_CURVE('',#699,#750,#71,.T.);
#931=EDGE_CURVE('',#751,#698,#72,.T.);
#932=EDGE_CURVE('',#700,#748,#389,.T.);
#933=EDGE_CURVE('',#749,#731,#390,.T.);
#934=EDGE_CURVE('',#730,#752,#391,.T.);
#935=EDGE_CURVE('',#749,#752,#392,.T.);
#936=EDGE_CURVE('',#732,#753,#393,.T.);
#937=EDGE_CURVE('',#673,#753,#394,.T.);
#938=EDGE_CURVE('',#753,#670,#395,.T.);
#939=EDGE_CURVE('',#733,#754,#396,.T.);
#940=EDGE_CURVE('',#649,#754,#397,.T.);
#941=EDGE_CURVE('',#754,#646,#398,.T.);
#942=EDGE_CURVE('',#734,#755,#399,.T.);
#943=EDGE_CURVE('',#679,#755,#400,.T.);
#944=EDGE_CURVE('',#755,#676,#401,.T.);
#945=EDGE_CURVE('',#735,#756,#402,.T.);
#946=EDGE_CURVE('',#655,#756,#403,.T.);
#947=EDGE_CURVE('',#756,#652,#404,.T.);
#948=EDGE_CURVE('',#736,#757,#405,.T.);
#949=EDGE_CURVE('',#667,#757,#406,.T.);
#950=EDGE_CURVE('',#757,#664,#407,.T.);
#951=EDGE_CURVE('',#737,#758,#408,.T.);
#952=EDGE_CURVE('',#661,#758,#409,.T.);
#953=EDGE_CURVE('',#758,#658,#410,.T.);
#954=EDGE_CURVE('',#759,#759,#73,.T.);
#955=EDGE_CURVE('',#759,#738,#411,.T.);
#956=EDGE_CURVE('',#760,#761,#412,.T.);
#957=EDGE_CURVE('',#762,#760,#413,.T.);
#958=EDGE_CURVE('',#763,#762,#414,.T.);
#959=EDGE_CURVE('',#761,#763,#415,.T.);
#960=EDGE_CURVE('',#762,#764,#416,.T.);
#961=EDGE_CURVE('',#765,#764,#417,.T.);
#962=EDGE_CURVE('',#763,#765,#418,.T.);
#963=EDGE_CURVE('',#760,#766,#419,.T.);
#964=EDGE_CURVE('',#764,#766,#420,.T.);
#965=EDGE_CURVE('',#767,#767,#74,.T.);
#966=EDGE_CURVE('',#767,#739,#421,.T.);
#967=EDGE_CURVE('',#768,#769,#422,.T.);
#968=EDGE_CURVE('',#770,#768,#423,.T.);
#969=EDGE_CURVE('',#771,#770,#424,.T.);
#970=EDGE_CURVE('',#769,#771,#425,.T.);
#971=EDGE_CURVE('',#770,#772,#426,.T.);
#972=EDGE_CURVE('',#773,#772,#427,.T.);
#973=EDGE_CURVE('',#771,#773,#428,.T.);
#974=EDGE_CURVE('',#768,#774,#429,.T.);
#975=EDGE_CURVE('',#772,#774,#430,.T.);
#976=EDGE_CURVE('',#775,#773,#431,.T.);
#977=EDGE_CURVE('',#769,#775,#432,.T.);
#978=EDGE_CURVE('',#774,#775,#433,.T.);
#979=EDGE_CURVE('',#776,#776,#75,.T.);
#980=EDGE_CURVE('',#776,#746,#434,.T.);
#981=EDGE_CURVE('',#777,#765,#435,.T.);
#982=EDGE_CURVE('',#761,#777,#436,.T.);
#983=EDGE_CURVE('',#766,#777,#437,.T.);
#984=EDGE_CURVE('',#778,#778,#76,.T.);
#985=EDGE_CURVE('',#778,#745,#438,.T.);
#986=EDGE_CURVE('',#741,#779,#439,.T.);
#987=EDGE_CURVE('',#780,#779,#440,.T.);
#988=EDGE_CURVE('',#743,#780,#441,.T.);
#989=EDGE_CURVE('',#781,#780,#442,.T.);
#990=EDGE_CURVE('',#744,#781,#443,.T.);
#991=EDGE_CURVE('',#782,#781,#444,.T.);
#992=EDGE_CURVE('',#742,#782,#445,.T.);
#993=EDGE_CURVE('',#779,#782,#446,.T.);
#994=EDGE_CURVE('',#783,#783,#77,.T.);
#995=EDGE_CURVE('',#783,#740,#447,.T.);
#996=EDGE_CURVE('',#784,#747,#448,.T.);
#997=EDGE_CURVE('',#726,#784,#449,.T.);
#998=EDGE_CURVE('',#785,#784,#78,.T.);
#999=EDGE_CURVE('',#727,#785,#450,.T.);
#1000=EDGE_CURVE('',#786,#785,#451,.T.);
#1001=EDGE_CURVE('',#728,#786,#452,.T.);
#1002=EDGE_CURVE('',#787,#786,#79,.T.);
#1003=EDGE_CURVE('',#729,#787,#453,.T.);
#1004=EDGE_CURVE('',#752,#787,#454,.T.);
#1005=ORIENTED_EDGE('',*,*,#788,.T.);
#1006=ORIENTED_EDGE('',*,*,#789,.F.);
#1007=ORIENTED_EDGE('',*,*,#790,.F.);
#1008=ORIENTED_EDGE('',*,*,#791,.F.);
#1009=ORIENTED_EDGE('',*,*,#792,.T.);
#1010=ORIENTED_EDGE('',*,*,#793,.F.);
#1011=ORIENTED_EDGE('',*,*,#788,.F.);
#1012=ORIENTED_EDGE('',*,*,#794,.F.);
#1013=ORIENTED_EDGE('',*,*,#795,.T.);
#1014=ORIENTED_EDGE('',*,*,#796,.F.);
#1015=ORIENTED_EDGE('',*,*,#797,.F.);
#1016=ORIENTED_EDGE('',*,*,#798,.F.);
#1017=ORIENTED_EDGE('',*,*,#799,.T.);
#1018=ORIENTED_EDGE('',*,*,#800,.F.);
#1019=ORIENTED_EDGE('',*,*,#795,.F.);
#1020=ORIENTED_EDGE('',*,*,#801,.F.);
#1021=ORIENTED_EDGE('',*,*,#802,.T.);
#1022=ORIENTED_EDGE('',*,*,#803,.F.);
#1023=ORIENTED_EDGE('',*,*,#804,.F.);
#1024=ORIENTED_EDGE('',*,*,#805,.F.);
#1025=ORIENTED_EDGE('',*,*,#806,.T.);
#1026=ORIENTED_EDGE('',*,*,#807,.F.);
#1027=ORIENTED_EDGE('',*,*,#802,.F.);
#1028=ORIENTED_EDGE('',*,*,#808,.F.);
#1029=ORIENTED_EDGE('',*,*,#809,.T.);
#1030=ORIENTED_EDGE('',*,*,#810,.F.);
#1031=ORIENTED_EDGE('',*,*,#811,.F.);
#1032=ORIENTED_EDGE('',*,*,#812,.F.);
#1033=ORIENTED_EDGE('',*,*,#813,.T.);
#1034=ORIENTED_EDGE('',*,*,#814,.F.);
#1035=ORIENTED_EDGE('',*,*,#809,.F.);
#1036=ORIENTED_EDGE('',*,*,#815,.F.);
#1037=ORIENTED_EDGE('',*,*,#816,.T.);
#1038=ORIENTED_EDGE('',*,*,#817,.F.);
#1039=ORIENTED_EDGE('',*,*,#818,.F.);
#1040=ORIENTED_EDGE('',*,*,#819,.F.);
#1041=ORIENTED_EDGE('',*,*,#820,.T.);
#1042=ORIENTED_EDGE('',*,*,#821,.F.);
#1043=ORIENTED_EDGE('',*,*,#816,.F.);
#1044=ORIENTED_EDGE('',*,*,#822,.F.);
#1045=ORIENTED_EDGE('',*,*,#823,.T.);
#1046=ORIENTED_EDGE('',*,*,#824,.F.);
#1047=ORIENTED_EDGE('',*,*,#825,.F.);
#1048=ORIENTED_EDGE('',*,*,#826,.F.);
#1049=ORIENTED_EDGE('',*,*,#827,.T.);
#1050=ORIENTED_EDGE('',*,*,#828,.F.);
#1051=ORIENTED_EDGE('',*,*,#823,.F.);
#1052=ORIENTED_EDGE('',*,*,#829,.F.);
#1053=ORIENTED_EDGE('',*,*,#830,.F.);
#1054=ORIENTED_EDGE('',*,*,#831,.F.);
#1055=ORIENTED_EDGE('',*,*,#832,.T.);
#1056=ORIENTED_EDGE('',*,*,#833,.T.);
#1057=ORIENTED_EDGE('',*,*,#834,.T.);
#1058=ORIENTED_EDGE('',*,*,#835,.T.);
#1059=ORIENTED_EDGE('',*,*,#836,.T.);
#1060=ORIENTED_EDGE('',*,*,#837,.T.);
#1061=ORIENTED_EDGE('',*,*,#834,.F.);
#1062=ORIENTED_EDGE('',*,*,#838,.F.);
#1063=ORIENTED_EDGE('',*,*,#839,.T.);
#1064=ORIENTED_EDGE('',*,*,#838,.T.);
#1065=ORIENTED_EDGE('',*,*,#833,.F.);
#1066=ORIENTED_EDGE('',*,*,#840,.F.);
#1067=ORIENTED_EDGE('',*,*,#841,.T.);
#1068=ORIENTED_EDGE('',*,*,#840,.T.);
#1069=ORIENTED_EDGE('',*,*,#832,.F.);
#1070=ORIENTED_EDGE('',*,*,#842,.F.);
#1071=ORIENTED_EDGE('',*,*,#843,.F.);
#1072=ORIENTED_EDGE('',*,*,#844,.F.);
#1073=ORIENTED_EDGE('',*,*,#845,.F.);
#1074=ORIENTED_EDGE('',*,*,#846,.F.);
#1075=ORIENTED_EDGE('',*,*,#847,.F.);
#1076=ORIENTED_EDGE('',*,*,#848,.F.);
#1077=ORIENTED_EDGE('',*,*,#843,.T.);
#1078=ORIENTED_EDGE('',*,*,#849,.F.);
#1079=ORIENTED_EDGE('',*,*,#850,.F.);
#1080=ORIENTED_EDGE('',*,*,#851,.F.);
#1081=ORIENTED_EDGE('',*,*,#852,.F.);
#1082=ORIENTED_EDGE('',*,*,#853,.F.);
#1083=ORIENTED_EDGE('',*,*,#854,.F.);
#1084=ORIENTED_EDGE('',*,*,#855,.F.);
#1085=ORIENTED_EDGE('',*,*,#847,.T.);
#1086=ORIENTED_EDGE('',*,*,#856,.F.);
#1087=ORIENTED_EDGE('',*,*,#857,.F.);
#1088=ORIENTED_EDGE('',*,*,#858,.T.);
#1089=ORIENTED_EDGE('',*,*,#859,.T.);
#1090=ORIENTED_EDGE('',*,*,#860,.F.);
#1091=ORIENTED_EDGE('',*,*,#831,.T.);
#1092=ORIENTED_EDGE('',*,*,#861,.F.);
#1093=ORIENTED_EDGE('',*,*,#862,.T.);
#1094=ORIENTED_EDGE('',*,*,#857,.T.);
#1095=ORIENTED_EDGE('',*,*,#863,.F.);
#1096=ORIENTED_EDGE('',*,*,#842,.T.);
#1097=ORIENTED_EDGE('',*,*,#864,.T.);
#1098=ORIENTED_EDGE('',*,*,#865,.F.);
#1099=ORIENTED_EDGE('',*,*,#866,.F.);
#1100=ORIENTED_EDGE('',*,*,#867,.F.);
#1101=ORIENTED_EDGE('',*,*,#868,.T.);
#1102=ORIENTED_EDGE('',*,*,#867,.T.);
#1103=ORIENTED_EDGE('',*,*,#869,.F.);
#1104=ORIENTED_EDGE('',*,*,#870,.F.);
#1105=ORIENTED_EDGE('',*,*,#871,.T.);
#1106=ORIENTED_EDGE('',*,*,#870,.T.);
#1107=ORIENTED_EDGE('',*,*,#872,.F.);
#1108=ORIENTED_EDGE('',*,*,#873,.F.);
#1109=ORIENTED_EDGE('',*,*,#874,.F.);
#1110=ORIENTED_EDGE('',*,*,#875,.T.);
#1111=ORIENTED_EDGE('',*,*,#872,.T.);
#1112=ORIENTED_EDGE('',*,*,#869,.T.);
#1113=ORIENTED_EDGE('',*,*,#866,.T.);
#1114=ORIENTED_EDGE('',*,*,#876,.F.);
#1115=ORIENTED_EDGE('',*,*,#874,.T.);
#1116=ORIENTED_EDGE('',*,*,#877,.F.);
#1117=ORIENTED_EDGE('',*,*,#878,.T.);
#1118=ORIENTED_EDGE('',*,*,#879,.T.);
#1119=ORIENTED_EDGE('',*,*,#876,.T.);
#1120=ORIENTED_EDGE('',*,*,#865,.T.);
#1121=ORIENTED_EDGE('',*,*,#880,.F.);
#1122=ORIENTED_EDGE('',*,*,#881,.F.);
#1123=ORIENTED_EDGE('',*,*,#882,.T.);
#1124=ORIENTED_EDGE('',*,*,#877,.T.);
#1125=ORIENTED_EDGE('',*,*,#883,.F.);
#1126=ORIENTED_EDGE('',*,*,#884,.T.);
#1127=ORIENTED_EDGE('',*,*,#881,.T.);
#1128=ORIENTED_EDGE('',*,*,#885,.F.);
#1129=ORIENTED_EDGE('',*,*,#858,.F.);
#1130=ORIENTED_EDGE('',*,*,#862,.F.);
#1131=ORIENTED_EDGE('',*,*,#886,.F.);
#1132=ORIENTED_EDGE('',*,*,#887,.T.);
#1133=ORIENTED_EDGE('',*,*,#888,.F.);
#1134=ORIENTED_EDGE('',*,*,#889,.T.);
#1135=ORIENTED_EDGE('',*,*,#890,.F.);
#1136=ORIENTED_EDGE('',*,*,#891,.T.);
#1137=ORIENTED_EDGE('',*,*,#892,.F.);
#1138=ORIENTED_EDGE('',*,*,#893,.T.);
#1139=ORIENTED_EDGE('',*,*,#894,.T.);
#1140=ORIENTED_EDGE('',*,*,#895,.T.);
#1141=ORIENTED_EDGE('',*,*,#873,.T.);
#1142=ORIENTED_EDGE('',*,*,#875,.F.);
#1143=ORIENTED_EDGE('',*,*,#879,.F.);
#1144=ORIENTED_EDGE('',*,*,#896,.F.);
#1145=ORIENTED_EDGE('',*,*,#883,.T.);
#1146=ORIENTED_EDGE('',*,*,#897,.F.);
#1147=ORIENTED_EDGE('',*,*,#850,.T.);
#1148=ORIENTED_EDGE('',*,*,#898,.F.);
#1149=ORIENTED_EDGE('',*,*,#859,.F.);
#1150=ORIENTED_EDGE('',*,*,#887,.F.);
#1151=ORIENTED_EDGE('',*,*,#899,.T.);
#1152=ORIENTED_EDGE('',*,*,#835,.F.);
#1153=ORIENTED_EDGE('',*,*,#837,.F.);
#1154=ORIENTED_EDGE('',*,*,#900,.F.);
#1155=ORIENTED_EDGE('',*,*,#901,.T.);
#1156=ORIENTED_EDGE('',*,*,#822,.T.);
#1157=ORIENTED_EDGE('',*,*,#819,.T.);
#1158=ORIENTED_EDGE('',*,*,#902,.T.);
#1159=ORIENTED_EDGE('',*,*,#903,.T.);
#1160=ORIENTED_EDGE('',*,*,#794,.T.);
#1161=ORIENTED_EDGE('',*,*,#791,.T.);
#1162=ORIENTED_EDGE('',*,*,#904,.T.);
#1163=ORIENTED_EDGE('',*,*,#905,.T.);
#1164=ORIENTED_EDGE('',*,*,#829,.T.);
#1165=ORIENTED_EDGE('',*,*,#826,.T.);
#1166=ORIENTED_EDGE('',*,*,#906,.T.);
#1167=ORIENTED_EDGE('',*,*,#907,.T.);
#1168=ORIENTED_EDGE('',*,*,#801,.T.);
#1169=ORIENTED_EDGE('',*,*,#798,.T.);
#1170=ORIENTED_EDGE('',*,*,#908,.T.);
#1171=ORIENTED_EDGE('',*,*,#909,.T.);
#1172=ORIENTED_EDGE('',*,*,#815,.T.);
#1173=ORIENTED_EDGE('',*,*,#812,.T.);
#1174=ORIENTED_EDGE('',*,*,#910,.T.);
#1175=ORIENTED_EDGE('',*,*,#911,.T.);
#1176=ORIENTED_EDGE('',*,*,#808,.T.);
#1177=ORIENTED_EDGE('',*,*,#805,.T.);
#1178=ORIENTED_EDGE('',*,*,#912,.T.);
#1179=ORIENTED_EDGE('',*,*,#913,.F.);
#1180=ORIENTED_EDGE('',*,*,#914,.F.);
#1181=ORIENTED_EDGE('',*,*,#915,.F.);
#1182=ORIENTED_EDGE('',*,*,#916,.F.);
#1183=ORIENTED_EDGE('',*,*,#917,.F.);
#1184=ORIENTED_EDGE('',*,*,#918,.F.);
#1185=ORIENTED_EDGE('',*,*,#919,.F.);
#1186=ORIENTED_EDGE('',*,*,#920,.F.);
#1187=ORIENTED_EDGE('',*,*,#921,.F.);
#1188=ORIENTED_EDGE('',*,*,#830,.T.);
#1189=ORIENTED_EDGE('',*,*,#899,.F.);
#1190=ORIENTED_EDGE('',*,*,#886,.T.);
#1191=ORIENTED_EDGE('',*,*,#861,.T.);
#1192=ORIENTED_EDGE('',*,*,#900,.T.);
#1193=ORIENTED_EDGE('',*,*,#836,.F.);
#1194=ORIENTED_EDGE('',*,*,#839,.F.);
#1195=ORIENTED_EDGE('',*,*,#841,.F.);
#1196=ORIENTED_EDGE('',*,*,#863,.T.);
#1197=ORIENTED_EDGE('',*,*,#860,.T.);
#1198=ORIENTED_EDGE('',*,*,#898,.T.);
#1199=ORIENTED_EDGE('',*,*,#856,.T.);
#1200=ORIENTED_EDGE('',*,*,#849,.T.);
#1201=ORIENTED_EDGE('',*,*,#846,.T.);
#1202=ORIENTED_EDGE('',*,*,#922,.F.);
#1203=ORIENTED_EDGE('',*,*,#923,.F.);
#1204=ORIENTED_EDGE('',*,*,#844,.T.);
#1205=ORIENTED_EDGE('',*,*,#848,.T.);
#1206=ORIENTED_EDGE('',*,*,#855,.T.);
#1207=ORIENTED_EDGE('',*,*,#922,.T.);
#1208=ORIENTED_EDGE('',*,*,#924,.F.);
#1209=ORIENTED_EDGE('',*,*,#925,.F.);
#1210=ORIENTED_EDGE('',*,*,#888,.T.);
#1211=ORIENTED_EDGE('',*,*,#884,.F.);
#1212=ORIENTED_EDGE('',*,*,#896,.T.);
#1213=ORIENTED_EDGE('',*,*,#878,.F.);
#1214=ORIENTED_EDGE('',*,*,#882,.F.);
#1215=ORIENTED_EDGE('',*,*,#926,.F.);
#1216=ORIENTED_EDGE('',*,*,#927,.F.);
#1217=ORIENTED_EDGE('',*,*,#928,.T.);
#1218=ORIENTED_EDGE('',*,*,#929,.F.);
#1219=ORIENTED_EDGE('',*,*,#928,.F.);
#1220=ORIENTED_EDGE('',*,*,#930,.F.);
#1221=ORIENTED_EDGE('',*,*,#852,.T.);
#1222=ORIENTED_EDGE('',*,*,#931,.F.);
#1223=ORIENTED_EDGE('',*,*,#932,.F.);
#1224=ORIENTED_EDGE('',*,*,#853,.T.);
#1225=ORIENTED_EDGE('',*,*,#930,.T.);
#1226=ORIENTED_EDGE('',*,*,#927,.T.);
#1227=ORIENTED_EDGE('',*,*,#880,.T.);
#1228=ORIENTED_EDGE('',*,*,#864,.F.);
#1229=ORIENTED_EDGE('',*,*,#868,.F.);
#1230=ORIENTED_EDGE('',*,*,#871,.F.);
#1231=ORIENTED_EDGE('',*,*,#895,.F.);
#1232=ORIENTED_EDGE('',*,*,#933,.F.);
#1233=ORIENTED_EDGE('',*,*,#929,.T.);
#1234=ORIENTED_EDGE('',*,*,#931,.T.);
#1235=ORIENTED_EDGE('',*,*,#851,.T.);
#1236=ORIENTED_EDGE('',*,*,#897,.T.);
#1237=ORIENTED_EDGE('',*,*,#885,.T.);
#1238=ORIENTED_EDGE('',*,*,#933,.T.);
#1239=ORIENTED_EDGE('',*,*,#894,.F.);
#1240=ORIENTED_EDGE('',*,*,#934,.T.);
#1241=ORIENTED_EDGE('',*,*,#935,.F.);
#1242=ORIENTED_EDGE('',*,*,#936,.T.);
#1243=ORIENTED_EDGE('',*,*,#937,.F.);
#1244=ORIENTED_EDGE('',*,*,#820,.F.);
#1245=ORIENTED_EDGE('',*,*,#901,.F.);
#1246=ORIENTED_EDGE('',*,*,#818,.T.);
#1247=ORIENTED_EDGE('',*,*,#938,.F.);
#1248=ORIENTED_EDGE('',*,*,#936,.F.);
#1249=ORIENTED_EDGE('',*,*,#902,.F.);
#1250=ORIENTED_EDGE('',*,*,#821,.T.);
#1251=ORIENTED_EDGE('',*,*,#937,.T.);
#1252=ORIENTED_EDGE('',*,*,#938,.T.);
#1253=ORIENTED_EDGE('',*,*,#817,.T.);
#1254=ORIENTED_EDGE('',*,*,#939,.T.);
#1255=ORIENTED_EDGE('',*,*,#940,.F.);
#1256=ORIENTED_EDGE('',*,*,#792,.F.);
#1257=ORIENTED_EDGE('',*,*,#903,.F.);
#1258=ORIENTED_EDGE('',*,*,#790,.T.);
#1259=ORIENTED_EDGE('',*,*,#941,.F.);
#1260=ORIENTED_EDGE('',*,*,#939,.F.);
#1261=ORIENTED_EDGE('',*,*,#904,.F.);
#1262=ORIENTED_EDGE('',*,*,#793,.T.);
#1263=ORIENTED_EDGE('',*,*,#940,.T.);
#1264=ORIENTED_EDGE('',*,*,#941,.T.);
#1265=ORIENTED_EDGE('',*,*,#789,.T.);
#1266=ORIENTED_EDGE('',*,*,#942,.T.);
#1267=ORIENTED_EDGE('',*,*,#943,.F.);
#1268=ORIENTED_EDGE('',*,*,#827,.F.);
#1269=ORIENTED_EDGE('',*,*,#905,.F.);
#1270=ORIENTED_EDGE('',*,*,#825,.T.);
#1271=ORIENTED_EDGE('',*,*,#944,.F.);
#1272=ORIENTED_EDGE('',*,*,#942,.F.);
#1273=ORIENTED_EDGE('',*,*,#906,.F.);
#1274=ORIENTED_EDGE('',*,*,#828,.T.);
#1275=ORIENTED_EDGE('',*,*,#943,.T.);
#1276=ORIENTED_EDGE('',*,*,#944,.T.);
#1277=ORIENTED_EDGE('',*,*,#824,.T.);
#1278=ORIENTED_EDGE('',*,*,#945,.T.);
#1279=ORIENTED_EDGE('',*,*,#946,.F.);
#1280=ORIENTED_EDGE('',*,*,#799,.F.);
#1281=ORIENTED_EDGE('',*,*,#907,.F.);
#1282=ORIENTED_EDGE('',*,*,#797,.T.);
#1283=ORIENTED_EDGE('',*,*,#947,.F.);
#1284=ORIENTED_EDGE('',*,*,#945,.F.);
#1285=ORIENTED_EDGE('',*,*,#908,.F.);
#1286=ORIENTED_EDGE('',*,*,#800,.T.);
#1287=ORIENTED_EDGE('',*,*,#946,.T.);
#1288=ORIENTED_EDGE('',*,*,#947,.T.);
#1289=ORIENTED_EDGE('',*,*,#796,.T.);
#1290=ORIENTED_EDGE('',*,*,#948,.T.);
#1291=ORIENTED_EDGE('',*,*,#949,.F.);
#1292=ORIENTED_EDGE('',*,*,#813,.F.);
#1293=ORIENTED_EDGE('',*,*,#909,.F.);
#1294=ORIENTED_EDGE('',*,*,#811,.T.);
#1295=ORIENTED_EDGE('',*,*,#950,.F.);
#1296=ORIENTED_EDGE('',*,*,#948,.F.);
#1297=ORIENTED_EDGE('',*,*,#910,.F.);
#1298=ORIENTED_EDGE('',*,*,#814,.T.);
#1299=ORIENTED_EDGE('',*,*,#949,.T.);
#1300=ORIENTED_EDGE('',*,*,#950,.T.);
#1301=ORIENTED_EDGE('',*,*,#810,.T.);
#1302=ORIENTED_EDGE('',*,*,#951,.T.);
#1303=ORIENTED_EDGE('',*,*,#952,.F.);
#1304=ORIENTED_EDGE('',*,*,#806,.F.);
#1305=ORIENTED_EDGE('',*,*,#911,.F.);
#1306=ORIENTED_EDGE('',*,*,#804,.T.);
#1307=ORIENTED_EDGE('',*,*,#953,.F.);
#1308=ORIENTED_EDGE('',*,*,#951,.F.);
#1309=ORIENTED_EDGE('',*,*,#912,.F.);
#1310=ORIENTED_EDGE('',*,*,#807,.T.);
#1311=ORIENTED_EDGE('',*,*,#952,.T.);
#1312=ORIENTED_EDGE('',*,*,#953,.T.);
#1313=ORIENTED_EDGE('',*,*,#803,.T.);
#1314=ORIENTED_EDGE('',*,*,#954,.F.);
#1315=ORIENTED_EDGE('',*,*,#955,.T.);
#1316=ORIENTED_EDGE('',*,*,#913,.T.);
#1317=ORIENTED_EDGE('',*,*,#955,.F.);
#1318=ORIENTED_EDGE('',*,*,#956,.F.);
#1319=ORIENTED_EDGE('',*,*,#957,.F.);
#1320=ORIENTED_EDGE('',*,*,#958,.F.);
#1321=ORIENTED_EDGE('',*,*,#959,.F.);
#1322=ORIENTED_EDGE('',*,*,#954,.T.);
#1323=ORIENTED_EDGE('',*,*,#958,.T.);
#1324=ORIENTED_EDGE('',*,*,#960,.T.);
#1325=ORIENTED_EDGE('',*,*,#961,.F.);
#1326=ORIENTED_EDGE('',*,*,#962,.F.);
#1327=ORIENTED_EDGE('',*,*,#957,.T.);
#1328=ORIENTED_EDGE('',*,*,#963,.T.);
#1329=ORIENTED_EDGE('',*,*,#964,.F.);
#1330=ORIENTED_EDGE('',*,*,#960,.F.);
#1331=ORIENTED_EDGE('',*,*,#965,.F.);
#1332=ORIENTED_EDGE('',*,*,#966,.T.);
#1333=ORIENTED_EDGE('',*,*,#914,.T.);
#1334=ORIENTED_EDGE('',*,*,#966,.F.);
#1335=ORIENTED_EDGE('',*,*,#967,.F.);
#1336=ORIENTED_EDGE('',*,*,#968,.F.);
#1337=ORIENTED_EDGE('',*,*,#969,.F.);
#1338=ORIENTED_EDGE('',*,*,#970,.F.);
#1339=ORIENTED_EDGE('',*,*,#965,.T.);
#1340=ORIENTED_EDGE('',*,*,#969,.T.);
#1341=ORIENTED_EDGE('',*,*,#971,.T.);
#1342=ORIENTED_EDGE('',*,*,#972,.F.);
#1343=ORIENTED_EDGE('',*,*,#973,.F.);
#1344=ORIENTED_EDGE('',*,*,#968,.T.);
#1345=ORIENTED_EDGE('',*,*,#974,.T.);
#1346=ORIENTED_EDGE('',*,*,#975,.F.);
#1347=ORIENTED_EDGE('',*,*,#971,.F.);
#1348=ORIENTED_EDGE('',*,*,#970,.T.);
#1349=ORIENTED_EDGE('',*,*,#973,.T.);
#1350=ORIENTED_EDGE('',*,*,#976,.F.);
#1351=ORIENTED_EDGE('',*,*,#977,.F.);
#1352=ORIENTED_EDGE('',*,*,#967,.T.);
#1353=ORIENTED_EDGE('',*,*,#977,.T.);
#1354=ORIENTED_EDGE('',*,*,#978,.F.);
#1355=ORIENTED_EDGE('',*,*,#974,.F.);
#1356=ORIENTED_EDGE('',*,*,#979,.F.);
#1357=ORIENTED_EDGE('',*,*,#980,.T.);
#1358=ORIENTED_EDGE('',*,*,#921,.T.);
#1359=ORIENTED_EDGE('',*,*,#980,.F.);
#1360=ORIENTED_EDGE('',*,*,#959,.T.);
#1361=ORIENTED_EDGE('',*,*,#962,.T.);
#1362=ORIENTED_EDGE('',*,*,#981,.F.);
#1363=ORIENTED_EDGE('',*,*,#982,.F.);
#1364=ORIENTED_EDGE('',*,*,#956,.T.);
#1365=ORIENTED_EDGE('',*,*,#982,.T.);
#1366=ORIENTED_EDGE('',*,*,#983,.F.);
#1367=ORIENTED_EDGE('',*,*,#963,.F.);
#1368=ORIENTED_EDGE('',*,*,#984,.F.);
#1369=ORIENTED_EDGE('',*,*,#985,.T.);
#1370=ORIENTED_EDGE('',*,*,#920,.T.);
#1371=ORIENTED_EDGE('',*,*,#985,.F.);
#1372=ORIENTED_EDGE('',*,*,#917,.T.);
#1373=ORIENTED_EDGE('',*,*,#986,.T.);
#1374=ORIENTED_EDGE('',*,*,#987,.F.);
#1375=ORIENTED_EDGE('',*,*,#988,.F.);
#1376=ORIENTED_EDGE('',*,*,#918,.T.);
#1377=ORIENTED_EDGE('',*,*,#988,.T.);
#1378=ORIENTED_EDGE('',*,*,#989,.F.);
#1379=ORIENTED_EDGE('',*,*,#990,.F.);
#1380=ORIENTED_EDGE('',*,*,#919,.T.);
#1381=ORIENTED_EDGE('',*,*,#990,.T.);
#1382=ORIENTED_EDGE('',*,*,#991,.F.);
#1383=ORIENTED_EDGE('',*,*,#992,.F.);
#1384=ORIENTED_EDGE('',*,*,#916,.T.);
#1385=ORIENTED_EDGE('',*,*,#992,.T.);
#1386=ORIENTED_EDGE('',*,*,#993,.F.);
#1387=ORIENTED_EDGE('',*,*,#986,.F.);
#1388=ORIENTED_EDGE('',*,*,#994,.F.);
#1389=ORIENTED_EDGE('',*,*,#995,.T.);
#1390=ORIENTED_EDGE('',*,*,#915,.T.);
#1391=ORIENTED_EDGE('',*,*,#995,.F.);
#1392=ORIENTED_EDGE('',*,*,#889,.F.);
#1393=ORIENTED_EDGE('',*,*,#925,.T.);
#1394=ORIENTED_EDGE('',*,*,#996,.F.);
#1395=ORIENTED_EDGE('',*,*,#997,.F.);
#1396=ORIENTED_EDGE('',*,*,#890,.T.);
#1397=ORIENTED_EDGE('',*,*,#997,.T.);
#1398=ORIENTED_EDGE('',*,*,#998,.F.);
#1399=ORIENTED_EDGE('',*,*,#999,.F.);
#1400=ORIENTED_EDGE('',*,*,#891,.F.);
#1401=ORIENTED_EDGE('',*,*,#999,.T.);
#1402=ORIENTED_EDGE('',*,*,#1000,.F.);
#1403=ORIENTED_EDGE('',*,*,#1001,.F.);
#1404=ORIENTED_EDGE('',*,*,#892,.T.);
#1405=ORIENTED_EDGE('',*,*,#1001,.T.);
#1406=ORIENTED_EDGE('',*,*,#1002,.F.);
#1407=ORIENTED_EDGE('',*,*,#1003,.F.);
#1408=ORIENTED_EDGE('',*,*,#893,.F.);
#1409=ORIENTED_EDGE('',*,*,#1003,.T.);
#1410=ORIENTED_EDGE('',*,*,#1004,.F.);
#1411=ORIENTED_EDGE('',*,*,#934,.F.);
#1412=ORIENTED_EDGE('',*,*,#924,.T.);
#1413=ORIENTED_EDGE('',*,*,#845,.T.);
#1414=ORIENTED_EDGE('',*,*,#923,.T.);
#1415=ORIENTED_EDGE('',*,*,#854,.T.);
#1416=ORIENTED_EDGE('',*,*,#932,.T.);
#1417=ORIENTED_EDGE('',*,*,#926,.T.);
#1418=ORIENTED_EDGE('',*,*,#935,.T.);
#1419=ORIENTED_EDGE('',*,*,#1004,.T.);
#1420=ORIENTED_EDGE('',*,*,#1002,.T.);
#1421=ORIENTED_EDGE('',*,*,#1000,.T.);
#1422=ORIENTED_EDGE('',*,*,#998,.T.);
#1423=ORIENTED_EDGE('',*,*,#996,.T.);
#1424=ORIENTED_EDGE('',*,*,#994,.T.);
#1425=ORIENTED_EDGE('',*,*,#993,.T.);
#1426=ORIENTED_EDGE('',*,*,#991,.T.);
#1427=ORIENTED_EDGE('',*,*,#989,.T.);
#1428=ORIENTED_EDGE('',*,*,#987,.T.);
#1429=ORIENTED_EDGE('',*,*,#984,.T.);
#1430=ORIENTED_EDGE('',*,*,#983,.T.);
#1431=ORIENTED_EDGE('',*,*,#981,.T.);
#1432=ORIENTED_EDGE('',*,*,#961,.T.);
#1433=ORIENTED_EDGE('',*,*,#964,.T.);
#1434=ORIENTED_EDGE('',*,*,#979,.T.);
#1435=ORIENTED_EDGE('',*,*,#978,.T.);
#1436=ORIENTED_EDGE('',*,*,#976,.T.);
#1437=ORIENTED_EDGE('',*,*,#972,.T.);
#1438=ORIENTED_EDGE('',*,*,#975,.T.);
#1439=PLANE('',#1607);
#1440=PLANE('',#1608);
#1441=PLANE('',#1609);
#1442=PLANE('',#1610);
#1443=PLANE('',#1611);
#1444=PLANE('',#1612);
#1445=PLANE('',#1613);
#1446=PLANE('',#1614);
#1447=PLANE('',#1615);
#1448=PLANE('',#1616);
#1449=PLANE('',#1617);
#1450=PLANE('',#1618);
#1451=PLANE('',#1619);
#1452=PLANE('',#1622);
#1453=PLANE('',#1625);
#1454=PLANE('',#1626);
#1455=PLANE('',#1630);
#1456=PLANE('',#1631);
#1457=PLANE('',#1635);
#1458=PLANE('',#1639);
#1459=PLANE('',#1640);
#1460=PLANE('',#1642);
#1461=PLANE('',#1646);
#1462=PLANE('',#1647);
#1463=PLANE('',#1648);
#1464=PLANE('',#1656);
#1465=PLANE('',#1657);
#1466=PLANE('',#1658);
#1467=PLANE('',#1659);
#1468=PLANE('',#1660);
#1469=PLANE('',#1661);
#1470=PLANE('',#1665);
#1471=PLANE('',#1666);
#1472=PLANE('',#1667);
#1473=PLANE('',#1668);
#1474=PLANE('',#1669);
#1475=PLANE('',#1670);
#1476=PLANE('',#1671);
#1477=PLANE('',#1672);
#1478=PLANE('',#1673);
#1479=PLANE('',#1674);
#1480=PLANE('',#1675);
#1481=PLANE('',#1676);
#1482=PLANE('',#1677);
#1483=PLANE('',#1678);
#1484=PLANE('',#1679);
#1485=PLANE('',#1680);
#1486=PLANE('',#1681);
#1487=PLANE('',#1682);
#1488=PLANE('',#1683);
#1489=PLANE('',#1684);
#1490=PLANE('',#1685);
#1491=PLANE('',#1688);
#1492=PLANE('',#1689);
#1493=PLANE('',#1690);
#1494=PLANE('',#1693);
#1495=PLANE('',#1694);
#1496=PLANE('',#1695);
#1497=PLANE('',#1696);
#1498=PLANE('',#1697);
#1499=PLANE('',#1700);
#1500=PLANE('',#1701);
#1501=PLANE('',#1704);
#1502=PLANE('',#1705);
#1503=PLANE('',#1706);
#1504=PLANE('',#1707);
#1505=PLANE('',#1710);
#1506=PLANE('',#1713);
#1507=PLANE('',#1716);
#1508=PLANE('',#1717);
#1509=ADVANCED_FACE('',(#80),#1439,.T.);
#1510=ADVANCED_FACE('',(#81),#1440,.T.);
#1511=ADVANCED_FACE('',(#82),#1441,.T.);
#1512=ADVANCED_FACE('',(#83),#1442,.T.);
#1513=ADVANCED_FACE('',(#84),#1443,.T.);
#1514=ADVANCED_FACE('',(#85),#1444,.T.);
#1515=ADVANCED_FACE('',(#86),#1445,.T.);
#1516=ADVANCED_FACE('',(#87),#1446,.T.);
#1517=ADVANCED_FACE('',(#88),#1447,.T.);
#1518=ADVANCED_FACE('',(#89),#1448,.T.);
#1519=ADVANCED_FACE('',(#90),#1449,.T.);
#1520=ADVANCED_FACE('',(#91),#1450,.T.);
#1521=ADVANCED_FACE('',(#92),#1451,.F.);
#1522=ADVANCED_FACE('',(#93),#1452,.T.);
#1523=ADVANCED_FACE('',(#94),#39,.F.);
#1524=ADVANCED_FACE('',(#95),#1453,.T.);
#1525=ADVANCED_FACE('',(#96),#1454,.T.);
#1526=ADVANCED_FACE('',(#97),#40,.T.);
#1527=ADVANCED_FACE('',(#98),#1455,.T.);
#1528=ADVANCED_FACE('',(#99),#1456,.T.);
#1529=ADVANCED_FACE('',(#100),#41,.F.);
#1530=ADVANCED_FACE('',(#101),#1457,.T.);
#1531=ADVANCED_FACE('',(#102),#42,.F.);
#1532=ADVANCED_FACE('',(#103),#1458,.T.);
#1533=ADVANCED_FACE('',(#104),#1459,.F.);
#1534=ADVANCED_FACE('',(#105),#1460,.T.);
#1535=ADVANCED_FACE('',(#106),#43,.F.);
#1536=ADVANCED_FACE('',(#107),#1461,.T.);
#1537=ADVANCED_FACE('',(#108),#1462,.T.);
#1538=ADVANCED_FACE('',(#109,#19,#20,#21,#22,#23,#24,#25,#26,#27,#28,#29,
#30),#1463,.F.);
#1539=ADVANCED_FACE('',(#110),#1464,.T.);
#1540=ADVANCED_FACE('',(#111),#1465,.T.);
#1541=ADVANCED_FACE('',(#112),#1466,.F.);
#1542=ADVANCED_FACE('',(#113),#1467,.T.);
#1543=ADVANCED_FACE('',(#114),#1468,.T.);
#1544=ADVANCED_FACE('',(#115),#1469,.T.);
#1545=ADVANCED_FACE('',(#116),#44,.T.);
#1546=ADVANCED_FACE('',(#117),#1470,.F.);
#1547=ADVANCED_FACE('',(#118),#1471,.T.);
#1548=ADVANCED_FACE('',(#119),#1472,.T.);
#1549=ADVANCED_FACE('',(#120),#1473,.T.);
#1550=ADVANCED_FACE('',(#121),#1474,.T.);
#1551=ADVANCED_FACE('',(#122),#1475,.F.);
#1552=ADVANCED_FACE('',(#123),#1476,.T.);
#1553=ADVANCED_FACE('',(#124),#1477,.T.);
#1554=ADVANCED_FACE('',(#125),#1478,.F.);
#1555=ADVANCED_FACE('',(#126),#1479,.T.);
#1556=ADVANCED_FACE('',(#127),#1480,.T.);
#1557=ADVANCED_FACE('',(#128),#1481,.F.);
#1558=ADVANCED_FACE('',(#129),#1482,.T.);
#1559=ADVANCED_FACE('',(#130),#1483,.T.);
#1560=ADVANCED_FACE('',(#131),#1484,.F.);
#1561=ADVANCED_FACE('',(#132),#1485,.T.);
#1562=ADVANCED_FACE('',(#133),#1486,.T.);
#1563=ADVANCED_FACE('',(#134),#1487,.F.);
#1564=ADVANCED_FACE('',(#135),#1488,.T.);
#1565=ADVANCED_FACE('',(#136),#1489,.T.);
#1566=ADVANCED_FACE('',(#137),#1490,.F.);
#1567=ADVANCED_FACE('',(#138),#45,.F.);
#1568=ADVANCED_FACE('',(#139,#31),#1491,.T.);
#1569=ADVANCED_FACE('',(#140),#1492,.T.);
#1570=ADVANCED_FACE('',(#141),#1493,.T.);
#1571=ADVANCED_FACE('',(#142),#46,.F.);
#1572=ADVANCED_FACE('',(#143,#32),#1494,.T.);
#1573=ADVANCED_FACE('',(#144),#1495,.T.);
#1574=ADVANCED_FACE('',(#145),#1496,.T.);
#1575=ADVANCED_FACE('',(#146),#1497,.T.);
#1576=ADVANCED_FACE('',(#147),#1498,.T.);
#1577=ADVANCED_FACE('',(#148),#47,.F.);
#1578=ADVANCED_FACE('',(#149),#1499,.T.);
#1579=ADVANCED_FACE('',(#150),#1500,.T.);
#1580=ADVANCED_FACE('',(#151),#48,.F.);
#1581=ADVANCED_FACE('',(#152),#1501,.T.);
#1582=ADVANCED_FACE('',(#153),#1502,.T.);
#1583=ADVANCED_FACE('',(#154),#1503,.T.);
#1584=ADVANCED_FACE('',(#155),#1504,.T.);
#1585=ADVANCED_FACE('',(#156),#49,.F.);
#1586=ADVANCED_FACE('',(#157),#1505,.T.);
#1587=ADVANCED_FACE('',(#158),#50,.T.);
#1588=ADVANCED_FACE('',(#159),#1506,.T.);
#1589=ADVANCED_FACE('',(#160),#51,.T.);
#1590=ADVANCED_FACE('',(#161),#1507,.T.);
#1591=ADVANCED_FACE('',(#162,#33,#34,#35,#36,#37,#38),#1508,.T.);
#1592=CLOSED_SHELL('',(#1509,#1510,#1511,#1512,#1513,#1514,#1515,#1516,
#1517,#1518,#1519,#1520,#1521,#1522,#1523,#1524,#1525,#1526,#1527,#1528,
#1529,#1530,#1531,#1532,#1533,#1534,#1535,#1536,#1537,#1538,#1539,#1540,
#1541,#1542,#1543,#1544,#1545,#1546,#1547,#1548,#1549,#1550,#1551,#1552,
#1553,#1554,#1555,#1556,#1557,#1558,#1559,#1560,#1561,#1562,#1563,#1564,
#1565,#1566,#1567,#1568,#1569,#1570,#1571,#1572,#1573,#1574,#1575,#1576,
#1577,#1578,#1579,#1580,#1581,#1582,#1583,#1584,#1585,#1586,#1587,#1588,
#1589,#1590,#1591));
#1593=DERIVED_UNIT_ELEMENT(#1595,1.);
#1594=DERIVED_UNIT_ELEMENT(#2590,-3.);
#1595=(
MASS_UNIT()
NAMED_UNIT(*)
SI_UNIT(.KILO.,.GRAM.)
);
#1596=DERIVED_UNIT((#1593,#1594));
#1597=MEASURE_REPRESENTATION_ITEM('density measure',
POSITIVE_RATIO_MEASURE(7850.),#1596);
#1598=PROPERTY_DEFINITION_REPRESENTATION(#1603,#1600);
#1599=PROPERTY_DEFINITION_REPRESENTATION(#1604,#1601);
#1600=REPRESENTATION('material name',(#1602),#2587);
#1601=REPRESENTATION('density',(#1597),#2587);
#1602=DESCRIPTIVE_REPRESENTATION_ITEM('Steel','Steel');
#1603=PROPERTY_DEFINITION('material property','material name',#2602);
#1604=PROPERTY_DEFINITION('material property','density of part',#2602);
#1605=AXIS2_PLACEMENT_3D('',#2136,#1719,#1720);
#1606=AXIS2_PLACEMENT_3D('',#2137,#1721,#1722);
#1607=AXIS2_PLACEMENT_3D('',#2138,#1723,#1724);
#1608=AXIS2_PLACEMENT_3D('',#2147,#1729,#1730);
#1609=AXIS2_PLACEMENT_3D('',#2153,#1734,#1735);
#1610=AXIS2_PLACEMENT_3D('',#2162,#1740,#1741);
#1611=AXIS2_PLACEMENT_3D('',#2168,#1745,#1746);
#1612=AXIS2_PLACEMENT_3D('',#2177,#1751,#1752);
#1613=AXIS2_PLACEMENT_3D('',#2183,#1756,#1757);
#1614=AXIS2_PLACEMENT_3D('',#2192,#1762,#1763);
#1615=AXIS2_PLACEMENT_3D('',#2198,#1767,#1768);
#1616=AXIS2_PLACEMENT_3D('',#2207,#1773,#1774);
#1617=AXIS2_PLACEMENT_3D('',#2213,#1778,#1779);
#1618=AXIS2_PLACEMENT_3D('',#2222,#1784,#1785);
#1619=AXIS2_PLACEMENT_3D('',#2228,#1789,#1790);
#1620=AXIS2_PLACEMENT_3D('',#2233,#1792,#1793);
#1621=AXIS2_PLACEMENT_3D('',#2237,#1795,#1796);
#1622=AXIS2_PLACEMENT_3D('',#2241,#1799,#1800);
#1623=AXIS2_PLACEMENT_3D('',#2247,#1804,#1805);
#1624=AXIS2_PLACEMENT_3D('',#2249,#1806,#1807);
#1625=AXIS2_PLACEMENT_3D('',#2251,#1809,#1810);
#1626=AXIS2_PLACEMENT_3D('',#2255,#1813,#1814);
#1627=AXIS2_PLACEMENT_3D('',#2264,#1819,#1820);
#1628=AXIS2_PLACEMENT_3D('',#2268,#1822,#1823);
#1629=AXIS2_PLACEMENT_3D('',#2269,#1824,#1825);
#1630=AXIS2_PLACEMENT_3D('',#2270,#1826,#1827);
#1631=AXIS2_PLACEMENT_3D('',#2284,#1835,#1836);
#1632=AXIS2_PLACEMENT_3D('',#2293,#1841,#1842);
#1633=AXIS2_PLACEMENT_3D('',#2296,#1844,#1845);
#1634=AXIS2_PLACEMENT_3D('',#2297,#1846,#1847);
#1635=AXIS2_PLACEMENT_3D('',#2298,#1848,#1849);
#1636=AXIS2_PLACEMENT_3D('',#2307,#1854,#1855);
#1637=AXIS2_PLACEMENT_3D('',#2309,#1856,#1857);
#1638=AXIS2_PLACEMENT_3D('',#2311,#1858,#1859);
#1639=AXIS2_PLACEMENT_3D('',#2313,#1861,#1862);
#1640=AXIS2_PLACEMENT_3D('',#2319,#1866,#1867);
#1641=AXIS2_PLACEMENT_3D('',#2324,#1870,#1871);
#1642=AXIS2_PLACEMENT_3D('',#2325,#1872,#1873);
#1643=AXIS2_PLACEMENT_3D('',#2331,#1877,#1878);
#1644=AXIS2_PLACEMENT_3D('',#2333,#1879,#1880);
#1645=AXIS2_PLACEMENT_3D('',#2336,#1882,#1883);
#1646=AXIS2_PLACEMENT_3D('',#2337,#1884,#1885);
#1647=AXIS2_PLACEMENT_3D('',#2343,#1889,#1890);
#1648=AXIS2_PLACEMENT_3D('',#2347,#1893,#1894);
#1649=AXIS2_PLACEMENT_3D('',#2354,#1897,#1898);
#1650=AXIS2_PLACEMENT_3D('',#2358,#1900,#1901);
#1651=AXIS2_PLACEMENT_3D('',#2388,#1922,#1923);
#1652=AXIS2_PLACEMENT_3D('',#2390,#1924,#1925);
#1653=AXIS2_PLACEMENT_3D('',#2392,#1926,#1927);
#1654=AXIS2_PLACEMENT_3D('',#2402,#1932,#1933);
#1655=AXIS2_PLACEMENT_3D('',#2404,#1934,#1935);
#1656=AXIS2_PLACEMENT_3D('',#2405,#1936,#1937);
#1657=AXIS2_PLACEMENT_3D('',#2406,#1938,#1939);
#1658=AXIS2_PLACEMENT_3D('',#2408,#1941,#1942);
#1659=AXIS2_PLACEMENT_3D('',#2410,#1944,#1945);
#1660=AXIS2_PLACEMENT_3D('',#2414,#1948,#1949);
#1661=AXIS2_PLACEMENT_3D('',#2415,#1950,#1951);
#1662=AXIS2_PLACEMENT_3D('',#2424,#1956,#1957);
#1663=AXIS2_PLACEMENT_3D('',#2425,#1958,#1959);
#1664=AXIS2_PLACEMENT_3D('',#2426,#1960,#1961);
#1665=AXIS2_PLACEMENT_3D('',#2427,#1962,#1963);
#1666=AXIS2_PLACEMENT_3D('',#2429,#1965,#1966);
#1667=AXIS2_PLACEMENT_3D('',#2431,#1968,#1969);
#1668=AXIS2_PLACEMENT_3D('',#2435,#1972,#1973);
#1669=AXIS2_PLACEMENT_3D('',#2439,#1976,#1977);
#1670=AXIS2_PLACEMENT_3D('',#2441,#1979,#1980);
#1671=AXIS2_PLACEMENT_3D('',#2442,#1981,#1982);
#1672=AXIS2_PLACEMENT_3D('',#2446,#1985,#1986);
#1673=AXIS2_PLACEMENT_3D('',#2448,#1988,#1989);
#1674=AXIS2_PLACEMENT_3D('',#2449,#1990,#1991);
#1675=AXIS2_PLACEMENT_3D('',#2453,#1994,#1995);
#1676=AXIS2_PLACEMENT_3D('',#2455,#1997,#1998);
#1677=AXIS2_PLACEMENT_3D('',#2456,#1999,#2000);
#1678=AXIS2_PLACEMENT_3D('',#2460,#2003,#2004);
#1679=AXIS2_PLACEMENT_3D('',#2462,#2006,#2007);
#1680=AXIS2_PLACEMENT_3D('',#2463,#2008,#2009);
#1681=AXIS2_PLACEMENT_3D('',#2467,#2012,#2013);
#1682=AXIS2_PLACEMENT_3D('',#2469,#2015,#2016);
#1683=AXIS2_PLACEMENT_3D('',#2470,#2017,#2018);
#1684=AXIS2_PLACEMENT_3D('',#2474,#2021,#2022);
#1685=AXIS2_PLACEMENT_3D('',#2476,#2024,#2025);
#1686=AXIS2_PLACEMENT_3D('',#2477,#2026,#2027);
#1687=AXIS2_PLACEMENT_3D('',#2479,#2028,#2029);
#1688=AXIS2_PLACEMENT_3D('',#2481,#2031,#2032);
#1689=AXIS2_PLACEMENT_3D('',#2490,#2037,#2038);
#1690=AXIS2_PLACEMENT_3D('',#2496,#2042,#2043);
#1691=AXIS2_PLACEMENT_3D('',#2500,#2046,#2047);
#1692=AXIS2_PLACEMENT_3D('',#2502,#2048,#2049);
#1693=AXIS2_PLACEMENT_3D('',#2504,#2051,#2052);
#1694=AXIS2_PLACEMENT_3D('',#2513,#2057,#2058);
#1695=AXIS2_PLACEMENT_3D('',#2519,#2062,#2063);
#1696=AXIS2_PLACEMENT_3D('',#2523,#2066,#2067);
#1697=AXIS2_PLACEMENT_3D('',#2527,#2070,#2071);
#1698=AXIS2_PLACEMENT_3D('',#2529,#2073,#2074);
#1699=AXIS2_PLACEMENT_3D('',#2531,#2075,#2076);
#1700=AXIS2_PLACEMENT_3D('',#2533,#2078,#2079);
#1701=AXIS2_PLACEMENT_3D('',#2537,#2082,#2083);
#1702=AXIS2_PLACEMENT_3D('',#2539,#2085,#2086);
#1703=AXIS2_PLACEMENT_3D('',#2541,#2087,#2088);
#1704=AXIS2_PLACEMENT_3D('',#2543,#2090,#2091);
#1705=AXIS2_PLACEMENT_3D('',#2549,#2095,#2096);
#1706=AXIS2_PLACEMENT_3D('',#2553,#2099,#2100);
#1707=AXIS2_PLACEMENT_3D('',#2557,#2103,#2104);
#1708=AXIS2_PLACEMENT_3D('',#2559,#2106,#2107);
#1709=AXIS2_PLACEMENT_3D('',#2561,#2108,#2109);
#1710=AXIS2_PLACEMENT_3D('',#2563,#2111,#2112);
#1711=AXIS2_PLACEMENT_3D('',#2567,#2115,#2116);
#1712=AXIS2_PLACEMENT_3D('',#2569,#2117,#2118);
#1713=AXIS2_PLACEMENT_3D('',#2571,#2120,#2121);
#1714=AXIS2_PLACEMENT_3D('',#2575,#2124,#2125);
#1715=AXIS2_PLACEMENT_3D('',#2577,#2126,#2127);
#1716=AXIS2_PLACEMENT_3D('',#2579,#2129,#2130);
#1717=AXIS2_PLACEMENT_3D('',#2581,#2132,#2133);
#1718=AXIS2_PLACEMENT_3D('',#2582,#2134,#2135);
#1719=DIRECTION('axis',(0.,0.,1.));
#1720=DIRECTION('refdir',(1.,0.,0.));
#1721=DIRECTION('axis',(0.,0.,1.));
#1722=DIRECTION('refdir',(1.,0.,0.));
#1723=DIRECTION('center_axis',(-1.,0.,0.));
#1724=DIRECTION('ref_axis',(0.,1.,0.));
#1725=DIRECTION('',(0.,0.,-1.));
#1726=DIRECTION('',(0.,1.,0.));
#1727=DIRECTION('',(0.,0.,-1.));
#1728=DIRECTION('',(0.,-1.,0.));
#1729=DIRECTION('center_axis',(0.,1.,0.));
#1730=DIRECTION('ref_axis',(1.,0.,0.));
#1731=DIRECTION('',(0.,0.,-1.));
#1732=DIRECTION('',(1.,0.,0.));
#1733=DIRECTION('',(-1.,0.,0.));
#1734=DIRECTION('center_axis',(1.,0.,0.));
#1735=DIRECTION('ref_axis',(0.,-1.,0.));
#1736=DIRECTION('',(0.,0.,-1.));
#1737=DIRECTION('',(0.,-1.,0.));
#1738=DIRECTION('',(0.,0.,-1.));
#1739=DIRECTION('',(0.,1.,0.));
#1740=DIRECTION('center_axis',(0.,-1.,0.));
#1741=DIRECTION('ref_axis',(-1.,0.,0.));
#1742=DIRECTION('',(0.,0.,-1.));
#1743=DIRECTION('',(-1.,0.,0.));
#1744=DIRECTION('',(1.,0.,0.));
#1745=DIRECTION('center_axis',(-1.,0.,0.));
#1746=DIRECTION('ref_axis',(0.,1.,0.));
#1747=DIRECTION('',(0.,0.,-1.));
#1748=DIRECTION('',(0.,1.,0.));
#1749=DIRECTION('',(0.,0.,-1.));
#1750=DIRECTION('',(0.,-1.,0.));
#1751=DIRECTION('center_axis',(0.,1.,0.));
#1752=DIRECTION('ref_axis',(1.,0.,0.));
#1753=DIRECTION('',(0.,0.,-1.));
#1754=DIRECTION('',(1.,0.,0.));
#1755=DIRECTION('',(-1.,0.,0.));
#1756=DIRECTION('center_axis',(0.,1.,0.));
#1757=DIRECTION('ref_axis',(1.,0.,0.));
#1758=DIRECTION('',(0.,0.,-1.));
#1759=DIRECTION('',(1.,0.,0.));
#1760=DIRECTION('',(0.,0.,-1.));
#1761=DIRECTION('',(-1.,0.,0.));
#1762=DIRECTION('center_axis',(1.,0.,0.));
#1763=DIRECTION('ref_axis',(0.,-1.,0.));
#1764=DIRECTION('',(0.,0.,-1.));
#1765=DIRECTION('',(0.,-1.,0.));
#1766=DIRECTION('',(0.,1.,0.));
#1767=DIRECTION('center_axis',(0.,-1.,0.));
#1768=DIRECTION('ref_axis',(-1.,0.,0.));
#1769=DIRECTION('',(0.,0.,-1.));
#1770=DIRECTION('',(-1.,0.,0.));
#1771=DIRECTION('',(0.,0.,-1.));
#1772=DIRECTION('',(1.,0.,0.));
#1773=DIRECTION('center_axis',(-1.,0.,0.));
#1774=DIRECTION('ref_axis',(0.,1.,0.));
#1775=DIRECTION('',(0.,0.,-1.));
#1776=DIRECTION('',(0.,1.,0.));
#1777=DIRECTION('',(0.,-1.,0.));
#1778=DIRECTION('center_axis',(0.,-1.,0.));
#1779=DIRECTION('ref_axis',(-1.,0.,0.));
#1780=DIRECTION('',(0.,0.,-1.));
#1781=DIRECTION('',(-1.,0.,0.));
#1782=DIRECTION('',(0.,0.,-1.));
#1783=DIRECTION('',(1.,0.,0.));
#1784=DIRECTION('center_axis',(-1.,0.,0.));
#1785=DIRECTION('ref_axis',(0.,1.,0.));
#1786=DIRECTION('',(0.,0.,-1.));
#1787=DIRECTION('',(0.,1.,0.));
#1788=DIRECTION('',(0.,-1.,0.));
#1789=DIRECTION('center_axis',(1.,0.,0.));
#1790=DIRECTION('ref_axis',(0.,0.,-1.));
#1791=DIRECTION('',(0.,-1.11022302462516E-14,-1.));
#1792=DIRECTION('center_axis',(1.,0.,0.));
#1793=DIRECTION('ref_axis',(0.,1.,-1.27879091841642E-14));
#1794=DIRECTION('',(0.,-1.,0.));
#1795=DIRECTION('center_axis',(1.,0.,0.));
#1796=DIRECTION('ref_axis',(0.,-0.661437827766148,0.75));
#1797=DIRECTION('',(0.,0.,-1.));
#1798=DIRECTION('',(0.,-1.,0.));
#1799=DIRECTION('center_axis',(0.,1.,0.));
#1800=DIRECTION('ref_axis',(0.,0.,-1.));
#1801=DIRECTION('',(0.,0.,-1.));
#1802=DIRECTION('',(-1.,0.,0.));
#1803=DIRECTION('',(-1.,0.,0.));
#1804=DIRECTION('center_axis',(-1.,0.,0.));
#1805=DIRECTION('ref_axis',(0.,-0.661437827766148,0.75));
#1806=DIRECTION('center_axis',(1.,0.,0.));
#1807=DIRECTION('ref_axis',(0.,-0.661437827766148,0.75));
#1808=DIRECTION('',(-1.,0.,0.));
#1809=DIRECTION('center_axis',(0.,0.,-1.));
#1810=DIRECTION('ref_axis',(0.,-1.,0.));
#1811=DIRECTION('',(0.,-1.,0.));
#1812=DIRECTION('',(-1.,0.,0.));
#1813=DIRECTION('center_axis',(0.,-1.,0.));
#1814=DIRECTION('ref_axis',(0.,0.,-1.));
#1815=DIRECTION('',(1.,0.,0.));
#1816=DIRECTION('',(0.,0.,1.));
#1817=DIRECTION('',(-1.,0.,0.));
#1818=DIRECTION('',(0.,0.,-1.));
#1819=DIRECTION('center_axis',(1.,0.,0.));
#1820=DIRECTION('ref_axis',(0.,1.,-1.09528728886787E-14));
#1821=DIRECTION('',(1.,0.,0.));
#1822=DIRECTION('center_axis',(-1.,0.,0.));
#1823=DIRECTION('ref_axis',(0.,1.,-1.09528728886787E-14));
#1824=DIRECTION('center_axis',(1.,0.,0.));
#1825=DIRECTION('ref_axis',(0.,1.,-1.09528728886787E-14));
#1826=DIRECTION('center_axis',(0.,1.,0.));
#1827=DIRECTION('ref_axis',(-1.,0.,0.));
#1828=DIRECTION('',(1.,0.,0.));
#1829=DIRECTION('',(0.,0.,-1.));
#1830=DIRECTION('',(-1.,0.,0.));
#1831=DIRECTION('',(0.,0.,1.));
#1832=DIRECTION('',(-1.,0.,0.));
#1833=DIRECTION('',(0.,0.,-1.));
#1834=DIRECTION('',(0.,0.,1.));
#1835=DIRECTION('center_axis',(0.,-1.,2.52323414687539E-16));
#1836=DIRECTION('ref_axis',(0.,-2.52323414687539E-16,-1.));
#1837=DIRECTION('',(1.,0.,0.));
#1838=DIRECTION('',(0.,-2.52323414687539E-16,-1.));
#1839=DIRECTION('',(1.,0.,0.));
#1840=DIRECTION('',(0.,-2.52323414687539E-16,-1.));
#1841=DIRECTION('center_axis',(1.,0.,0.));
#1842=DIRECTION('ref_axis',(0.,1.,-1.27879091841642E-14));
#1843=DIRECTION('',(1.,0.,0.));
#1844=DIRECTION('center_axis',(-1.,0.,0.));
#1845=DIRECTION('ref_axis',(0.,1.,-1.27879091841642E-14));
#1846=DIRECTION('center_axis',(-1.,0.,0.));
#1847=DIRECTION('ref_axis',(0.,1.,-1.27879091841642E-14));
#1848=DIRECTION('center_axis',(0.,0.,-1.));
#1849=DIRECTION('ref_axis',(0.,1.,0.));
#1850=DIRECTION('',(0.,1.,0.));
#1851=DIRECTION('',(-1.,0.,0.));
#1852=DIRECTION('',(0.,1.,0.));
#1853=DIRECTION('',(1.,0.,0.));
#1854=DIRECTION('center_axis',(1.,0.,0.));
#1855=DIRECTION('ref_axis',(0.,-0.661437827766148,0.75));
#1856=DIRECTION('center_axis',(-1.,0.,0.));
#1857=DIRECTION('ref_axis',(0.,-0.661437827766148,0.75));
#1858=DIRECTION('center_axis',(-1.,0.,0.));
#1859=DIRECTION('ref_axis',(0.,-0.661437827766148,0.75));
#1860=DIRECTION('',(1.,0.,0.));
#1861=DIRECTION('center_axis',(0.,1.,0.));
#1862=DIRECTION('ref_axis',(0.,0.,1.));
#1863=DIRECTION('',(0.,0.,1.));
#1864=DIRECTION('',(0.,0.,1.));
#1865=DIRECTION('',(1.,0.,0.));
#1866=DIRECTION('center_axis',(-1.,0.,0.));
#1867=DIRECTION('ref_axis',(0.,0.,1.));
#1868=DIRECTION('',(0.,1.11022302462516E-14,1.));
#1869=DIRECTION('',(0.,1.,0.));
#1870=DIRECTION('center_axis',(-1.,0.,0.));
#1871=DIRECTION('ref_axis',(0.,1.,-1.27879091841642E-14));
#1872=DIRECTION('center_axis',(0.,1.,-1.11022302462516E-14));
#1873=DIRECTION('ref_axis',(0.,-1.11022302462516E-14,-1.));
#1874=DIRECTION('',(-1.,0.,0.));
#1875=DIRECTION('',(0.,-1.11022302462516E-14,-1.));
#1876=DIRECTION('',(-1.,0.,0.));
#1877=DIRECTION('center_axis',(-1.,0.,0.));
#1878=DIRECTION('ref_axis',(0.,1.,-1.27879091841642E-14));
#1879=DIRECTION('center_axis',(1.,0.,0.));
#1880=DIRECTION('ref_axis',(0.,1.,-1.27879091841642E-14));
#1881=DIRECTION('',(-1.,0.,0.));
#1882=DIRECTION('center_axis',(1.,0.,0.));
#1883=DIRECTION('ref_axis',(0.,1.,-1.27879091841642E-14));
#1884=DIRECTION('center_axis',(0.,-1.,2.52323414687539E-16));
#1885=DIRECTION('ref_axis',(0.,2.52323414687539E-16,1.));
#1886=DIRECTION('',(-1.,0.,0.));
#1887=DIRECTION('',(0.,2.52323414687539E-16,1.));
#1888=DIRECTION('',(0.,2.52323414687539E-16,1.));
#1889=DIRECTION('center_axis',(1.,0.,0.));
#1890=DIRECTION('ref_axis',(0.,0.,-1.));
#1891=DIRECTION('',(0.,1.11022302462516E-14,1.));
#1892=DIRECTION('',(0.,1.,0.));
#1893=DIRECTION('center_axis',(0.,0.,1.));
#1894=DIRECTION('ref_axis',(1.,0.,0.));
#1895=DIRECTION('',(-1.,0.,0.));
#1896=DIRECTION('',(0.,-1.,0.));
#1897=DIRECTION('center_axis',(0.,0.,1.));
#1898=DIRECTION('ref_axis',(0.,-1.,0.));
#1899=DIRECTION('',(-1.,0.,0.));
#1900=DIRECTION('center_axis',(0.,0.,1.));
#1901=DIRECTION('ref_axis',(-1.,0.,0.));
#1902=DIRECTION('',(0.,1.,0.));
#1903=DIRECTION('',(1.,2.77555756156289E-16,0.));
#1904=DIRECTION('',(0.,1.,0.));
#1905=DIRECTION('',(0.,-1.,0.));
#1906=DIRECTION('',(0.,-1.,0.));
#1907=DIRECTION('',(0.,1.,0.));
#1908=DIRECTION('',(1.,0.,0.));
#1909=DIRECTION('',(0.,1.,0.));
#1910=DIRECTION('',(-1.,0.,0.));
#1911=DIRECTION('',(0.,1.,0.));
#1912=DIRECTION('',(0.,1.,0.));
#1913=DIRECTION('',(1.,0.,0.));
#1914=DIRECTION('',(-1.,0.,0.));
#1915=DIRECTION('',(0.,1.,0.));
#1916=DIRECTION('',(0.,-1.,0.));
#1917=DIRECTION('',(-1.,0.,0.));
#1918=DIRECTION('',(1.,0.,0.));
#1919=DIRECTION('',(0.,-1.,0.));
#1920=DIRECTION('',(0.,1.,0.));
#1921=DIRECTION('',(1.,0.,0.));
#1922=DIRECTION('center_axis',(0.,0.,-1.));
#1923=DIRECTION('ref_axis',(1.,0.,0.));
#1924=DIRECTION('center_axis',(0.,0.,-1.));
#1925=DIRECTION('ref_axis',(1.,0.,0.));
#1926=DIRECTION('center_axis',(0.,0.,-1.));
#1927=DIRECTION('ref_axis',(1.,0.,0.));
#1928=DIRECTION('',(-1.,0.,0.));
#1929=DIRECTION('',(0.,-1.,0.));
#1930=DIRECTION('',(1.,-3.09006860696561E-17,0.));
#1931=DIRECTION('',(0.,1.,0.));
#1932=DIRECTION('center_axis',(0.,0.,-1.));
#1933=DIRECTION('ref_axis',(1.,0.,0.));
#1934=DIRECTION('center_axis',(0.,0.,-1.));
#1935=DIRECTION('ref_axis',(1.,0.,0.));
#1936=DIRECTION('center_axis',(0.,1.,-1.11022302462516E-14));
#1937=DIRECTION('ref_axis',(0.,1.11022302462516E-14,1.));
#1938=DIRECTION('center_axis',(1.,0.,0.));
#1939=DIRECTION('ref_axis',(0.,0.,-1.));
#1940=DIRECTION('',(0.,0.,1.));
#1941=DIRECTION('center_axis',(1.,0.,0.));
#1942=DIRECTION('ref_axis',(0.,0.,-1.));
#1943=DIRECTION('',(0.,1.,0.));
#1944=DIRECTION('center_axis',(0.,1.,0.));
#1945=DIRECTION('ref_axis',(-1.,0.,0.));
#1946=DIRECTION('',(-1.,0.,0.));
#1947=DIRECTION('',(0.,0.,1.));
#1948=DIRECTION('center_axis',(-1.,0.,0.));
#1949=DIRECTION('ref_axis',(0.,0.,1.));
#1950=DIRECTION('center_axis',(0.,-1.,0.));
#1951=DIRECTION('ref_axis',(0.,0.,1.));
#1952=DIRECTION('',(-1.,-2.77555756156289E-16,0.));
#1953=DIRECTION('',(0.,0.,-1.));
#1954=DIRECTION('',(-1.,0.,0.));
#1955=DIRECTION('',(0.,0.,1.));
#1956=DIRECTION('center_axis',(-1.,0.,0.));
#1957=DIRECTION('ref_axis',(0.,1.,-1.09528728886787E-14));
#1958=DIRECTION('center_axis',(1.,0.,0.));
#1959=DIRECTION('ref_axis',(0.,1.,-1.09528728886787E-14));
#1960=DIRECTION('center_axis',(-1.,0.,0.));
#1961=DIRECTION('ref_axis',(0.,1.,-1.09528728886787E-14));
#1962=DIRECTION('center_axis',(-1.,0.,0.));
#1963=DIRECTION('ref_axis',(0.,0.,1.));
#1964=DIRECTION('',(0.,-1.,0.));
#1965=DIRECTION('center_axis',(-1.,0.,0.));
#1966=DIRECTION('ref_axis',(0.,0.,1.));
#1967=DIRECTION('',(0.,0.,-1.));
#1968=DIRECTION('center_axis',(-2.77555756156289E-16,1.,0.));
#1969=DIRECTION('ref_axis',(-1.,-2.77555756156289E-16,0.));
#1970=DIRECTION('',(0.,0.,1.));
#1971=DIRECTION('',(-1.,-2.77555756156289E-16,0.));
#1972=DIRECTION('center_axis',(0.,1.,0.));
#1973=DIRECTION('ref_axis',(1.,0.,0.));
#1974=DIRECTION('',(0.,0.,-1.));
#1975=DIRECTION('',(1.,0.,0.));
#1976=DIRECTION('center_axis',(1.,0.,0.));
#1977=DIRECTION('ref_axis',(0.,-1.,0.));
#1978=DIRECTION('',(0.,-1.,0.));
#1979=DIRECTION('center_axis',(0.,0.,1.));
#1980=DIRECTION('ref_axis',(1.,0.,0.));
#1981=DIRECTION('center_axis',(1.,0.,0.));
#1982=DIRECTION('ref_axis',(0.,-1.,0.));
#1983=DIRECTION('',(0.,0.,-1.));
#1984=DIRECTION('',(0.,-1.,0.));
#1985=DIRECTION('center_axis',(0.,-1.,0.));
#1986=DIRECTION('ref_axis',(-1.,0.,0.));
#1987=DIRECTION('',(-1.,0.,0.));
#1988=DIRECTION('center_axis',(0.,0.,1.));
#1989=DIRECTION('ref_axis',(1.,0.,0.));
#1990=DIRECTION('center_axis',(0.,1.,0.));
#1991=DIRECTION('ref_axis',(1.,0.,0.));
#1992=DIRECTION('',(0.,0.,-1.));
#1993=DIRECTION('',(1.,0.,0.));
#1994=DIRECTION('center_axis',(1.,0.,0.));
#1995=DIRECTION('ref_axis',(0.,-1.,0.));
#1996=DIRECTION('',(0.,-1.,0.));
#1997=DIRECTION('center_axis',(0.,0.,1.));
#1998=DIRECTION('ref_axis',(1.,0.,0.));
#1999=DIRECTION('center_axis',(-1.,0.,0.));
#2000=DIRECTION('ref_axis',(0.,1.,0.));
#2001=DIRECTION('',(0.,0.,-1.));
#2002=DIRECTION('',(0.,1.,0.));
#2003=DIRECTION('center_axis',(0.,1.,0.));
#2004=DIRECTION('ref_axis',(1.,0.,0.));
#2005=DIRECTION('',(1.,0.,0.));
#2006=DIRECTION('center_axis',(0.,0.,1.));
#2007=DIRECTION('ref_axis',(1.,0.,0.));
#2008=DIRECTION('center_axis',(0.,-1.,0.));
#2009=DIRECTION('ref_axis',(-1.,0.,0.));
#2010=DIRECTION('',(0.,0.,-1.));
#2011=DIRECTION('',(-1.,0.,0.));
#2012=DIRECTION('center_axis',(-1.,0.,0.));
#2013=DIRECTION('ref_axis',(0.,1.,0.));
#2014=DIRECTION('',(0.,1.,0.));
#2015=DIRECTION('center_axis',(0.,0.,1.));
#2016=DIRECTION('ref_axis',(1.,0.,0.));
#2017=DIRECTION('center_axis',(1.,0.,0.));
#2018=DIRECTION('ref_axis',(0.,-1.,0.));
#2019=DIRECTION('',(0.,0.,-1.));
#2020=DIRECTION('',(0.,-1.,0.));
#2021=DIRECTION('center_axis',(0.,-1.,0.));
#2022=DIRECTION('ref_axis',(-1.,0.,0.));
#2023=DIRECTION('',(-1.,0.,0.));
#2024=DIRECTION('center_axis',(0.,0.,1.));
#2025=DIRECTION('ref_axis',(1.,0.,0.));
#2026=DIRECTION('center_axis',(0.,0.,1.));
#2027=DIRECTION('ref_axis',(1.,0.,0.));
#2028=DIRECTION('center_axis',(0.,0.,-1.));
#2029=DIRECTION('ref_axis',(1.,0.,0.));
#2030=DIRECTION('',(0.,0.,-1.));
#2031=DIRECTION('center_axis',(0.,0.,1.));
#2032=DIRECTION('ref_axis',(1.,0.,0.));
#2033=DIRECTION('',(1.,4.22942104619107E-15,0.));
#2034=DIRECTION('',(0.,1.,0.));
#2035=DIRECTION('',(-1.,0.,0.));
#2036=DIRECTION('',(0.,-1.,0.));
#2037=DIRECTION('center_axis',(0.,1.,0.));
#2038=DIRECTION('ref_axis',(-1.,0.,0.));
#2039=DIRECTION('',(0.,0.,1.));
#2040=DIRECTION('',(-1.,0.,0.));
#2041=DIRECTION('',(0.,0.,1.));
#2042=DIRECTION('center_axis',(1.,0.,0.));
#2043=DIRECTION('ref_axis',(0.,1.,0.));
#2044=DIRECTION('',(0.,0.,1.));
#2045=DIRECTION('',(0.,1.,0.));
#2046=DIRECTION('center_axis',(0.,0.,1.));
#2047=DIRECTION('ref_axis',(1.,0.,0.));
#2048=DIRECTION('center_axis',(0.,0.,-1.));
#2049=DIRECTION('ref_axis',(1.,0.,0.));
#2050=DIRECTION('',(0.,0.,-1.));
#2051=DIRECTION('center_axis',(0.,0.,1.));
#2052=DIRECTION('ref_axis',(1.,0.,0.));
#2053=DIRECTION('',(1.,0.,0.));
#2054=DIRECTION('',(0.,1.,0.));
#2055=DIRECTION('',(-1.,0.,0.));
#2056=DIRECTION('',(0.,-1.,0.));
#2057=DIRECTION('center_axis',(0.,1.,0.));
#2058=DIRECTION('ref_axis',(-1.,0.,0.));
#2059=DIRECTION('',(0.,0.,1.));
#2060=DIRECTION('',(-1.,0.,0.));
#2061=DIRECTION('',(0.,0.,1.));
#2062=DIRECTION('center_axis',(1.,0.,0.));
#2063=DIRECTION('ref_axis',(0.,1.,0.));
#2064=DIRECTION('',(0.,0.,1.));
#2065=DIRECTION('',(0.,1.,0.));
#2066=DIRECTION('center_axis',(-1.,0.,0.));
#2067=DIRECTION('ref_axis',(0.,-1.,0.));
#2068=DIRECTION('',(0.,-1.,0.));
#2069=DIRECTION('',(0.,0.,1.));
#2070=DIRECTION('center_axis',(0.,-1.,0.));
#2071=DIRECTION('ref_axis',(1.,0.,0.));
#2072=DIRECTION('',(1.,0.,0.));
#2073=DIRECTION('center_axis',(0.,0.,1.));
#2074=DIRECTION('ref_axis',(1.,0.,0.));
#2075=DIRECTION('center_axis',(0.,0.,-1.));
#2076=DIRECTION('ref_axis',(1.,0.,0.));
#2077=DIRECTION('',(0.,0.,-1.));
#2078=DIRECTION('center_axis',(-1.,0.,0.));
#2079=DIRECTION('ref_axis',(0.,-1.,0.));
#2080=DIRECTION('',(0.,-1.,0.));
#2081=DIRECTION('',(0.,0.,1.));
#2082=DIRECTION('center_axis',(4.22942104619107E-15,-1.,0.));
#2083=DIRECTION('ref_axis',(1.,4.22942104619107E-15,0.));
#2084=DIRECTION('',(1.,4.22942104619107E-15,0.));
#2085=DIRECTION('center_axis',(0.,0.,1.));
#2086=DIRECTION('ref_axis',(1.,0.,0.));
#2087=DIRECTION('center_axis',(0.,0.,-1.));
#2088=DIRECTION('ref_axis',(1.,0.,0.));
#2089=DIRECTION('',(0.,0.,-1.));
#2090=DIRECTION('center_axis',(-1.,0.,0.));
#2091=DIRECTION('ref_axis',(0.,-1.,0.));
#2092=DIRECTION('',(0.,0.,1.));
#2093=DIRECTION('',(0.,-1.,0.));
#2094=DIRECTION('',(0.,0.,1.));
#2095=DIRECTION('center_axis',(-3.09006860696561E-17,-1.,0.));
#2096=DIRECTION('ref_axis',(1.,-3.09006860696561E-17,0.));
#2097=DIRECTION('',(1.,-3.09006860696561E-17,0.));
#2098=DIRECTION('',(0.,0.,1.));
#2099=DIRECTION('center_axis',(1.,0.,0.));
#2100=DIRECTION('ref_axis',(0.,1.,0.));
#2101=DIRECTION('',(0.,1.,0.));
#2102=DIRECTION('',(0.,0.,1.));
#2103=DIRECTION('center_axis',(0.,1.,0.));
#2104=DIRECTION('ref_axis',(-1.,0.,0.));
#2105=DIRECTION('',(-1.,0.,0.));
#2106=DIRECTION('center_axis',(0.,0.,1.));
#2107=DIRECTION('ref_axis',(1.,0.,0.));
#2108=DIRECTION('center_axis',(0.,0.,-1.));
#2109=DIRECTION('ref_axis',(1.,0.,0.));
#2110=DIRECTION('',(0.,0.,-1.));
#2111=DIRECTION('center_axis',(1.,0.,0.));
#2112=DIRECTION('ref_axis',(0.,1.,0.));
#2113=DIRECTION('',(0.,1.,0.));
#2114=DIRECTION('',(0.,0.,1.));
#2115=DIRECTION('center_axis',(0.,0.,1.));
#2116=DIRECTION('ref_axis',(0.,-1.,0.));
#2117=DIRECTION('center_axis',(0.,0.,1.));
#2118=DIRECTION('ref_axis',(0.,-1.,0.));
#2119=DIRECTION('',(0.,0.,1.));
#2120=DIRECTION('center_axis',(0.,-1.,0.));
#2121=DIRECTION('ref_axis',(1.,0.,0.));
#2122=DIRECTION('',(1.,0.,0.));
#2123=DIRECTION('',(0.,0.,1.));
#2124=DIRECTION('center_axis',(0.,0.,1.));
#2125=DIRECTION('ref_axis',(-1.,0.,0.));
#2126=DIRECTION('center_axis',(0.,0.,1.));
#2127=DIRECTION('ref_axis',(-1.,0.,0.));
#2128=DIRECTION('',(0.,0.,1.));
#2129=DIRECTION('center_axis',(-1.,0.,0.));
#2130=DIRECTION('ref_axis',(0.,-1.,0.));
#2131=DIRECTION('',(0.,-1.,0.));
#2132=DIRECTION('center_axis',(0.,0.,1.));
#2133=DIRECTION('ref_axis',(1.,0.,0.));
#2134=DIRECTION('',(0.,0.,1.));
#2135=DIRECTION('',(1.,0.,0.));
#2136=CARTESIAN_POINT('',(0.,0.,0.));
#2137=CARTESIAN_POINT('',(0.,0.,0.));
#2138=CARTESIAN_POINT('Origin',(-147.314999985099,-75.87,3.));
#2139=CARTESIAN_POINT('',(-147.314999985099,-25.87,3.));
#2140=CARTESIAN_POINT('',(-147.314999985099,-25.87,2.15));
#2141=CARTESIAN_POINT('',(-147.314999985099,-25.87,3.));
#2142=CARTESIAN_POINT('',(-147.314999985099,-75.87,2.15));
#2143=CARTESIAN_POINT('',(-147.314999985099,-101.397499996275,2.15));
#2144=CARTESIAN_POINT('',(-147.314999985099,-75.87,3.));
#2145=CARTESIAN_POINT('',(-147.314999985099,-75.87,3.));
#2146=CARTESIAN_POINT('',(-147.314999985099,-95.18,3.));
#2147=CARTESIAN_POINT('Origin',(-147.314999985099,-25.87,3.));
#2148=CARTESIAN_POINT('',(-145.314999985099,-25.87,3.));
#2149=CARTESIAN_POINT('',(-145.314999985099,-25.87,2.15));
#2150=CARTESIAN_POINT('',(-145.314999985099,-25.87,3.));
#2151=CARTESIAN_POINT('',(-73.6574999925494,-25.87,2.15));
#2152=CARTESIAN_POINT('',(-73.6574999925494,-25.87,3.));
#2153=CARTESIAN_POINT('Origin',(147.314999985099,-168.33,3.));
#2154=CARTESIAN_POINT('',(147.314999985099,-218.33,3.));
#2155=CARTESIAN_POINT('',(147.314999985099,-218.33,2.15));
#2156=CARTESIAN_POINT('',(147.314999985099,-218.33,3.));
#2157=CARTESIAN_POINT('',(147.314999985099,-168.33,2.15));
#2158=CARTESIAN_POINT('',(147.314999985099,-147.627499996275,2.15));
#2159=CARTESIAN_POINT('',(147.314999985099,-168.33,3.));
#2160=CARTESIAN_POINT('',(147.314999985099,-168.33,3.));
#2161=CARTESIAN_POINT('',(147.314999985099,-141.41,3.));
#2162=CARTESIAN_POINT('Origin',(147.314999985099,-218.33,3.));
#2163=CARTESIAN_POINT('',(145.314999985099,-218.33,3.));
#2164=CARTESIAN_POINT('',(145.314999985099,-218.33,2.15));
#2165=CARTESIAN_POINT('',(145.314999985099,-218.33,3.));
#2166=CARTESIAN_POINT('',(73.6574999925494,-218.33,2.15));
#2167=CARTESIAN_POINT('',(73.6574999925494,-218.33,3.));
#2168=CARTESIAN_POINT('Origin',(62.315,-227.979999985099,3.));
#2169=CARTESIAN_POINT('',(62.315,-225.979999985099,3.));
#2170=CARTESIAN_POINT('',(62.315,-225.979999985099,2.15));
#2171=CARTESIAN_POINT('',(62.315,-225.979999985099,3.));
#2172=CARTESIAN_POINT('',(62.315,-227.979999985099,2.15));
#2173=CARTESIAN_POINT('',(62.315,-177.452499988824,2.15));
#2174=CARTESIAN_POINT('',(62.315,-227.979999985099,3.));
#2175=CARTESIAN_POINT('',(62.315,-227.979999985099,3.));
#2176=CARTESIAN_POINT('',(62.315,-171.234999992549,3.));
#2177=CARTESIAN_POINT('Origin',(62.315,-225.979999985099,3.));
#2178=CARTESIAN_POINT('',(112.315,-225.979999985099,3.));
#2179=CARTESIAN_POINT('',(112.315,-225.979999985099,2.15));
#2180=CARTESIAN_POINT('',(112.315,-225.979999985099,3.));
#2181=CARTESIAN_POINT('',(31.1575,-225.979999985099,2.15));
#2182=CARTESIAN_POINT('',(31.1575,-225.979999985099,3.));
#2183=CARTESIAN_POINT('Origin',(-147.314999985099,-168.33,3.));
#2184=CARTESIAN_POINT('',(-145.314999985099,-168.33,3.));
#2185=CARTESIAN_POINT('',(-145.314999985099,-168.33,2.15));
#2186=CARTESIAN_POINT('',(-145.314999985099,-168.33,3.));
#2187=CARTESIAN_POINT('',(-147.314999985099,-168.33,2.15));
#2188=CARTESIAN_POINT('',(-73.6574999925494,-168.33,2.15));
#2189=CARTESIAN_POINT('',(-147.314999985099,-168.33,3.));
#2190=CARTESIAN_POINT('',(-147.314999985099,-168.33,3.));
#2191=CARTESIAN_POINT('',(-73.6574999925494,-168.33,3.));
#2192=CARTESIAN_POINT('Origin',(-145.314999985099,-168.33,3.));
#2193=CARTESIAN_POINT('',(-145.314999985099,-218.33,3.));
#2194=CARTESIAN_POINT('',(-145.314999985099,-218.33,2.15));
#2195=CARTESIAN_POINT('',(-145.314999985099,-218.33,3.));
#2196=CARTESIAN_POINT('',(-145.314999985099,-147.627499996275,2.15));
#2197=CARTESIAN_POINT('',(-145.314999985099,-141.41,3.));
#2198=CARTESIAN_POINT('Origin',(147.314999985099,-75.87,3.));
#2199=CARTESIAN_POINT('',(145.314999985099,-75.87,3.));
#2200=CARTESIAN_POINT('',(145.314999985099,-75.87,2.15));
#2201=CARTESIAN_POINT('',(145.314999985099,-75.87,3.));
#2202=CARTESIAN_POINT('',(147.314999985099,-75.87,2.15));
#2203=CARTESIAN_POINT('',(73.6574999925494,-75.87,2.15));
#2204=CARTESIAN_POINT('',(147.314999985099,-75.87,3.));
#2205=CARTESIAN_POINT('',(147.314999985099,-75.87,3.));
#2206=CARTESIAN_POINT('',(73.6574999925494,-75.87,3.));
#2207=CARTESIAN_POINT('Origin',(145.314999985099,-75.87,3.));
#2208=CARTESIAN_POINT('',(145.314999985099,-25.87,3.));
#2209=CARTESIAN_POINT('',(145.314999985099,-25.87,2.15));
#2210=CARTESIAN_POINT('',(145.314999985099,-25.87,3.));
#2211=CARTESIAN_POINT('',(145.314999985099,-101.397499996275,2.15));
#2212=CARTESIAN_POINT('',(145.314999985099,-95.18,3.));
#2213=CARTESIAN_POINT('Origin',(-62.315,-227.979999985099,3.));
#2214=CARTESIAN_POINT('',(-112.315,-227.979999985099,3.));
#2215=CARTESIAN_POINT('',(-112.315,-227.979999985099,2.15));
#2216=CARTESIAN_POINT('',(-112.315,-227.979999985099,3.));
#2217=CARTESIAN_POINT('',(-62.315,-227.979999985099,2.15));
#2218=CARTESIAN_POINT('',(-31.1575,-227.979999985099,2.15));
#2219=CARTESIAN_POINT('',(-62.315,-227.979999985099,3.));
#2220=CARTESIAN_POINT('',(-62.315,-227.979999985099,3.));
#2221=CARTESIAN_POINT('',(-31.1575,-227.979999985099,3.));
#2222=CARTESIAN_POINT('Origin',(-112.315,-227.979999985099,3.));
#2223=CARTESIAN_POINT('',(-112.315,-225.979999985099,3.));
#2224=CARTESIAN_POINT('',(-112.315,-225.979999985099,2.15));
#2225=CARTESIAN_POINT('',(-112.315,-225.979999985099,3.));
#2226=CARTESIAN_POINT('',(-112.315,-177.452499988824,2.15));
#2227=CARTESIAN_POINT('',(-112.315,-171.234999992549,3.));
#2228=CARTESIAN_POINT('Origin',(128.015,-5.57499999999999,8.4875));
#2229=CARTESIAN_POINT('',(128.015,-10.35,8.40000000000006));
#2230=CARTESIAN_POINT('',(128.015,-10.35,3.));
#2231=CARTESIAN_POINT('',(128.015,-10.35,5.74375000000003));
#2232=CARTESIAN_POINT('',(128.015,-1.86008075457891,11.4));
#2233=CARTESIAN_POINT('Origin',(128.015,-5.57499999999998,8.4));
#2234=CARTESIAN_POINT('',(128.015,-6.6957513110646,11.4));
#2235=CARTESIAN_POINT('',(128.015,-6.1353756555323,11.4));
#2236=CARTESIAN_POINT('',(128.015,-8.05000000000001,8.4));
#2237=CARTESIAN_POINT('Origin',(128.015,-4.05000000000001,8.4));
#2238=CARTESIAN_POINT('',(128.015,-8.05000000000001,3.));
#2239=CARTESIAN_POINT('',(128.015,-8.05000000000001,5.74375));
#2240=CARTESIAN_POINT('',(128.015,-8.36249999999999,3.));
#2241=CARTESIAN_POINT('Origin',(128.815,-8.05000000000001,8.4));
#2242=CARTESIAN_POINT('',(128.815,-8.05000000000001,8.4));
#2243=CARTESIAN_POINT('',(128.815,-8.05000000000001,3.));
#2244=CARTESIAN_POINT('',(128.815,-8.05000000000001,5.74375));
#2245=CARTESIAN_POINT('',(128.815,-8.05000000000001,3.));
#2246=CARTESIAN_POINT('',(128.815,-8.05000000000001,8.4));
#2247=CARTESIAN_POINT('Origin',(128.815,-4.05000000000001,8.4));
#2248=CARTESIAN_POINT('',(128.815,-6.6957513110646,11.4));
#2249=CARTESIAN_POINT('Origin',(128.815,-4.05000000000001,8.4));
#2250=CARTESIAN_POINT('',(128.815,-6.6957513110646,11.4));
#2251=CARTESIAN_POINT('Origin',(128.815,-1.86008075457891,11.4));
#2252=CARTESIAN_POINT('',(128.815,-1.86008075457891,11.4));
#2253=CARTESIAN_POINT('',(128.815,-6.1353756555323,11.4));
#2254=CARTESIAN_POINT('',(88.815,-1.86008075457891,11.4));
#2255=CARTESIAN_POINT('Origin',(88.815,-11.15,8.40000000000006));
#2256=CARTESIAN_POINT('',(88.815,-11.15,8.40000000000006));
#2257=CARTESIAN_POINT('',(128.815,-11.15,8.40000000000006));
#2258=CARTESIAN_POINT('',(88.815,-11.15,8.40000000000006));
#2259=CARTESIAN_POINT('',(88.815,-11.15,4.));
#2260=CARTESIAN_POINT('',(88.815,-11.15,8.44375));
#2261=CARTESIAN_POINT('',(128.815,-11.15,4.));
#2262=CARTESIAN_POINT('',(148.315,-11.15,4.));
#2263=CARTESIAN_POINT('',(128.815,-11.15,8.44375));
#2264=CARTESIAN_POINT('Origin',(88.815,-5.57499999999999,8.4));
#2265=CARTESIAN_POINT('',(88.815,1.11022302462516E-15,8.39999999999994));
#2266=CARTESIAN_POINT('',(128.815,0.,8.39999999999994));
#2267=CARTESIAN_POINT('',(88.815,1.11022302462516E-15,8.39999999999994));
#2268=CARTESIAN_POINT('Origin',(88.815,-5.57499999999999,8.4));
#2269=CARTESIAN_POINT('Origin',(128.815,-5.57499999999999,8.4));
#2270=CARTESIAN_POINT('Origin',(88.815,0.,3.));
#2271=CARTESIAN_POINT('',(-128.815,0.,3.));
#2272=CARTESIAN_POINT('',(128.815,0.,3.));
#2273=CARTESIAN_POINT('',(88.815,0.,3.));
#2274=CARTESIAN_POINT('',(-128.815,0.,8.39999999999994));
#2275=CARTESIAN_POINT('',(-128.815,0.,8.44374999999997));
#2276=CARTESIAN_POINT('',(-88.815,1.11022302462516E-15,8.39999999999994));
#2277=CARTESIAN_POINT('',(-88.815,1.11022302462516E-15,8.39999999999994));
#2278=CARTESIAN_POINT('',(-88.815,0.,4.));
#2279=CARTESIAN_POINT('',(-88.815,0.,8.44374999999997));
#2280=CARTESIAN_POINT('',(88.815,0.,4.));
#2281=CARTESIAN_POINT('',(-142.315,0.,4.));
#2282=CARTESIAN_POINT('',(88.815,0.,5.74375));
#2283=CARTESIAN_POINT('',(128.815,0.,5.74375));
#2284=CARTESIAN_POINT('Origin',(88.815,-0.799999999999999,8.39999999999994));
#2285=CARTESIAN_POINT('',(89.615,-0.799999999999999,8.39999999999994));
#2286=CARTESIAN_POINT('',(128.815,-0.799999999999998,8.39999999999994));
#2287=CARTESIAN_POINT('',(88.815,-0.799999999999999,8.39999999999994));
#2288=CARTESIAN_POINT('',(89.615,-0.800000000000001,3.));
#2289=CARTESIAN_POINT('',(89.615,-0.799999999999999,8.44374999999997));
#2290=CARTESIAN_POINT('',(128.815,-0.8,3.));
#2291=CARTESIAN_POINT('',(88.815,-0.8,3.));
#2292=CARTESIAN_POINT('',(128.815,-0.799999999999999,8.44374999999997));
#2293=CARTESIAN_POINT('Origin',(88.815,-5.57499999999998,8.4));
#2294=CARTESIAN_POINT('',(89.615,-10.35,8.40000000000006));
#2295=CARTESIAN_POINT('',(88.815,-10.35,8.40000000000006));
#2296=CARTESIAN_POINT('Origin',(89.615,-5.57499999999998,8.4));
#2297=CARTESIAN_POINT('Origin',(128.815,-5.57499999999998,8.4));
#2298=CARTESIAN_POINT('Origin',(-128.815,-6.6957513110646,11.4));
#2299=CARTESIAN_POINT('',(-128.815,-6.6957513110646,11.4));
#2300=CARTESIAN_POINT('',(-128.815,-1.86008075457891,11.4));
#2301=CARTESIAN_POINT('',(-128.815,-3.71754037728945,11.4));
#2302=CARTESIAN_POINT('',(-128.015,-1.86008075457891,11.4));
#2303=CARTESIAN_POINT('',(-88.815,-1.86008075457891,11.4));
#2304=CARTESIAN_POINT('',(-128.015,-6.6957513110646,11.4));
#2305=CARTESIAN_POINT('',(-128.015,-3.71754037728945,11.4));
#2306=CARTESIAN_POINT('',(-128.815,-6.6957513110646,11.4));
#2307=CARTESIAN_POINT('Origin',(-128.815,-4.05000000000001,8.4));
#2308=CARTESIAN_POINT('',(-128.815,-8.05000000000001,8.4));
#2309=CARTESIAN_POINT('Origin',(-128.815,-4.05000000000001,8.4));
#2310=CARTESIAN_POINT('',(-128.015,-8.05000000000001,8.4));
#2311=CARTESIAN_POINT('Origin',(-128.015,-4.05000000000001,8.4));
#2312=CARTESIAN_POINT('',(-128.815,-8.05000000000001,8.4));
#2313=CARTESIAN_POINT('Origin',(-128.815,-8.05000000000001,3.));
#2314=CARTESIAN_POINT('',(-128.815,-8.05000000000001,3.));
#2315=CARTESIAN_POINT('',(-128.815,-8.05000000000001,8.44375));
#2316=CARTESIAN_POINT('',(-128.015,-8.05000000000001,3.));
#2317=CARTESIAN_POINT('',(-128.015,-8.05000000000001,8.44375));
#2318=CARTESIAN_POINT('',(-128.815,-8.05000000000001,3.));
#2319=CARTESIAN_POINT('Origin',(-128.015,-5.57499999999999,8.4875));
#2320=CARTESIAN_POINT('',(-128.015,-10.35,3.));
#2321=CARTESIAN_POINT('',(-128.015,-10.35,8.40000000000006));
#2322=CARTESIAN_POINT('',(-128.015,-10.35,8.44375000000006));
#2323=CARTESIAN_POINT('',(-128.015,-6.8125,3.));
#2324=CARTESIAN_POINT('Origin',(-128.015,-5.57499999999998,8.4));
#2325=CARTESIAN_POINT('Origin',(-88.815,-10.35,8.40000000000006));
#2326=CARTESIAN_POINT('',(-89.615,-10.35,8.40000000000006));
#2327=CARTESIAN_POINT('',(-88.815,-10.35,8.40000000000006));
#2328=CARTESIAN_POINT('',(-89.615,-10.35,3.));
#2329=CARTESIAN_POINT('',(-89.615,-10.35,8.44375000000006));
#2330=CARTESIAN_POINT('',(-88.815,-10.35,3.));
#2331=CARTESIAN_POINT('Origin',(-88.815,-5.57499999999998,8.4));
#2332=CARTESIAN_POINT('',(-128.815,-0.799999999999998,8.39999999999994));
#2333=CARTESIAN_POINT('Origin',(-128.815,-5.57499999999998,8.4));
#2334=CARTESIAN_POINT('',(-89.615,-0.799999999999999,8.39999999999994));
#2335=CARTESIAN_POINT('',(-88.815,-0.799999999999999,8.39999999999994));
#2336=CARTESIAN_POINT('Origin',(-89.615,-5.57499999999998,8.4));
#2337=CARTESIAN_POINT('Origin',(-88.815,-0.800000000000001,3.));
#2338=CARTESIAN_POINT('',(-89.615,-0.800000000000001,3.));
#2339=CARTESIAN_POINT('',(-128.815,-0.8,3.));
#2340=CARTESIAN_POINT('',(-88.815,-0.8,3.));
#2341=CARTESIAN_POINT('',(-89.615,-0.8,5.74375));
#2342=CARTESIAN_POINT('',(-128.815,-0.8,5.74375));
#2343=CARTESIAN_POINT('Origin',(89.615,-5.57499999999999,8.4875));
#2344=CARTESIAN_POINT('',(89.615,-10.35,3.));
#2345=CARTESIAN_POINT('',(89.615,-10.35,5.74375000000003));
#2346=CARTESIAN_POINT('',(89.615,-8.36249999999999,3.));
#2347=CARTESIAN_POINT('Origin',(0.,-114.49,3.));
#2348=CARTESIAN_POINT('',(148.315,-11.15,3.));
#2349=CARTESIAN_POINT('',(128.815,-11.15,3.));
#2350=CARTESIAN_POINT('',(148.315,-11.15,3.));
#2351=CARTESIAN_POINT('',(148.315,-222.98,3.));
#2352=CARTESIAN_POINT('',(148.315,-6.00000000000002,3.));
#2353=CARTESIAN_POINT('',(142.315,-228.98,3.));
#2354=CARTESIAN_POINT('Origin',(142.315,-222.98,3.));
#2355=CARTESIAN_POINT('',(-142.315,-228.98,3.));
#2356=CARTESIAN_POINT('',(142.315,-228.98,3.));
#2357=CARTESIAN_POINT('',(-148.315,-222.98,3.));
#2358=CARTESIAN_POINT('Origin',(-142.315,-222.98,3.));
#2359=CARTESIAN_POINT('',(-148.315,-11.15,3.));
#2360=CARTESIAN_POINT('',(-148.315,-222.98,3.));
#2361=CARTESIAN_POINT('',(-128.815,-11.15,3.));
#2362=CARTESIAN_POINT('',(-128.815,-11.15,3.));
#2363=CARTESIAN_POINT('',(-128.815,-6.8125,3.));
#2364=CARTESIAN_POINT('',(-89.615,-2.7875,3.));
#2365=CARTESIAN_POINT('',(-128.815,-2.7875,3.));
#2366=CARTESIAN_POINT('',(128.815,-3.1875,3.));
#2367=CARTESIAN_POINT('',(88.815,-10.35,3.));
#2368=CARTESIAN_POINT('',(128.815,-8.36249999999999,3.));
#2369=CARTESIAN_POINT('',(147.314999985099,-25.87,3.));
#2370=CARTESIAN_POINT('',(72.6574999925494,-25.87,3.));
#2371=CARTESIAN_POINT('',(147.314999985099,-70.18,3.));
#2372=CARTESIAN_POINT('',(-145.314999985099,-75.87,3.));
#2373=CARTESIAN_POINT('',(-145.314999985099,-70.18,3.));
#2374=CARTESIAN_POINT('',(-72.6574999925494,-75.87,3.));
#2375=CARTESIAN_POINT('',(-62.315,-225.979999985099,3.));
#2376=CARTESIAN_POINT('',(-56.1575,-225.979999985099,3.));
#2377=CARTESIAN_POINT('',(-62.315,-170.234999992549,3.));
#2378=CARTESIAN_POINT('',(145.314999985099,-168.33,3.));
#2379=CARTESIAN_POINT('',(145.314999985099,-166.41,3.));
#2380=CARTESIAN_POINT('',(72.6574999925494,-168.33,3.));
#2381=CARTESIAN_POINT('',(-147.314999985099,-218.33,3.));
#2382=CARTESIAN_POINT('',(-72.6574999925494,-218.33,3.));
#2383=CARTESIAN_POINT('',(-147.314999985099,-166.41,3.));
#2384=CARTESIAN_POINT('',(112.315,-227.979999985099,3.));
#2385=CARTESIAN_POINT('',(112.315,-170.234999992549,3.));
#2386=CARTESIAN_POINT('',(56.1575,-227.979999985099,3.));
#2387=CARTESIAN_POINT('',(-1.50000000000001,-223.27,3.));
#2388=CARTESIAN_POINT('Origin',(0.,-223.27,3.));
#2389=CARTESIAN_POINT('',(21.7,-223.27,3.));
#2390=CARTESIAN_POINT('Origin',(23.2,-223.27,3.));
#2391=CARTESIAN_POINT('',(-38.2,-223.27,3.));
#2392=CARTESIAN_POINT('Origin',(-37.6,-223.27,3.));
#2393=CARTESIAN_POINT('',(143.715,-218.33,3.));
#2394=CARTESIAN_POINT('',(-143.715,-218.33,3.));
#2395=CARTESIAN_POINT('',(-143.715,-218.33,3.));
#2396=CARTESIAN_POINT('',(143.715,-25.87,3.));
#2397=CARTESIAN_POINT('',(143.715,-218.33,3.));
#2398=CARTESIAN_POINT('',(-143.715,-25.87,3.));
#2399=CARTESIAN_POINT('',(143.715,-25.87,3.));
#2400=CARTESIAN_POINT('',(-143.715,-25.87,3.));
#2401=CARTESIAN_POINT('',(37.,-223.27,3.));
#2402=CARTESIAN_POINT('Origin',(37.6,-223.27,3.));
#2403=CARTESIAN_POINT('',(-23.8,-223.27,3.));
#2404=CARTESIAN_POINT('Origin',(-23.2,-223.27,3.));
#2405=CARTESIAN_POINT('Origin',(88.815,-10.35,3.));
#2406=CARTESIAN_POINT('Origin',(128.815,-5.57499999999999,8.4875));
#2407=CARTESIAN_POINT('',(128.815,-11.15,5.74375));
#2408=CARTESIAN_POINT('Origin',(88.815,-5.57499999999999,8.4875));
#2409=CARTESIAN_POINT('',(88.815,-11.15,4.));
#2410=CARTESIAN_POINT('Origin',(148.315,-11.15,3.));
#2411=CARTESIAN_POINT('',(148.315,-11.15,4.));
#2412=CARTESIAN_POINT('',(148.315,-11.15,4.));
#2413=CARTESIAN_POINT('',(148.315,-11.15,3.));
#2414=CARTESIAN_POINT('Origin',(-89.615,-5.57499999999999,8.4875));
#2415=CARTESIAN_POINT('Origin',(-88.815,-11.15,3.));
#2416=CARTESIAN_POINT('',(-88.815,-11.15,4.));
#2417=CARTESIAN_POINT('',(-128.815,-11.15,4.));
#2418=CARTESIAN_POINT('',(-128.815,-11.15,4.));
#2419=CARTESIAN_POINT('',(-88.815,-11.15,8.40000000000006));
#2420=CARTESIAN_POINT('',(-88.815,-11.15,5.74375));
#2421=CARTESIAN_POINT('',(-128.815,-11.15,8.40000000000006));
#2422=CARTESIAN_POINT('',(-88.815,-11.15,8.40000000000006));
#2423=CARTESIAN_POINT('',(-128.815,-11.15,5.74375));
#2424=CARTESIAN_POINT('Origin',(-88.815,-5.57499999999999,8.4));
#2425=CARTESIAN_POINT('Origin',(-88.815,-5.57499999999999,8.4));
#2426=CARTESIAN_POINT('Origin',(-128.815,-5.57499999999999,8.4));
#2427=CARTESIAN_POINT('Origin',(-88.815,-5.57499999999999,8.4875));
#2428=CARTESIAN_POINT('',(-88.815,-11.15,4.));
#2429=CARTESIAN_POINT('Origin',(-128.815,-5.57499999999999,8.4875));
#2430=CARTESIAN_POINT('',(-128.815,-11.15,5.74375));
#2431=CARTESIAN_POINT('Origin',(-88.815,-11.15,3.));
#2432=CARTESIAN_POINT('',(-148.315,-11.15,4.));
#2433=CARTESIAN_POINT('',(-148.315,-11.15,3.));
#2434=CARTESIAN_POINT('',(-128.815,-11.15,4.));
#2435=CARTESIAN_POINT('Origin',(145.314999985099,-25.87,3.));
#2436=CARTESIAN_POINT('',(147.314999985099,-25.87,2.15));
#2437=CARTESIAN_POINT('',(147.314999985099,-25.87,3.));
#2438=CARTESIAN_POINT('',(72.6574999925494,-25.87,2.15));
#2439=CARTESIAN_POINT('Origin',(147.314999985099,-25.87,3.));
#2440=CARTESIAN_POINT('',(147.314999985099,-76.3974999962747,2.15));
#2441=CARTESIAN_POINT('Origin',(8.88178419700125E-15,-126.924999992549,
2.15));
#2442=CARTESIAN_POINT('Origin',(-145.314999985099,-25.87,3.));
#2443=CARTESIAN_POINT('',(-145.314999985099,-75.87,2.15));
#2444=CARTESIAN_POINT('',(-145.314999985099,-75.87,3.));
#2445=CARTESIAN_POINT('',(-145.314999985099,-76.3974999962747,2.15));
#2446=CARTESIAN_POINT('Origin',(-145.314999985099,-75.87,3.));
#2447=CARTESIAN_POINT('',(-72.6574999925494,-75.87,2.15));
#2448=CARTESIAN_POINT('Origin',(8.88178419700125E-15,-126.924999992549,
2.15));
#2449=CARTESIAN_POINT('Origin',(-112.315,-225.979999985099,3.));
#2450=CARTESIAN_POINT('',(-62.315,-225.979999985099,2.15));
#2451=CARTESIAN_POINT('',(-62.315,-225.979999985099,3.));
#2452=CARTESIAN_POINT('',(-56.1575,-225.979999985099,2.15));
#2453=CARTESIAN_POINT('Origin',(-62.315,-225.979999985099,3.));
#2454=CARTESIAN_POINT('',(-62.315,-176.452499988824,2.15));
#2455=CARTESIAN_POINT('Origin',(8.88178419700125E-15,-126.924999992549,
2.15));
#2456=CARTESIAN_POINT('Origin',(145.314999985099,-218.33,3.));
#2457=CARTESIAN_POINT('',(145.314999985099,-168.33,2.15));
#2458=CARTESIAN_POINT('',(145.314999985099,-168.33,3.));
#2459=CARTESIAN_POINT('',(145.314999985099,-172.627499996275,2.15));
#2460=CARTESIAN_POINT('Origin',(145.314999985099,-168.33,3.));
#2461=CARTESIAN_POINT('',(72.6574999925494,-168.33,2.15));
#2462=CARTESIAN_POINT('Origin',(8.88178419700125E-15,-126.924999992549,
2.15));
#2463=CARTESIAN_POINT('Origin',(-145.314999985099,-218.33,3.));
#2464=CARTESIAN_POINT('',(-147.314999985099,-218.33,2.15));
#2465=CARTESIAN_POINT('',(-147.314999985099,-218.33,3.));
#2466=CARTESIAN_POINT('',(-72.6574999925494,-218.33,2.15));
#2467=CARTESIAN_POINT('Origin',(-147.314999985099,-218.33,3.));
#2468=CARTESIAN_POINT('',(-147.314999985099,-172.627499996275,2.15));
#2469=CARTESIAN_POINT('Origin',(8.88178419700125E-15,-126.924999992549,
2.15));
#2470=CARTESIAN_POINT('Origin',(112.315,-225.979999985099,3.));
#2471=CARTESIAN_POINT('',(112.315,-227.979999985099,2.15));
#2472=CARTESIAN_POINT('',(112.315,-227.979999985099,3.));
#2473=CARTESIAN_POINT('',(112.315,-176.452499988824,2.15));
#2474=CARTESIAN_POINT('Origin',(112.315,-227.979999985099,3.));
#2475=CARTESIAN_POINT('',(56.1575,-227.979999985099,2.15));
#2476=CARTESIAN_POINT('Origin',(8.88178419700125E-15,-126.924999992549,
2.15));
#2477=CARTESIAN_POINT('Origin',(0.,-223.27,3.));
#2478=CARTESIAN_POINT('',(-1.50000000000001,-223.27,3.6));
#2479=CARTESIAN_POINT('Origin',(0.,-223.27,3.6));
#2480=CARTESIAN_POINT('',(-1.50000000000001,-223.27,3.));
#2481=CARTESIAN_POINT('Origin',(0.,-223.27,3.6));
#2482=CARTESIAN_POINT('',(-4.2,-219.07,3.6));
#2483=CARTESIAN_POINT('',(4.2,-219.07,3.6));
#2484=CARTESIAN_POINT('',(-2.10000000000001,-219.07,3.6));
#2485=CARTESIAN_POINT('',(-4.2,-227.47,3.6));
#2486=CARTESIAN_POINT('',(-4.2,-225.37,3.6));
#2487=CARTESIAN_POINT('',(4.2,-227.47,3.6));
#2488=CARTESIAN_POINT('',(2.1,-227.47,3.6));
#2489=CARTESIAN_POINT('',(4.2,-221.17,3.6));
#2490=CARTESIAN_POINT('Origin',(4.2,-227.47,3.));
#2491=CARTESIAN_POINT('',(-4.2,-227.47,4.));
#2492=CARTESIAN_POINT('',(-4.2,-227.47,3.));
#2493=CARTESIAN_POINT('',(4.2,-227.47,4.));
#2494=CARTESIAN_POINT('',(4.2,-227.47,4.));
#2495=CARTESIAN_POINT('',(4.2,-227.47,3.));
#2496=CARTESIAN_POINT('Origin',(-4.2,-227.47,3.));
#2497=CARTESIAN_POINT('',(-4.2,-219.07,4.));
#2498=CARTESIAN_POINT('',(-4.2,-219.07,3.));
#2499=CARTESIAN_POINT('',(-4.2,-227.47,4.));
#2500=CARTESIAN_POINT('Origin',(23.2,-223.27,3.));
#2501=CARTESIAN_POINT('',(21.7,-223.27,3.6));
#2502=CARTESIAN_POINT('Origin',(23.2,-223.27,3.6));
#2503=CARTESIAN_POINT('',(21.7,-223.27,3.));
#2504=CARTESIAN_POINT('Origin',(23.2,-223.27,3.6));
#2505=CARTESIAN_POINT('',(20.1,-220.17,3.6));
#2506=CARTESIAN_POINT('',(26.3,-220.17,3.6));
#2507=CARTESIAN_POINT('',(21.65,-220.17,3.6));
#2508=CARTESIAN_POINT('',(20.1,-226.37,3.6));
#2509=CARTESIAN_POINT('',(20.1,-224.82,3.6));
#2510=CARTESIAN_POINT('',(26.3,-226.37,3.6));
#2511=CARTESIAN_POINT('',(24.75,-226.37,3.6));
#2512=CARTESIAN_POINT('',(26.3,-221.72,3.6));
#2513=CARTESIAN_POINT('Origin',(26.3,-226.37,3.));
#2514=CARTESIAN_POINT('',(20.1,-226.37,4.));
#2515=CARTESIAN_POINT('',(20.1,-226.37,3.));
#2516=CARTESIAN_POINT('',(26.3,-226.37,4.));
#2517=CARTESIAN_POINT('',(26.3,-226.37,4.));
#2518=CARTESIAN_POINT('',(26.3,-226.37,3.));
#2519=CARTESIAN_POINT('Origin',(20.1,-226.37,3.));
#2520=CARTESIAN_POINT('',(20.1,-220.17,4.));
#2521=CARTESIAN_POINT('',(20.1,-220.17,3.));
#2522=CARTESIAN_POINT('',(20.1,-226.37,4.));
#2523=CARTESIAN_POINT('Origin',(26.3,-220.17,3.));
#2524=CARTESIAN_POINT('',(26.3,-220.17,4.));
#2525=CARTESIAN_POINT('',(26.3,-220.17,4.));
#2526=CARTESIAN_POINT('',(26.3,-220.17,3.));
#2527=CARTESIAN_POINT('Origin',(20.1,-220.17,3.));
#2528=CARTESIAN_POINT('',(20.1,-220.17,4.));
#2529=CARTESIAN_POINT('Origin',(-23.2,-223.27,3.));
#2530=CARTESIAN_POINT('',(-23.8,-223.27,4.));
#2531=CARTESIAN_POINT('Origin',(-23.2,-223.27,4.));
#2532=CARTESIAN_POINT('',(-23.8,-223.27,3.));
#2533=CARTESIAN_POINT('Origin',(4.2,-219.07,3.));
#2534=CARTESIAN_POINT('',(4.2,-219.07,4.));
#2535=CARTESIAN_POINT('',(4.2,-219.07,4.));
#2536=CARTESIAN_POINT('',(4.2,-219.07,3.));
#2537=CARTESIAN_POINT('Origin',(-4.2,-219.07,3.));
#2538=CARTESIAN_POINT('',(-4.2,-219.07,4.));
#2539=CARTESIAN_POINT('Origin',(37.6,-223.27,3.));
#2540=CARTESIAN_POINT('',(37.,-223.27,4.));
#2541=CARTESIAN_POINT('Origin',(37.6,-223.27,4.));
#2542=CARTESIAN_POINT('',(37.,-223.27,3.));
#2543=CARTESIAN_POINT('Origin',(143.715,-25.87,3.));
#2544=CARTESIAN_POINT('',(143.715,-218.33,4.));
#2545=CARTESIAN_POINT('',(143.715,-218.33,3.));
#2546=CARTESIAN_POINT('',(143.715,-25.87,4.));
#2547=CARTESIAN_POINT('',(143.715,-218.33,4.));
#2548=CARTESIAN_POINT('',(143.715,-25.87,3.));
#2549=CARTESIAN_POINT('Origin',(-143.715,-25.87,3.));
#2550=CARTESIAN_POINT('',(-143.715,-25.87,4.));
#2551=CARTESIAN_POINT('',(143.715,-25.87,4.));
#2552=CARTESIAN_POINT('',(-143.715,-25.87,3.));
#2553=CARTESIAN_POINT('Origin',(-143.715,-218.33,3.));
#2554=CARTESIAN_POINT('',(-143.715,-218.33,4.));
#2555=CARTESIAN_POINT('',(-143.715,-25.87,4.));
#2556=CARTESIAN_POINT('',(-143.715,-218.33,3.));
#2557=CARTESIAN_POINT('Origin',(143.715,-218.33,3.));
#2558=CARTESIAN_POINT('',(-143.715,-218.33,4.));
#2559=CARTESIAN_POINT('Origin',(-37.6,-223.27,3.));
#2560=CARTESIAN_POINT('',(-38.2,-223.27,4.));
#2561=CARTESIAN_POINT('Origin',(-37.6,-223.27,4.));
#2562=CARTESIAN_POINT('',(-38.2,-223.27,3.));
#2563=CARTESIAN_POINT('Origin',(148.315,-222.98,3.));
#2564=CARTESIAN_POINT('',(148.315,-222.98,4.));
#2565=CARTESIAN_POINT('',(148.315,-6.00000000000002,4.));
#2566=CARTESIAN_POINT('',(148.315,-222.98,3.));
#2567=CARTESIAN_POINT('Origin',(142.315,-222.98,3.));
#2568=CARTESIAN_POINT('',(142.315,-228.98,4.));
#2569=CARTESIAN_POINT('Origin',(142.315,-222.98,4.));
#2570=CARTESIAN_POINT('',(142.315,-228.98,3.));
#2571=CARTESIAN_POINT('Origin',(-142.315,-228.98,3.));
#2572=CARTESIAN_POINT('',(-142.315,-228.98,4.));
#2573=CARTESIAN_POINT('',(142.315,-228.98,4.));
#2574=CARTESIAN_POINT('',(-142.315,-228.98,3.));
#2575=CARTESIAN_POINT('Origin',(-142.315,-222.98,3.));
#2576=CARTESIAN_POINT('',(-148.315,-222.98,4.));
#2577=CARTESIAN_POINT('Origin',(-142.315,-222.98,4.));
#2578=CARTESIAN_POINT('',(-148.315,-222.98,3.));
#2579=CARTESIAN_POINT('Origin',(-148.315,-11.15,3.));
#2580=CARTESIAN_POINT('',(-148.315,-222.98,4.));
#2581=CARTESIAN_POINT('Origin',(0.,-114.49,4.));
#2582=CARTESIAN_POINT('',(0.,0.,0.));
#2583=UNCERTAINTY_MEASURE_WITH_UNIT(LENGTH_MEASURE(0.01),#2589,
'DISTANCE_ACCURACY_VALUE',
'Maximum model space distance between geometric entities at asserted c
onnectivities');
#2584=UNCERTAINTY_MEASURE_WITH_UNIT(LENGTH_MEASURE(0.01),#2589,
'DISTANCE_ACCURACY_VALUE',
'Maximum model space distance between geometric entities at asserted c
onnectivities');
#2585=UNCERTAINTY_MEASURE_WITH_UNIT(LENGTH_MEASURE(0.01),#2589,
'DISTANCE_ACCURACY_VALUE',
'Maximum model space distance between geometric entities at asserted c
onnectivities');
#2586=(
GEOMETRIC_REPRESENTATION_CONTEXT(3)
GLOBAL_UNCERTAINTY_ASSIGNED_CONTEXT((#2583))
GLOBAL_UNIT_ASSIGNED_CONTEXT((#2589,#2591,#2592))
REPRESENTATION_CONTEXT('','3D')
);
#2587=(
GEOMETRIC_REPRESENTATION_CONTEXT(3)
GLOBAL_UNCERTAINTY_ASSIGNED_CONTEXT((#2584))
GLOBAL_UNIT_ASSIGNED_CONTEXT((#2589,#2591,#2592))
REPRESENTATION_CONTEXT('','3D')
);
#2588=(
GEOMETRIC_REPRESENTATION_CONTEXT(3)
GLOBAL_UNCERTAINTY_ASSIGNED_CONTEXT((#2585))
GLOBAL_UNIT_ASSIGNED_CONTEXT((#2589,#2591,#2592))
REPRESENTATION_CONTEXT('','3D')
);
#2589=(
LENGTH_UNIT()
NAMED_UNIT(*)
SI_UNIT(.MILLI.,.METRE.)
);
#2590=(
LENGTH_UNIT()
NAMED_UNIT(*)
SI_UNIT($,.METRE.)
);
#2591=(
NAMED_UNIT(*)
PLANE_ANGLE_UNIT()
SI_UNIT($,.RADIAN.)
);
#2592=(
NAMED_UNIT(*)
SI_UNIT($,.STERADIAN.)
SOLID_ANGLE_UNIT()
);
#2593=SHAPE_DEFINITION_REPRESENTATION(#2595,#2598);
#2594=SHAPE_DEFINITION_REPRESENTATION(#2596,#2599);
#2595=PRODUCT_DEFINITION_SHAPE('',$,#2601);
#2596=PRODUCT_DEFINITION_SHAPE('',$,#2602);
#2597=PRODUCT_DEFINITION_SHAPE($,$,#14);
#2598=SHAPE_REPRESENTATION('',(#1605,#1718),#2586);
#2599=SHAPE_REPRESENTATION('',(#1606),#2587);
#2600=PRODUCT_DEFINITION_CONTEXT('part definition',#2608,'design');
#2601=PRODUCT_DEFINITION('lid-revB','lid-revB',#2603,#2600);
#2602=PRODUCT_DEFINITION('bezel','bezel',#2604,#2600);
#2603=PRODUCT_DEFINITION_FORMATION('',$,#2610);
#2604=PRODUCT_DEFINITION_FORMATION('',$,#2611);
#2605=PRODUCT_RELATED_PRODUCT_CATEGORY('lid-revB','lid-revB',(#2610));
#2606=PRODUCT_RELATED_PRODUCT_CATEGORY('bezel','bezel',(#2611));
#2607=APPLICATION_PROTOCOL_DEFINITION('international standard',
'automotive_design',2009,#2608);
#2608=APPLICATION_CONTEXT(
'Core Data for Automotive Mechanical Design Process');
#2609=PRODUCT_CONTEXT('part definition',#2608,'mechanical');
#2610=PRODUCT('lid-revB','lid-revB',$,(#2609));
#2611=PRODUCT('bezel','bezel',$,(#2609));
#2612=PRESENTATION_STYLE_ASSIGNMENT((#2613));
#2613=SURFACE_STYLE_USAGE(.BOTH.,#2614);
#2614=SURFACE_SIDE_STYLE('',(#2615));
#2615=SURFACE_STYLE_FILL_AREA(#2616);
#2616=FILL_AREA_STYLE('Steel - Satin',(#2617));
#2617=FILL_AREA_STYLE_COLOUR('Steel - Satin',#2618);
#2618=COLOUR_RGB('Steel - Satin',0.627450980392157,0.627450980392157,0.627450980392157);
ENDSEC;
END-ISO-10303-21;
